#
# There is insufficient memory for the Java Runtime Environment to continue.
# Native memory allocation (mmap) failed to map 367001600 bytes. Error detail: G1 virtual space
# Possible reasons:
#   The system is out of physical RAM or swap space
#   This process is running with CompressedOops enabled, and the Java Heap may be blocking the growth of the native heap
# Possible solutions:
#   Reduce memory load on the system
#   Increase physical memory or swap space
#   Check if swap backing store is full
#   Decrease Java heap size (-Xmx/-Xms)
#   Decrease number of Java threads
#   Decrease Java thread stack sizes (-Xss)
#   Set larger code cache with -XX:ReservedCodeCacheSize=
#   JVM is running with Zero Based Compressed Oops mode in which the Java heap is
#     placed in the first 32GB address space. The Java Heap base address is the
#     maximum limit for the native heap growth. Please use -XX:HeapBaseMinAddress
#     to set the Java Heap base and to place the Java Heap above 32GB virtual address.
# This output file may be truncated or incomplete.
#
#  Out of Memory Error (os_windows.cpp:3926), pid=10252, tid=10424
#
# JRE version: OpenJDK Runtime Environment (21.0.10) (build 21.0.10+-14961533-b1163.108)
# Java VM: OpenJDK 64-Bit Server VM (21.0.10+-14961533-b1163.108, mixed mode, tiered, compressed oops, compressed class ptrs, g1 gc, windows-amd64)
# No core dump will be written. Minidumps are not enabled by default on client versions of Windows
#

---------------  S U M M A R Y ------------

Command Line: --add-opens=java.base/java.lang=ALL-UNNAMED --add-opens=java.base/java.lang.invoke=ALL-UNNAMED --add-opens=java.base/java.util=ALL-UNNAMED --add-opens=java.prefs/java.util.prefs=ALL-UNNAMED --add-exports=jdk.compiler/com.sun.tools.javac.api=ALL-UNNAMED --add-exports=jdk.compiler/com.sun.tools.javac.util=ALL-UNNAMED --add-opens=java.base/java.util=ALL-UNNAMED --add-opens=java.prefs/java.util.prefs=ALL-UNNAMED --add-opens=java.base/java.nio.charset=ALL-UNNAMED --add-opens=java.base/java.net=ALL-UNNAMED --add-opens=java.base/java.util.concurrent=ALL-UNNAMED --add-opens=java.base/java.util.concurrent.atomic=ALL-UNNAMED --add-opens=java.xml/javax.xml.namespace=ALL-UNNAMED --add-opens=java.base/java.time=ALL-UNNAMED -XX:MaxMetaspaceSize=1g -XX:+HeapDumpOnOutOfMemoryError -Xmx4g -Dfile.encoding=UTF-8 -Duser.country=US -Duser.language=en -Duser.variant -javaagent:C:\Users\lenovo\.gradle\wrapper\dists\gradle-9.4.1-bin\arn2x92ynaizyzdaamcbpbhtj\gradle-9.4.1\lib\agents\gradle-instrumentation-agent-9.4.1.jar org.gradle.launcher.daemon.bootstrap.GradleDaemon 9.4.1

Host: 11th Gen Intel(R) Core(TM) i5-1135G7 @ 2.40GHz, 8 cores, 3G,  Windows 11 , 64 bit Build 26100 (10.0.26100.8875)
Time: Tue Jul 21 20:47:22 2026 E. Africa Standard Time elapsed time: 323.375868 seconds (0d 0h 5m 23s)

---------------  T H R E A D  ---------------

Current thread (0x0000025aeb7d1d10):  VMThread "VM Thread"          [id=10424, stack(0x000000bfabb00000,0x000000bfabc00000) (1024K)]

Stack: [0x000000bfabb00000,0x000000bfabc00000]
Native frames: (J=compiled Java code, j=interpreted, Vv=VM code, C=native code)
V  [jvm.dll+0x6d78a9]
V  [jvm.dll+0x8665b3]
V  [jvm.dll+0x868bde]
V  [jvm.dll+0x8692c3]
V  [jvm.dll+0x280ee6]
V  [jvm.dll+0x6d4165]
V  [jvm.dll+0x6c77fa]
V  [jvm.dll+0x358f4b]
V  [jvm.dll+0x360bc6]
V  [jvm.dll+0x3b2ea6]
V  [jvm.dll+0x3b3178]
V  [jvm.dll+0x32b65c]
V  [jvm.dll+0x32b6e7]
V  [jvm.dll+0x3715cc]
V  [jvm.dll+0x36fd7e]
V  [jvm.dll+0x32adb1]
V  [jvm.dll+0x36f480]
V  [jvm.dll+0x86f048]
V  [jvm.dll+0x870394]
V  [jvm.dll+0x8708d0]
V  [jvm.dll+0x870b63]
V  [jvm.dll+0x80fd28]
V  [jvm.dll+0x6d60fd]
C  [ucrtbase.dll+0x2cd30]
C  [KERNEL32.DLL+0x2e957]
C  [ntdll.dll+0xaad6c]

VM_Operation (0x000000bfafdfe610): G1CollectForAllocation, mode: safepoint, requested by thread 0x0000025afa03d5b0


---------------  P R O C E S S  ---------------

Threads class SMR info:
_java_thread_list=0x0000025af200ba20, length=67, elements={
0x0000025ad18db7e0, 0x0000025aeb936830, 0x0000025aeb7ee690, 0x0000025aeb9384f0,
0x0000025aeb957a80, 0x0000025aeb960ef0, 0x0000025aeb961950, 0x0000025aeb96a3c0,
0x0000025aeb96d570, 0x0000025aeb977030, 0x0000025aebc15360, 0x0000025af0c50050,
0x0000025af1ad0eb0, 0x0000025af0ef2ae0, 0x0000025af0ef1f10, 0x0000025af1f79f00,
0x0000025af08cf9b0, 0x0000025af0b8bd80, 0x0000025af0b8caa0, 0x0000025af0b8a340,
0x0000025af0b8c410, 0x0000025af0b8b060, 0x0000025af0b89cb0, 0x0000025af0b8a9d0,
0x0000025af25e7720, 0x0000025af25e7db0, 0x0000025af25e8440, 0x0000025af25e4fc0,
0x0000025af25e8ad0, 0x0000025af25e5ce0, 0x0000025af25e5650, 0x0000025af25e6370,
0x0000025af25e9160, 0x0000025af25e97f0, 0x0000025af25e9e80, 0x0000025af25ea510,
0x0000025af25e7090, 0x0000025af25eb230, 0x0000025af3db9560, 0x0000025af3dbafa0,
0x0000025af3dba910, 0x0000025af3dbb630, 0x0000025af3dbbcc0, 0x0000025af3db8840,
0x0000025af3dbc350, 0x0000025af3db9bf0, 0x0000025af3db8ed0, 0x0000025af3dbd070,
0x0000025af3dbd700, 0x0000025af3dbeab0, 0x0000025af3dbfe60, 0x0000025af2801ac0,
0x0000025afa03b4e0, 0x0000025afa0386f0, 0x0000025afa03a130, 0x0000025afa038060,
0x0000025afa03bb70, 0x0000025afa039410, 0x0000025afa03c200, 0x0000025afa03ae50,
0x0000025afa039aa0, 0x0000025afa03d5b0, 0x0000025afa03c890, 0x0000025afa03a7c0,
0x0000025afa03e2d0, 0x0000025afa03e960, 0x0000025af5de5390
}

Java Threads: ( => current thread )
  0x0000025ad18db7e0 JavaThread "main"                              [_thread_blocked, id=10920, stack(0x000000bfab400000,0x000000bfab500000) (1024K)]
  0x0000025aeb936830 JavaThread "Common-Cleaner"             daemon [_thread_blocked, id=13416, stack(0x000000bfabc00000,0x000000bfabd00000) (1024K)]
  0x0000025aeb7ee690 JavaThread "Reference Handler"          daemon [_thread_blocked, id=12520, stack(0x000000bfabd00000,0x000000bfabe00000) (1024K)]
  0x0000025aeb9384f0 JavaThread "Finalizer"                  daemon [_thread_blocked, id=12356, stack(0x000000bfabe00000,0x000000bfabf00000) (1024K)]
  0x0000025aeb957a80 JavaThread "Signal Dispatcher"          daemon [_thread_blocked, id=16952, stack(0x000000bfabf00000,0x000000bfac000000) (1024K)]
  0x0000025aeb960ef0 JavaThread "Attach Listener"            daemon [_thread_blocked, id=3828, stack(0x000000bfac000000,0x000000bfac100000) (1024K)]
  0x0000025aeb961950 JavaThread "Service Thread"             daemon [_thread_blocked, id=1964, stack(0x000000bfac100000,0x000000bfac200000) (1024K)]
  0x0000025aeb96a3c0 JavaThread "Monitor Deflation Thread"   daemon [_thread_blocked, id=9132, stack(0x000000bfac200000,0x000000bfac300000) (1024K)]
  0x0000025aeb96d570 JavaThread "C2 CompilerThread0"         daemon [_thread_blocked, id=17952, stack(0x000000bfac300000,0x000000bfac400000) (1024K)]
  0x0000025aeb977030 JavaThread "C1 CompilerThread0"         daemon [_thread_blocked, id=13928, stack(0x000000bfac400000,0x000000bfac500000) (1024K)]
  0x0000025aebc15360 JavaThread "Notification Thread"        daemon [_thread_blocked, id=9284, stack(0x000000bfac500000,0x000000bfac600000) (1024K)]
  0x0000025af0c50050 JavaThread "Daemon health stats"               [_thread_blocked, id=15652, stack(0x000000bfaca00000,0x000000bfacb00000) (1024K)]
  0x0000025af1ad0eb0 JavaThread "Incoming local TCP Connector on port 53822"        [_thread_in_native, id=14732, stack(0x000000bface00000,0x000000bfacf00000) (1024K)]
  0x0000025af0ef2ae0 JavaThread "Daemon periodic checks"            [_thread_blocked, id=14212, stack(0x000000bfacf00000,0x000000bfad000000) (1024K)]
  0x0000025af0ef1f10 JavaThread "Daemon"                            [_thread_blocked, id=5304, stack(0x000000bfad000000,0x000000bfad100000) (1024K)]
  0x0000025af1f79f00 JavaThread "Handler for socket connection from /127.0.0.1:53822 to /127.0.0.1:53823"        [_thread_in_native, id=2772, stack(0x000000bfad100000,0x000000bfad200000) (1024K)]
  0x0000025af08cf9b0 JavaThread "Cancel handler"                    [_thread_blocked, id=6520, stack(0x000000bfad200000,0x000000bfad300000) (1024K)]
  0x0000025af0b8bd80 JavaThread "Daemon worker"                     [_thread_blocked, id=11824, stack(0x000000bfad400000,0x000000bfad500000) (1024K)]
  0x0000025af0b8caa0 JavaThread "Asynchronous log dispatcher for DefaultDaemonConnection: socket connection from /127.0.0.1:53822 to /127.0.0.1:53823"        [_thread_blocked, id=9424, stack(0x000000bfad500000,0x000000bfad600000) (1024K)]
  0x0000025af0b8a340 JavaThread "Stdin handler"                     [_thread_blocked, id=16060, stack(0x000000bfad600000,0x000000bfad700000) (1024K)]
  0x0000025af0b8c410 JavaThread "Daemon client event forwarder"        [_thread_blocked, id=15424, stack(0x000000bfad700000,0x000000bfad800000) (1024K)]
  0x0000025af0b8b060 JavaThread "Cache worker for journal cache (C:\Users\lenovo\.gradle\caches\journal-1)"        [_thread_blocked, id=16716, stack(0x000000bfad800000,0x000000bfad900000) (1024K)]
  0x0000025af0b89cb0 JavaThread "File lock request listener"        [_thread_in_native, id=10116, stack(0x000000bfad900000,0x000000bfada00000) (1024K)]
  0x0000025af0b8a9d0 JavaThread "Cache worker for file hash cache (C:\Users\lenovo\.gradle\caches\9.4.1\fileHashes)"        [_thread_blocked, id=10852, stack(0x000000bfada00000,0x000000bfadb00000) (1024K)]
  0x0000025af25e7720 JavaThread "Cache worker for file hash cache (C:\Users\lenovo\Projects\Transport simulation\TransportsimAndroid\.gradle\9.4.1\fileHashes)"        [_thread_blocked, id=15660, stack(0x000000bfab200000,0x000000bfab300000) (1024K)]
  0x0000025af25e7db0 JavaThread "Cache worker for Build Output Cleanup Cache (C:\Users\lenovo\Projects\Transport simulation\TransportsimAndroid\.gradle\buildOutputCleanup)"        [_thread_blocked, id=14360, stack(0x000000bfab300000,0x000000bfab400000) (1024K)]
  0x0000025af25e8440 JavaThread "File watcher server"        daemon [_thread_blocked, id=18416, stack(0x000000bfadb00000,0x000000bfadc00000) (1024K)]
  0x0000025af25e4fc0 JavaThread "File watcher consumer"      daemon [_thread_blocked, id=9876, stack(0x000000bfadc00000,0x000000bfadd00000) (1024K)]
  0x0000025af25e8ad0 JavaThread "Cache worker for file content cache (C:\Users\lenovo\.gradle\caches\9.4.1\fileContent)"        [_thread_blocked, id=18376, stack(0x000000bfadd00000,0x000000bfade00000) (1024K)]
  0x0000025af25e5ce0 JavaThread "Cache worker for checksums cache (C:\Users\lenovo\Projects\Transport simulation\TransportsimAndroid\.gradle\9.4.1\checksums)"        [_thread_blocked, id=9576, stack(0x000000bfade00000,0x000000bfadf00000) (1024K)]
  0x0000025af25e5650 JavaThread "Cache worker for cache directory md-supplier (C:\Users\lenovo\.gradle\caches\9.4.1\md-supplier)"        [_thread_blocked, id=7304, stack(0x000000bfadf00000,0x000000bfae000000) (1024K)]
  0x0000025af25e6370 JavaThread "Cache worker for cache directory md-rule (C:\Users\lenovo\.gradle\caches\9.4.1\md-rule)"        [_thread_blocked, id=16468, stack(0x000000bfae000000,0x000000bfae100000) (1024K)]
  0x0000025af25e9160 JavaThread "jar transforms"                    [_thread_blocked, id=9740, stack(0x000000bfae100000,0x000000bfae200000) (1024K)]
  0x0000025af25e97f0 JavaThread "jar transforms Thread 2"           [_thread_blocked, id=11772, stack(0x000000bfae200000,0x000000bfae300000) (1024K)]
  0x0000025af25e9e80 JavaThread "jar transforms Thread 3"           [_thread_blocked, id=17376, stack(0x000000bfae300000,0x000000bfae400000) (1024K)]
  0x0000025af25ea510 JavaThread "jar transforms Thread 4"           [_thread_blocked, id=13300, stack(0x000000bfae400000,0x000000bfae500000) (1024K)]
  0x0000025af25e7090 JavaThread "jar transforms Thread 5"           [_thread_blocked, id=6944, stack(0x000000bfae500000,0x000000bfae600000) (1024K)]
  0x0000025af25eb230 JavaThread "Build operations"                  [_thread_blocked, id=9228, stack(0x000000bfab100000,0x000000bfab200000) (1024K)]
  0x0000025af3db9560 JavaThread "Build operations Thread 2"         [_thread_blocked, id=9068, stack(0x000000bfae600000,0x000000bfae700000) (1024K)]
  0x0000025af3dbafa0 JavaThread "Build operations Thread 3"         [_thread_blocked, id=6076, stack(0x000000bfae700000,0x000000bfae800000) (1024K)]
  0x0000025af3dba910 JavaThread "Build operations Thread 4"         [_thread_blocked, id=10004, stack(0x000000bfae800000,0x000000bfae900000) (1024K)]
  0x0000025af3dbb630 JavaThread "Build operations Thread 5"         [_thread_blocked, id=16484, stack(0x000000bfae900000,0x000000bfaea00000) (1024K)]
  0x0000025af3dbbcc0 JavaThread "Build operations Thread 6"         [_thread_blocked, id=4880, stack(0x000000bfaea00000,0x000000bfaeb00000) (1024K)]
  0x0000025af3db8840 JavaThread "Build operations Thread 7"         [_thread_blocked, id=5828, stack(0x000000bfaeb00000,0x000000bfaec00000) (1024K)]
  0x0000025af3dbc350 JavaThread "Build operations Thread 8"         [_thread_blocked, id=11916, stack(0x000000bfaec00000,0x000000bfaed00000) (1024K)]
  0x0000025af3db9bf0 JavaThread "jar transforms Thread 6"           [_thread_blocked, id=16644, stack(0x000000bfaed00000,0x000000bfaee00000) (1024K)]
  0x0000025af3db8ed0 JavaThread "jar transforms Thread 7"           [_thread_blocked, id=17892, stack(0x000000bfaee00000,0x000000bfaef00000) (1024K)]
  0x0000025af3dbd070 JavaThread "jar transforms Thread 8"           [_thread_blocked, id=10932, stack(0x000000bfaef00000,0x000000bfaf000000) (1024K)]
  0x0000025af3dbd700 JavaThread "Cache worker for Build Output Cleanup Cache (C:\Users\lenovo\Projects\Transport simulation\TransportsimAndroid\build-logic\.gradle\buildOutputCleanup)"        [_thread_blocked, id=15668, stack(0x000000bfaf000000,0x000000bfaf100000) (1024K)]
  0x0000025af3dbeab0 JavaThread "Memory manager"                    [_thread_blocked, id=14356, stack(0x000000bfaf100000,0x000000bfaf200000) (1024K)]
  0x0000025af3dbfe60 JavaThread "build event listener"              [_thread_blocked, id=15356, stack(0x000000bfaf200000,0x000000bfaf300000) (1024K)]
  0x0000025af2801ac0 JavaThread "build event listener"              [_thread_blocked, id=12888, stack(0x000000bfaf300000,0x000000bfaf400000) (1024K)]
  0x0000025afa03b4e0 JavaThread "included builds"                   [_thread_blocked, id=13988, stack(0x000000bfaf400000,0x000000bfaf500000) (1024K)]
  0x0000025afa0386f0 JavaThread "Execution worker"                  [_thread_blocked, id=11232, stack(0x000000bfaf500000,0x000000bfaf600000) (1024K)]
  0x0000025afa03a130 JavaThread "Execution worker Thread 2"         [_thread_blocked, id=18064, stack(0x000000bfaf600000,0x000000bfaf700000) (1024K)]
  0x0000025afa038060 JavaThread "Execution worker Thread 3"         [_thread_blocked, id=13044, stack(0x000000bfaf700000,0x000000bfaf800000) (1024K)]
  0x0000025afa03bb70 JavaThread "Execution worker Thread 4"         [_thread_blocked, id=14144, stack(0x000000bfaf800000,0x000000bfaf900000) (1024K)]
  0x0000025afa039410 JavaThread "Execution worker Thread 5"         [_thread_blocked, id=14476, stack(0x000000bfaf900000,0x000000bfafa00000) (1024K)]
  0x0000025afa03c200 JavaThread "Execution worker Thread 6"         [_thread_blocked, id=13252, stack(0x000000bfafa00000,0x000000bfafb00000) (1024K)]
  0x0000025afa03ae50 JavaThread "Execution worker Thread 7"         [_thread_blocked, id=7296, stack(0x000000bfafb00000,0x000000bfafc00000) (1024K)]
  0x0000025afa039aa0 JavaThread "Cache worker for execution history cache (C:\Users\lenovo\Projects\Transport simulation\TransportsimAndroid\build-logic\.gradle\9.4.1\executionHistory)"        [_thread_blocked, id=15436, stack(0x000000bfafc00000,0x000000bfafd00000) (1024K)]
  0x0000025afa03d5b0 JavaThread "pool-1-thread-1"                   [_thread_blocked, id=13976, stack(0x000000bfafd00000,0x000000bfafe00000) (1024K)]
  0x0000025afa03c890 JavaThread "pool-1-thread-2"                   [_thread_blocked, id=16368, stack(0x000000bfafe00000,0x000000bfaff00000) (1024K)]
  0x0000025afa03a7c0 JavaThread "pool-1-thread-4"                   [_thread_blocked, id=10356, stack(0x000000bfaff00000,0x000000bfb0000000) (1024K)]
  0x0000025afa03e2d0 JavaThread "pool-1-thread-3"                   [_thread_blocked, id=6824, stack(0x000000bfb0000000,0x000000bfb0100000) (1024K)]
  0x0000025afa03e960 JavaThread "pool-1-thread-5"                   [_thread_blocked, id=6028, stack(0x000000bfb0100000,0x000000bfb0200000) (1024K)]
  0x0000025af5de5390 JavaThread "C2 CompilerThread1"         daemon [_thread_blocked, id=11136, stack(0x000000bfb0200000,0x000000bfb0300000) (1024K)]
Total: 67

Other Threads:
=>0x0000025aeb7d1d10 VMThread "VM Thread"                           [id=10424, stack(0x000000bfabb00000,0x000000bfabc00000) (1024K)]
  0x0000025aeb73c980 WatcherThread "VM Periodic Task Thread"        [id=11740, stack(0x000000bfaba00000,0x000000bfabb00000) (1024K)]
  0x0000025ad1942d40 WorkerThread "GC Thread#0"                     [id=13276, stack(0x000000bfab500000,0x000000bfab600000) (1024K)]
  0x0000025af08d5d60 WorkerThread "GC Thread#1"                     [id=12972, stack(0x000000bfac600000,0x000000bfac700000) (1024K)]
  0x0000025af08d6110 WorkerThread "GC Thread#2"                     [id=12736, stack(0x000000bfac700000,0x000000bfac800000) (1024K)]
  0x0000025af08d33a0 WorkerThread "GC Thread#3"                     [id=6916, stack(0x000000bfac800000,0x000000bfac900000) (1024K)]
  0x0000025aebbf02b0 WorkerThread "GC Thread#4"                     [id=8504, stack(0x000000bfac900000,0x000000bfaca00000) (1024K)]
  0x0000025af15dbb80 WorkerThread "GC Thread#5"                     [id=17740, stack(0x000000bfacb00000,0x000000bfacc00000) (1024K)]
  0x0000025af15db420 WorkerThread "GC Thread#6"                     [id=14988, stack(0x000000bfacc00000,0x000000bfacd00000) (1024K)]
  0x0000025af15dbf30 WorkerThread "GC Thread#7"                     [id=13996, stack(0x000000bfacd00000,0x000000bface00000) (1024K)]
  0x0000025ad1955220 ConcurrentGCThread "G1 Main Marker"            [id=15392, stack(0x000000bfab600000,0x000000bfab700000) (1024K)]
  0x0000025ad1956450 WorkerThread "G1 Conc#0"                       [id=1780, stack(0x000000bfab700000,0x000000bfab800000) (1024K)]
  0x0000025af15db7d0 WorkerThread "G1 Conc#1"                       [id=10624, stack(0x000000bfad300000,0x000000bfad400000) (1024K)]
  0x0000025ad198e5e0 ConcurrentGCThread "G1 Refine#0"               [id=15644, stack(0x000000bfab800000,0x000000bfab900000) (1024K)]
  0x0000025aeb60d0e0 ConcurrentGCThread "G1 Service"                [id=14496, stack(0x000000bfab900000,0x000000bfaba00000) (1024K)]
Total: 15

Threads with active compile tasks:
C2 CompilerThread0  324015 13903   !   4       org.jetbrains.kotlin.metadata.jvm.JvmProtoBuf$StringTableTypes::<init> (495 bytes)
C2 CompilerThread1  324016 13886       4       org.jetbrains.kotlin.load.kotlin.FileBasedKotlinClass::resolveNameByInternalName (178 bytes)
Total: 2

VM state: at safepoint (normal execution)

VM Mutex/Monitor currently owned by a thread:  ([mutex/lock_event])
[0x00007ff95ea586d0] Threads_lock - owner thread: 0x0000025aeb7d1d10
[0x00007ff95ea587d0] Heap_lock - owner thread: 0x0000025afa03d5b0

Heap address: 0x0000000700000000, size: 4096 MB, Compressed Oops mode: Zero based, Oop shift amount: 3

CDS archive(s) not mapped
Compressed class space mapped at: 0x0000000800000000-0x0000000834000000, reserved size: 872415232
Narrow klass base: 0x0000000800000000, Narrow klass shift: 0, Narrow klass range: 0x34000000

GC Precious Log:
 CardTable entry size: 512
 Card Set container configuration: InlinePtr #cards 4 size 8 Array Of Cards #cards 16 size 48 Howl #buckets 8 coarsen threshold 3686 Howl Bitmap #cards 512 size 80 coarsen threshold 460 Card regions per heap region 1 cards per card region 4096
 CPUs: 8 total, 8 available
 Memory: 3895M
 Large Page Support: Disabled
 NUMA Support: Disabled
 Compressed Oops: Enabled (Zero based)
 Heap Region Size: 2M
 Heap Min Capacity: 8M
 Heap Initial Capacity: 62M
 Heap Max Capacity: 4G
 Pre-touch: Disabled
 Parallel Workers: 8
 Concurrent Workers: 2
 Concurrent Refinement Workers: 8
 Periodic GC: Disabled

Heap:
 garbage-first heap   total 641024K, used 170749K [0x0000000700000000, 0x0000000800000000)
  region size 2048K, 5 young (10240K), 5 survivors (10240K)
 Metaspace       used 99115K, committed 101376K, reserved 983040K
  class space    used 14031K, committed 15104K, reserved 851968K

Heap Regions: E=young(eden), S=young(survivor), O=old, HS=humongous(starts), HC=humongous(continues), CS=collection set, F=free, TAMS=top-at-mark-start, PB=parsable bottom
|   0|0x0000000700000000, 0x0000000700200000, 0x0000000700200000|100%|HS|  |TAMS 0x0000000700000000| PB 0x0000000700000000| Complete 
|   1|0x0000000700200000, 0x0000000700400000, 0x0000000700400000|100%|HC|  |TAMS 0x0000000700200000| PB 0x0000000700200000| Complete 
|   2|0x0000000700400000, 0x0000000700600000, 0x0000000700600000|100%| O|  |TAMS 0x0000000700400000| PB 0x0000000700400000| Untracked 
|   3|0x0000000700600000, 0x0000000700800000, 0x0000000700800000|100%| O|  |TAMS 0x0000000700600000| PB 0x0000000700600000| Untracked 
|   4|0x0000000700800000, 0x0000000700a00000, 0x0000000700a00000|100%| O|  |TAMS 0x0000000700800000| PB 0x0000000700800000| Untracked 
|   5|0x0000000700a00000, 0x0000000700c00000, 0x0000000700c00000|100%| O|  |TAMS 0x0000000700a00000| PB 0x0000000700a00000| Untracked 
|   6|0x0000000700c00000, 0x0000000700e00000, 0x0000000700e00000|100%| O|  |TAMS 0x0000000700c00000| PB 0x0000000700c00000| Untracked 
|   7|0x0000000700e00000, 0x0000000701000000, 0x0000000701000000|100%| O|  |TAMS 0x0000000700e00000| PB 0x0000000700e00000| Untracked 
|   8|0x0000000701000000, 0x0000000701200000, 0x0000000701200000|100%| O|  |TAMS 0x0000000701000000| PB 0x0000000701000000| Untracked 
|   9|0x0000000701200000, 0x0000000701400000, 0x0000000701400000|100%| O|  |TAMS 0x0000000701200000| PB 0x0000000701200000| Untracked 
|  10|0x0000000701400000, 0x0000000701600000, 0x0000000701600000|100%| O|  |TAMS 0x0000000701400000| PB 0x0000000701400000| Untracked 
|  11|0x0000000701600000, 0x0000000701800000, 0x0000000701800000|100%| O|  |TAMS 0x0000000701600000| PB 0x0000000701600000| Untracked 
|  12|0x0000000701800000, 0x0000000701a00000, 0x0000000701a00000|100%| O|  |TAMS 0x0000000701800000| PB 0x0000000701800000| Untracked 
|  13|0x0000000701a00000, 0x0000000701c00000, 0x0000000701c00000|100%| O|  |TAMS 0x0000000701a00000| PB 0x0000000701a00000| Untracked 
|  14|0x0000000701c00000, 0x0000000701e00000, 0x0000000701e00000|100%| O|  |TAMS 0x0000000701c00000| PB 0x0000000701c00000| Untracked 
|  15|0x0000000701e00000, 0x0000000702000000, 0x0000000702000000|100%| O|  |TAMS 0x0000000701e00000| PB 0x0000000701e00000| Untracked 
|  16|0x0000000702000000, 0x0000000702200000, 0x0000000702200000|100%| O|  |TAMS 0x0000000702000000| PB 0x0000000702000000| Untracked 
|  17|0x0000000702200000, 0x0000000702400000, 0x0000000702400000|100%| O|  |TAMS 0x0000000702200000| PB 0x0000000702200000| Untracked 
|  18|0x0000000702400000, 0x0000000702600000, 0x0000000702600000|100%| O|  |TAMS 0x0000000702400000| PB 0x0000000702400000| Untracked 
|  19|0x0000000702600000, 0x0000000702800000, 0x0000000702800000|100%| O|  |TAMS 0x0000000702600000| PB 0x0000000702600000| Untracked 
|  20|0x0000000702800000, 0x0000000702a00000, 0x0000000702a00000|100%| O|  |TAMS 0x0000000702800000| PB 0x0000000702800000| Untracked 
|  21|0x0000000702a00000, 0x0000000702c00000, 0x0000000702c00000|100%| O|  |TAMS 0x0000000702a00000| PB 0x0000000702a00000| Untracked 
|  22|0x0000000702c00000, 0x0000000702e00000, 0x0000000702e00000|100%| O|  |TAMS 0x0000000702c00000| PB 0x0000000702c00000| Untracked 
|  23|0x0000000702e00000, 0x0000000703000000, 0x0000000703000000|100%| O|  |TAMS 0x0000000702e00000| PB 0x0000000702e00000| Untracked 
|  24|0x0000000703000000, 0x0000000703200000, 0x0000000703200000|100%| O|  |TAMS 0x0000000703000000| PB 0x0000000703000000| Untracked 
|  25|0x0000000703200000, 0x0000000703400000, 0x0000000703400000|100%|HS|  |TAMS 0x0000000703200000| PB 0x0000000703200000| Complete 
|  26|0x0000000703400000, 0x0000000703600000, 0x0000000703600000|100%|HS|  |TAMS 0x0000000703400000| PB 0x0000000703400000| Complete 
|  27|0x0000000703600000, 0x0000000703800000, 0x0000000703800000|100%|HS|  |TAMS 0x0000000703600000| PB 0x0000000703600000| Complete 
|  28|0x0000000703800000, 0x0000000703a00000, 0x0000000703a00000|100%| O|  |TAMS 0x0000000703800000| PB 0x0000000703800000| Untracked 
|  29|0x0000000703a00000, 0x0000000703c00000, 0x0000000703c00000|100%| O|  |TAMS 0x0000000703a00000| PB 0x0000000703a00000| Untracked 
|  30|0x0000000703c00000, 0x0000000703e00000, 0x0000000703e00000|100%| O|  |TAMS 0x0000000703c00000| PB 0x0000000703c00000| Untracked 
|  31|0x0000000703e00000, 0x0000000704000000, 0x0000000704000000|100%| O|  |TAMS 0x0000000703e00000| PB 0x0000000703e00000| Untracked 
|  32|0x0000000704000000, 0x0000000704200000, 0x0000000704200000|100%| O|  |TAMS 0x0000000704000000| PB 0x0000000704000000| Untracked 
|  33|0x0000000704200000, 0x0000000704400000, 0x0000000704400000|100%| O|  |TAMS 0x0000000704200000| PB 0x0000000704200000| Untracked 
|  34|0x0000000704400000, 0x0000000704600000, 0x0000000704600000|100%| O|  |TAMS 0x0000000704400000| PB 0x0000000704400000| Untracked 
|  35|0x0000000704600000, 0x0000000704800000, 0x0000000704800000|100%| O|  |TAMS 0x0000000704600000| PB 0x0000000704600000| Untracked 
|  36|0x0000000704800000, 0x0000000704a00000, 0x0000000704a00000|100%| O|  |TAMS 0x0000000704800000| PB 0x0000000704800000| Untracked 
|  37|0x0000000704a00000, 0x0000000704c00000, 0x0000000704c00000|100%| O|  |TAMS 0x0000000704a00000| PB 0x0000000704a00000| Untracked 
|  38|0x0000000704c00000, 0x0000000704e00000, 0x0000000704e00000|100%| O|  |TAMS 0x0000000704c00000| PB 0x0000000704c00000| Untracked 
|  39|0x0000000704e00000, 0x0000000705000000, 0x0000000705000000|100%| O|  |TAMS 0x0000000704e00000| PB 0x0000000704e00000| Untracked 
|  40|0x0000000705000000, 0x0000000705200000, 0x0000000705200000|100%| O|  |TAMS 0x0000000705000000| PB 0x0000000705000000| Untracked 
|  41|0x0000000705200000, 0x0000000705400000, 0x0000000705400000|100%|HS|  |TAMS 0x0000000705200000| PB 0x0000000705200000| Complete 
|  42|0x0000000705400000, 0x0000000705600000, 0x0000000705600000|100%|HC|  |TAMS 0x0000000705400000| PB 0x0000000705400000| Complete 
|  43|0x0000000705600000, 0x0000000705800000, 0x0000000705800000|100%| O|  |TAMS 0x0000000705600000| PB 0x0000000705600000| Untracked 
|  44|0x0000000705800000, 0x0000000705a00000, 0x0000000705a00000|100%| O|  |TAMS 0x0000000705800000| PB 0x0000000705800000| Untracked 
|  45|0x0000000705a00000, 0x0000000705c00000, 0x0000000705c00000|100%| O|  |TAMS 0x0000000705a00000| PB 0x0000000705a00000| Untracked 
|  46|0x0000000705c00000, 0x0000000705e00000, 0x0000000705e00000|100%| O|  |TAMS 0x0000000705c00000| PB 0x0000000705c00000| Untracked 
|  47|0x0000000705e00000, 0x0000000706000000, 0x0000000706000000|100%| O|  |TAMS 0x0000000705e00000| PB 0x0000000705e00000| Untracked 
|  48|0x0000000706000000, 0x0000000706200000, 0x0000000706200000|100%|HS|  |TAMS 0x0000000706000000| PB 0x0000000706000000| Complete 
|  49|0x0000000706200000, 0x0000000706400000, 0x0000000706400000|100%|HC|  |TAMS 0x0000000706200000| PB 0x0000000706200000| Complete 
|  50|0x0000000706400000, 0x0000000706600000, 0x0000000706600000|100%|HC|  |TAMS 0x0000000706400000| PB 0x0000000706400000| Complete 
|  51|0x0000000706600000, 0x0000000706800000, 0x0000000706800000|100%| O|  |TAMS 0x0000000706600000| PB 0x0000000706600000| Untracked 
|  52|0x0000000706800000, 0x0000000706a00000, 0x0000000706a00000|100%| O|  |TAMS 0x0000000706800000| PB 0x0000000706800000| Untracked 
|  53|0x0000000706a00000, 0x0000000706c00000, 0x0000000706c00000|100%| O|  |TAMS 0x0000000706a00000| PB 0x0000000706a00000| Untracked 
|  54|0x0000000706c00000, 0x0000000706e00000, 0x0000000706e00000|100%| O|  |TAMS 0x0000000706c00000| PB 0x0000000706c00000| Untracked 
|  55|0x0000000706e00000, 0x0000000707000000, 0x0000000707000000|100%| O|  |TAMS 0x0000000706e00000| PB 0x0000000706e00000| Untracked 
|  56|0x0000000707000000, 0x0000000707200000, 0x0000000707200000|100%| O|  |TAMS 0x0000000707000000| PB 0x0000000707000000| Untracked 
|  57|0x0000000707200000, 0x0000000707400000, 0x0000000707400000|100%| O|  |TAMS 0x0000000707200000| PB 0x0000000707200000| Untracked 
|  58|0x0000000707400000, 0x0000000707600000, 0x0000000707600000|100%| O|  |TAMS 0x0000000707400000| PB 0x0000000707400000| Untracked 
|  59|0x0000000707600000, 0x0000000707800000, 0x0000000707800000|100%| O|  |TAMS 0x0000000707600000| PB 0x0000000707600000| Untracked 
|  60|0x0000000707800000, 0x0000000707a00000, 0x0000000707a00000|100%| O|  |TAMS 0x0000000707800000| PB 0x0000000707800000| Untracked 
|  61|0x0000000707a00000, 0x0000000707c00000, 0x0000000707c00000|100%| O|  |TAMS 0x0000000707a00000| PB 0x0000000707a00000| Untracked 
|  62|0x0000000707c00000, 0x0000000707e00000, 0x0000000707e00000|100%| O|  |TAMS 0x0000000707c00000| PB 0x0000000707c00000| Untracked 
|  63|0x0000000707e00000, 0x0000000708000000, 0x0000000708000000|100%| O|  |TAMS 0x0000000707e00000| PB 0x0000000707e00000| Untracked 
|  64|0x0000000708000000, 0x0000000708200000, 0x0000000708200000|100%| O|  |TAMS 0x0000000708000000| PB 0x0000000708000000| Untracked 
|  65|0x0000000708200000, 0x0000000708400000, 0x0000000708400000|100%| O|  |TAMS 0x0000000708200000| PB 0x0000000708200000| Untracked 
|  66|0x0000000708400000, 0x0000000708600000, 0x0000000708600000|100%| O|  |TAMS 0x0000000708400000| PB 0x0000000708400000| Untracked 
|  67|0x0000000708600000, 0x0000000708800000, 0x0000000708800000|100%| O|  |TAMS 0x0000000708600000| PB 0x0000000708600000| Untracked 
|  68|0x0000000708800000, 0x0000000708a00000, 0x0000000708a00000|100%| O|  |TAMS 0x0000000708800000| PB 0x0000000708800000| Untracked 
|  69|0x0000000708a00000, 0x0000000708c00000, 0x0000000708c00000|100%| O|  |TAMS 0x0000000708a00000| PB 0x0000000708a00000| Untracked 
|  70|0x0000000708c00000, 0x0000000708e00000, 0x0000000708e00000|100%| O|  |TAMS 0x0000000708c00000| PB 0x0000000708c00000| Untracked 
|  71|0x0000000708e00000, 0x0000000709000000, 0x0000000709000000|100%| O|  |TAMS 0x0000000708e00000| PB 0x0000000708e00000| Untracked 
|  72|0x0000000709000000, 0x0000000709200000, 0x0000000709200000|100%| O|  |TAMS 0x0000000709000000| PB 0x0000000709000000| Untracked 
|  73|0x0000000709200000, 0x0000000709400000, 0x0000000709400000|100%| O|  |TAMS 0x0000000709200000| PB 0x0000000709200000| Untracked 
|  74|0x0000000709400000, 0x0000000709600000, 0x0000000709600000|100%| O|  |TAMS 0x0000000709400000| PB 0x0000000709400000| Untracked 
|  75|0x0000000709600000, 0x0000000709800000, 0x0000000709800000|100%| O|  |TAMS 0x0000000709600000| PB 0x0000000709600000| Untracked 
|  76|0x0000000709800000, 0x0000000709a00000, 0x0000000709a00000|100%| O|  |TAMS 0x0000000709800000| PB 0x0000000709800000| Untracked 
|  77|0x0000000709a00000, 0x0000000709c00000, 0x0000000709c00000|100%| O|  |TAMS 0x0000000709a00000| PB 0x0000000709a00000| Untracked 
|  78|0x0000000709c00000, 0x0000000709c7cca0, 0x0000000709e00000| 24%| O|  |TAMS 0x0000000709c00000| PB 0x0000000709c00000| Untracked 
|  79|0x0000000709e00000, 0x0000000709e00000, 0x000000070a000000|  0%| F|  |TAMS 0x0000000709e00000| PB 0x0000000709e00000| Untracked 
|  80|0x000000070a000000, 0x000000070a000000, 0x000000070a200000|  0%| F|  |TAMS 0x000000070a000000| PB 0x000000070a000000| Untracked 
|  81|0x000000070a200000, 0x000000070a200000, 0x000000070a400000|  0%| F|  |TAMS 0x000000070a200000| PB 0x000000070a200000| Untracked 
|  82|0x000000070a400000, 0x000000070a400000, 0x000000070a600000|  0%| F|  |TAMS 0x000000070a400000| PB 0x000000070a400000| Untracked 
|  83|0x000000070a600000, 0x000000070a600000, 0x000000070a800000|  0%| F|  |TAMS 0x000000070a600000| PB 0x000000070a600000| Untracked 
|  84|0x000000070a800000, 0x000000070a800000, 0x000000070aa00000|  0%| F|  |TAMS 0x000000070a800000| PB 0x000000070a800000| Untracked 
|  85|0x000000070aa00000, 0x000000070aa00000, 0x000000070ac00000|  0%| F|  |TAMS 0x000000070aa00000| PB 0x000000070aa00000| Untracked 
|  86|0x000000070ac00000, 0x000000070ac00000, 0x000000070ae00000|  0%| F|  |TAMS 0x000000070ac00000| PB 0x000000070ac00000| Untracked 
|  87|0x000000070ae00000, 0x000000070ae00000, 0x000000070b000000|  0%| F|  |TAMS 0x000000070ae00000| PB 0x000000070ae00000| Untracked 
|  88|0x000000070b000000, 0x000000070b000000, 0x000000070b200000|  0%| F|  |TAMS 0x000000070b000000| PB 0x000000070b000000| Untracked 
|  89|0x000000070b200000, 0x000000070b200000, 0x000000070b400000|  0%| F|  |TAMS 0x000000070b200000| PB 0x000000070b200000| Untracked 
|  90|0x000000070b400000, 0x000000070b400000, 0x000000070b600000|  0%| F|  |TAMS 0x000000070b400000| PB 0x000000070b400000| Untracked 
|  91|0x000000070b600000, 0x000000070b600000, 0x000000070b800000|  0%| F|  |TAMS 0x000000070b600000| PB 0x000000070b600000| Untracked 
|  92|0x000000070b800000, 0x000000070b800000, 0x000000070ba00000|  0%| F|  |TAMS 0x000000070b800000| PB 0x000000070b800000| Untracked 
|  93|0x000000070ba00000, 0x000000070ba00000, 0x000000070bc00000|  0%| F|  |TAMS 0x000000070ba00000| PB 0x000000070ba00000| Untracked 
|  94|0x000000070bc00000, 0x000000070bc00000, 0x000000070be00000|  0%| F|  |TAMS 0x000000070bc00000| PB 0x000000070bc00000| Untracked 
|  95|0x000000070be00000, 0x000000070be00000, 0x000000070c000000|  0%| F|  |TAMS 0x000000070be00000| PB 0x000000070be00000| Untracked 
|  96|0x000000070c000000, 0x000000070c000000, 0x000000070c200000|  0%| F|  |TAMS 0x000000070c000000| PB 0x000000070c000000| Untracked 
|  97|0x000000070c200000, 0x000000070c200000, 0x000000070c400000|  0%| F|  |TAMS 0x000000070c200000| PB 0x000000070c200000| Untracked 
|  98|0x000000070c400000, 0x000000070c400000, 0x000000070c600000|  0%| F|  |TAMS 0x000000070c400000| PB 0x000000070c400000| Untracked 
|  99|0x000000070c600000, 0x000000070c600000, 0x000000070c800000|  0%| F|  |TAMS 0x000000070c600000| PB 0x000000070c600000| Untracked 
| 100|0x000000070c800000, 0x000000070c800000, 0x000000070ca00000|  0%| F|  |TAMS 0x000000070c800000| PB 0x000000070c800000| Untracked 
| 101|0x000000070ca00000, 0x000000070ca00000, 0x000000070cc00000|  0%| F|  |TAMS 0x000000070ca00000| PB 0x000000070ca00000| Untracked 
| 102|0x000000070cc00000, 0x000000070cc00000, 0x000000070ce00000|  0%| F|  |TAMS 0x000000070cc00000| PB 0x000000070cc00000| Untracked 
| 103|0x000000070ce00000, 0x000000070ce00000, 0x000000070d000000|  0%| F|  |TAMS 0x000000070ce00000| PB 0x000000070ce00000| Untracked 
| 104|0x000000070d000000, 0x000000070d000000, 0x000000070d200000|  0%| F|  |TAMS 0x000000070d000000| PB 0x000000070d000000| Untracked 
| 105|0x000000070d200000, 0x000000070d200000, 0x000000070d400000|  0%| F|  |TAMS 0x000000070d200000| PB 0x000000070d200000| Untracked 
| 106|0x000000070d400000, 0x000000070d400000, 0x000000070d600000|  0%| F|  |TAMS 0x000000070d400000| PB 0x000000070d400000| Untracked 
| 107|0x000000070d600000, 0x000000070d600000, 0x000000070d800000|  0%| F|  |TAMS 0x000000070d600000| PB 0x000000070d600000| Untracked 
| 108|0x000000070d800000, 0x000000070d800000, 0x000000070da00000|  0%| F|  |TAMS 0x000000070d800000| PB 0x000000070d800000| Untracked 
| 109|0x000000070da00000, 0x000000070da00000, 0x000000070dc00000|  0%| F|  |TAMS 0x000000070da00000| PB 0x000000070da00000| Untracked 
| 110|0x000000070dc00000, 0x000000070dc00000, 0x000000070de00000|  0%| F|  |TAMS 0x000000070dc00000| PB 0x000000070dc00000| Untracked 
| 111|0x000000070de00000, 0x000000070de00000, 0x000000070e000000|  0%| F|  |TAMS 0x000000070de00000| PB 0x000000070de00000| Untracked 
| 112|0x000000070e000000, 0x000000070e000000, 0x000000070e200000|  0%| F|  |TAMS 0x000000070e000000| PB 0x000000070e000000| Untracked 
| 113|0x000000070e200000, 0x000000070e200000, 0x000000070e400000|  0%| F|  |TAMS 0x000000070e200000| PB 0x000000070e200000| Untracked 
| 114|0x000000070e400000, 0x000000070e400000, 0x000000070e600000|  0%| F|  |TAMS 0x000000070e400000| PB 0x000000070e400000| Untracked 
| 115|0x000000070e600000, 0x000000070e600000, 0x000000070e800000|  0%| F|  |TAMS 0x000000070e600000| PB 0x000000070e600000| Untracked 
| 116|0x000000070e800000, 0x000000070e800000, 0x000000070ea00000|  0%| F|  |TAMS 0x000000070e800000| PB 0x000000070e800000| Untracked 
| 117|0x000000070ea00000, 0x000000070ea00000, 0x000000070ec00000|  0%| F|  |TAMS 0x000000070ea00000| PB 0x000000070ea00000| Untracked 
| 118|0x000000070ec00000, 0x000000070ec00000, 0x000000070ee00000|  0%| F|  |TAMS 0x000000070ec00000| PB 0x000000070ec00000| Untracked 
| 119|0x000000070ee00000, 0x000000070ee00000, 0x000000070f000000|  0%| F|  |TAMS 0x000000070ee00000| PB 0x000000070ee00000| Untracked 
| 120|0x000000070f000000, 0x000000070f000000, 0x000000070f200000|  0%| F|  |TAMS 0x000000070f000000| PB 0x000000070f000000| Untracked 
| 121|0x000000070f200000, 0x000000070f200000, 0x000000070f400000|  0%| F|  |TAMS 0x000000070f200000| PB 0x000000070f200000| Untracked 
| 122|0x000000070f400000, 0x000000070f400000, 0x000000070f600000|  0%| F|  |TAMS 0x000000070f400000| PB 0x000000070f400000| Untracked 
| 123|0x000000070f600000, 0x000000070f600000, 0x000000070f800000|  0%| F|  |TAMS 0x000000070f600000| PB 0x000000070f600000| Untracked 
| 124|0x000000070f800000, 0x000000070f800000, 0x000000070fa00000|  0%| F|  |TAMS 0x000000070f800000| PB 0x000000070f800000| Untracked 
| 125|0x000000070fa00000, 0x000000070fa00000, 0x000000070fc00000|  0%| F|  |TAMS 0x000000070fa00000| PB 0x000000070fa00000| Untracked 
| 126|0x000000070fc00000, 0x000000070fc00000, 0x000000070fe00000|  0%| F|  |TAMS 0x000000070fc00000| PB 0x000000070fc00000| Untracked 
| 127|0x000000070fe00000, 0x000000070fe00000, 0x0000000710000000|  0%| F|  |TAMS 0x000000070fe00000| PB 0x000000070fe00000| Untracked 
| 128|0x0000000710000000, 0x0000000710000000, 0x0000000710200000|  0%| F|  |TAMS 0x0000000710000000| PB 0x0000000710000000| Untracked 
| 129|0x0000000710200000, 0x0000000710200000, 0x0000000710400000|  0%| F|  |TAMS 0x0000000710200000| PB 0x0000000710200000| Untracked 
| 130|0x0000000710400000, 0x0000000710400000, 0x0000000710600000|  0%| F|  |TAMS 0x0000000710400000| PB 0x0000000710400000| Untracked 
| 131|0x0000000710600000, 0x0000000710600000, 0x0000000710800000|  0%| F|  |TAMS 0x0000000710600000| PB 0x0000000710600000| Untracked 
| 132|0x0000000710800000, 0x0000000710800000, 0x0000000710a00000|  0%| F|  |TAMS 0x0000000710800000| PB 0x0000000710800000| Untracked 
| 133|0x0000000710a00000, 0x0000000710a00000, 0x0000000710c00000|  0%| F|  |TAMS 0x0000000710a00000| PB 0x0000000710a00000| Untracked 
| 134|0x0000000710c00000, 0x0000000710c00000, 0x0000000710e00000|  0%| F|  |TAMS 0x0000000710c00000| PB 0x0000000710c00000| Untracked 
| 135|0x0000000710e00000, 0x0000000710e00000, 0x0000000711000000|  0%| F|  |TAMS 0x0000000710e00000| PB 0x0000000710e00000| Untracked 
| 136|0x0000000711000000, 0x0000000711000000, 0x0000000711200000|  0%| F|  |TAMS 0x0000000711000000| PB 0x0000000711000000| Untracked 
| 137|0x0000000711200000, 0x0000000711200000, 0x0000000711400000|  0%| F|  |TAMS 0x0000000711200000| PB 0x0000000711200000| Untracked 
| 138|0x0000000711400000, 0x0000000711400000, 0x0000000711600000|  0%| F|  |TAMS 0x0000000711400000| PB 0x0000000711400000| Untracked 
| 139|0x0000000711600000, 0x0000000711600000, 0x0000000711800000|  0%| F|  |TAMS 0x0000000711600000| PB 0x0000000711600000| Untracked 
| 140|0x0000000711800000, 0x0000000711800000, 0x0000000711a00000|  0%| F|  |TAMS 0x0000000711800000| PB 0x0000000711800000| Untracked 
| 141|0x0000000711a00000, 0x0000000711a00000, 0x0000000711c00000|  0%| F|  |TAMS 0x0000000711a00000| PB 0x0000000711a00000| Untracked 
| 142|0x0000000711c00000, 0x0000000711c00000, 0x0000000711e00000|  0%| F|  |TAMS 0x0000000711c00000| PB 0x0000000711c00000| Untracked 
| 143|0x0000000711e00000, 0x0000000711e00000, 0x0000000712000000|  0%| F|  |TAMS 0x0000000711e00000| PB 0x0000000711e00000| Untracked 
| 144|0x0000000712000000, 0x0000000712000000, 0x0000000712200000|  0%| F|  |TAMS 0x0000000712000000| PB 0x0000000712000000| Untracked 
| 145|0x0000000712200000, 0x0000000712200000, 0x0000000712400000|  0%| F|  |TAMS 0x0000000712200000| PB 0x0000000712200000| Untracked 
| 146|0x0000000712400000, 0x0000000712400000, 0x0000000712600000|  0%| F|  |TAMS 0x0000000712400000| PB 0x0000000712400000| Untracked 
| 147|0x0000000712600000, 0x0000000712600000, 0x0000000712800000|  0%| F|  |TAMS 0x0000000712600000| PB 0x0000000712600000| Untracked 
| 148|0x0000000712800000, 0x0000000712800000, 0x0000000712a00000|  0%| F|  |TAMS 0x0000000712800000| PB 0x0000000712800000| Untracked 
| 149|0x0000000712a00000, 0x0000000712a00000, 0x0000000712c00000|  0%| F|  |TAMS 0x0000000712a00000| PB 0x0000000712a00000| Untracked 
| 150|0x0000000712c00000, 0x0000000712c00000, 0x0000000712e00000|  0%| F|  |TAMS 0x0000000712c00000| PB 0x0000000712c00000| Untracked 
| 151|0x0000000712e00000, 0x0000000712e00000, 0x0000000713000000|  0%| F|  |TAMS 0x0000000712e00000| PB 0x0000000712e00000| Untracked 
| 152|0x0000000713000000, 0x0000000713000000, 0x0000000713200000|  0%| F|  |TAMS 0x0000000713000000| PB 0x0000000713000000| Untracked 
| 153|0x0000000713200000, 0x0000000713200000, 0x0000000713400000|  0%| F|  |TAMS 0x0000000713200000| PB 0x0000000713200000| Untracked 
| 154|0x0000000713400000, 0x0000000713400000, 0x0000000713600000|  0%| F|  |TAMS 0x0000000713400000| PB 0x0000000713400000| Untracked 
| 155|0x0000000713600000, 0x0000000713600000, 0x0000000713800000|  0%| F|  |TAMS 0x0000000713600000| PB 0x0000000713600000| Untracked 
| 156|0x0000000713800000, 0x0000000713800000, 0x0000000713a00000|  0%| F|  |TAMS 0x0000000713800000| PB 0x0000000713800000| Untracked 
| 157|0x0000000713a00000, 0x0000000713a00000, 0x0000000713c00000|  0%| F|  |TAMS 0x0000000713a00000| PB 0x0000000713a00000| Untracked 
| 158|0x0000000713c00000, 0x0000000713c00000, 0x0000000713e00000|  0%| F|  |TAMS 0x0000000713c00000| PB 0x0000000713c00000| Untracked 
| 159|0x0000000713e00000, 0x0000000713e00000, 0x0000000714000000|  0%| F|  |TAMS 0x0000000713e00000| PB 0x0000000713e00000| Untracked 
| 160|0x0000000714000000, 0x0000000714000000, 0x0000000714200000|  0%| F|  |TAMS 0x0000000714000000| PB 0x0000000714000000| Untracked 
| 161|0x0000000714200000, 0x0000000714200000, 0x0000000714400000|  0%| F|  |TAMS 0x0000000714200000| PB 0x0000000714200000| Untracked 
| 162|0x0000000714400000, 0x0000000714400000, 0x0000000714600000|  0%| F|  |TAMS 0x0000000714400000| PB 0x0000000714400000| Untracked 
| 163|0x0000000714600000, 0x0000000714600000, 0x0000000714800000|  0%| F|  |TAMS 0x0000000714600000| PB 0x0000000714600000| Untracked 
| 164|0x0000000714800000, 0x0000000714800000, 0x0000000714a00000|  0%| F|  |TAMS 0x0000000714800000| PB 0x0000000714800000| Untracked 
| 165|0x0000000714a00000, 0x0000000714a00000, 0x0000000714c00000|  0%| F|  |TAMS 0x0000000714a00000| PB 0x0000000714a00000| Untracked 
| 166|0x0000000714c00000, 0x0000000714c00000, 0x0000000714e00000|  0%| F|  |TAMS 0x0000000714c00000| PB 0x0000000714c00000| Untracked 
| 167|0x0000000714e00000, 0x0000000714e00000, 0x0000000715000000|  0%| F|  |TAMS 0x0000000714e00000| PB 0x0000000714e00000| Untracked 
| 168|0x0000000715000000, 0x0000000715000000, 0x0000000715200000|  0%| F|  |TAMS 0x0000000715000000| PB 0x0000000715000000| Untracked 
| 169|0x0000000715200000, 0x0000000715200000, 0x0000000715400000|  0%| F|  |TAMS 0x0000000715200000| PB 0x0000000715200000| Untracked 
| 170|0x0000000715400000, 0x0000000715400000, 0x0000000715600000|  0%| F|  |TAMS 0x0000000715400000| PB 0x0000000715400000| Untracked 
| 171|0x0000000715600000, 0x0000000715642a60, 0x0000000715800000| 13%| S|CS|TAMS 0x0000000715600000| PB 0x0000000715600000| Complete 
| 172|0x0000000715800000, 0x0000000715a00000, 0x0000000715a00000|100%| S|CS|TAMS 0x0000000715800000| PB 0x0000000715800000| Complete 
| 173|0x0000000715a00000, 0x0000000715c00000, 0x0000000715c00000|100%| S|CS|TAMS 0x0000000715a00000| PB 0x0000000715a00000| Complete 
| 174|0x0000000715c00000, 0x0000000715e00000, 0x0000000715e00000|100%| S|CS|TAMS 0x0000000715c00000| PB 0x0000000715c00000| Complete 
| 175|0x0000000715e00000, 0x0000000716000000, 0x0000000716000000|100%| S|CS|TAMS 0x0000000715e00000| PB 0x0000000715e00000| Complete 
| 176|0x0000000716000000, 0x0000000716000000, 0x0000000716200000|  0%| F|  |TAMS 0x0000000716000000| PB 0x0000000716000000| Untracked 
| 177|0x0000000716200000, 0x0000000716200000, 0x0000000716400000|  0%| F|  |TAMS 0x0000000716200000| PB 0x0000000716200000| Untracked 
| 178|0x0000000716400000, 0x0000000716400000, 0x0000000716600000|  0%| F|  |TAMS 0x0000000716400000| PB 0x0000000716400000| Untracked 
| 179|0x0000000716600000, 0x0000000716600000, 0x0000000716800000|  0%| F|  |TAMS 0x0000000716600000| PB 0x0000000716600000| Untracked 
| 180|0x0000000716800000, 0x0000000716800000, 0x0000000716a00000|  0%| F|  |TAMS 0x0000000716800000| PB 0x0000000716800000| Untracked 
| 181|0x0000000716a00000, 0x0000000716a00000, 0x0000000716c00000|  0%| F|  |TAMS 0x0000000716a00000| PB 0x0000000716a00000| Untracked 
| 182|0x0000000716c00000, 0x0000000716c00000, 0x0000000716e00000|  0%| F|  |TAMS 0x0000000716c00000| PB 0x0000000716c00000| Untracked 
| 183|0x0000000716e00000, 0x0000000716e00000, 0x0000000717000000|  0%| F|  |TAMS 0x0000000716e00000| PB 0x0000000716e00000| Untracked 
| 184|0x0000000717000000, 0x0000000717000000, 0x0000000717200000|  0%| F|  |TAMS 0x0000000717000000| PB 0x0000000717000000| Untracked 
| 185|0x0000000717200000, 0x0000000717200000, 0x0000000717400000|  0%| F|  |TAMS 0x0000000717200000| PB 0x0000000717200000| Untracked 
| 186|0x0000000717400000, 0x0000000717400000, 0x0000000717600000|  0%| F|  |TAMS 0x0000000717400000| PB 0x0000000717400000| Untracked 
| 187|0x0000000717600000, 0x0000000717600000, 0x0000000717800000|  0%| F|  |TAMS 0x0000000717600000| PB 0x0000000717600000| Untracked 
| 188|0x0000000717800000, 0x0000000717800000, 0x0000000717a00000|  0%| F|  |TAMS 0x0000000717800000| PB 0x0000000717800000| Untracked 
| 189|0x0000000717a00000, 0x0000000717a00000, 0x0000000717c00000|  0%| F|  |TAMS 0x0000000717a00000| PB 0x0000000717a00000| Untracked 
| 190|0x0000000717c00000, 0x0000000717c00000, 0x0000000717e00000|  0%| F|  |TAMS 0x0000000717c00000| PB 0x0000000717c00000| Untracked 
| 191|0x0000000717e00000, 0x0000000717e00000, 0x0000000718000000|  0%| F|  |TAMS 0x0000000717e00000| PB 0x0000000717e00000| Untracked 
| 192|0x0000000718000000, 0x0000000718000000, 0x0000000718200000|  0%| F|  |TAMS 0x0000000718000000| PB 0x0000000718000000| Untracked 
| 193|0x0000000718200000, 0x0000000718200000, 0x0000000718400000|  0%| F|  |TAMS 0x0000000718200000| PB 0x0000000718200000| Untracked 
| 194|0x0000000718400000, 0x0000000718400000, 0x0000000718600000|  0%| F|  |TAMS 0x0000000718400000| PB 0x0000000718400000| Untracked 
| 195|0x0000000718600000, 0x0000000718600000, 0x0000000718800000|  0%| F|  |TAMS 0x0000000718600000| PB 0x0000000718600000| Untracked 
| 196|0x0000000718800000, 0x0000000718800000, 0x0000000718a00000|  0%| F|  |TAMS 0x0000000718800000| PB 0x0000000718800000| Untracked 
| 197|0x0000000718a00000, 0x0000000718a00000, 0x0000000718c00000|  0%| F|  |TAMS 0x0000000718a00000| PB 0x0000000718a00000| Untracked 
| 198|0x0000000718c00000, 0x0000000718c00000, 0x0000000718e00000|  0%| F|  |TAMS 0x0000000718c00000| PB 0x0000000718c00000| Untracked 
| 199|0x0000000718e00000, 0x0000000718e00000, 0x0000000719000000|  0%| F|  |TAMS 0x0000000718e00000| PB 0x0000000718e00000| Untracked 
| 200|0x0000000719000000, 0x0000000719000000, 0x0000000719200000|  0%| F|  |TAMS 0x0000000719000000| PB 0x0000000719000000| Untracked 
| 201|0x0000000719200000, 0x0000000719200000, 0x0000000719400000|  0%| F|  |TAMS 0x0000000719200000| PB 0x0000000719200000| Untracked 
| 202|0x0000000719400000, 0x0000000719400000, 0x0000000719600000|  0%| F|  |TAMS 0x0000000719400000| PB 0x0000000719400000| Untracked 
| 203|0x0000000719600000, 0x0000000719600000, 0x0000000719800000|  0%| F|  |TAMS 0x0000000719600000| PB 0x0000000719600000| Untracked 
| 204|0x0000000719800000, 0x0000000719800000, 0x0000000719a00000|  0%| F|  |TAMS 0x0000000719800000| PB 0x0000000719800000| Untracked 
| 205|0x0000000719a00000, 0x0000000719a00000, 0x0000000719c00000|  0%| F|  |TAMS 0x0000000719a00000| PB 0x0000000719a00000| Untracked 
| 206|0x0000000719c00000, 0x0000000719c00000, 0x0000000719e00000|  0%| F|  |TAMS 0x0000000719c00000| PB 0x0000000719c00000| Untracked 
| 207|0x0000000719e00000, 0x0000000719e00000, 0x000000071a000000|  0%| F|  |TAMS 0x0000000719e00000| PB 0x0000000719e00000| Untracked 
| 208|0x000000071a000000, 0x000000071a000000, 0x000000071a200000|  0%| F|  |TAMS 0x000000071a000000| PB 0x000000071a000000| Untracked 
| 209|0x000000071a200000, 0x000000071a200000, 0x000000071a400000|  0%| F|  |TAMS 0x000000071a200000| PB 0x000000071a200000| Untracked 
| 210|0x000000071a400000, 0x000000071a400000, 0x000000071a600000|  0%| F|  |TAMS 0x000000071a400000| PB 0x000000071a400000| Untracked 
| 211|0x000000071a600000, 0x000000071a600000, 0x000000071a800000|  0%| F|  |TAMS 0x000000071a600000| PB 0x000000071a600000| Untracked 
| 212|0x000000071a800000, 0x000000071a800000, 0x000000071aa00000|  0%| F|  |TAMS 0x000000071a800000| PB 0x000000071a800000| Untracked 
| 213|0x000000071aa00000, 0x000000071aa00000, 0x000000071ac00000|  0%| F|  |TAMS 0x000000071aa00000| PB 0x000000071aa00000| Untracked 
| 214|0x000000071ac00000, 0x000000071ac00000, 0x000000071ae00000|  0%| F|  |TAMS 0x000000071ac00000| PB 0x000000071ac00000| Untracked 
| 215|0x000000071ae00000, 0x000000071ae00000, 0x000000071b000000|  0%| F|  |TAMS 0x000000071ae00000| PB 0x000000071ae00000| Untracked 
| 216|0x000000071b000000, 0x000000071b000000, 0x000000071b200000|  0%| F|  |TAMS 0x000000071b000000| PB 0x000000071b000000| Untracked 
| 217|0x000000071b200000, 0x000000071b200000, 0x000000071b400000|  0%| F|  |TAMS 0x000000071b200000| PB 0x000000071b200000| Untracked 
| 218|0x000000071b400000, 0x000000071b400000, 0x000000071b600000|  0%| F|  |TAMS 0x000000071b400000| PB 0x000000071b400000| Untracked 
| 219|0x000000071b600000, 0x000000071b600000, 0x000000071b800000|  0%| F|  |TAMS 0x000000071b600000| PB 0x000000071b600000| Untracked 
| 220|0x000000071b800000, 0x000000071b800000, 0x000000071ba00000|  0%| F|  |TAMS 0x000000071b800000| PB 0x000000071b800000| Untracked 
| 221|0x000000071ba00000, 0x000000071ba00000, 0x000000071bc00000|  0%| F|  |TAMS 0x000000071ba00000| PB 0x000000071ba00000| Untracked 
| 222|0x000000071bc00000, 0x000000071bc00000, 0x000000071be00000|  0%| F|  |TAMS 0x000000071bc00000| PB 0x000000071bc00000| Untracked 
| 223|0x000000071be00000, 0x000000071be00000, 0x000000071c000000|  0%| F|  |TAMS 0x000000071be00000| PB 0x000000071be00000| Untracked 
| 224|0x000000071c000000, 0x000000071c000000, 0x000000071c200000|  0%| F|  |TAMS 0x000000071c000000| PB 0x000000071c000000| Untracked 
| 225|0x000000071c200000, 0x000000071c200000, 0x000000071c400000|  0%| F|  |TAMS 0x000000071c200000| PB 0x000000071c200000| Untracked 
| 226|0x000000071c400000, 0x000000071c400000, 0x000000071c600000|  0%| F|  |TAMS 0x000000071c400000| PB 0x000000071c400000| Untracked 
| 227|0x000000071c600000, 0x000000071c600000, 0x000000071c800000|  0%| F|  |TAMS 0x000000071c600000| PB 0x000000071c600000| Untracked 
| 228|0x000000071c800000, 0x000000071c800000, 0x000000071ca00000|  0%| F|  |TAMS 0x000000071c800000| PB 0x000000071c800000| Untracked 
| 229|0x000000071ca00000, 0x000000071ca00000, 0x000000071cc00000|  0%| F|  |TAMS 0x000000071ca00000| PB 0x000000071ca00000| Untracked 
| 230|0x000000071cc00000, 0x000000071cc00000, 0x000000071ce00000|  0%| F|  |TAMS 0x000000071cc00000| PB 0x000000071cc00000| Untracked 
| 231|0x000000071ce00000, 0x000000071ce00000, 0x000000071d000000|  0%| F|  |TAMS 0x000000071ce00000| PB 0x000000071ce00000| Untracked 
| 232|0x000000071d000000, 0x000000071d000000, 0x000000071d200000|  0%| F|  |TAMS 0x000000071d000000| PB 0x000000071d000000| Untracked 
| 233|0x000000071d200000, 0x000000071d200000, 0x000000071d400000|  0%| F|  |TAMS 0x000000071d200000| PB 0x000000071d200000| Untracked 
| 234|0x000000071d400000, 0x000000071d400000, 0x000000071d600000|  0%| F|  |TAMS 0x000000071d400000| PB 0x000000071d400000| Untracked 
| 235|0x000000071d600000, 0x000000071d600000, 0x000000071d800000|  0%| F|  |TAMS 0x000000071d600000| PB 0x000000071d600000| Untracked 
| 236|0x000000071d800000, 0x000000071d800000, 0x000000071da00000|  0%| F|  |TAMS 0x000000071d800000| PB 0x000000071d800000| Untracked 
| 237|0x000000071da00000, 0x000000071da00000, 0x000000071dc00000|  0%| F|  |TAMS 0x000000071da00000| PB 0x000000071da00000| Untracked 
| 238|0x000000071dc00000, 0x000000071dc00000, 0x000000071de00000|  0%| F|  |TAMS 0x000000071dc00000| PB 0x000000071dc00000| Untracked 
| 239|0x000000071de00000, 0x000000071de00000, 0x000000071e000000|  0%| F|  |TAMS 0x000000071de00000| PB 0x000000071de00000| Untracked 
| 240|0x000000071e000000, 0x000000071e000000, 0x000000071e200000|  0%| F|  |TAMS 0x000000071e000000| PB 0x000000071e000000| Untracked 
| 241|0x000000071e200000, 0x000000071e200000, 0x000000071e400000|  0%| F|  |TAMS 0x000000071e200000| PB 0x000000071e200000| Untracked 
| 242|0x000000071e400000, 0x000000071e400000, 0x000000071e600000|  0%| F|  |TAMS 0x000000071e400000| PB 0x000000071e400000| Untracked 
| 243|0x000000071e600000, 0x000000071e600000, 0x000000071e800000|  0%| F|  |TAMS 0x000000071e600000| PB 0x000000071e600000| Untracked 
| 244|0x000000071e800000, 0x000000071e800000, 0x000000071ea00000|  0%| F|  |TAMS 0x000000071e800000| PB 0x000000071e800000| Untracked 
| 245|0x000000071ea00000, 0x000000071ea00000, 0x000000071ec00000|  0%| F|  |TAMS 0x000000071ea00000| PB 0x000000071ea00000| Untracked 
| 246|0x000000071ec00000, 0x000000071ec00000, 0x000000071ee00000|  0%| F|  |TAMS 0x000000071ec00000| PB 0x000000071ec00000| Untracked 
| 247|0x000000071ee00000, 0x000000071ee00000, 0x000000071f000000|  0%| F|  |TAMS 0x000000071ee00000| PB 0x000000071ee00000| Untracked 
| 248|0x000000071f000000, 0x000000071f000000, 0x000000071f200000|  0%| F|  |TAMS 0x000000071f000000| PB 0x000000071f000000| Untracked 
| 249|0x000000071f200000, 0x000000071f200000, 0x000000071f400000|  0%| F|  |TAMS 0x000000071f200000| PB 0x000000071f200000| Untracked 
| 250|0x000000071f400000, 0x000000071f400000, 0x000000071f600000|  0%| F|  |TAMS 0x000000071f400000| PB 0x000000071f400000| Untracked 
| 251|0x000000071f600000, 0x000000071f600000, 0x000000071f800000|  0%| F|  |TAMS 0x000000071f600000| PB 0x000000071f600000| Untracked 
| 252|0x000000071f800000, 0x000000071f800000, 0x000000071fa00000|  0%| F|  |TAMS 0x000000071f800000| PB 0x000000071f800000| Untracked 
| 253|0x000000071fa00000, 0x000000071fa00000, 0x000000071fc00000|  0%| F|  |TAMS 0x000000071fa00000| PB 0x000000071fa00000| Untracked 
| 254|0x000000071fc00000, 0x000000071fc00000, 0x000000071fe00000|  0%| F|  |TAMS 0x000000071fc00000| PB 0x000000071fc00000| Untracked 
| 255|0x000000071fe00000, 0x000000071fe00000, 0x0000000720000000|  0%| F|  |TAMS 0x000000071fe00000| PB 0x000000071fe00000| Untracked 
| 256|0x0000000720000000, 0x0000000720000000, 0x0000000720200000|  0%| F|  |TAMS 0x0000000720000000| PB 0x0000000720000000| Untracked 
| 257|0x0000000720200000, 0x0000000720200000, 0x0000000720400000|  0%| F|  |TAMS 0x0000000720200000| PB 0x0000000720200000| Untracked 
| 258|0x0000000720400000, 0x0000000720400000, 0x0000000720600000|  0%| F|  |TAMS 0x0000000720400000| PB 0x0000000720400000| Untracked 
| 259|0x0000000720600000, 0x0000000720600000, 0x0000000720800000|  0%| F|  |TAMS 0x0000000720600000| PB 0x0000000720600000| Untracked 
| 260|0x0000000720800000, 0x0000000720800000, 0x0000000720a00000|  0%| F|  |TAMS 0x0000000720800000| PB 0x0000000720800000| Untracked 
| 261|0x0000000720a00000, 0x0000000720a00000, 0x0000000720c00000|  0%| F|  |TAMS 0x0000000720a00000| PB 0x0000000720a00000| Untracked 
| 262|0x0000000720c00000, 0x0000000720c00000, 0x0000000720e00000|  0%| F|  |TAMS 0x0000000720c00000| PB 0x0000000720c00000| Untracked 
| 263|0x0000000720e00000, 0x0000000720e00000, 0x0000000721000000|  0%| F|  |TAMS 0x0000000720e00000| PB 0x0000000720e00000| Untracked 
| 264|0x0000000721000000, 0x0000000721000000, 0x0000000721200000|  0%| F|  |TAMS 0x0000000721000000| PB 0x0000000721000000| Untracked 
| 265|0x0000000721200000, 0x0000000721200000, 0x0000000721400000|  0%| F|  |TAMS 0x0000000721200000| PB 0x0000000721200000| Untracked 
| 266|0x0000000721400000, 0x0000000721400000, 0x0000000721600000|  0%| F|  |TAMS 0x0000000721400000| PB 0x0000000721400000| Untracked 
| 267|0x0000000721600000, 0x0000000721600000, 0x0000000721800000|  0%| F|  |TAMS 0x0000000721600000| PB 0x0000000721600000| Untracked 
| 268|0x0000000721800000, 0x0000000721800000, 0x0000000721a00000|  0%| F|  |TAMS 0x0000000721800000| PB 0x0000000721800000| Untracked 
| 269|0x0000000721a00000, 0x0000000721a00000, 0x0000000721c00000|  0%| F|  |TAMS 0x0000000721a00000| PB 0x0000000721a00000| Untracked 
| 270|0x0000000721c00000, 0x0000000721c00000, 0x0000000721e00000|  0%| F|  |TAMS 0x0000000721c00000| PB 0x0000000721c00000| Untracked 
| 271|0x0000000721e00000, 0x0000000721e00000, 0x0000000722000000|  0%| F|  |TAMS 0x0000000721e00000| PB 0x0000000721e00000| Untracked 
| 272|0x0000000722000000, 0x0000000722000000, 0x0000000722200000|  0%| F|  |TAMS 0x0000000722000000| PB 0x0000000722000000| Untracked 
| 273|0x0000000722200000, 0x0000000722200000, 0x0000000722400000|  0%| F|  |TAMS 0x0000000722200000| PB 0x0000000722200000| Untracked 
| 274|0x0000000722400000, 0x0000000722400000, 0x0000000722600000|  0%| F|  |TAMS 0x0000000722400000| PB 0x0000000722400000| Untracked 
| 275|0x0000000722600000, 0x0000000722600000, 0x0000000722800000|  0%| F|  |TAMS 0x0000000722600000| PB 0x0000000722600000| Untracked 
| 276|0x0000000722800000, 0x0000000722800000, 0x0000000722a00000|  0%| F|  |TAMS 0x0000000722800000| PB 0x0000000722800000| Untracked 
| 277|0x0000000722a00000, 0x0000000722a00000, 0x0000000722c00000|  0%| F|  |TAMS 0x0000000722a00000| PB 0x0000000722a00000| Untracked 
| 278|0x0000000722c00000, 0x0000000722c00000, 0x0000000722e00000|  0%| F|  |TAMS 0x0000000722c00000| PB 0x0000000722c00000| Untracked 
| 279|0x0000000722e00000, 0x0000000722e00000, 0x0000000723000000|  0%| F|  |TAMS 0x0000000722e00000| PB 0x0000000722e00000| Untracked 
| 280|0x0000000723000000, 0x0000000723000000, 0x0000000723200000|  0%| F|  |TAMS 0x0000000723000000| PB 0x0000000723000000| Untracked 
| 281|0x0000000723200000, 0x0000000723200000, 0x0000000723400000|  0%| F|  |TAMS 0x0000000723200000| PB 0x0000000723200000| Untracked 
| 282|0x0000000723400000, 0x0000000723400000, 0x0000000723600000|  0%| F|  |TAMS 0x0000000723400000| PB 0x0000000723400000| Untracked 
| 283|0x0000000723600000, 0x0000000723600000, 0x0000000723800000|  0%| F|  |TAMS 0x0000000723600000| PB 0x0000000723600000| Untracked 
| 284|0x0000000723800000, 0x0000000723800000, 0x0000000723a00000|  0%| F|  |TAMS 0x0000000723800000| PB 0x0000000723800000| Untracked 
| 285|0x0000000723a00000, 0x0000000723a00000, 0x0000000723c00000|  0%| F|  |TAMS 0x0000000723a00000| PB 0x0000000723a00000| Untracked 
| 286|0x0000000723c00000, 0x0000000723c00000, 0x0000000723e00000|  0%| F|  |TAMS 0x0000000723c00000| PB 0x0000000723c00000| Untracked 
| 287|0x0000000723e00000, 0x0000000723e00000, 0x0000000724000000|  0%| F|  |TAMS 0x0000000723e00000| PB 0x0000000723e00000| Untracked 
| 288|0x0000000724000000, 0x0000000724000000, 0x0000000724200000|  0%| F|  |TAMS 0x0000000724000000| PB 0x0000000724000000| Untracked 
| 289|0x0000000724200000, 0x0000000724200000, 0x0000000724400000|  0%| F|  |TAMS 0x0000000724200000| PB 0x0000000724200000| Untracked 
| 290|0x0000000724400000, 0x0000000724400000, 0x0000000724600000|  0%| F|  |TAMS 0x0000000724400000| PB 0x0000000724400000| Untracked 
| 291|0x0000000724600000, 0x0000000724600000, 0x0000000724800000|  0%| F|  |TAMS 0x0000000724600000| PB 0x0000000724600000| Untracked 
| 292|0x0000000724800000, 0x0000000724800000, 0x0000000724a00000|  0%| F|  |TAMS 0x0000000724800000| PB 0x0000000724800000| Untracked 
| 293|0x0000000724a00000, 0x0000000724a00000, 0x0000000724c00000|  0%| F|  |TAMS 0x0000000724a00000| PB 0x0000000724a00000| Untracked 
| 294|0x0000000724c00000, 0x0000000724c00000, 0x0000000724e00000|  0%| F|  |TAMS 0x0000000724c00000| PB 0x0000000724c00000| Untracked 
| 295|0x0000000724e00000, 0x0000000724e00000, 0x0000000725000000|  0%| F|  |TAMS 0x0000000724e00000| PB 0x0000000724e00000| Untracked 
| 296|0x0000000725000000, 0x0000000725000000, 0x0000000725200000|  0%| F|  |TAMS 0x0000000725000000| PB 0x0000000725000000| Untracked 
| 297|0x0000000725200000, 0x0000000725200000, 0x0000000725400000|  0%| F|  |TAMS 0x0000000725200000| PB 0x0000000725200000| Untracked 
| 298|0x0000000725400000, 0x0000000725400000, 0x0000000725600000|  0%| F|  |TAMS 0x0000000725400000| PB 0x0000000725400000| Untracked 
| 299|0x0000000725600000, 0x0000000725600000, 0x0000000725800000|  0%| F|  |TAMS 0x0000000725600000| PB 0x0000000725600000| Untracked 
| 300|0x0000000725800000, 0x0000000725800000, 0x0000000725a00000|  0%| F|  |TAMS 0x0000000725800000| PB 0x0000000725800000| Untracked 
| 301|0x0000000725a00000, 0x0000000725a00000, 0x0000000725c00000|  0%| F|  |TAMS 0x0000000725a00000| PB 0x0000000725a00000| Untracked 
| 302|0x0000000725c00000, 0x0000000725c00000, 0x0000000725e00000|  0%| F|  |TAMS 0x0000000725c00000| PB 0x0000000725c00000| Untracked 
| 303|0x0000000725e00000, 0x0000000725e00000, 0x0000000726000000|  0%| F|  |TAMS 0x0000000725e00000| PB 0x0000000725e00000| Untracked 
| 304|0x0000000726000000, 0x0000000726000000, 0x0000000726200000|  0%| F|  |TAMS 0x0000000726000000| PB 0x0000000726000000| Untracked 
| 305|0x0000000726200000, 0x0000000726200000, 0x0000000726400000|  0%| F|  |TAMS 0x0000000726200000| PB 0x0000000726200000| Untracked 
| 306|0x0000000726400000, 0x0000000726400000, 0x0000000726600000|  0%| F|  |TAMS 0x0000000726400000| PB 0x0000000726400000| Untracked 
| 307|0x0000000726600000, 0x0000000726600000, 0x0000000726800000|  0%| F|  |TAMS 0x0000000726600000| PB 0x0000000726600000| Untracked 
| 308|0x0000000726800000, 0x0000000726800000, 0x0000000726a00000|  0%| F|  |TAMS 0x0000000726800000| PB 0x0000000726800000| Untracked 
| 309|0x0000000726a00000, 0x0000000726a00000, 0x0000000726c00000|  0%| F|  |TAMS 0x0000000726a00000| PB 0x0000000726a00000| Untracked 
|2045|0x00000007ffa00000, 0x00000007ffc00000, 0x00000007ffc00000|100%| O|  |TAMS 0x00000007ffa00000| PB 0x00000007ffa00000| Untracked 
|2046|0x00000007ffc00000, 0x00000007ffc00000, 0x00000007ffe00000|  0%| F|  |TAMS 0x00000007ffc00000| PB 0x00000007ffc00000| Untracked 
|2047|0x00000007ffe00000, 0x00000007ffe00000, 0x0000000800000000|  0%| F|  |TAMS 0x00000007ffe00000| PB 0x00000007ffe00000| Untracked 

Card table byte_map: [0x0000025ae4560000,0x0000025ae4d60000] _byte_map_base: 0x0000025ae0d60000

Marking Bits: (CMBitMap*) 0x0000025ad1943360
 Bits: [0x0000025ae4d60000, 0x0000025ae8d60000)

Polling page: 0x0000025acf6e0000

Metaspace:

Usage:
  Non-class:     83.09 MB used.
      Class:     13.70 MB used.
       Both:     96.79 MB used.

Virtual space:
  Non-class space:      128.00 MB reserved,      84.25 MB ( 66%) committed,  2 nodes.
      Class space:      832.00 MB reserved,      14.75 MB (  2%) committed,  1 nodes.
             Both:      960.00 MB reserved,      99.00 MB ( 10%) committed. 

Chunk freelists:
   Non-Class:  11.70 MB
       Class:  1.23 MB
        Both:  12.94 MB

MaxMetaspaceSize: 1.00 GB
CompressedClassSpaceSize: 832.00 MB
Initial GC threshold: 21.00 MB
Current GC threshold: 158.44 MB
CDS: off
 - commit_granule_bytes: 65536.
 - commit_granule_words: 8192.
 - virtual_space_node_default_size: 8388608.
 - enlarge_chunks_in_place: 1.
 - use_allocation_guard: 0.


Internal statistics:

num_allocs_failed_limit: 6.
num_arena_births: 4250.
num_arena_deaths: 0.
num_vsnodes_births: 3.
num_vsnodes_deaths: 0.
num_space_committed: 1584.
num_space_uncommitted: 0.
num_chunks_returned_to_freelist: 6.
num_chunks_taken_from_freelist: 8652.
num_chunk_merges: 3.
num_chunk_splits: 5574.
num_chunks_enlarged: 3462.
num_inconsistent_stats: 0.

CodeHeap 'non-profiled nmethods': size=120000Kb used=6700Kb max_used=6700Kb free=113299Kb
 bounds [0x0000025adc500000, 0x0000025adcb90000, 0x0000025ae3a30000]
CodeHeap 'profiled nmethods': size=120000Kb used=24550Kb max_used=24550Kb free=95449Kb
 bounds [0x0000025ad4a30000, 0x0000025ad6230000, 0x0000025adbf60000]
CodeHeap 'non-nmethods': size=5760Kb used=2164Kb max_used=2240Kb free=3595Kb
 bounds [0x0000025adbf60000, 0x0000025adc1d0000, 0x0000025adc500000]
CodeCache: size=245760Kb, used=33414Kb, max_used=33490Kb, free=212343Kb
 total_blobs=12778, nmethods=11936, adapters=746, full_count=0
Compilation: enabled, stopped_count=0, restarted_count=0

Compilation events (20 events):
Event: 321.245 Thread 0x0000025aeb977030 13929       1       org.jetbrains.kotlin.metadata.ProtoBuf$Type::getClassName (5 bytes)
Event: 321.246 Thread 0x0000025aeb977030 nmethod 13929 0x0000025adcb8ae90 code [0x0000025adcb8b020, 0x0000025adcb8b0e8]
Event: 321.247 Thread 0x0000025aeb977030 13930       2       org.jetbrains.org.objectweb.asm.tree.MethodNode::visitFrame (47 bytes)
Event: 321.252 Thread 0x0000025aeb977030 nmethod 13930 0x0000025ad6223010 code [0x0000025ad62231e0, 0x0000025ad6223498]
Event: 321.252 Thread 0x0000025aeb977030 13931       2       org.jetbrains.org.objectweb.asm.tree.FrameNode::<init> (119 bytes)
Event: 321.259 Thread 0x0000025aeb977030 nmethod 13931 0x0000025ad6223610 code [0x0000025ad6223820, 0x0000025ad6223d50]
Event: 321.262 Thread 0x0000025aeb977030 13932       3       org.jetbrains.org.objectweb.asm.SymbolTable::addConstantUtf8 (98 bytes)
Event: 321.271 Thread 0x0000025aeb977030 nmethod 13932 0x0000025ad6223f10 code [0x0000025ad6224140, 0x0000025ad6224730]
Event: 321.290 Thread 0x0000025aeb977030 13933       2       org.jetbrains.org.objectweb.asm.tree.FrameNode::accept (184 bytes)
Event: 321.296 Thread 0x0000025aeb977030 nmethod 13933 0x0000025ad6224a90 code [0x0000025ad6224d20, 0x0000025ad62252b8]
Event: 321.304 Thread 0x0000025aeb977030 13934       2       org.jetbrains.org.objectweb.asm.MethodWriter::visitFrame (811 bytes)
Event: 321.332 Thread 0x0000025aeb977030 nmethod 13934 0x0000025ad6225510 code [0x0000025ad6225960, 0x0000025ad6226f08]
Event: 321.377 Thread 0x0000025aeb977030 13935       2       org.jetbrains.org.objectweb.asm.tree.MethodNode::visitLdcInsn (16 bytes)
Event: 321.383 Thread 0x0000025aeb977030 nmethod 13935 0x0000025ad6227d10 code [0x0000025ad6227ec0, 0x0000025ad62280d0]
Event: 321.383 Thread 0x0000025aeb977030 13936       2       org.jetbrains.org.objectweb.asm.tree.LdcInsnNode::<init> (12 bytes)
Event: 321.386 Thread 0x0000025aeb977030 nmethod 13936 0x0000025ad6228210 code [0x0000025ad62283a0, 0x0000025ad6228508]
Event: 321.386 Thread 0x0000025aeb977030 13937       2       org.jetbrains.org.objectweb.asm.tree.LdcInsnNode::accept (14 bytes)
Event: 321.389 Thread 0x0000025aeb977030 nmethod 13937 0x0000025ad6228590 code [0x0000025ad6228740, 0x0000025ad62288b8]
Event: 321.534 Thread 0x0000025aeb977030 13939       3       org.jetbrains.org.objectweb.asm.ByteVector::putUTF8 (144 bytes)
Event: 321.547 Thread 0x0000025aeb977030 nmethod 13939 0x0000025ad6228990 code [0x0000025ad6228c00, 0x0000025ad6229698]

GC Heap History (20 events):
Event: 271.416 GC heap after
{Heap after GC invocations=47 (full 0):
 garbage-first heap   total 362496K, used 156708K [0x0000000700000000, 0x0000000800000000)
  region size 2048K, 1 young (2048K), 1 survivors (2048K)
 Metaspace       used 98013K, committed 100224K, reserved 983040K
  class space    used 13927K, committed 14976K, reserved 851968K
}
Event: 272.911 GC heap before
{Heap before GC invocations=47 (full 0):
 garbage-first heap   total 362496K, used 222244K [0x0000000700000000, 0x0000000800000000)
  region size 2048K, 34 young (69632K), 1 survivors (2048K)
 Metaspace       used 98097K, committed 100352K, reserved 983040K
  class space    used 13927K, committed 14976K, reserved 851968K
}
Event: 272.949 GC heap after
{Heap after GC invocations=48 (full 0):
 garbage-first heap   total 362496K, used 157178K [0x0000000700000000, 0x0000000800000000)
  region size 2048K, 1 young (2048K), 1 survivors (2048K)
 Metaspace       used 98097K, committed 100352K, reserved 983040K
  class space    used 13927K, committed 14976K, reserved 851968K
}
Event: 278.948 GC heap before
{Heap before GC invocations=48 (full 0):
 garbage-first heap   total 362496K, used 325114K [0x0000000700000000, 0x0000000800000000)
  region size 2048K, 85 young (174080K), 1 survivors (2048K)
 Metaspace       used 98867K, committed 101120K, reserved 983040K
  class space    used 14011K, committed 15040K, reserved 851968K
}
Event: 279.118 GC heap after
{Heap after GC invocations=49 (full 0):
 garbage-first heap   total 641024K, used 158647K [0x0000000700000000, 0x0000000800000000)
  region size 2048K, 2 young (4096K), 2 survivors (4096K)
 Metaspace       used 98867K, committed 101120K, reserved 983040K
  class space    used 14011K, committed 15040K, reserved 851968K
}
Event: 281.963 GC heap before
{Heap before GC invocations=49 (full 0):
 garbage-first heap   total 641024K, used 258999K [0x0000000700000000, 0x0000000800000000)
  region size 2048K, 51 young (104448K), 2 survivors (4096K)
 Metaspace       used 98886K, committed 101120K, reserved 983040K
  class space    used 14014K, committed 15040K, reserved 851968K
}
Event: 282.020 GC heap after
{Heap after GC invocations=50 (full 0):
 garbage-first heap   total 641024K, used 159718K [0x0000000700000000, 0x0000000800000000)
  region size 2048K, 2 young (4096K), 2 survivors (4096K)
 Metaspace       used 98886K, committed 101120K, reserved 983040K
  class space    used 14014K, committed 15040K, reserved 851968K
}
Event: 294.045 GC heap before
{Heap before GC invocations=50 (full 0):
 garbage-first heap   total 641024K, used 409574K [0x0000000700000000, 0x0000000800000000)
  region size 2048K, 126 young (258048K), 2 survivors (4096K)
 Metaspace       used 98950K, committed 101184K, reserved 983040K
  class space    used 14016K, committed 15040K, reserved 851968K
}
Event: 294.348 GC heap after
{Heap after GC invocations=51 (full 0):
 garbage-first heap   total 641024K, used 162839K [0x0000000700000000, 0x0000000800000000)
  region size 2048K, 4 young (8192K), 4 survivors (8192K)
 Metaspace       used 98950K, committed 101184K, reserved 983040K
  class space    used 14016K, committed 15040K, reserved 851968K
}
Event: 296.231 GC heap before
{Heap before GC invocations=51 (full 0):
 garbage-first heap   total 641024K, used 185367K [0x0000000700000000, 0x0000000800000000)
  region size 2048K, 15 young (30720K), 4 survivors (8192K)
 Metaspace       used 98950K, committed 101184K, reserved 983040K
  class space    used 14016K, committed 15040K, reserved 851968K
}
Event: 296.617 GC heap after
{Heap after GC invocations=52 (full 0):
 garbage-first heap   total 641024K, used 163299K [0x0000000700000000, 0x0000000800000000)
  region size 2048K, 1 young (2048K), 1 survivors (2048K)
 Metaspace       used 98950K, committed 101184K, reserved 983040K
  class space    used 14016K, committed 15040K, reserved 851968K
}
Event: 300.683 GC heap before
{Heap before GC invocations=52 (full 0):
 garbage-first heap   total 641024K, used 267747K [0x0000000700000000, 0x0000000800000000)
  region size 2048K, 53 young (108544K), 1 survivors (2048K)
 Metaspace       used 98954K, committed 101184K, reserved 983040K
  class space    used 14016K, committed 15040K, reserved 851968K
}
Event: 300.758 GC heap after
{Heap after GC invocations=53 (full 0):
 garbage-first heap   total 641024K, used 163672K [0x0000000700000000, 0x0000000800000000)
  region size 2048K, 1 young (2048K), 1 survivors (2048K)
 Metaspace       used 98954K, committed 101184K, reserved 983040K
  class space    used 14016K, committed 15040K, reserved 851968K
}
Event: 308.267 GC heap before
{Heap before GC invocations=53 (full 0):
 garbage-first heap   total 641024K, used 386904K [0x0000000700000000, 0x0000000800000000)
  region size 2048K, 112 young (229376K), 1 survivors (2048K)
 Metaspace       used 98976K, committed 101184K, reserved 983040K
  class space    used 14017K, committed 15040K, reserved 851968K
}
Event: 308.346 GC heap after
{Heap after GC invocations=54 (full 0):
 garbage-first heap   total 641024K, used 165715K [0x0000000700000000, 0x0000000800000000)
  region size 2048K, 2 young (4096K), 2 survivors (4096K)
 Metaspace       used 98976K, committed 101184K, reserved 983040K
  class space    used 14017K, committed 15040K, reserved 851968K
}
Event: 316.336 GC heap before
{Heap before GC invocations=54 (full 0):
 garbage-first heap   total 641024K, used 407379K [0x0000000700000000, 0x0000000800000000)
  region size 2048K, 121 young (247808K), 2 survivors (4096K)
 Metaspace       used 99082K, committed 101376K, reserved 983040K
  class space    used 14031K, committed 15104K, reserved 851968K
}
Event: 316.467 GC heap after
{Heap after GC invocations=55 (full 0):
 garbage-first heap   total 641024K, used 167874K [0x0000000700000000, 0x0000000800000000)
  region size 2048K, 3 young (6144K), 3 survivors (6144K)
 Metaspace       used 99082K, committed 101376K, reserved 983040K
  class space    used 14031K, committed 15104K, reserved 851968K
}
Event: 318.203 GC heap before
{Heap before GC invocations=55 (full 0):
 garbage-first heap   total 641024K, used 280514K [0x0000000700000000, 0x0000000800000000)
  region size 2048K, 59 young (120832K), 3 survivors (6144K)
 Metaspace       used 99086K, committed 101376K, reserved 983040K
  class space    used 14031K, committed 15104K, reserved 851968K
}
Event: 318.286 GC heap after
{Heap after GC invocations=56 (full 0):
 garbage-first heap   total 641024K, used 168435K [0x0000000700000000, 0x0000000800000000)
  region size 2048K, 3 young (6144K), 3 survivors (6144K)
 Metaspace       used 99086K, committed 101376K, reserved 983040K
  class space    used 14031K, committed 15104K, reserved 851968K
}
Event: 321.755 GC heap before
{Heap before GC invocations=56 (full 0):
 garbage-first heap   total 641024K, used 436723K [0x0000000700000000, 0x0000000800000000)
  region size 2048K, 136 young (278528K), 3 survivors (6144K)
 Metaspace       used 99115K, committed 101376K, reserved 983040K
  class space    used 14031K, committed 15104K, reserved 851968K
}

Dll operation events (3 events):
Event: 0.393 Loaded shared library C:\Program Files\Android\Android Studio\jbr\bin\java.dll
Event: 0.585 Loaded shared library C:\Program Files\Android\Android Studio\jbr\bin\zip.dll
Event: 18.430 Loaded shared library C:\Program Files\Android\Android Studio\jbr\bin\verify.dll

Deoptimization events (20 events):
Event: 317.037 Thread 0x0000025afa03a7c0 Uncommon trap: trap_request=0xffffffde fr.pc=0x0000025adcb3486c relative=0x00000000000008cc
Event: 317.037 Thread 0x0000025afa03a7c0 Uncommon trap: reason=class_check action=maybe_recompile pc=0x0000025adcb3486c method=org.jetbrains.org.objectweb.asm.tree.AnnotationNode.visit(Ljava/lang/String;Ljava/lang/Object;)V @ 174 c2
Event: 317.037 Thread 0x0000025afa03a7c0 DEOPT PACKING pc=0x0000025adcb3486c sp=0x000000bfafffe130
Event: 317.052 Thread 0x0000025afa03a7c0 DEOPT UNPACKING pc=0x0000025adbfb7ba2 sp=0x000000bfafffe110 mode 2
Event: 320.025 Thread 0x0000025af0ef2ae0 DEOPT PACKING pc=0x0000025ad600dcae sp=0x000000bfacffe1f0
Event: 320.025 Thread 0x0000025af0ef2ae0 DEOPT UNPACKING pc=0x0000025adbfb86e2 sp=0x000000bfacffd738 mode 0
Event: 320.850 Thread 0x0000025afa03d5b0 Uncommon trap: trap_request=0xffffff45 fr.pc=0x0000025adcafb724 relative=0x0000000000000184
Event: 320.851 Thread 0x0000025afa03d5b0 Uncommon trap: reason=unstable_if action=reinterpret pc=0x0000025adcafb724 method=org.jetbrains.org.objectweb.asm.ByteVector.putByteArray([BII)Lorg/jetbrains/org/objectweb/asm/ByteVector; @ 20 c2
Event: 320.851 Thread 0x0000025afa03d5b0 DEOPT PACKING pc=0x0000025adcafb724 sp=0x000000bfafdfe4b0
Event: 320.851 Thread 0x0000025afa03d5b0 DEOPT UNPACKING pc=0x0000025adbfb7ba2 sp=0x000000bfafdfe480 mode 2
Event: 321.259 Thread 0x0000025afa03a7c0 Uncommon trap: trap_request=0xffffff45 fr.pc=0x0000025adca909e4 relative=0x0000000000001024
Event: 321.259 Thread 0x0000025afa03a7c0 Uncommon trap: reason=unstable_if action=reinterpret pc=0x0000025adca909e4 method=org.jetbrains.org.objectweb.asm.SymbolTable.addConstantUtf8(Ljava/lang/String;)I @ 40 c2
Event: 321.260 Thread 0x0000025afa03a7c0 DEOPT PACKING pc=0x0000025adca909e4 sp=0x000000bfafffe230
Event: 321.260 Thread 0x0000025afa03a7c0 DEOPT UNPACKING pc=0x0000025adbfb7ba2 sp=0x000000bfafffe210 mode 2
Event: 321.532 Thread 0x0000025afa03a7c0 Uncommon trap: trap_request=0xffffff3d fr.pc=0x0000025adca4f13c relative=0x000000000000025c
Event: 321.532 Thread 0x0000025afa03a7c0 Uncommon trap: reason=unstable_fused_if action=reinterpret pc=0x0000025adca4f13c method=org.jetbrains.org.objectweb.asm.ByteVector.putUTF8(Ljava/lang/String;)Lorg/jetbrains/org/objectweb/asm/ByteVector; @ 93 c2
Event: 321.533 Thread 0x0000025afa03a7c0 DEOPT PACKING pc=0x0000025adca4f13c sp=0x000000bfafffdd50
Event: 321.533 Thread 0x0000025afa03a7c0 DEOPT UNPACKING pc=0x0000025adbfb7ba2 sp=0x000000bfafffdce0 mode 2
Event: 321.611 Thread 0x0000025afa03a7c0 DEOPT PACKING pc=0x0000025ad5d884b9 sp=0x000000bfafffe170
Event: 321.611 Thread 0x0000025afa03a7c0 DEOPT UNPACKING pc=0x0000025adbfb86e2 sp=0x000000bfafffd660 mode 0

Classes loaded (20 events):
Event: 275.209 Loading class java/time/Clock
Event: 275.222 Loading class java/time/InstantSource
Event: 275.226 Loading class java/time/InstantSource done
Event: 275.227 Loading class java/time/Clock done
Event: 275.231 Loading class java/nio/StringCharBuffer
Event: 275.239 Loading class java/nio/StringCharBuffer done
Event: 275.360 Loading class sun/nio/cs/US_ASCII$Encoder
Event: 275.362 Loading class sun/nio/cs/US_ASCII$Encoder done
Event: 275.397 Loading class java/nio/file/attribute/FileTime$1
Event: 275.401 Loading class java/nio/file/attribute/FileTime$1 done
Event: 275.554 Loading class java/net/URLEncoder
Event: 275.623 Loading class java/net/URLEncoder done
Event: 275.629 Loading class java/io/CharArrayWriter
Event: 275.743 Loading class java/io/CharArrayWriter done
Event: 276.724 Loading class java/nio/file/StandardCopyOption
Event: 276.739 Loading class java/nio/file/StandardCopyOption done
Event: 276.750 Loading class sun/nio/fs/WindowsFileCopy
Event: 276.799 Loading class sun/nio/fs/WindowsFileCopy done
Event: 279.726 Loading class java/time/Instant$1
Event: 279.753 Loading class java/time/Instant$1 done

Classes unloaded (0 events):
No events

Classes redefined (0 events):
No events

Internal exceptions (20 events):
Event: 260.147 Thread 0x0000025afa03e960 Implicit null exception at 0x0000025adc786a38 to 0x0000025adc787014
Event: 260.151 Thread 0x0000025afa03e2d0 Implicit null exception at 0x0000025adc882f27 to 0x0000025adc8831d0
Event: 260.663 Thread 0x0000025afa03e960 Implicit null exception at 0x0000025adc6a5bfc to 0x0000025adc6a669c
Event: 260.663 Thread 0x0000025afa03a7c0 Implicit null exception at 0x0000025adc6a5bfc to 0x0000025adc6a669c
Event: 265.992 Thread 0x0000025afa03c890 Exception <a 'java/lang/NoSuchMethodError'{0x0000000709b7ae28}: 'int java.lang.invoke.DirectMethodHandle$Holder.invokeStatic(java.lang.Object, java.lang.Object, int, int)'> (0x0000000709b7ae28) 
thrown [s\src\hotspot\share\interpreter\linkResolver.cpp, line 784]
Event: 265.993 Thread 0x0000025afa03a7c0 Exception <a 'java/lang/NoSuchMethodError'{0x0000000709d5a448}: 'int java.lang.invoke.DirectMethodHandle$Holder.invokeStatic(java.lang.Object, java.lang.Object, int, int)'> (0x0000000709d5a448) 
thrown [s\src\hotspot\share\interpreter\linkResolver.cpp, line 784]
Event: 265.993 Thread 0x0000025afa03e960 Exception <a 'java/lang/NoSuchMethodError'{0x0000000709bb6f80}: 'int java.lang.invoke.DirectMethodHandle$Holder.invokeStatic(java.lang.Object, java.lang.Object, int, int)'> (0x0000000709bb6f80) 
thrown [s\src\hotspot\share\interpreter\linkResolver.cpp, line 784]
Event: 270.633 Thread 0x0000025af0ef2ae0 Exception <a 'sun/nio/fs/WindowsException'{0x000000071555f760}> (0x000000071555f760) 
thrown [s\src\hotspot\share\prims\jni.cpp, line 537]
Event: 273.613 Thread 0x0000025afa03e960 Exception <a 'sun/nio/fs/WindowsException'{0x00000007146e78f8}> (0x00000007146e78f8) 
thrown [s\src\hotspot\share\prims\jni.cpp, line 537]
Event: 273.671 Thread 0x0000025af3dbbcc0 Exception <a 'sun/nio/fs/WindowsException'{0x000000071406e548}> (0x000000071406e548) 
thrown [s\src\hotspot\share\prims\jni.cpp, line 537]
Event: 274.317 Thread 0x0000025af3dbbcc0 Implicit null exception at 0x0000025adc965214 to 0x0000025adc968de0
Event: 277.162 Thread 0x0000025af3dbbcc0 Exception <a 'sun/nio/fs/WindowsException'{0x000000070e0df500}> (0x000000070e0df500) 
thrown [s\src\hotspot\share\prims\jni.cpp, line 537]
Event: 277.168 Thread 0x0000025af3dbbcc0 Exception <a 'sun/nio/fs/WindowsException'{0x000000070e0e0340}> (0x000000070e0e0340) 
thrown [s\src\hotspot\share\prims\jni.cpp, line 537]
Event: 277.983 Thread 0x0000025af3dbbcc0 Exception <a 'sun/nio/fs/WindowsException'{0x000000070e0e9fe0}> (0x000000070e0e9fe0) 
thrown [s\src\hotspot\share\prims\jni.cpp, line 537]
Event: 280.015 Thread 0x0000025af0ef2ae0 Exception <a 'sun/nio/fs/WindowsException'{0x0000000725608a00}> (0x0000000725608a00) 
thrown [s\src\hotspot\share\prims\jni.cpp, line 537]
Event: 290.003 Thread 0x0000025af0ef2ae0 Exception <a 'sun/nio/fs/WindowsException'{0x0000000718cfe800}> (0x0000000718cfe800) 
thrown [s\src\hotspot\share\prims\jni.cpp, line 537]
Event: 299.979 Thread 0x0000025af0ef2ae0 Exception <a 'sun/nio/fs/WindowsException'{0x0000000721345880}> (0x0000000721345880) 
thrown [s\src\hotspot\share\prims\jni.cpp, line 537]
Event: 309.983 Thread 0x0000025af0ef2ae0 Exception <a 'sun/nio/fs/WindowsException'{0x0000000724808008}> (0x0000000724808008) 
thrown [s\src\hotspot\share\prims\jni.cpp, line 537]
Event: 319.956 Thread 0x0000025af0ef2ae0 Exception <a 'sun/nio/fs/WindowsException'{0x000000071e9d68e8}> (0x000000071e9d68e8) 
thrown [s\src\hotspot\share\prims\jni.cpp, line 537]
Event: 320.850 Thread 0x0000025afa03d5b0 Implicit null exception at 0x0000025adcafb5f6 to 0x0000025adcafb708

ZGC Phase Switch (0 events):
No events

VM Operations (20 events):
Event: 313.599 Executing safepoint VM operation: Cleanup done
Event: 315.614 Executing safepoint VM operation: Cleanup
Event: 315.639 Executing safepoint VM operation: Cleanup done
Event: 316.290 Executing safepoint VM operation: G1CollectForAllocation (G1 Evacuation Pause)
Event: 316.304 Executing safepoint VM operation: G1CollectForAllocation (G1 Evacuation Pause) done
Event: 316.336 Executing safepoint VM operation: G1CollectForAllocation (GCLocker Initiated GC)
Event: 316.467 Executing safepoint VM operation: G1CollectForAllocation (GCLocker Initiated GC) done
Event: 317.472 Executing safepoint VM operation: Cleanup
Event: 317.474 Executing safepoint VM operation: Cleanup done
Event: 318.202 Executing safepoint VM operation: G1CollectForAllocation (G1 Evacuation Pause)
Event: 318.286 Executing safepoint VM operation: G1CollectForAllocation (G1 Evacuation Pause) done
Event: 319.299 Executing safepoint VM operation: Cleanup
Event: 319.300 Executing safepoint VM operation: Cleanup done
Event: 320.310 Executing safepoint VM operation: Cleanup
Event: 320.326 Executing safepoint VM operation: Cleanup done
Event: 321.337 Executing safepoint VM operation: Cleanup
Event: 321.355 Executing safepoint VM operation: Cleanup done
Event: 321.726 Executing safepoint VM operation: G1CollectForAllocation (G1 Evacuation Pause)
Event: 321.753 Executing safepoint VM operation: G1CollectForAllocation (G1 Evacuation Pause) done
Event: 321.754 Executing safepoint VM operation: G1CollectForAllocation (GCLocker Initiated GC)

Memory protections (0 events):
No events

Nmethod flushes (20 events):
Event: 263.391 Thread 0x0000025aeb7d1d10 flushing  nmethod 0x0000025ad5353b90
Event: 263.391 Thread 0x0000025aeb7d1d10 flushing  nmethod 0x0000025ad5355590
Event: 263.391 Thread 0x0000025aeb7d1d10 flushing  nmethod 0x0000025ad536f790
Event: 263.391 Thread 0x0000025aeb7d1d10 flushing  nmethod 0x0000025ad5371990
Event: 263.391 Thread 0x0000025aeb7d1d10 flushing  nmethod 0x0000025ad5373110
Event: 263.393 Thread 0x0000025aeb7d1d10 flushing  nmethod 0x0000025ad5380090
Event: 263.393 Thread 0x0000025aeb7d1d10 flushing  nmethod 0x0000025ad5381d10
Event: 263.397 Thread 0x0000025aeb7d1d10 flushing  nmethod 0x0000025ad5385d90
Event: 263.397 Thread 0x0000025aeb7d1d10 flushing  nmethod 0x0000025ad5386290
Event: 263.397 Thread 0x0000025aeb7d1d10 flushing  nmethod 0x0000025ad53bdb90
Event: 263.397 Thread 0x0000025aeb7d1d10 flushing  nmethod 0x0000025ad53cf390
Event: 263.397 Thread 0x0000025aeb7d1d10 flushing  nmethod 0x0000025ad53cfd10
Event: 263.397 Thread 0x0000025aeb7d1d10 flushing  nmethod 0x0000025ad53d0b10
Event: 263.397 Thread 0x0000025aeb7d1d10 flushing  nmethod 0x0000025ad53d3790
Event: 263.397 Thread 0x0000025aeb7d1d10 flushing  nmethod 0x0000025ad5488d90
Event: 263.397 Thread 0x0000025aeb7d1d10 flushing  nmethod 0x0000025ad552c390
Event: 263.397 Thread 0x0000025aeb7d1d10 flushing  nmethod 0x0000025ad5687290
Event: 263.397 Thread 0x0000025aeb7d1d10 flushing  nmethod 0x0000025ad56bec90
Event: 263.397 Thread 0x0000025aeb7d1d10 flushing  nmethod 0x0000025ad56c1a90
Event: 263.397 Thread 0x0000025aeb7d1d10 flushing  nmethod 0x0000025ad5a87310

Events (20 events):
Event: 101.598 Thread 0x0000025af0b8bd80 Thread added: 0x0000025af3dbd070
Event: 121.380 Thread 0x0000025af0b8bd80 Thread added: 0x0000025af3dbd700
Event: 154.732 Thread 0x0000025af0b8bd80 Thread added: 0x0000025af3dbeab0
Event: 162.998 Thread 0x0000025af0b8bd80 Thread added: 0x0000025af3dbfe60
Event: 167.179 Thread 0x0000025af0b8bd80 Thread added: 0x0000025af2801ac0
Event: 249.609 Thread 0x0000025af0b8bd80 Thread added: 0x0000025afa03b4e0
Event: 249.808 Thread 0x0000025afa03b4e0 Thread added: 0x0000025afa0386f0
Event: 249.813 Thread 0x0000025afa03b4e0 Thread added: 0x0000025afa03a130
Event: 249.814 Thread 0x0000025afa03b4e0 Thread added: 0x0000025afa038060
Event: 249.816 Thread 0x0000025afa03b4e0 Thread added: 0x0000025afa03bb70
Event: 249.817 Thread 0x0000025afa03b4e0 Thread added: 0x0000025afa039410
Event: 249.819 Thread 0x0000025afa03b4e0 Thread added: 0x0000025afa03c200
Event: 249.821 Thread 0x0000025afa03b4e0 Thread added: 0x0000025afa03ae50
Event: 250.330 Thread 0x0000025afa0386f0 Thread added: 0x0000025afa039aa0
Event: 260.073 Thread 0x0000025af3dba910 Thread added: 0x0000025afa03d5b0
Event: 260.074 Thread 0x0000025af3dbc350 Thread added: 0x0000025afa03c890
Event: 260.075 Thread 0x0000025af25eb230 Thread added: 0x0000025afa03a7c0
Event: 260.077 Thread 0x0000025af3dbb630 Thread added: 0x0000025afa03e2d0
Event: 260.078 Thread 0x0000025af3dbbcc0 Thread added: 0x0000025afa03e960
Event: 280.817 Thread 0x0000025aeb977030 Thread added: 0x0000025af5de5390


Dynamic libraries:
0x00007ff6f1260000 - 0x00007ff6f126a000 	C:\Program Files\Android\Android Studio\jbr\bin\java.exe
0x00007ffa18920000 - 0x00007ffa18b86000 	C:\WINDOWS\SYSTEM32\ntdll.dll
0x00007ffa17180000 - 0x00007ffa17249000 	C:\WINDOWS\System32\KERNEL32.DLL
0x00007ffa15c90000 - 0x00007ffa1608e000 	C:\WINDOWS\System32\KERNELBASE.dll
0x00007ffa12590000 - 0x00007ffa12630000 	C:\WINDOWS\SYSTEM32\apphelp.dll
0x00007ffa16390000 - 0x00007ffa164dc000 	C:\WINDOWS\System32\ucrtbase.dll
0x00007ff9ed7d0000 - 0x00007ff9ed7eb000 	C:\Program Files\Android\Android Studio\jbr\bin\VCRUNTIME140.dll
0x00007ff9edf80000 - 0x00007ff9edf98000 	C:\Program Files\Android\Android Studio\jbr\bin\jli.dll
0x00007ffa17960000 - 0x00007ffa17b27000 	C:\WINDOWS\System32\USER32.dll
0x00007ff9f89f0000 - 0x00007ff9f8c82000 	C:\WINDOWS\WinSxS\amd64_microsoft.windows.common-controls_6595b64144ccf1df_6.0.26100.8894_none_3e0f749ee32e02ea\COMCTL32.dll
0x00007ffa164f0000 - 0x00007ffa16517000 	C:\WINDOWS\System32\win32u.dll
0x00007ffa17fe0000 - 0x00007ffa18089000 	C:\WINDOWS\System32\msvcrt.dll
0x00007ffa17eb0000 - 0x00007ffa17edb000 	C:\WINDOWS\System32\GDI32.dll
0x00007ffa16520000 - 0x00007ffa1664a000 	C:\WINDOWS\System32\gdi32full.dll
0x00007ffa160a0000 - 0x00007ffa16143000 	C:\WINDOWS\System32\msvcp_win.dll
0x00007ffa17ee0000 - 0x00007ffa17f12000 	C:\WINDOWS\System32\IMM32.DLL
0x00007ff9edc60000 - 0x00007ff9edc6c000 	C:\Program Files\Android\Android Studio\jbr\bin\vcruntime140_1.dll
0x00007ff9a8490000 - 0x00007ff9a851d000 	C:\Program Files\Android\Android Studio\jbr\bin\msvcp140.dll
0x00007ff95dea0000 - 0x00007ff95eb36000 	C:\Program Files\Android\Android Studio\jbr\bin\server\jvm.dll
0x00007ffa17060000 - 0x00007ffa17117000 	C:\WINDOWS\System32\ADVAPI32.dll
0x00007ffa18640000 - 0x00007ffa186ea000 	C:\WINDOWS\System32\sechost.dll
0x00007ffa17250000 - 0x00007ffa17368000 	C:\WINDOWS\System32\RPCRT4.dll
0x00007ffa185b0000 - 0x00007ffa18630000 	C:\WINDOWS\System32\WS2_32.dll
0x00007ffa159a0000 - 0x00007ffa159fe000 	C:\WINDOWS\SYSTEM32\POWRPROF.dll
0x00007ffa06c40000 - 0x00007ffa06c4b000 	C:\WINDOWS\SYSTEM32\VERSION.dll
0x00007ffa0e800000 - 0x00007ffa0e836000 	C:\WINDOWS\SYSTEM32\WINMM.dll
0x00007ffa15980000 - 0x00007ffa15994000 	C:\WINDOWS\SYSTEM32\UMPDC.dll
0x00007ffa14820000 - 0x00007ffa1483b000 	C:\WINDOWS\SYSTEM32\kernel.appcore.dll
0x00007ff9e9510000 - 0x00007ff9e951a000 	C:\Program Files\Android\Android Studio\jbr\bin\jimage.dll
0x00007ffa12e70000 - 0x00007ffa130b2000 	C:\WINDOWS\SYSTEM32\DBGHELP.DLL
0x00007ffa18220000 - 0x00007ffa185a3000 	C:\WINDOWS\System32\combase.dll
0x00007ffa17830000 - 0x00007ffa17909000 	C:\WINDOWS\System32\OLEAUT32.dll
0x00007ffa06e30000 - 0x00007ffa06e6b000 	C:\WINDOWS\SYSTEM32\dbgcore.DLL
0x00007ffa16150000 - 0x00007ffa161fc000 	C:\WINDOWS\System32\bcryptPrimitives.dll
0x00007ff9ef750000 - 0x00007ff9ef75e000 	C:\Program Files\Android\Android Studio\jbr\bin\instrument.dll
0x00007ff9e7500000 - 0x00007ff9e7520000 	C:\Program Files\Android\Android Studio\jbr\bin\java.dll
0x00007ff9e3b40000 - 0x00007ff9e3b58000 	C:\Program Files\Android\Android Studio\jbr\bin\zip.dll
0x00007ffa166c0000 - 0x00007ffa16e52000 	C:\WINDOWS\System32\SHELL32.dll
0x00007ffa13600000 - 0x00007ffa13e92000 	C:\WINDOWS\SYSTEM32\windows.storage.dll
0x00007ffa18120000 - 0x00007ffa18217000 	C:\WINDOWS\System32\SHCORE.dll
0x00007ffa16650000 - 0x00007ffa166b7000 	C:\WINDOWS\System32\shlwapi.dll
0x00007ffa15a60000 - 0x00007ffa15a89000 	C:\WINDOWS\SYSTEM32\profapi.dll
0x00007ff9e59f0000 - 0x00007ff9e5a00000 	C:\Program Files\Android\Android Studio\jbr\bin\net.dll
0x00007ffa0cc30000 - 0x00007ffa0cd57000 	C:\WINDOWS\SYSTEM32\WINHTTP.dll
0x00007ffa14dd0000 - 0x00007ffa14e3c000 	C:\WINDOWS\system32\mswsock.dll
0x00007ff9e1b80000 - 0x00007ff9e1b96000 	C:\Program Files\Android\Android Studio\jbr\bin\nio.dll
0x00007ff9dba30000 - 0x00007ff9dba40000 	C:\Program Files\Android\Android Studio\jbr\bin\verify.dll
0x00007ff9ae5c0000 - 0x00007ff9ae5e7000 	C:\Users\lenovo\.gradle\native\660c5614fbf4a5f2a75b1949f50a0caf5cd603558e7d8a26e50b933a0cfb79d1\windows-amd64\native-platform.dll
0x00007ff9aa920000 - 0x00007ff9aa997000 	C:\Users\lenovo\.gradle\native\0.2.8\x86_64-windows-gnu\gradle-fileevents.dll
0x00007ff9e3910000 - 0x00007ff9e3919000 	C:\Program Files\Android\Android Studio\jbr\bin\management.dll
0x00007ff9e2b10000 - 0x00007ff9e2b1b000 	C:\Program Files\Android\Android Studio\jbr\bin\management_ext.dll
0x00007ffa187d0000 - 0x00007ffa187d8000 	C:\WINDOWS\System32\PSAPI.DLL
0x00007ffa142a0000 - 0x00007ffa142d3000 	C:\WINDOWS\SYSTEM32\IPHLPAPI.DLL
0x00007ffa17050000 - 0x00007ffa1705a000 	C:\WINDOWS\System32\NSI.dll
0x00007ff9e3f40000 - 0x00007ff9e3f49000 	C:\Program Files\Android\Android Studio\jbr\bin\extnet.dll
0x00007ffa150d0000 - 0x00007ffa150eb000 	C:\WINDOWS\SYSTEM32\CRYPTSP.dll
0x00007ffa14780000 - 0x00007ffa147b9000 	C:\WINDOWS\system32\rsaenh.dll
0x00007ffa14e90000 - 0x00007ffa14ec2000 	C:\WINDOWS\SYSTEM32\USERENV.dll
0x00007ffa15a30000 - 0x00007ffa15a5a000 	C:\WINDOWS\SYSTEM32\bcrypt.dll
0x00007ffa150f0000 - 0x00007ffa150fc000 	C:\WINDOWS\SYSTEM32\CRYPTBASE.dll
0x00007ff9e47f0000 - 0x00007ff9e47f8000 	C:\WINDOWS\system32\wshunix.dll

JVMTI agents:
C:\Users\lenovo\.gradle\wrapper\dists\gradle-9.4.1-bin\arn2x92ynaizyzdaamcbpbhtj\gradle-9.4.1\lib\agents\gradle-instrumentation-agent-9.4.1.jar path:C:\Program Files\Android\Android Studio\jbr\bin\instrument.dll, loaded, initialized, instrumentlib options:none

dbghelp: loaded successfully - version: 4.0.5 - missing functions: none
symbol engine: initialized successfully - sym options: 0x614 - pdb path: .;C:\Program Files\Android\Android Studio\jbr\bin;C:\WINDOWS\SYSTEM32;C:\WINDOWS\WinSxS\amd64_microsoft.windows.common-controls_6595b64144ccf1df_6.0.26100.8894_none_3e0f749ee32e02ea;C:\Program Files\Android\Android Studio\jbr\bin\server;C:\Users\lenovo\.gradle\native\660c5614fbf4a5f2a75b1949f50a0caf5cd603558e7d8a26e50b933a0cfb79d1\windows-amd64;C:\Users\lenovo\.gradle\native\0.2.8\x86_64-windows-gnu

VM Arguments:
jvm_args: --add-opens=java.base/java.lang=ALL-UNNAMED --add-opens=java.base/java.lang.invoke=ALL-UNNAMED --add-opens=java.base/java.util=ALL-UNNAMED --add-opens=java.prefs/java.util.prefs=ALL-UNNAMED --add-exports=jdk.compiler/com.sun.tools.javac.api=ALL-UNNAMED --add-exports=jdk.compiler/com.sun.tools.javac.util=ALL-UNNAMED --add-opens=java.base/java.util=ALL-UNNAMED --add-opens=java.prefs/java.util.prefs=ALL-UNNAMED --add-opens=java.base/java.nio.charset=ALL-UNNAMED --add-opens=java.base/java.net=ALL-UNNAMED --add-opens=java.base/java.util.concurrent=ALL-UNNAMED --add-opens=java.base/java.util.concurrent.atomic=ALL-UNNAMED --add-opens=java.xml/javax.xml.namespace=ALL-UNNAMED --add-opens=java.base/java.time=ALL-UNNAMED -XX:MaxMetaspaceSize=1g -XX:+HeapDumpOnOutOfMemoryError -Xmx4g -Dfile.encoding=UTF-8 -Duser.country=US -Duser.language=en -Duser.variant -javaagent:C:\Users\lenovo\.gradle\wrapper\dists\gradle-9.4.1-bin\arn2x92ynaizyzdaamcbpbhtj\gradle-9.4.1\lib\agents\gradle-instrumentation-agent-9.4.1.jar 
java_command: org.gradle.launcher.daemon.bootstrap.GradleDaemon 9.4.1
java_class_path (initial): C:\Users\lenovo\.gradle\wrapper\dists\gradle-9.4.1-bin\arn2x92ynaizyzdaamcbpbhtj\gradle-9.4.1\lib\gradle-daemon-main-9.4.1.jar
Launcher Type: SUN_STANDARD

[Global flags]
     intx CICompilerCount                          = 4                                         {product} {ergonomic}
   size_t CompressedClassSpaceSize                 = 872415232                                 {product} {ergonomic}
     uint ConcGCThreads                            = 2                                         {product} {ergonomic}
     uint G1ConcRefinementThreads                  = 8                                         {product} {ergonomic}
   size_t G1HeapRegionSize                         = 2097152                                   {product} {ergonomic}
    uintx GCDrainStackTargetSize                   = 64                                        {product} {ergonomic}
     bool HeapDumpOnOutOfMemoryError               = true                                   {manageable} {command line}
   size_t InitialHeapSize                          = 65011712                                  {product} {ergonomic}
   size_t MarkStackSize                            = 4194304                                   {product} {ergonomic}
   size_t MaxHeapSize                              = 4294967296                                {product} {command line}
   size_t MaxMetaspaceSize                         = 1073741824                                {product} {command line}
   size_t MaxNewSize                               = 2575302656                                {product} {ergonomic}
   size_t MinHeapDeltaBytes                        = 2097152                                   {product} {ergonomic}
   size_t MinHeapSize                              = 8388608                                   {product} {ergonomic}
    uintx NonNMethodCodeHeapSize                   = 5839372                                {pd product} {ergonomic}
    uintx NonProfiledCodeHeapSize                  = 122909434                              {pd product} {ergonomic}
    uintx ProfiledCodeHeapSize                     = 122909434                              {pd product} {ergonomic}
    uintx ReservedCodeCacheSize                    = 251658240                              {pd product} {ergonomic}
     bool SegmentedCodeCache                       = true                                      {product} {ergonomic}
   size_t SoftMaxHeapSize                          = 4294967296                             {manageable} {ergonomic}
     bool UseCompressedOops                        = true                           {product lp64_product} {ergonomic}
     bool UseG1GC                                  = true                                      {product} {ergonomic}
     bool UseLargePagesIndividualAllocation        = false                                  {pd product} {ergonomic}

Logging:
Log output configuration:
 #0: stdout all=warning uptime,level,tags foldmultilines=false
 #1: stderr all=off uptime,level,tags foldmultilines=false

Release file:
JAVA_VERSION="21.0.10" 
MODULES="java.base java.compiler java.datatransfer java.xml java.prefs java.desktop java.instrument java.logging java.management java.security.sasl java.naming java.rmi java.management.rmi java.net.http java.scripting java.security.jgss java.transaction.xa java.sql java.sql.rowset java.xml.crypto java.se java.smartcardio jdk.accessibility jdk.internal.jvmstat jdk.attach jdk.charsets jdk.internal.opt jdk.zipfs jdk.compiler jdk.crypto.ec jdk.crypto.cryptoki jdk.dynalink jdk.hotspot.agent jdk.httpserver jdk.internal.ed jdk.internal.le jdk.internal.vm.ci jdk.jartool jdk.javadoc jdk.jcmd jdk.jdeps jdk.jdwp.agent jdk.jdi jdk.jfr jdk.jlink jdk.jsobject jdk.localedata jdk.management jdk.management.agent jdk.management.jfr jdk.naming.dns jdk.naming.rmi jdk.net jdk.sctp jdk.security.auth jdk.security.jgss jdk.unsupported jdk.unsupported.desktop jdk.xml.dom" 
IMPLEMENTOR="JetBrains s.r.o." 
JAVA_RUNTIME_VERSION="21.0.10+-14961533-b1163.108" 
LIBC="default" 
OS_ARCH="x86_64" 
OS_NAME="Windows" 
SOURCE=".:git:1351622c2ff2" 

Environment Variables:
PATH=C:\Program Files\Common Files\Oracle\Java\javapath;C:\Python314\Scripts\;C:\Python314\;C:\WINDOWS\system32;C:\WINDOWS;C:\WINDOWS\System32\Wbem;C:\WINDOWS\System32\WindowsPowerShell\v1.0\;C:\WINDOWS\System32\OpenSSH\;C:\Program Files\Git\cmd;C:\Program Files\nodejs\;C:\ProgramData\chocolatey\bin;C:\Program Files\Microsoft SQL Server\170\Tools\Binn\;C:\Program Files\Microsoft SQL Server\Client SDK\ODBC\170\Tools\Binn\;C:\Program Files (x86)\IncrediBuild;C:\Program Files (x86)\Windows Kits\10\Windows Performance Toolkit\;C:\Program Files\tre-command\bin\;C:\Program Files (x86)\Google\Cloud SDK\google-cloud-sdk\bin;C:\Program Files\dotnet\;C:\Program Files\Go\bin;C:\Users\lenovo\AppData\Local\Programs\Python\Python312\Scripts\;C:\Users\lenovo\AppData\Local\Programs\Python\Python312\;C:\Users\lenovo\AppData\Local\Microsoft\WindowsApps;C:\Users\lenovo\AppData\Roaming\npm;C:\Users\lenovo\AppData\Local\Programs\Microsoft VS Code\bin;C:\Users\lenovo\AppData\Local\Programs\Microsoft VS Code Insiders\bin;C:\Users\lenovo\AppData\Local\Python\bin;C:\Users\lenovo\AppData\Local\Programs\Antigravity\bin;C:\Users\lenovo\.dotnet\tools;C:\Users\lenovo\go\bin
USERNAME=lenovo
OS=Windows_NT
PROCESSOR_IDENTIFIER=Intel64 Family 6 Model 140 Stepping 1, GenuineIntel
TMP=C:\Users\lenovo\AppData\Local\Temp
TEMP=C:\Users\lenovo\AppData\Local\Temp




Periodic native trim disabled

JNI global refs:
JNI global refs: 29, weak refs: 49

JNI global refs memory usage: 835, weak refs: 1465

Process memory usage:
Resident Set Size: 405212K (10% of 3988792K total physical memory with 264124K free physical memory)

OOME stack traces (most recent first):
Classloader memory used:
Loader org.gradle.internal.classloader.VisitableURLClassLoader                         : 44852K
Loader bootstrap                                                                       : 25659K
Loader org.gradle.initialization.MixInLegacyTypesClassLoader                           : 13819K
Loader org.gradle.internal.classloader.VisitableURLClassLoader$InstrumentingVisitableURLClassLoader: 7415K
Loader java.net.URLClassLoader                                                         : 6059K
Loader org.gradle.internal.classloader.VisitableURLClassLoader                         : 545K
Loader jdk.internal.reflect.DelegatingClassLoader                                      : 277K
Loader jdk.internal.loader.ClassLoaders$AppClassLoader                                 : 197K
Loader org.gradle.groovy.scripts.internal.DefaultScriptCompilationHandler$ScriptClassLoader: 157K
Loader jdk.internal.loader.ClassLoaders$PlatformClassLoader                            : 130K

Classes loaded by more than one classloader:
Class Program                                                                         : loaded 10 times (x 74B)
Class Build_gradle                                                                    : loaded 4 times (x 126B)
Class Settings_gradle$1                                                               : loaded 3 times (x 75B)
Class Settings_gradle$1$1                                                             : loaded 3 times (x 74B)
Class Settings_gradle                                                                 : loaded 3 times (x 124B)
Class kotlin.io.FilesKt__FileTreeWalkKt                                               : loaded 2 times (x 71B)
Class kotlin.sequences.FilteringSequence$iterator$1                                   : loaded 2 times (x 79B)
Class kotlin.sequences.SequencesKt__SequenceBuilderKt                                 : loaded 2 times (x 71B)
Class kotlin.reflect.jvm.internal.impl.builtins.CompanionObjectMapping                : loaded 2 times (x 71B)
Class kotlin.collections.CollectionsKt__ReversedViewsKt                               : loaded 2 times (x 71B)
Class kotlin.jvm.internal.MutablePropertyReference0                                   : loaded 2 times (x 137B)
Class org.gradle.internal.classloader.ClassLoaderHierarchy                            : loaded 2 times (x 70B)
Class kotlin.SafePublicationLazyImpl$Companion                                        : loaded 2 times (x 71B)
Class kotlin.jvm.internal.PropertyReference1Impl                                      : loaded 2 times (x 127B)
Class kotlin.jvm.internal.MutablePropertyReference1                                   : loaded 2 times (x 137B)
Class org.gradle.accessors.dm.LibrariesForLibs$KotlinLibraryAccessors                 : loaded 2 times (x 77B)
Class kotlin.reflect.jvm.internal.ReflectProperties$Val                               : loaded 2 times (x 74B)
Class kotlin.jvm.internal.MutablePropertyReference2                                   : loaded 2 times (x 137B)
Class org.gradle.accessors.dm.LibrariesForLibs$KotlinxLibraryAccessors                : loaded 2 times (x 78B)
Class kotlin.reflect.jvm.internal.impl.name.FqName                                    : loaded 2 times (x 72B)
Class [Lkotlin.reflect.KClass;                                                        : loaded 2 times (x 69B)
Class org.gradle.internal.classloader.DefaultClassLoaderFactory                       : loaded 2 times (x 82B)
Class kotlin.sequences.SequencesKt___SequencesKt                                      : loaded 2 times (x 71B)
Class kotlin.collections.AbstractList$Companion                                       : loaded 2 times (x 71B)
Class org.gradle.accessors.dm.LibrariesForLibs$LifecycleVersionAccessors              : loaded 2 times (x 75B)
Class org.gradle.internal.classloader.ClassLoaderVisitor                              : loaded 2 times (x 76B)
Class kotlin.text.StringsKt__AppendableKt                                             : loaded 2 times (x 71B)
Class org.gradle.accessors.dm.LibrariesForLibs                                        : loaded 2 times (x 94B)
Class kotlin.reflect.KProperty$Accessor                                               : loaded 2 times (x 70B)
Class [Lkotlin.reflect.KCallable;                                                     : loaded 2 times (x 69B)
Class org.gradle.api.internal.DefaultClassPathProvider                                : loaded 2 times (x 76B)
Class kotlin.sequences.Sequence                                                       : loaded 2 times (x 70B)
Class kotlin.text.StringsKt__StringNumberConversionsJVMKt                             : loaded 2 times (x 71B)
Class kotlin.reflect.jvm.internal.impl.builtins.jvm.JavaToKotlinClassMap$PlatformMutabilityMapping: loaded 2 times (x 72B)
Class org.gradle.accessors.dm.LibrariesForLibs$AndroidxSecurityLibraryAccessors       : loaded 2 times (x 77B)
Class org.gradle.accessors.dm.LibrariesForLibs$BundleAccessors                        : loaded 2 times (x 73B)
Class [Lorg.gradle.api.internal.ClassPathProvider;                                    : loaded 2 times (x 69B)
Class org.gradle.api.internal.ClassPathProvider                                       : loaded 2 times (x 70B)
Class kotlin.jvm.functions.Function20                                                 : loaded 2 times (x 70B)
Class org.gradle.accessors.dm.LibrariesForLibs$AndroidxComposeUiGoogleLibraryAccessors: loaded 2 times (x 77B)
Class ijJvmDebugger2_3is4206f97ej2dw63k2kt8sx5$_run_closure1$_closure2                : loaded 2 times (x 140B)
Class org.gradle.internal.service.UnknownServiceException                             : loaded 2 times (x 83B)
Class kotlin.jvm.functions.Function21                                                 : loaded 2 times (x 70B)
Class kotlin.reflect.jvm.internal.impl.name.ClassId                                   : loaded 2 times (x 72B)
Class kotlin.jvm.functions.Function22                                                 : loaded 2 times (x 70B)
Class org.gradle.accessors.dm.LibrariesForLibs$SerializationLibraryAccessors          : loaded 2 times (x 77B)
Class kotlin.text.StringsKt__RegexExtensionsJVMKt                                     : loaded 2 times (x 71B)
Class kotlin.collections.ArraysKt___ArraysJvmKt                                       : loaded 2 times (x 71B)
Class kotlin.collections.CollectionsKt__CollectionsKt                                 : loaded 2 times (x 71B)
Class kotlin.reflect.KTypeParameter                                                   : loaded 2 times (x 70B)
Class org.gradle.accessors.dm.LibrariesForLibs$AndroidxComposeLibraryAccessors        : loaded 2 times (x 82B)
Class kotlin._Assertions                                                              : loaded 2 times (x 71B)
Class kotlin.text.Regex$Companion                                                     : loaded 2 times (x 71B)
Class org.gradle.accessors.dm.LibrariesForLibs$AndroidxHiltNavigationLibraryAccessors : loaded 2 times (x 77B)
Class ijKotlinCoroutineJvmDebugInit2_8d5ef5i84wkht7ty3400srlfa$_run_closure1$_closure2: loaded 2 times (x 139B)
Class org.gradle.internal.classpath.TransformedClassPath                              : loaded 2 times (x 96B)
Class org.gradle.internal.classloader.InstrumentingClassLoader                        : loaded 2 times (x 70B)
Class kotlin.enums.EnumEntriesList                                                    : loaded 2 times (x 223B)
Class kotlin.jvm.internal.FunctionReference                                           : loaded 2 times (x 122B)
Class kotlin.jvm.internal.FunctionBase                                                : loaded 2 times (x 70B)
Class kotlin.comparisons.ComparisonsKt___ComparisonsJvmKt                             : loaded 2 times (x 71B)
Class kotlin.reflect.jvm.internal.impl.name.FqNamesUtilKt                             : loaded 2 times (x 71B)
Class kotlin.collections.CollectionsKt__IteratorsJVMKt                                : loaded 2 times (x 71B)
Class org.gradle.accessors.dm.LibrariesForLibs$AndroidxRoomLibraryAccessors           : loaded 2 times (x 80B)
Class org.gradle.accessors.dm.LibrariesForLibs$AndroidxComposeMaterialLibraryAccessors: loaded 2 times (x 77B)
Class org.gradle.accessors.dm.LibrariesForLibs$PlayLibraryAccessors                   : loaded 2 times (x 77B)
Class [Lorg.jetbrains.kotlin.com.intellij.openapi.diagnostic.LogLevel;                : loaded 2 times (x 69B)
Class org.jetbrains.kotlin.build.report.metrics.GradleBuildTime                       : loaded 2 times (x 88B)
Class kotlin.reflect.KProperty0                                                       : loaded 2 times (x 70B)
Class org.gradle.internal.service.ServiceLocator                                      : loaded 2 times (x 70B)
Class [Lkotlin.Function;                                                              : loaded 2 times (x 69B)
Class kotlin.Pair                                                                     : loaded 2 times (x 72B)
Class kotlin.reflect.KProperty1                                                       : loaded 2 times (x 70B)
Class kotlin.reflect.KClass                                                           : loaded 2 times (x 70B)
Class kotlin.io.CloseableKt                                                           : loaded 2 times (x 71B)
Class kotlin.collections.CollectionsKt__MutableCollectionsKt                          : loaded 2 times (x 71B)
Class kotlin.reflect.KProperty2                                                       : loaded 2 times (x 70B)
Class kotlin.io.TerminateException                                                    : loaded 2 times (x 82B)
Class kotlin.io.FilesKt__FilePathComponentsKt                                         : loaded 2 times (x 71B)
Class kotlin.reflect.jvm.internal.impl.utils.CollectionsKt                            : loaded 2 times (x 71B)
Class kotlin.reflect.KCallable                                                        : loaded 2 times (x 70B)
Class ijJvmDebugger2_3is4206f97ej2dw63k2kt8sx5$_run_closure1                          : loaded 2 times (x 139B)
Class [Lorg.jetbrains.kotlin.build.report.metrics.BuildTime;                          : loaded 2 times (x 69B)
Class org.gradle.accessors.dm.LibrariesForLibs$ActivityVersionAccessors               : loaded 2 times (x 75B)
Class org.gradle.accessors.dm.LibrariesForLibs_Decorated                              : loaded 2 times (x 138B)
Class kotlin.collections.EmptyList                                                    : loaded 2 times (x 174B)
Class kotlin.collections.MapsKt__MapsJVMKt                                            : loaded 2 times (x 71B)
Class kotlin.reflect.jvm.internal.ReflectionFactoryImpl                               : loaded 2 times (x 91B)
Class kotlin.reflect.jvm.internal.impl.builtins.StandardNames$FqNames                 : loaded 2 times (x 71B)
Class org.gradle.api.internal.classpath.DefaultModuleRegistry$DefaultModule           : loaded 2 times (x 82B)
Class kotlin.collections.IndexingIterable                                             : loaded 2 times (x 79B)
Class kotlin.collections.ArraysKt__ArraysKt                                           : loaded 2 times (x 71B)
Class ijKotlinCoroutineJvmDebugInit2_8d5ef5i84wkht7ty3400srlfa                        : loaded 2 times (x 171B)
Class kotlin.collections.SetsKt__SetsJVMKt                                            : loaded 2 times (x 71B)
Class kotlin.reflect.jvm.internal.impl.builtins.jvm.JavaToKotlinClassMap              : loaded 2 times (x 71B)
Class kotlin.reflect.jvm.internal.KotlinReflectionInternalError                       : loaded 2 times (x 82B)
Class kotlin.Function                                                                 : loaded 2 times (x 70B)
Class org.gradle.accessors.dm.LibrariesForLibs$PluginAccessors                        : loaded 2 times (x 79B)
Class org.gradle.api.internal.classpath.Module                                        : loaded 2 times (x 70B)
Class kotlin.internal.ProgressionUtilKt                                               : loaded 2 times (x 71B)
Class kotlin.io.FileAlreadyExistsException                                            : loaded 2 times (x 82B)
Class kotlin.reflect.KMutableProperty                                                 : loaded 2 times (x 70B)
Class org.gradle.api.internal.classpath.UnknownModuleException                        : loaded 2 times (x 82B)
Class kotlin.jvm.internal.PropertyReference                                           : loaded 2 times (x 115B)
Class org.gradle.accessors.dm.LibrariesForLibs$ComposePluginAccessors                 : loaded 2 times (x 74B)
Class org.gradle.accessors.dm.LibrariesForLibs$AndroidxWorkLibraryAccessors           : loaded 2 times (x 77B)
Class kotlin.collections.IndexingIterator                                             : loaded 2 times (x 79B)
Class org.jetbrains.kotlin.build.report.metrics.BuildMetricsReporter                  : loaded 2 times (x 70B)
Class [Lkotlin.reflect.jvm.internal.impl.builtins.PrimitiveType;                      : loaded 2 times (x 69B)
Class kotlin.reflect.jvm.internal.impl.builtins.StandardNames                         : loaded 2 times (x 71B)
Class kotlin.reflect.jvm.internal.ReflectProperties$LazySoftVal                       : loaded 2 times (x 78B)
Class [Lkotlin.reflect.KAnnotatedElement;                                             : loaded 2 times (x 69B)
Class org.gradle.accessors.dm.LibrariesForLibs$AssetLibraryAccessors                  : loaded 2 times (x 77B)
Class org.gradle.api.internal.DefaultClassPathRegistry                                : loaded 2 times (x 76B)
Class kotlin.jvm.JvmClassMappingKt                                                    : loaded 2 times (x 71B)
Class kotlin.reflect.KProperty                                                        : loaded 2 times (x 70B)
Class kotlin.jvm.internal.Reflection                                                  : loaded 2 times (x 71B)
Class org.gradle.internal.classpath.DefaultClassPath$ImmutableUniqueList              : loaded 2 times (x 199B)
Class org.gradle.api.internal.ClassPathRegistry                                       : loaded 2 times (x 70B)
Class kotlin.jvm.internal.CollectionToArray                                           : loaded 2 times (x 71B)
Class kotlin.text.StringsKt__StringsJVMKt                                             : loaded 2 times (x 71B)
Class kotlin.text.StringsKt__IndentKt                                                 : loaded 2 times (x 71B)
Class kotlin.collections.SetsKt                                                       : loaded 2 times (x 71B)
Class org.gradle.internal.classloader.FilteringClassLoader                            : loaded 2 times (x 105B)
Class ijJvmDebugger2_3is4206f97ej2dw63k2kt8sx5                                        : loaded 2 times (x 171B)
Class org.gradle.internal.classpath.ClassPath                                         : loaded 2 times (x 70B)
Class [Lkotlin.reflect.jvm.internal.impl.name.FqName;                                 : loaded 2 times (x 69B)
Class kotlin.reflect.KFunction                                                        : loaded 2 times (x 70B)
Class org.jetbrains.kotlin.com.intellij.openapi.diagnostic.Logger                     : loaded 2 times (x 99B)
Class kotlin.collections.MapsKt__MapsKt                                               : loaded 2 times (x 71B)
Class kotlin.jvm.internal.Lambda                                                      : loaded 2 times (x 75B)
Class [Lkotlin.reflect.KDeclarationContainer;                                         : loaded 2 times (x 69B)
Class org.gradle.api.internal.classpath.DefaultModuleRegistry$DefaultModuleAlias      : loaded 2 times (x 80B)
Class org.gradle.internal.Factory                                                     : loaded 2 times (x 70B)
Class org.gradle.accessors.dm.LibrariesForLibs$AndroidxDatastoreLibraryAccessors      : loaded 2 times (x 77B)
Class kotlin.UninitializedPropertyAccessException                                     : loaded 2 times (x 82B)
Class org.gradle.accessors.dm.LibrariesForLibs$SecurityVersionAccessors               : loaded 2 times (x 75B)
Class kotlin.reflect.KProperty$Getter                                                 : loaded 2 times (x 70B)
Class org.gradle.accessors.dm.LibrariesForLibs$AssetPluginAccessors                   : loaded 2 times (x 74B)
Class kotlin.SafePublicationLazyImpl                                                  : loaded 2 times (x 76B)
Class kotlin.reflect.jvm.internal.ReflectProperties                                   : loaded 2 times (x 71B)
Class org.gradle.accessors.dm.LibrariesForLibs$AndroidxComposeUiToolingLibraryAccessors: loaded 2 times (x 78B)
Class org.gradle.api.internal.classpath.ModuleRegistry                                : loaded 2 times (x 70B)
Class org.gradle.internal.installation.GradleInstallation$1                           : loaded 2 times (x 75B)
Class kotlin.reflect.jvm.internal.KDeclarationContainerImpl                           : loaded 2 times (x 84B)
Class kotlin.io.FilesKt__UtilsKt                                                      : loaded 2 times (x 71B)
Class kotlin.collections.CollectionsKt__CollectionsJVMKt                              : loaded 2 times (x 71B)
Class org.gradle.accessors.dm.LibrariesForLibs$AndroidxVersionAccessors               : loaded 2 times (x 77B)
Class org.gradle.api.internal.classpath.DefaultModuleRegistry                         : loaded 2 times (x 84B)
Class kotlin.collections.IndexedValue                                                 : loaded 2 times (x 72B)
Class kotlin.sequences.SequencesKt                                                    : loaded 2 times (x 71B)
Class org.jetbrains.kotlin.build.report.metrics.GradleBuildTime$Companion             : loaded 2 times (x 71B)
Class kotlin.reflect.jvm.internal.impl.name.SpecialNames                              : loaded 2 times (x 71B)
Class kotlin.collections.CollectionsKt__IteratorsKt                                   : loaded 2 times (x 71B)
Class org.gradle.accessors.dm.LibrariesForLibs$ComposeVersionAccessors                : loaded 2 times (x 76B)
Class org.gradle.accessors.dm.LibrariesForLibs$AndroidxComposeUiLibraryAccessors      : loaded 2 times (x 80B)
Class org.jetbrains.kotlin.com.intellij.openapi.diagnostic.Logger$DefaultFactory      : loaded 2 times (x 74B)
Class kotlin.text.StringsKt                                                           : loaded 2 times (x 71B)
Class kotlin.LazyKt__LazyJVMKt                                                        : loaded 2 times (x 71B)
Class kotlin.io.FilesKt__FileReadWriteKt                                              : loaded 2 times (x 71B)
Class kotlin.text.StringsKt__StringNumberConversionsKt                                : loaded 2 times (x 71B)
Class org.gradle.internal.service.ServiceLookupException                              : loaded 2 times (x 82B)
Class org.jetbrains.kotlin.com.intellij.openapi.diagnostic.LogLevel                   : loaded 2 times (x 79B)
Class org.gradle.accessors.dm.LibrariesForLibs$HiltLibraryAccessors                   : loaded 2 times (x 79B)
Class org.gradle.internal.classloader.ClassLoaderFactory                              : loaded 2 times (x 70B)
Class kotlin.reflect.jvm.internal.impl.builtins.PrimitiveType                         : loaded 2 times (x 79B)
Class org.gradle.accessors.dm.LibrariesForLibs$AndroidxHiltLibraryAccessors           : loaded 2 times (x 79B)
Class org.gradle.accessors.dm.LibrariesForLibs$MoshiLibraryAccessors                  : loaded 2 times (x 79B)
Class org.gradle.internal.service.CachingServiceLocator                               : loaded 2 times (x 82B)
Class kotlin.jvm.internal.CallableReference                                           : loaded 2 times (x 106B)
Class org.jetbrains.kotlin.build.report.metrics.BuildTime                             : loaded 2 times (x 70B)
Class kotlin.reflect.jvm.internal.impl.descriptors.runtime.structure.ReflectClassUtilKt: loaded 2 times (x 71B)
Class kotlin.enums.EnumEntries                                                        : loaded 2 times (x 70B)
Class org.gradle.accessors.dm.LibrariesForLibs$DatastoreVersionAccessors              : loaded 2 times (x 81B)
Class org.jetbrains.kotlin.com.intellij.openapi.diagnostic.Logger$Factory             : loaded 2 times (x 70B)
Class kotlin.reflect.jvm.internal.KDeclarationContainerImpl$Companion                 : loaded 2 times (x 71B)
Class org.gradle.internal.classloader.ClasspathUtil                                   : loaded 2 times (x 71B)
Class kotlin.io.FileSystemException                                                   : loaded 2 times (x 82B)
Class kotlin.jvm.internal.PropertyReference0                                          : loaded 2 times (x 127B)
Class kotlin.reflect.full.IllegalCallableAccessException                              : loaded 2 times (x 82B)
Class kotlin.jvm.internal.DefaultConstructorMarker                                    : loaded 2 times (x 71B)
Class kotlin.jvm.internal.PropertyReference1                                          : loaded 2 times (x 127B)
Class org.gradle.api.specs.Spec                                                       : loaded 2 times (x 70B)
Class kotlin.LazyKt__LazyJVMKt$WhenMappings                                           : loaded 2 times (x 71B)
Class kotlin.jvm.internal.MutablePropertyReference                                    : loaded 2 times (x 119B)
Class kotlin.jvm.internal.PropertyReference2                                          : loaded 2 times (x 127B)
Class [Lkotlin.reflect.jvm.internal.impl.builtins.jvm.JavaToKotlinClassMap$PlatformMutabilityMapping;: loaded 2 times (x 69B)
Class kotlin.LazyThreadSafetyMode                                                     : loaded 2 times (x 79B)
Class kotlin.reflect.full.IllegalPropertyDelegateAccessException                      : loaded 2 times (x 82B)
Class kotlin.collections.EmptyIterator                                                : loaded 2 times (x 89B)
Class kotlin.text.StringsKt__RegexExtensionsKt                                        : loaded 2 times (x 71B)
Class kotlin.SynchronizedLazyImpl                                                     : loaded 2 times (x 76B)
Class kotlin.sequences.SequencesKt__SequencesJVMKt                                    : loaded 2 times (x 71B)
Class kotlin.collections.AbstractList                                                 : loaded 2 times (x 197B)
Class kotlin.collections.AbstractCollection                                           : loaded 2 times (x 117B)
Class org.gradle.accessors.dm.LibrariesForLibs$AssetPackLibraryAccessors              : loaded 2 times (x 77B)
Class kotlin.collections.ArrayAsCollection                                            : loaded 2 times (x 105B)
Class kotlin.text.StringsKt__StringBuilderJVMKt                                       : loaded 2 times (x 71B)
Class kotlin.text.Regex                                                               : loaded 2 times (x 72B)
Class kotlin.LazyKt__LazyKt                                                           : loaded 2 times (x 71B)
Class kotlin.jvm.internal.ReflectionFactory                                           : loaded 2 times (x 91B)
Class kotlin.UNINITIALIZED_VALUE                                                      : loaded 2 times (x 71B)
Class org.gradle.internal.classloader.VisitableURLClassLoader$InstrumentingVisitableURLClassLoader: loaded 2 times (x 123B)
Class kotlin.comparisons.ComparisonsKt__ComparisonsKt                                 : loaded 2 times (x 71B)
Class kotlin.ranges.RangesKt__RangesKt                                                : loaded 2 times (x 71B)
Class kotlin.sequences.SequencesKt__SequencesKt                                       : loaded 2 times (x 71B)
Class [Lkotlin.reflect.jvm.internal.impl.resolve.jvm.JvmPrimitiveType;                : loaded 2 times (x 69B)
Class kotlin.collections.SetsKt___SetsKt                                              : loaded 2 times (x 71B)
Class kotlin.jvm.internal.ClassBasedDeclarationContainer                              : loaded 2 times (x 70B)
Class org.gradle.accessors.dm.LibrariesForLibs$KspLibraryAccessors                    : loaded 2 times (x 77B)
Class org.gradle.internal.classloader.VisitableURLClassLoader$Spec                    : loaded 2 times (x 74B)
Class org.gradle.internal.classpath.DefaultClassPath                                  : loaded 2 times (x 90B)
Class kotlin.comparisons.ComparisonsKt                                                : loaded 2 times (x 71B)
Class kotlin.comparisons.ComparisonsKt___ComparisonsKt                                : loaded 2 times (x 71B)
Class kotlin.sequences.FilteringSequence                                              : loaded 2 times (x 75B)
Class [Lorg.jetbrains.kotlin.build.report.metrics.GradleBuildTime;                    : loaded 2 times (x 69B)
Class org.gradle.accessors.dm.LibrariesForLibs$ComposeUiVersionAccessors              : loaded 2 times (x 75B)
Class kotlin.reflect.KType                                                            : loaded 2 times (x 70B)
Class org.gradle.accessors.dm.LibrariesForLibs$KotlinxVersionAccessors                : loaded 2 times (x 75B)
Class org.gradle.internal.classloader.ClassLoaderSpec                                 : loaded 2 times (x 71B)
Class kotlin.jvm.internal.FunctionReferenceImpl                                       : loaded 2 times (x 122B)
Class kotlin.collections.CollectionsKt___CollectionsJvmKt                             : loaded 2 times (x 71B)
Class kotlin.reflect.jvm.internal.ReflectProperties$Val$1                             : loaded 2 times (x 71B)
Class org.gradle.accessors.dm.LibrariesForLibs$AndroidxEspressoLibraryAccessors       : loaded 2 times (x 77B)
Class org.gradle.accessors.dm.LibrariesForLibs$VersionAccessors                       : loaded 2 times (x 99B)
Class kotlin.Unit                                                                     : loaded 2 times (x 71B)
Class kotlin.sequences.SequencesKt___SequencesJvmKt                                   : loaded 2 times (x 71B)
Class kotlin.TuplesKt                                                                 : loaded 2 times (x 71B)
Class org.gradle.accessors.dm.LibrariesForLibs$AndroidxBenchmarkLibraryAccessors      : loaded 2 times (x 77B)
Class kotlin.NotImplementedError                                                      : loaded 2 times (x 82B)
Class org.gradle.api.internal.classpath.Module$ModuleAlias                            : loaded 2 times (x 70B)
Class kotlin.ranges.RangesKt                                                          : loaded 2 times (x 71B)
Class Settings_gradle$1$2                                                             : loaded 2 times (x 75B)
Class org.gradle.internal.classloader.VisitableURLClassLoader                         : loaded 2 times (x 117B)
Class kotlin.collections.ArraysUtilJVM                                                : loaded 2 times (x 71B)
Class kotlin.reflect.jvm.internal.KClassImpl                                          : loaded 2 times (x 115B)
Class kotlin.jvm.functions.Function0                                                  : loaded 2 times (x 70B)
Class kotlin.reflect.jvm.internal.impl.resolve.jvm.JvmPrimitiveType                   : loaded 2 times (x 79B)
Class org.gradle.internal.Cast                                                        : loaded 2 times (x 71B)
Class org.gradle.api.Action                                                           : loaded 2 times (x 70B)
Class kotlin.jvm.functions.Function1                                                  : loaded 2 times (x 70B)
Class kotlin.jvm.functions.Function2                                                  : loaded 2 times (x 70B)
Class ijKotlinCoroutineJvmDebugInit2_8d5ef5i84wkht7ty3400srlfa$_run_closure1          : loaded 2 times (x 139B)
Class org.gradle.internal.classpath.DefaultClassPath$ImmutableUniqueList$Builder      : loaded 2 times (x 75B)
Class kotlin.jvm.functions.Function3                                                  : loaded 2 times (x 70B)
Class kotlin.collections.MapsKt___MapsJvmKt                                           : loaded 2 times (x 71B)
Class kotlin.reflect.jvm.internal.KDeclarationContainerImpl$Data                      : loaded 2 times (x 72B)
Class kotlin.collections.EmptySet                                                     : loaded 2 times (x 122B)
Class kotlin.reflect.jvm.internal.impl.builtins.PrimitiveType$Companion               : loaded 2 times (x 71B)
Class kotlin.jvm.functions.Function4                                                  : loaded 2 times (x 70B)
Class kotlin.collections.CollectionsKt___CollectionsKt                                : loaded 2 times (x 71B)
Class kotlin.reflect.jvm.internal.KClassImpl$Data                                     : loaded 2 times (x 72B)
Class org.gradle.api.GradleException                                                  : loaded 2 times (x 82B)
Class kotlin.text.StringsKt___StringsJvmKt                                            : loaded 2 times (x 71B)
Class kotlin.jvm.functions.Function5                                                  : loaded 2 times (x 70B)
Class kotlin.reflect.KDeclarationContainer                                            : loaded 2 times (x 70B)
Class org.gradle.accessors.dm.LibrariesForLibs$PlayVersionAccessors                   : loaded 2 times (x 75B)
Class org.gradle.accessors.dm.LibrariesForLibs$AndroidxComposeUiTestLibraryAccessors  : loaded 2 times (x 78B)
Class kotlin.io.FilesKt                                                               : loaded 2 times (x 71B)
Class kotlin.jvm.functions.Function6                                                  : loaded 2 times (x 70B)
Class kotlin.collections.MapsKt___MapsKt                                              : loaded 2 times (x 71B)
Class kotlin.collections.ArraysKt___ArraysKt                                          : loaded 2 times (x 71B)
Class kotlin.reflect.jvm.internal.KTypeParameterOwnerImpl                             : loaded 2 times (x 70B)
Class kotlin.jvm.functions.Function7                                                  : loaded 2 times (x 70B)
Class kotlin.collections.MapsKt__MapWithDefaultKt                                     : loaded 2 times (x 71B)
Class kotlin.reflect.jvm.internal.impl.name.Name                                      : loaded 2 times (x 75B)
Class org.gradle.accessors.dm.LibrariesForLibs$AndroidPluginAccessors                 : loaded 2 times (x 75B)
Class kotlin.text.StringsKt___StringsKt                                               : loaded 2 times (x 71B)
Class kotlin.jvm.functions.Function8                                                  : loaded 2 times (x 70B)
Class kotlin.collections.CollectionsKt__MutableCollectionsJVMKt                       : loaded 2 times (x 71B)
Class kotlin.reflect.jvm.internal.impl.name.FqNameUnsafe                              : loaded 2 times (x 72B)
Class kotlin.enums.EnumEntriesKt                                                      : loaded 2 times (x 71B)
Class org.gradle.internal.IoActions                                                   : loaded 2 times (x 71B)
Class kotlin.jvm.functions.Function10                                                 : loaded 2 times (x 70B)
Class kotlin.jvm.functions.Function9                                                  : loaded 2 times (x 70B)
Class [Lkotlin.LazyThreadSafetyMode;                                                  : loaded 2 times (x 69B)
Class [Lkotlin.reflect.KClassifier;                                                   : loaded 2 times (x 69B)
Class kotlin.reflect.jvm.internal.EmptyContainerForLocal                              : loaded 2 times (x 84B)
Class org.gradle.accessors.dm.LibrariesForLibs$NavigationVersionAccessors             : loaded 2 times (x 75B)
Class kotlin.jvm.functions.Function11                                                 : loaded 2 times (x 70B)
Class kotlin.reflect.KAnnotatedElement                                                : loaded 2 times (x 70B)
Class kotlin.jvm.internal.Intrinsics                                                  : loaded 2 times (x 71B)
Class kotlin.jvm.functions.Function12                                                 : loaded 2 times (x 70B)
Class kotlin.collections.MapsKt                                                       : loaded 2 times (x 71B)
Class kotlin.collections.CollectionsKt__IterablesKt                                   : loaded 2 times (x 71B)
Class org.gradle.accessors.dm.LibrariesForLibs$AndroidxLibraryAccessors               : loaded 2 times (x 89B)
Class kotlin.jvm.functions.Function13                                                 : loaded 2 times (x 70B)
Class kotlin.KotlinNullPointerException                                               : loaded 2 times (x 83B)
Class kotlin.ranges.RangesKt___RangesKt                                               : loaded 2 times (x 71B)
Class kotlin.jvm.functions.Function14                                                 : loaded 2 times (x 70B)
Class org.gradle.accessors.dm.LibrariesForLibs$KotlinPluginAccessors                  : loaded 2 times (x 75B)
Class org.gradle.accessors.dm.LibrariesForLibs$AndroidLibraryAccessors                : loaded 2 times (x 77B)
Class org.jetbrains.kotlin.com.intellij.openapi.diagnostic.Attachment                 : loaded 2 times (x 72B)
Class kotlin.jvm.functions.Function15                                                 : loaded 2 times (x 70B)
Class kotlin.collections.ArraysKt                                                     : loaded 2 times (x 71B)
Class kotlin.collections.SetsKt__SetsKt                                               : loaded 2 times (x 71B)
Class kotlin.jvm.functions.Function16                                                 : loaded 2 times (x 70B)
Class kotlin.LazyKt                                                                   : loaded 2 times (x 71B)
Class org.gradle.accessors.dm.LibrariesForLibs$KotlinxSerializationLibraryAccessors   : loaded 2 times (x 77B)
Class org.gradle.accessors.dm.LibrariesForLibs$ComposeCompilerLibraryAccessors        : loaded 2 times (x 77B)
Class org.gradle.accessors.dm.LibrariesForLibs$AndroidxLifecycleLibraryAccessors      : loaded 2 times (x 78B)
Class org.gradle.accessors.dm.LibrariesForLibs$SqlcipherLibraryAccessors              : loaded 2 times (x 77B)
Class kotlin.jvm.functions.Function17                                                 : loaded 2 times (x 70B)
Class kotlin.collections.ArraysKt__ArraysJVMKt                                        : loaded 2 times (x 71B)
Class org.gradle.accessors.dm.LibrariesForLibs$ComposeLibraryAccessors                : loaded 2 times (x 77B)
Class kotlin.text.StringsKt__StringBuilderKt                                          : loaded 2 times (x 71B)
Class kotlin.jvm.functions.Function18                                                 : loaded 2 times (x 70B)
Class kotlin.jvm.internal.CallableReference$NoReceiver                                : loaded 2 times (x 71B)
Class kotlin.jvm.functions.Function19                                                 : loaded 2 times (x 70B)
Class kotlin.Lazy                                                                     : loaded 2 times (x 70B)
Class kotlin.NoWhenBranchMatchedException                                             : loaded 2 times (x 82B)
Class [Lkotlin.jvm.functions.Function1;                                               : loaded 2 times (x 69B)
Class org.gradle.accessors.dm.LibrariesForLibs$AndroidxNavigationLibraryAccessors     : loaded 2 times (x 77B)
Class org.gradle.accessors.dm.LibrariesForLibs$KotlinxCoroutinesLibraryAccessors      : loaded 2 times (x 79B)
Class kotlin.jvm.internal.markers.KMappedMarker                                       : loaded 2 times (x 70B)
Class [Lkotlin.reflect.KProperty;                                                     : loaded 2 times (x 69B)
Class kotlin.text.StringsKt__StringsKt                                                : loaded 2 times (x 71B)
Class org.gradle.accessors.dm.LibrariesForLibs$AssetVersionAccessors                  : loaded 2 times (x 75B)
Class org.gradle.internal.installation.CurrentGradleInstallationLocator               : loaded 2 times (x 71B)
Class org.gradle.internal.service.DefaultServiceLocator                               : loaded 2 times (x 83B)
Class kotlin.reflect.KMutableProperty0                                                : loaded 2 times (x 70B)
Class kotlin.reflect.KClassifier                                                      : loaded 2 times (x 70B)
Class org.gradle.internal.installation.CurrentGradleInstallation                      : loaded 2 times (x 73B)
Class kotlin.reflect.KMutableProperty1                                                : loaded 2 times (x 70B)
Class org.gradle.util.internal.GUtil                                                  : loaded 2 times (x 71B)
Class kotlin.io.NoSuchFileException                                                   : loaded 2 times (x 82B)
Class kotlin.collections.CollectionsKt                                                : loaded 2 times (x 71B)
Class kotlin.reflect.KMutableProperty2                                                : loaded 2 times (x 70B)
Class org.gradle.accessors.dm.LibrariesForLibs$DatastoreLibraryAccessors              : loaded 2 times (x 77B)
Class kotlin.reflect.jvm.internal.RuntimeTypeMapper                                   : loaded 2 times (x 71B)
Class org.gradle.accessors.dm.LibrariesForLibs$AndroidxActivityLibraryAccessors       : loaded 2 times (x 77B)
Class org.gradle.internal.installation.GradleInstallation                             : loaded 2 times (x 75B)
Class org.jetbrains.kotlin.com.intellij.openapi.diagnostic.DefaultLogger              : loaded 2 times (x 100B)
Class kotlin.jvm.KotlinReflectionNotSupportedError                                    : loaded 2 times (x 82B)

---------------  S Y S T E M  ---------------

OS:
 Windows 11 , 64 bit Build 26100 (10.0.26100.8875)
OS uptime: 2 days 7:03 hours

CPU: total 8 (initial active 8) (4 cores per cpu, 2 threads per core) family 6 model 140 stepping 1 microcode 0x8a, cx8, cmov, fxsr, ht, mmx, 3dnowpref, sse, sse2, sse3, ssse3, sse4.1, sse4.2, popcnt, lzcnt, tsc, tscinvbit, avx, avx2, aes, erms, clmul, bmi1, bmi2, adx, avx512f, avx512dq, avx512cd, avx512bw, avx512vl, sha, fma, vzeroupper, avx512_vpopcntdq, avx512_vpclmulqdq, avx512_vaes, avx512_vnni, clflush, clflushopt, clwb, avx512_vbmi2, avx512_vbmi, rdtscp, rdpid, fsrm, gfni, avx512_bitalg, f16c, pku, cet_ibt, cet_ss, avx512_ifma
Processor Information for the first 8 processors :
  Max Mhz: 2419, Current Mhz: 2419, Mhz Limit: 2419

Memory: 4k page, system-wide physical 3895M (262M free)
TotalPageFile size 15671M (AvailPageFile size 141M)
current process WorkingSet (physical memory assigned to process): 408M, peak: 434M
current process commit charge ("private bytes"): 947M, peak: 1298M

vm_info: OpenJDK 64-Bit Server VM (21.0.10+-14961533-b1163.108) for windows-amd64 JRE (21.0.10+-14961533-b1163.108), built on 2026-03-02T19:58:50Z by "builder" with MS VC++ 16.10 / 16.11 (VS2019)

END.
