#
# There is insufficient memory for the Java Runtime Environment to continue.
# Native memory allocation (mmap) failed to map 1283457024 bytes. Error detail: G1 virtual space
# Possible reasons:
#   The system is out of physical RAM or swap space
#   This process is running with CompressedOops enabled, and the Java Heap may be blocking the growth of the native heap
# Possible solutions:
#   Reduce memory load on the system
#   Increase physical memory or swap space
#   Check if swap backing store is full
#   Decrease Java heap size (-Xmx/-Xms)
#   Decrease number of Java threads
#   Decrease Java thread stack sizes (-Xss)
#   Set larger code cache with -XX:ReservedCodeCacheSize=
#   JVM is running with Zero Based Compressed Oops mode in which the Java heap is
#     placed in the first 32GB address space. The Java Heap base address is the
#     maximum limit for the native heap growth. Please use -XX:HeapBaseMinAddress
#     to set the Java Heap base and to place the Java Heap above 32GB virtual address.
# This output file may be truncated or incomplete.
#
#  Out of Memory Error (os_windows.cpp:3583), pid=16020, tid=3156
#
# JRE version: Java(TM) SE Runtime Environment (26.0.1+8) (build 26.0.1+8-34)
# Java VM: Java HotSpot(TM) 64-Bit Server VM (26.0.1+8-34, mixed mode, sharing, tiered, compressed oops, compressed class ptrs, g1 gc, windows-amd64)
# No core dump will be written. Minidumps are not enabled by default on client versions of Windows
#

---------------  S U M M A R Y ------------

Command Line: --add-opens=java.base/java.lang=ALL-UNNAMED --add-opens=java.base/java.lang.invoke=ALL-UNNAMED --add-opens=java.base/java.util=ALL-UNNAMED --add-opens=java.prefs/java.util.prefs=ALL-UNNAMED --add-exports=jdk.compiler/com.sun.tools.javac.api=ALL-UNNAMED --add-exports=jdk.compiler/com.sun.tools.javac.util=ALL-UNNAMED --add-opens=java.base/java.util=ALL-UNNAMED --add-opens=java.prefs/java.util.prefs=ALL-UNNAMED --add-opens=java.base/java.nio.charset=ALL-UNNAMED --add-opens=java.base/java.net=ALL-UNNAMED --add-opens=java.base/java.util.concurrent=ALL-UNNAMED --add-opens=java.base/java.util.concurrent.atomic=ALL-UNNAMED --add-opens=java.xml/javax.xml.namespace=ALL-UNNAMED --add-opens=java.base/java.time=ALL-UNNAMED --enable-native-access=ALL-UNNAMED -XX:MaxMetaspaceSize=512m -XX:+HeapDumpOnOutOfMemoryError -Xmx4096m -Dfile.encoding=UTF-8 -Duser.country=US -Duser.language=en -Duser.variant -javaagent:C:\Users\lenovo\.gradle\wrapper\dists\gradle-9.4.1-bin\arn2x92ynaizyzdaamcbpbhtj\gradle-9.4.1\lib\agents\gradle-instrumentation-agent-9.4.1.jar org.gradle.launcher.daemon.bootstrap.GradleDaemon 9.4.1

Host: 11th Gen Intel(R) Core(TM) i5-1135G7 @ 2.40GHz, 8 cores, 3G,  Windows 11 , 64 bit Build 26100 (10.0.26100.8737)
Time: Tue Jul 14 20:44:30 2026 E. Africa Standard Time elapsed time: 219.508472 seconds (0d 0h 3m 39s)

---------------  T H R E A D  ---------------

Current thread (0x0000016f3d6954a0):  VMThread "VM Thread"          [id=3156, stack(0x0000002819800000,0x0000002819900000) (1024K)]

Stack: [0x0000002819800000,0x0000002819900000]
Native frames: (J=compiled Java code, j=interpreted, Vv=VM code, C=native code)
V  [jvm.dll+0x7d5879]  (no source info available)
V  [jvm.dll+0x7a37dd]  (no source info available)
V  [jvm.dll+0x9b0c10]  (no source info available)
V  [jvm.dll+0x9b3061]  (no source info available)
V  [jvm.dll+0x9b3773]  (no source info available)
V  [jvm.dll+0x30df76]  (no source info available)
V  [jvm.dll+0x7d4d45]  (no source info available)
V  [jvm.dll+0x7c7f07]  (no source info available)
V  [jvm.dll+0x4087e8]  (no source info available)
V  [jvm.dll+0x410b56]  (no source info available)
V  [jvm.dll+0x3fcef4]  (no source info available)
V  [jvm.dll+0x3fd1e5]  (no source info available)
V  [jvm.dll+0x3d3b6f]  (no source info available)
V  [jvm.dll+0x3d6ddc]  (no source info available)
V  [jvm.dll+0x4223ec]  (no source info available)
V  [jvm.dll+0x420d33]  (no source info available)
V  [jvm.dll+0x3d3308]  (no source info available)
V  [jvm.dll+0x4200f3]  (no source info available)
V  [jvm.dll+0x9b9c21]  (no source info available)
V  [jvm.dll+0x9babeb]  (no source info available)
V  [jvm.dll+0x9bb0fc]  (no source info available)
V  [jvm.dll+0x9bb579]  (no source info available)
V  [jvm.dll+0x9bb823]  (no source info available)
V  [jvm.dll+0x94f649]  (no source info available)
V  [jvm.dll+0x7d7358]  (no source info available)
C  [ucrtbase.dll+0x2cd30]  (no source info available)
C  [KERNEL32.DLL+0x2e957]  (no source info available)
C  [ntdll.dll+0xaad6c]  (no source info available)

VM_Operation (0x000000281d5fe178): G1CollectForAllocation, mode: safepoint, requested by thread 0x0000016f477f0770


---------------  P R O C E S S  ---------------

Threads class SMR info:
_java_thread_list=0x0000016f46664660, length=59, elements={
0x0000016f1d3e7630, 0x0000016f3d6a64a0, 0x0000016f3d6a6da0, 0x0000016f3d6b1130,
0x0000016f3d6b1e30, 0x0000016f3d6b5570, 0x0000016f3d6def10, 0x0000016f3d6e8f90,
0x0000016f3d6e9790, 0x0000016f3d8c9990, 0x0000016f3d99eef0, 0x0000016f422fa9e0,
0x0000016f43a8b7e0, 0x0000016f427d7e40, 0x0000016f4401f7a0, 0x0000016f428f5d70,
0x0000016f428b1d50, 0x0000016f428b1580, 0x0000016f428b0db0, 0x0000016f428b63a0,
0x0000016f428b3c90, 0x0000016f428b6b70, 0x0000016f443a0ab0, 0x0000016f4439e3a0,
0x0000016f443a31c0, 0x0000016f443a3990, 0x0000016f443a4930, 0x0000016f443a58d0,
0x0000016f44cbd490, 0x0000016f44cbb550, 0x0000016f44cbc4f0, 0x0000016f44cbccc0,
0x0000016f44cc1310, 0x0000016f44cbf3d0, 0x0000016f44cc0b40, 0x0000016f4450c510,
0x0000016f4450dc80, 0x0000016f4450e450, 0x0000016f4450ec20, 0x0000016f4450cce0,
0x0000016f4450bd40, 0x0000016f44512aa0, 0x0000016f457da5f0, 0x0000016f457dbd60,
0x0000016f457dc530, 0x0000016f44b9b7f0, 0x0000016f44b9eea0, 0x0000016f44b9bfc0,
0x0000016f44b9f670, 0x0000016f44b9fe40, 0x0000016f44ba0610, 0x0000016f44ba0de0,
0x0000016f44b9df00, 0x0000016f477ed890, 0x0000016f477ef000, 0x0000016f477eb950,
0x0000016f477f0770, 0x0000016f477f0f40, 0x0000016f477f1710
}

Java Threads: ( => current thread )
  0x0000016f1d3e7630 JavaThread "main"                              [_thread_blocked, id=10252, stack(0x0000002819000000,0x0000002819100000) (1024K)]
  0x0000016f3d6a64a0 JavaThread "Reference Handler"          daemon [_thread_blocked, id=15480, stack(0x0000002819900000,0x0000002819a00000) (1024K)]
  0x0000016f3d6a6da0 JavaThread "Finalizer"                  daemon [_thread_blocked, id=11028, stack(0x0000002819a00000,0x0000002819b00000) (1024K)]
  0x0000016f3d6b1130 JavaThread "Signal Dispatcher"          daemon [_thread_blocked, id=10100, stack(0x0000002819b00000,0x0000002819c00000) (1024K)]
  0x0000016f3d6b1e30 JavaThread "Attach Listener"            daemon [_thread_blocked, id=10348, stack(0x0000002819c00000,0x0000002819d00000) (1024K)]
  0x0000016f3d6b5570 JavaThread "Service Thread"             daemon [_thread_blocked, id=3908, stack(0x0000002819d00000,0x0000002819e00000) (1024K)]
  0x0000016f3d6def10 JavaThread "Monitor Deflation Thread"   daemon [_thread_blocked, id=10352, stack(0x0000002819e00000,0x0000002819f00000) (1024K)]
  0x0000016f3d6e8f90 JavaThread "C2 CompilerThread0"         daemon [_thread_blocked, id=16236, stack(0x0000002819f00000,0x000000281a000000) (1024K)]
  0x0000016f3d6e9790 JavaThread "C1 CompilerThread0"         daemon [_thread_blocked, id=14624, stack(0x000000281a000000,0x000000281a100000) (1024K)]
  0x0000016f3d8c9990 JavaThread "Common-Cleaner"             daemon [_thread_blocked, id=11204, stack(0x000000281a100000,0x000000281a200000) (1024K)]
  0x0000016f3d99eef0 JavaThread "Notification Thread"        daemon [_thread_blocked, id=13964, stack(0x000000281a200000,0x000000281a300000) (1024K)]
  0x0000016f422fa9e0 JavaThread "Daemon health stats"               [_thread_blocked, id=13792, stack(0x000000281a500000,0x000000281a600000) (1024K)]
  0x0000016f43a8b7e0 JavaThread "Incoming local TCP Connector on port 54730"        [_thread_in_native, id=14144, stack(0x000000281a800000,0x000000281a900000) (1024K)]
  0x0000016f427d7e40 JavaThread "Daemon periodic checks"            [_thread_blocked, id=15400, stack(0x000000281a900000,0x000000281aa00000) (1024K)]
  0x0000016f4401f7a0 JavaThread "InnocuousThread-1"          daemon [_thread_blocked, id=14000, stack(0x000000281aa00000,0x000000281ab00000) (1024K)]
  0x0000016f428f5d70 JavaThread "Daemon"                            [_thread_blocked, id=10504, stack(0x000000281ab00000,0x000000281ac00000) (1024K)]
  0x0000016f428b1d50 JavaThread "Handler for socket connection from /127.0.0.1:54730 to /127.0.0.1:54731"        [_thread_in_native, id=12724, stack(0x000000281ac00000,0x000000281ad00000) (1024K)]
  0x0000016f428b1580 JavaThread "Cancel handler"                    [_thread_blocked, id=13260, stack(0x000000281ad00000,0x000000281ae00000) (1024K)]
  0x0000016f428b0db0 JavaThread "Daemon worker"                     [_thread_blocked, id=15768, stack(0x000000281ae00000,0x000000281af00000) (1024K)]
  0x0000016f428b63a0 JavaThread "Asynchronous log dispatcher for DefaultDaemonConnection: socket connection from /127.0.0.1:54730 to /127.0.0.1:54731"        [_thread_blocked, id=5108, stack(0x000000281af00000,0x000000281b000000) (1024K)]
  0x0000016f428b3c90 JavaThread "Stdin handler"                     [_thread_blocked, id=1732, stack(0x000000281b000000,0x000000281b100000) (1024K)]
  0x0000016f428b6b70 JavaThread "Daemon client event forwarder"        [_thread_blocked, id=11692, stack(0x000000281b100000,0x000000281b200000) (1024K)]
  0x0000016f443a0ab0 JavaThread "Cache worker for journal cache (C:\Users\lenovo\.gradle\caches\journal-1)"        [_thread_blocked, id=580, stack(0x000000281b600000,0x000000281b700000) (1024K)]
  0x0000016f4439e3a0 JavaThread "File lock request listener"        [_thread_in_native, id=4140, stack(0x000000281b700000,0x000000281b800000) (1024K)]
  0x0000016f443a31c0 JavaThread "Cache worker for file hash cache (C:\Users\lenovo\.gradle\caches\9.4.1\fileHashes)"        [_thread_blocked, id=14080, stack(0x000000281b800000,0x000000281b900000) (1024K)]
  0x0000016f443a3990 JavaThread "Cache worker for file hash cache (C:\Users\lenovo\Projects\Transport simulation\TransportsimAndroid\.gradle\9.4.1\fileHashes)"        [_thread_blocked, id=1964, stack(0x000000281b900000,0x000000281ba00000) (1024K)]
  0x0000016f443a4930 JavaThread "Cache worker for Build Output Cleanup Cache (C:\Users\lenovo\Projects\Transport simulation\TransportsimAndroid\.gradle\buildOutputCleanup)"        [_thread_blocked, id=8080, stack(0x000000281ba00000,0x000000281bb00000) (1024K)]
  0x0000016f443a58d0 JavaThread "File watcher server"        daemon [_thread_blocked, id=15264, stack(0x000000281bb00000,0x000000281bc00000) (1024K)]
  0x0000016f44cbd490 JavaThread "File watcher consumer"      daemon [_thread_blocked, id=13488, stack(0x000000281bc00000,0x000000281bd00000) (1024K)]
  0x0000016f44cbb550 JavaThread "Cache worker for file content cache (C:\Users\lenovo\.gradle\caches\9.4.1\fileContent)"        [_thread_blocked, id=13892, stack(0x000000281bd00000,0x000000281be00000) (1024K)]
  0x0000016f44cbc4f0 JavaThread "Cache worker for checksums cache (C:\Users\lenovo\Projects\Transport simulation\TransportsimAndroid\.gradle\9.4.1\checksums)"        [_thread_blocked, id=13136, stack(0x000000281be00000,0x000000281bf00000) (1024K)]
  0x0000016f44cbccc0 JavaThread "Cache worker for cache directory md-supplier (C:\Users\lenovo\.gradle\caches\9.4.1\md-supplier)"        [_thread_blocked, id=3148, stack(0x0000002818d00000,0x0000002818e00000) (1024K)]
  0x0000016f44cc1310 JavaThread "Cache worker for cache directory md-rule (C:\Users\lenovo\.gradle\caches\9.4.1\md-rule)"        [_thread_blocked, id=12116, stack(0x0000002818e00000,0x0000002818f00000) (1024K)]
  0x0000016f44cbf3d0 JavaThread "Cache worker for Build Output Cleanup Cache (C:\Users\lenovo\Projects\Transport simulation\TransportsimAndroid\build-logic\.gradle\buildOutputCleanup)"        [_thread_blocked, id=5304, stack(0x0000002818f00000,0x0000002819000000) (1024K)]
  0x0000016f44cc0b40 JavaThread "Build operations"                  [_thread_blocked, id=2940, stack(0x000000281bf00000,0x000000281c000000) (1024K)]
  0x0000016f4450c510 JavaThread "Build operations Thread 2"         [_thread_blocked, id=1700, stack(0x000000281c000000,0x000000281c100000) (1024K)]
  0x0000016f4450dc80 JavaThread "Build operations Thread 3"         [_thread_blocked, id=12924, stack(0x000000281c100000,0x000000281c200000) (1024K)]
  0x0000016f4450e450 JavaThread "Build operations Thread 4"         [_thread_blocked, id=3644, stack(0x000000281c200000,0x000000281c300000) (1024K)]
  0x0000016f4450ec20 JavaThread "Build operations Thread 5"         [_thread_blocked, id=15900, stack(0x000000281c300000,0x000000281c400000) (1024K)]
  0x0000016f4450cce0 JavaThread "Build operations Thread 6"         [_thread_blocked, id=6332, stack(0x000000281c400000,0x000000281c500000) (1024K)]
  0x0000016f4450bd40 JavaThread "Build operations Thread 7"         [_thread_blocked, id=3352, stack(0x000000281c500000,0x000000281c600000) (1024K)]
  0x0000016f44512aa0 JavaThread "Build operations Thread 8"         [_thread_blocked, id=12912, stack(0x000000281c600000,0x000000281c700000) (1024K)]
  0x0000016f457da5f0 JavaThread "Memory manager"                    [_thread_blocked, id=8112, stack(0x000000281c700000,0x000000281c800000) (1024K)]
  0x0000016f457dbd60 JavaThread "build event listener"              [_thread_blocked, id=15604, stack(0x000000281c800000,0x000000281c900000) (1024K)]
  0x0000016f457dc530 JavaThread "build event listener"              [_thread_blocked, id=4816, stack(0x000000281c900000,0x000000281ca00000) (1024K)]
  0x0000016f44b9b7f0 JavaThread "included builds"                   [_thread_blocked, id=4332, stack(0x000000281cb00000,0x000000281cc00000) (1024K)]
  0x0000016f44b9eea0 JavaThread "Execution worker"                  [_thread_blocked, id=3328, stack(0x000000281cc00000,0x000000281cd00000) (1024K)]
  0x0000016f44b9bfc0 JavaThread "Execution worker Thread 2"         [_thread_blocked, id=8828, stack(0x000000281cd00000,0x000000281ce00000) (1024K)]
  0x0000016f44b9f670 JavaThread "Execution worker Thread 3"         [_thread_blocked, id=2636, stack(0x000000281ce00000,0x000000281cf00000) (1024K)]
  0x0000016f44b9fe40 JavaThread "Execution worker Thread 4"         [_thread_blocked, id=8580, stack(0x000000281cf00000,0x000000281d000000) (1024K)]
  0x0000016f44ba0610 JavaThread "Execution worker Thread 5"         [_thread_blocked, id=13180, stack(0x000000281d000000,0x000000281d100000) (1024K)]
  0x0000016f44ba0de0 JavaThread "Execution worker Thread 6"         [_thread_blocked, id=7420, stack(0x000000281d100000,0x000000281d200000) (1024K)]
  0x0000016f44b9df00 JavaThread "Execution worker Thread 7"         [_thread_blocked, id=16188, stack(0x000000281d200000,0x000000281d300000) (1024K)]
  0x0000016f477ed890 JavaThread "Cache worker for execution history cache (C:\Users\lenovo\Projects\Transport simulation\TransportsimAndroid\build-logic\.gradle\9.4.1\executionHistory)"        [_thread_blocked, id=11680, stack(0x000000281d300000,0x000000281d400000) (1024K)]
  0x0000016f477ef000 JavaThread "pool-1-thread-1"                   [_thread_blocked, id=8816, stack(0x000000281ca00000,0x000000281cb00000) (1024K)]
  0x0000016f477eb950 JavaThread "pool-1-thread-4"                   [_thread_blocked, id=12372, stack(0x000000281d400000,0x000000281d500000) (1024K)]
  0x0000016f477f0770 JavaThread "pool-1-thread-5"                   [_thread_blocked, id=14800, stack(0x000000281d500000,0x000000281d600000) (1024K)]
  0x0000016f477f0f40 JavaThread "pool-1-thread-3"                   [_thread_blocked, id=10024, stack(0x000000281d600000,0x000000281d700000) (1024K)]
  0x0000016f477f1710 JavaThread "pool-1-thread-2"                   [_thread_blocked, id=9488, stack(0x000000281d700000,0x000000281d800000) (1024K)]
Total: 59

Other Threads:
=>0x0000016f3d6954a0 VMThread "VM Thread"                           [id=3156, stack(0x0000002819800000,0x0000002819900000) (1024K)]
  0x0000016f3d685530 WatcherThread "VM Periodic Task Thread"        [id=15956, stack(0x0000002819700000,0x0000002819800000) (1024K)]
  0x0000016f1d436520 WorkerThread "GC Thread#0"                     [id=14324, stack(0x0000002819100000,0x0000002819200000) (1024K)]
  0x0000016f3d9ea8c0 WorkerThread "GC Thread#1"                     [id=15172, stack(0x000000281a300000,0x000000281a400000) (1024K)]
  0x0000016f42c15eb0 WorkerThread "GC Thread#2"                     [id=12804, stack(0x000000281a600000,0x000000281a700000) (1024K)]
  0x0000016f423ae8e0 WorkerThread "GC Thread#3"                     [id=14968, stack(0x000000281a700000,0x000000281a800000) (1024K)]
  0x0000016f3d944e50 WorkerThread "GC Thread#4"                     [id=13532, stack(0x000000281b200000,0x000000281b300000) (1024K)]
  0x0000016f3d9456f0 WorkerThread "GC Thread#5"                     [id=8688, stack(0x000000281b300000,0x000000281b400000) (1024K)]
  0x0000016f3d944a00 WorkerThread "GC Thread#6"                     [id=14308, stack(0x000000281b400000,0x000000281b500000) (1024K)]
  0x0000016f3d946c80 WorkerThread "GC Thread#7"                     [id=15036, stack(0x000000281b500000,0x000000281b600000) (1024K)]
  0x0000016f1d451440 ConcurrentGCThread "G1 Main Marker"            [id=14224, stack(0x0000002819200000,0x0000002819300000) (1024K)]
  0x0000016f1d452760 WorkerThread "G1 Conc#0"                       [id=16072, stack(0x0000002819300000,0x0000002819400000) (1024K)]
  0x0000016f4372c410 WorkerThread "G1 Conc#1"                       [id=14440, stack(0x000000281a400000,0x000000281a500000) (1024K)]
  0x0000016f1d490cf0 WorkerThread "G1 Refinement Workers#0"         [id=8164, stack(0x0000002819500000,0x0000002819600000) (1024K)]
  0x0000016f1d48c210 ConcurrentGCThread "G1 Refine Control"         [id=16184, stack(0x0000002819400000,0x0000002819500000) (1024K)]
  0x0000016f1d4934c0 ConcurrentGCThread "G1 Service"                [id=6488, stack(0x0000002819600000,0x0000002819700000) (1024K)]
Total: 16

Threads with active compile tasks:
C2 CompilerThread0  221492 11368   !   4       org.jetbrains.kotlin.metadata.ProtoBuf$Type::<init> (976 bytes)
C1 CompilerThread0  221493 11464       3       org.jetbrains.kotlin.name.FqNameUnsafe::shortName (61 bytes)
Total: 2

VM state: at safepoint (normal execution)

VM Mutex/Monitor currently owned by a thread:  ([mutex/lock_event])
[0x00007ffd96c3ed08] Threads_lock - owner thread: 0x0000016f3d6954a0
[0x00007ffd96c3ef88] Heap_lock - owner thread: 0x0000016f477f0770

Heap address: 0x0000000700000000, size: 4096 MB, Compressed Oops mode: Zero based, Oop shift amount: 3

CDS archive(s) mapped at: [0x00000000d0000000-0x00000000d0de0000-0x00000000d0de0000), size 14548992, SharedBaseAddress: 0x00000000d0000000, ArchiveRelocationMode: 1.
Compressed class space mapped at: 0x00000000d1000000-0x00000000eb000000, reserved size: 436207616
UseCompressedClassPointers 1, UseCompactObjectHeaders 0
Narrow klass pointer bits 32, Max shift 3
Narrow klass base: 0x00000000d0000000, Narrow klass shift: 0
Encoding Range: [0x00000000d0000000 - 0x00000001d0000000), (4294967296 bytes)
Klass Range:    [0x00000000d0000000 - 0x00000000eb000000), (452984832 bytes)
Klass ID Range:  [8 - 452984825) (452984817)
Protection zone: [0x00000000d0000000 - 0x00000000d0010000), (65536 bytes)

GC Precious Log:
 CardTable entry size: 512
 Card Set container configuration: InlinePtr #cards 4 size 8 Array Of Cards #cards 16 size 48 Howl #buckets 8 coarsen threshold 3686 Howl Bitmap #cards 512 size 80 coarsen threshold 460 Card regions per heap region 1 cards per card region 4096
 CPUs: 8 total, 8 available
 Memory: 3895M
 Large Page Support: Disabled
 NUMA Support: Disabled
 Compressed Oops: Enabled (Zero based)
 Heap Region Size: 2M
 Heap Min Capacity: 8M
 Heap Initial Capacity: 8M
 Heap Max Capacity: 4G
 Pre-touch: Disabled
 Parallel Workers: 8
 Concurrent Workers: 2
 Concurrent Refinement Workers: 8
 Periodic GC: Disabled

Heap:
 garbage-first heap   total reserved 4194304K, committed 626688K, used 112756K [0x0000000700000000, 0x0000000800000000)
  region size 2M, 0 eden (0M), 1 survivor (2M), 46 old (92M), 9 humongous (18M), 250 free (500M)

Heap Regions: E=young(eden), S=young(survivor), O=old, HS=humongous(starts), HC=humongous(continues), CS=collection set, F=free, TAMS=top-at-mark-start, PB=parsable bottom
|    0|0x0000000700000000, 0x0000000700200000, 0x0000000700200000|100%|HS|  |TAMS 0x0000000700000000| PB 0x0000000700000000| Complete  |  0
|    1|0x0000000700200000, 0x0000000700400000, 0x0000000700400000|100%|HC|  |TAMS 0x0000000700200000| PB 0x0000000700200000| Complete  |  0
|    2|0x0000000700400000, 0x0000000700600000, 0x0000000700600000|100%| O|  |TAMS 0x0000000700400000| PB 0x0000000700400000| Untracked |  0
|    3|0x0000000700600000, 0x0000000700800000, 0x0000000700800000|100%| O|  |TAMS 0x0000000700600000| PB 0x0000000700600000| Untracked |  0
|    4|0x0000000700800000, 0x0000000700a00000, 0x0000000700a00000|100%| O|  |TAMS 0x0000000700800000| PB 0x0000000700800000| Untracked |  0
|    5|0x0000000700a00000, 0x0000000700c00000, 0x0000000700c00000|100%| O|  |TAMS 0x0000000700a00000| PB 0x0000000700a00000| Untracked |  0
|    6|0x0000000700c00000, 0x0000000700e00000, 0x0000000700e00000|100%| O|  |TAMS 0x0000000700c00000| PB 0x0000000700c00000| Untracked |  0
|    7|0x0000000700e00000, 0x0000000701000000, 0x0000000701000000|100%| O|  |TAMS 0x0000000700e00000| PB 0x0000000700e00000| Untracked |  0
|    8|0x0000000701000000, 0x0000000701200000, 0x0000000701200000|100%| O|  |TAMS 0x0000000701000000| PB 0x0000000701000000| Untracked |  0
|    9|0x0000000701200000, 0x0000000701400000, 0x0000000701400000|100%| O|  |TAMS 0x0000000701200000| PB 0x0000000701200000| Untracked |  0
|   10|0x0000000701400000, 0x0000000701600000, 0x0000000701600000|100%| O|  |TAMS 0x0000000701400000| PB 0x0000000701400000| Untracked |  0
|   11|0x0000000701600000, 0x0000000701800000, 0x0000000701800000|100%| O|  |TAMS 0x0000000701600000| PB 0x0000000701600000| Untracked |  0
|   12|0x0000000701800000, 0x0000000701a00000, 0x0000000701a00000|100%| O|  |TAMS 0x0000000701800000| PB 0x0000000701800000| Untracked |  0
|   13|0x0000000701a00000, 0x0000000701c00000, 0x0000000701c00000|100%| O|  |TAMS 0x0000000701a00000| PB 0x0000000701a00000| Untracked |  0
|   14|0x0000000701c00000, 0x0000000701e00000, 0x0000000701e00000|100%| O|  |TAMS 0x0000000701c00000| PB 0x0000000701c00000| Untracked |  0
|   15|0x0000000701e00000, 0x0000000702000000, 0x0000000702000000|100%| O|  |TAMS 0x0000000701e00000| PB 0x0000000701e00000| Untracked |  0
|   16|0x0000000702000000, 0x0000000702200000, 0x0000000702200000|100%| O|  |TAMS 0x0000000702000000| PB 0x0000000702000000| Untracked |  0
|   17|0x0000000702200000, 0x0000000702400000, 0x0000000702400000|100%| O|  |TAMS 0x0000000702200000| PB 0x0000000702200000| Untracked |  0
|   18|0x0000000702400000, 0x0000000702600000, 0x0000000702600000|100%| O|  |TAMS 0x0000000702400000| PB 0x0000000702400000| Untracked |  0
|   19|0x0000000702600000, 0x0000000702800000, 0x0000000702800000|100%| O|  |TAMS 0x0000000702600000| PB 0x0000000702600000| Untracked |  0
|   20|0x0000000702800000, 0x0000000702a00000, 0x0000000702a00000|100%|HS|  |TAMS 0x0000000702800000| PB 0x0000000702800000| Complete  |  0
|   21|0x0000000702a00000, 0x0000000702c00000, 0x0000000702c00000|100%|HS|  |TAMS 0x0000000702a00000| PB 0x0000000702a00000| Complete  |  0
|   22|0x0000000702c00000, 0x0000000702e00000, 0x0000000702e00000|100%| O|  |TAMS 0x0000000702c00000| PB 0x0000000702c00000| Untracked |  0
|   23|0x0000000702e00000, 0x0000000703000000, 0x0000000703000000|100%| O|  |TAMS 0x0000000702e00000| PB 0x0000000702e00000| Untracked |  0
|   24|0x0000000703000000, 0x0000000703200000, 0x0000000703200000|100%| O|  |TAMS 0x0000000703000000| PB 0x0000000703000000| Untracked |  0
|   25|0x0000000703200000, 0x0000000703400000, 0x0000000703400000|100%| O|  |TAMS 0x0000000703200000| PB 0x0000000703200000| Untracked |  0
|   26|0x0000000703400000, 0x0000000703600000, 0x0000000703600000|100%| O|  |TAMS 0x0000000703400000| PB 0x0000000703400000| Untracked |  0
|   27|0x0000000703600000, 0x0000000703800000, 0x0000000703800000|100%| O|  |TAMS 0x0000000703600000| PB 0x0000000703600000| Untracked |  0
|   28|0x0000000703800000, 0x0000000703a00000, 0x0000000703a00000|100%| O|  |TAMS 0x0000000703800000| PB 0x0000000703800000| Untracked |  0
|   29|0x0000000703a00000, 0x0000000703c00000, 0x0000000703c00000|100%|HS|  |TAMS 0x0000000703a00000| PB 0x0000000703a00000| Complete  |  0
|   30|0x0000000703c00000, 0x0000000703e00000, 0x0000000703e00000|100%|HC|  |TAMS 0x0000000703c00000| PB 0x0000000703c00000| Complete  |  0
|   31|0x0000000703e00000, 0x0000000704000000, 0x0000000704000000|100%|HS|  |TAMS 0x0000000703e00000| PB 0x0000000703e00000| Complete  |  0
|   32|0x0000000704000000, 0x0000000704200000, 0x0000000704200000|100%|HC|  |TAMS 0x0000000704000000| PB 0x0000000704000000| Complete  |  0
|   33|0x0000000704200000, 0x0000000704400000, 0x0000000704400000|100%|HC|  |TAMS 0x0000000704200000| PB 0x0000000704200000| Complete  |  0
|   34|0x0000000704400000, 0x0000000704600000, 0x0000000704600000|100%| O|  |TAMS 0x0000000704400000| PB 0x0000000704400000| Untracked |  0
|   35|0x0000000704600000, 0x0000000704800000, 0x0000000704800000|100%| O|  |TAMS 0x0000000704600000| PB 0x0000000704600000| Untracked |  0
|   36|0x0000000704800000, 0x0000000704a00000, 0x0000000704a00000|100%| O|  |TAMS 0x0000000704800000| PB 0x0000000704800000| Untracked |  0
|   37|0x0000000704a00000, 0x0000000704c00000, 0x0000000704c00000|100%| O|  |TAMS 0x0000000704a00000| PB 0x0000000704a00000| Untracked |  0
|   38|0x0000000704c00000, 0x0000000704e00000, 0x0000000704e00000|100%| O|  |TAMS 0x0000000704c00000| PB 0x0000000704c00000| Untracked |  0
|   39|0x0000000704e00000, 0x0000000705000000, 0x0000000705000000|100%| O|  |TAMS 0x0000000704e00000| PB 0x0000000704e00000| Untracked |  0
|   40|0x0000000705000000, 0x0000000705200000, 0x0000000705200000|100%| O|  |TAMS 0x0000000705000000| PB 0x0000000705000000| Untracked |  0
|   41|0x0000000705200000, 0x0000000705400000, 0x0000000705400000|100%| O|  |TAMS 0x0000000705200000| PB 0x0000000705200000| Untracked |  0
|   42|0x0000000705400000, 0x0000000705600000, 0x0000000705600000|100%| O|  |TAMS 0x0000000705400000| PB 0x0000000705400000| Untracked |  0
|   43|0x0000000705600000, 0x0000000705800000, 0x0000000705800000|100%| O|  |TAMS 0x0000000705600000| PB 0x0000000705600000| Untracked |  0
|   44|0x0000000705800000, 0x0000000705a00000, 0x0000000705a00000|100%| O|  |TAMS 0x0000000705800000| PB 0x0000000705800000| Untracked |  0
|   45|0x0000000705a00000, 0x0000000705c00000, 0x0000000705c00000|100%| O|  |TAMS 0x0000000705a00000| PB 0x0000000705a00000| Untracked |  0
|   46|0x0000000705c00000, 0x0000000705e00000, 0x0000000705e00000|100%| O|  |TAMS 0x0000000705c00000| PB 0x0000000705c00000| Untracked |  0
|   47|0x0000000705e00000, 0x0000000706000000, 0x0000000706000000|100%| O|  |TAMS 0x0000000705e00000| PB 0x0000000705e00000| Untracked |  0
|   48|0x0000000706000000, 0x0000000706200000, 0x0000000706200000|100%| O|  |TAMS 0x0000000706000000| PB 0x0000000706000000| Untracked |  0
|   49|0x0000000706200000, 0x0000000706400000, 0x0000000706400000|100%| O|  |TAMS 0x0000000706200000| PB 0x0000000706200000| Untracked |  0
|   50|0x0000000706400000, 0x0000000706600000, 0x0000000706600000|100%| O|  |TAMS 0x0000000706400000| PB 0x0000000706400000| Untracked |  0
|   51|0x0000000706600000, 0x0000000706800000, 0x0000000706800000|100%| O|  |TAMS 0x0000000706600000| PB 0x0000000706600000| Untracked |  0
|   52|0x0000000706800000, 0x0000000706a00000, 0x0000000706a00000|100%| O|  |TAMS 0x0000000706800000| PB 0x0000000706800000| Untracked |  0
|   53|0x0000000706a00000, 0x0000000706b41f20, 0x0000000706c00000| 62%| O|  |TAMS 0x0000000706a00000| PB 0x0000000706a00000| Untracked |  0
|   54|0x0000000706c00000, 0x0000000706c00000, 0x0000000706e00000|  0%| F|  |TAMS 0x0000000706c00000| PB 0x0000000706c00000| Untracked |  0
|   55|0x0000000706e00000, 0x0000000706e00000, 0x0000000707000000|  0%| F|  |TAMS 0x0000000706e00000| PB 0x0000000706e00000| Untracked |  0
|   56|0x0000000707000000, 0x0000000707000000, 0x0000000707200000|  0%| F|  |TAMS 0x0000000707000000| PB 0x0000000707000000| Untracked |  0
|   57|0x0000000707200000, 0x0000000707200000, 0x0000000707400000|  0%| F|  |TAMS 0x0000000707200000| PB 0x0000000707200000| Untracked |  0
|   58|0x0000000707400000, 0x0000000707400000, 0x0000000707600000|  0%| F|  |TAMS 0x0000000707400000| PB 0x0000000707400000| Untracked |  0
|   59|0x0000000707600000, 0x0000000707600000, 0x0000000707800000|  0%| F|  |TAMS 0x0000000707600000| PB 0x0000000707600000| Untracked |  0
|   60|0x0000000707800000, 0x0000000707800000, 0x0000000707a00000|  0%| F|  |TAMS 0x0000000707800000| PB 0x0000000707800000| Untracked |  0
|   61|0x0000000707a00000, 0x0000000707a00000, 0x0000000707c00000|  0%| F|  |TAMS 0x0000000707a00000| PB 0x0000000707a00000| Untracked |  0
|   62|0x0000000707c00000, 0x0000000707c00000, 0x0000000707e00000|  0%| F|  |TAMS 0x0000000707c00000| PB 0x0000000707c00000| Untracked |  0
|   63|0x0000000707e00000, 0x0000000707e00000, 0x0000000708000000|  0%| F|  |TAMS 0x0000000707e00000| PB 0x0000000707e00000| Untracked |  0
|   64|0x0000000708000000, 0x0000000708000000, 0x0000000708200000|  0%| F|  |TAMS 0x0000000708000000| PB 0x0000000708000000| Untracked |  0
|   65|0x0000000708200000, 0x0000000708200000, 0x0000000708400000|  0%| F|  |TAMS 0x0000000708200000| PB 0x0000000708200000| Untracked |  0
|   66|0x0000000708400000, 0x0000000708400000, 0x0000000708600000|  0%| F|  |TAMS 0x0000000708400000| PB 0x0000000708400000| Untracked |  0
|   67|0x0000000708600000, 0x0000000708600000, 0x0000000708800000|  0%| F|  |TAMS 0x0000000708600000| PB 0x0000000708600000| Untracked |  0
|   68|0x0000000708800000, 0x0000000708800000, 0x0000000708a00000|  0%| F|  |TAMS 0x0000000708800000| PB 0x0000000708800000| Untracked |  0
|   69|0x0000000708a00000, 0x0000000708a00000, 0x0000000708c00000|  0%| F|  |TAMS 0x0000000708a00000| PB 0x0000000708a00000| Untracked |  0
|   70|0x0000000708c00000, 0x0000000708c00000, 0x0000000708e00000|  0%| F|  |TAMS 0x0000000708c00000| PB 0x0000000708c00000| Untracked |  0
|   71|0x0000000708e00000, 0x0000000708e00000, 0x0000000709000000|  0%| F|  |TAMS 0x0000000708e00000| PB 0x0000000708e00000| Untracked |  0
|   72|0x0000000709000000, 0x0000000709000000, 0x0000000709200000|  0%| F|  |TAMS 0x0000000709000000| PB 0x0000000709000000| Untracked |  0
|   73|0x0000000709200000, 0x0000000709200000, 0x0000000709400000|  0%| F|  |TAMS 0x0000000709200000| PB 0x0000000709200000| Untracked |  0
|   74|0x0000000709400000, 0x0000000709400000, 0x0000000709600000|  0%| F|  |TAMS 0x0000000709400000| PB 0x0000000709400000| Untracked |  0
|   75|0x0000000709600000, 0x0000000709600000, 0x0000000709800000|  0%| F|  |TAMS 0x0000000709600000| PB 0x0000000709600000| Untracked |  0
|   76|0x0000000709800000, 0x0000000709800000, 0x0000000709a00000|  0%| F|  |TAMS 0x0000000709800000| PB 0x0000000709800000| Untracked |  0
|   77|0x0000000709a00000, 0x0000000709a00000, 0x0000000709c00000|  0%| F|  |TAMS 0x0000000709a00000| PB 0x0000000709a00000| Untracked |  0
|   78|0x0000000709c00000, 0x0000000709c00000, 0x0000000709e00000|  0%| F|  |TAMS 0x0000000709c00000| PB 0x0000000709c00000| Untracked |  0
|   79|0x0000000709e00000, 0x0000000709e00000, 0x000000070a000000|  0%| F|  |TAMS 0x0000000709e00000| PB 0x0000000709e00000| Untracked |  0
|   80|0x000000070a000000, 0x000000070a000000, 0x000000070a200000|  0%| F|  |TAMS 0x000000070a000000| PB 0x000000070a000000| Untracked |  0
|   81|0x000000070a200000, 0x000000070a200000, 0x000000070a400000|  0%| F|  |TAMS 0x000000070a200000| PB 0x000000070a200000| Untracked |  0
|   82|0x000000070a400000, 0x000000070a400000, 0x000000070a600000|  0%| F|  |TAMS 0x000000070a400000| PB 0x000000070a400000| Untracked |  0
|   83|0x000000070a600000, 0x000000070a600000, 0x000000070a800000|  0%| F|  |TAMS 0x000000070a600000| PB 0x000000070a600000| Untracked |  0
|   84|0x000000070a800000, 0x000000070a800000, 0x000000070aa00000|  0%| F|  |TAMS 0x000000070a800000| PB 0x000000070a800000| Untracked |  0
|   85|0x000000070aa00000, 0x000000070aa00000, 0x000000070ac00000|  0%| F|  |TAMS 0x000000070aa00000| PB 0x000000070aa00000| Untracked |  0
|   86|0x000000070ac00000, 0x000000070ac00000, 0x000000070ae00000|  0%| F|  |TAMS 0x000000070ac00000| PB 0x000000070ac00000| Untracked |  0
|   87|0x000000070ae00000, 0x000000070ae00000, 0x000000070b000000|  0%| F|  |TAMS 0x000000070ae00000| PB 0x000000070ae00000| Untracked |  0
|   88|0x000000070b000000, 0x000000070b000000, 0x000000070b200000|  0%| F|  |TAMS 0x000000070b000000| PB 0x000000070b000000| Untracked |  0
|   89|0x000000070b200000, 0x000000070b200000, 0x000000070b400000|  0%| F|  |TAMS 0x000000070b200000| PB 0x000000070b200000| Untracked |  0
|   90|0x000000070b400000, 0x000000070b400000, 0x000000070b600000|  0%| F|  |TAMS 0x000000070b400000| PB 0x000000070b400000| Untracked |  0
|   91|0x000000070b600000, 0x000000070b600000, 0x000000070b800000|  0%| F|  |TAMS 0x000000070b600000| PB 0x000000070b600000| Untracked |  0
|   92|0x000000070b800000, 0x000000070b800000, 0x000000070ba00000|  0%| F|  |TAMS 0x000000070b800000| PB 0x000000070b800000| Untracked |  0
|   93|0x000000070ba00000, 0x000000070ba00000, 0x000000070bc00000|  0%| F|  |TAMS 0x000000070ba00000| PB 0x000000070ba00000| Untracked |  0
|   94|0x000000070bc00000, 0x000000070bc00000, 0x000000070be00000|  0%| F|  |TAMS 0x000000070bc00000| PB 0x000000070bc00000| Untracked |  0
|   95|0x000000070be00000, 0x000000070be00000, 0x000000070c000000|  0%| F|  |TAMS 0x000000070be00000| PB 0x000000070be00000| Untracked |  0
|   96|0x000000070c000000, 0x000000070c000000, 0x000000070c200000|  0%| F|  |TAMS 0x000000070c000000| PB 0x000000070c000000| Untracked |  0
|   97|0x000000070c200000, 0x000000070c200000, 0x000000070c400000|  0%| F|  |TAMS 0x000000070c200000| PB 0x000000070c200000| Untracked |  0
|   98|0x000000070c400000, 0x000000070c400000, 0x000000070c600000|  0%| F|  |TAMS 0x000000070c400000| PB 0x000000070c400000| Untracked |  0
|   99|0x000000070c600000, 0x000000070c600000, 0x000000070c800000|  0%| F|  |TAMS 0x000000070c600000| PB 0x000000070c600000| Untracked |  0
|  100|0x000000070c800000, 0x000000070c800000, 0x000000070ca00000|  0%| F|  |TAMS 0x000000070c800000| PB 0x000000070c800000| Untracked |  0
|  101|0x000000070ca00000, 0x000000070ca00000, 0x000000070cc00000|  0%| F|  |TAMS 0x000000070ca00000| PB 0x000000070ca00000| Untracked |  0
|  102|0x000000070cc00000, 0x000000070cc00000, 0x000000070ce00000|  0%| F|  |TAMS 0x000000070cc00000| PB 0x000000070cc00000| Untracked |  0
|  103|0x000000070ce00000, 0x000000070ce00000, 0x000000070d000000|  0%| F|  |TAMS 0x000000070ce00000| PB 0x000000070ce00000| Untracked |  0
|  104|0x000000070d000000, 0x000000070d000000, 0x000000070d200000|  0%| F|  |TAMS 0x000000070d000000| PB 0x000000070d000000| Untracked |  0
|  105|0x000000070d200000, 0x000000070d200000, 0x000000070d400000|  0%| F|  |TAMS 0x000000070d200000| PB 0x000000070d200000| Untracked |  0
|  106|0x000000070d400000, 0x000000070d400000, 0x000000070d600000|  0%| F|  |TAMS 0x000000070d400000| PB 0x000000070d400000| Untracked |  0
|  107|0x000000070d600000, 0x000000070d600000, 0x000000070d800000|  0%| F|  |TAMS 0x000000070d600000| PB 0x000000070d600000| Untracked |  0
|  108|0x000000070d800000, 0x000000070d800000, 0x000000070da00000|  0%| F|  |TAMS 0x000000070d800000| PB 0x000000070d800000| Untracked |  0
|  109|0x000000070da00000, 0x000000070da00000, 0x000000070dc00000|  0%| F|  |TAMS 0x000000070da00000| PB 0x000000070da00000| Untracked |  0
|  110|0x000000070dc00000, 0x000000070dc00000, 0x000000070de00000|  0%| F|  |TAMS 0x000000070dc00000| PB 0x000000070dc00000| Untracked |  0
|  111|0x000000070de00000, 0x000000070de00000, 0x000000070e000000|  0%| F|  |TAMS 0x000000070de00000| PB 0x000000070de00000| Untracked |  0
|  112|0x000000070e000000, 0x000000070e000000, 0x000000070e200000|  0%| F|  |TAMS 0x000000070e000000| PB 0x000000070e000000| Untracked |  0
|  113|0x000000070e200000, 0x000000070e200000, 0x000000070e400000|  0%| F|  |TAMS 0x000000070e200000| PB 0x000000070e200000| Untracked |  0
|  114|0x000000070e400000, 0x000000070e400000, 0x000000070e600000|  0%| F|  |TAMS 0x000000070e400000| PB 0x000000070e400000| Untracked |  0
|  115|0x000000070e600000, 0x000000070e600000, 0x000000070e800000|  0%| F|  |TAMS 0x000000070e600000| PB 0x000000070e600000| Untracked |  0
|  116|0x000000070e800000, 0x000000070e800000, 0x000000070ea00000|  0%| F|  |TAMS 0x000000070e800000| PB 0x000000070e800000| Untracked |  0
|  117|0x000000070ea00000, 0x000000070ea00000, 0x000000070ec00000|  0%| F|  |TAMS 0x000000070ea00000| PB 0x000000070ea00000| Untracked |  0
|  118|0x000000070ec00000, 0x000000070ec00000, 0x000000070ee00000|  0%| F|  |TAMS 0x000000070ec00000| PB 0x000000070ec00000| Untracked |  0
|  119|0x000000070ee00000, 0x000000070ee00000, 0x000000070f000000|  0%| F|  |TAMS 0x000000070ee00000| PB 0x000000070ee00000| Untracked |  0
|  120|0x000000070f000000, 0x000000070f000000, 0x000000070f200000|  0%| F|  |TAMS 0x000000070f000000| PB 0x000000070f000000| Untracked |  0
|  121|0x000000070f200000, 0x000000070f200000, 0x000000070f400000|  0%| F|  |TAMS 0x000000070f200000| PB 0x000000070f200000| Untracked |  0
|  122|0x000000070f400000, 0x000000070f400000, 0x000000070f600000|  0%| F|  |TAMS 0x000000070f400000| PB 0x000000070f400000| Untracked |  0
|  123|0x000000070f600000, 0x000000070f600000, 0x000000070f800000|  0%| F|  |TAMS 0x000000070f600000| PB 0x000000070f600000| Untracked |  0
|  124|0x000000070f800000, 0x000000070f800000, 0x000000070fa00000|  0%| F|  |TAMS 0x000000070f800000| PB 0x000000070f800000| Untracked |  0
|  125|0x000000070fa00000, 0x000000070fa00000, 0x000000070fc00000|  0%| F|  |TAMS 0x000000070fa00000| PB 0x000000070fa00000| Untracked |  0
|  126|0x000000070fc00000, 0x000000070fc00000, 0x000000070fe00000|  0%| F|  |TAMS 0x000000070fc00000| PB 0x000000070fc00000| Untracked |  0
|  127|0x000000070fe00000, 0x000000070fe00000, 0x0000000710000000|  0%| F|  |TAMS 0x000000070fe00000| PB 0x000000070fe00000| Untracked |  0
|  128|0x0000000710000000, 0x0000000710000000, 0x0000000710200000|  0%| F|  |TAMS 0x0000000710000000| PB 0x0000000710000000| Untracked |  0
|  129|0x0000000710200000, 0x0000000710200000, 0x0000000710400000|  0%| F|  |TAMS 0x0000000710200000| PB 0x0000000710200000| Untracked |  0
|  130|0x0000000710400000, 0x0000000710400000, 0x0000000710600000|  0%| F|  |TAMS 0x0000000710400000| PB 0x0000000710400000| Untracked |  0
|  131|0x0000000710600000, 0x0000000710600000, 0x0000000710800000|  0%| F|  |TAMS 0x0000000710600000| PB 0x0000000710600000| Untracked |  0
|  132|0x0000000710800000, 0x0000000710800000, 0x0000000710a00000|  0%| F|  |TAMS 0x0000000710800000| PB 0x0000000710800000| Untracked |  0
|  133|0x0000000710a00000, 0x0000000710a00000, 0x0000000710c00000|  0%| F|  |TAMS 0x0000000710a00000| PB 0x0000000710a00000| Untracked |  0
|  134|0x0000000710c00000, 0x0000000710c00000, 0x0000000710e00000|  0%| F|  |TAMS 0x0000000710c00000| PB 0x0000000710c00000| Untracked |  0
|  135|0x0000000710e00000, 0x0000000710e00000, 0x0000000711000000|  0%| F|  |TAMS 0x0000000710e00000| PB 0x0000000710e00000| Untracked |  0
|  136|0x0000000711000000, 0x0000000711000000, 0x0000000711200000|  0%| F|  |TAMS 0x0000000711000000| PB 0x0000000711000000| Untracked |  0
|  137|0x0000000711200000, 0x0000000711200000, 0x0000000711400000|  0%| F|  |TAMS 0x0000000711200000| PB 0x0000000711200000| Untracked |  0
|  138|0x0000000711400000, 0x0000000711400000, 0x0000000711600000|  0%| F|  |TAMS 0x0000000711400000| PB 0x0000000711400000| Untracked |  0
|  139|0x0000000711600000, 0x0000000711600000, 0x0000000711800000|  0%| F|  |TAMS 0x0000000711600000| PB 0x0000000711600000| Untracked |  0
|  140|0x0000000711800000, 0x0000000711800000, 0x0000000711a00000|  0%| F|  |TAMS 0x0000000711800000| PB 0x0000000711800000| Untracked |  0
|  141|0x0000000711a00000, 0x0000000711a00000, 0x0000000711c00000|  0%| F|  |TAMS 0x0000000711a00000| PB 0x0000000711a00000| Untracked |  0
|  142|0x0000000711c00000, 0x0000000711c00000, 0x0000000711e00000|  0%| F|  |TAMS 0x0000000711c00000| PB 0x0000000711c00000| Untracked |  0
|  143|0x0000000711e00000, 0x0000000711e00000, 0x0000000712000000|  0%| F|  |TAMS 0x0000000711e00000| PB 0x0000000711e00000| Untracked |  0
|  144|0x0000000712000000, 0x0000000712000000, 0x0000000712200000|  0%| F|  |TAMS 0x0000000712000000| PB 0x0000000712000000| Untracked |  0
|  145|0x0000000712200000, 0x0000000712200000, 0x0000000712400000|  0%| F|  |TAMS 0x0000000712200000| PB 0x0000000712200000| Untracked |  0
|  146|0x0000000712400000, 0x0000000712400000, 0x0000000712600000|  0%| F|  |TAMS 0x0000000712400000| PB 0x0000000712400000| Untracked |  0
|  147|0x0000000712600000, 0x0000000712600000, 0x0000000712800000|  0%| F|  |TAMS 0x0000000712600000| PB 0x0000000712600000| Untracked |  0
|  148|0x0000000712800000, 0x0000000712800000, 0x0000000712a00000|  0%| F|  |TAMS 0x0000000712800000| PB 0x0000000712800000| Untracked |  0
|  149|0x0000000712a00000, 0x0000000712a00000, 0x0000000712c00000|  0%| F|  |TAMS 0x0000000712a00000| PB 0x0000000712a00000| Untracked |  0
|  150|0x0000000712c00000, 0x0000000712c00000, 0x0000000712e00000|  0%| F|  |TAMS 0x0000000712c00000| PB 0x0000000712c00000| Untracked |  0
|  151|0x0000000712e00000, 0x0000000712e00000, 0x0000000713000000|  0%| F|  |TAMS 0x0000000712e00000| PB 0x0000000712e00000| Untracked |  0
|  152|0x0000000713000000, 0x0000000713000000, 0x0000000713200000|  0%| F|  |TAMS 0x0000000713000000| PB 0x0000000713000000| Untracked |  0
|  153|0x0000000713200000, 0x0000000713200000, 0x0000000713400000|  0%| F|  |TAMS 0x0000000713200000| PB 0x0000000713200000| Untracked |  0
|  154|0x0000000713400000, 0x0000000713400000, 0x0000000713600000|  0%| F|  |TAMS 0x0000000713400000| PB 0x0000000713400000| Untracked |  0
|  155|0x0000000713600000, 0x0000000713600000, 0x0000000713800000|  0%| F|  |TAMS 0x0000000713600000| PB 0x0000000713600000| Untracked |  0
|  156|0x0000000713800000, 0x0000000713800000, 0x0000000713a00000|  0%| F|  |TAMS 0x0000000713800000| PB 0x0000000713800000| Untracked |  0
|  157|0x0000000713a00000, 0x0000000713a00000, 0x0000000713c00000|  0%| F|  |TAMS 0x0000000713a00000| PB 0x0000000713a00000| Untracked |  0
|  158|0x0000000713c00000, 0x0000000713c00000, 0x0000000713e00000|  0%| F|  |TAMS 0x0000000713c00000| PB 0x0000000713c00000| Untracked |  0
|  159|0x0000000713e00000, 0x0000000713e00000, 0x0000000714000000|  0%| F|  |TAMS 0x0000000713e00000| PB 0x0000000713e00000| Untracked |  0
|  160|0x0000000714000000, 0x0000000714000000, 0x0000000714200000|  0%| F|  |TAMS 0x0000000714000000| PB 0x0000000714000000| Untracked |  0
|  161|0x0000000714200000, 0x0000000714200000, 0x0000000714400000|  0%| F|  |TAMS 0x0000000714200000| PB 0x0000000714200000| Untracked |  0
|  162|0x0000000714400000, 0x0000000714400000, 0x0000000714600000|  0%| F|  |TAMS 0x0000000714400000| PB 0x0000000714400000| Untracked |  0
|  163|0x0000000714600000, 0x0000000714600000, 0x0000000714800000|  0%| F|  |TAMS 0x0000000714600000| PB 0x0000000714600000| Untracked |  0
|  164|0x0000000714800000, 0x0000000714800000, 0x0000000714a00000|  0%| F|  |TAMS 0x0000000714800000| PB 0x0000000714800000| Untracked |  0
|  165|0x0000000714a00000, 0x0000000714a00000, 0x0000000714c00000|  0%| F|  |TAMS 0x0000000714a00000| PB 0x0000000714a00000| Untracked |  0
|  166|0x0000000714c00000, 0x0000000714c00000, 0x0000000714e00000|  0%| F|  |TAMS 0x0000000714c00000| PB 0x0000000714c00000| Untracked |  0
|  167|0x0000000714e00000, 0x0000000714e00000, 0x0000000715000000|  0%| F|  |TAMS 0x0000000714e00000| PB 0x0000000714e00000| Untracked |  0
|  168|0x0000000715000000, 0x0000000715000000, 0x0000000715200000|  0%| F|  |TAMS 0x0000000715000000| PB 0x0000000715000000| Untracked |  0
|  169|0x0000000715200000, 0x0000000715200000, 0x0000000715400000|  0%| F|  |TAMS 0x0000000715200000| PB 0x0000000715200000| Untracked |  0
|  170|0x0000000715400000, 0x0000000715400000, 0x0000000715600000|  0%| F|  |TAMS 0x0000000715400000| PB 0x0000000715400000| Untracked |  0
|  171|0x0000000715600000, 0x0000000715600000, 0x0000000715800000|  0%| F|  |TAMS 0x0000000715600000| PB 0x0000000715600000| Untracked |  0
|  172|0x0000000715800000, 0x0000000715800000, 0x0000000715a00000|  0%| F|  |TAMS 0x0000000715800000| PB 0x0000000715800000| Untracked |  0
|  173|0x0000000715a00000, 0x0000000715a00000, 0x0000000715c00000|  0%| F|  |TAMS 0x0000000715a00000| PB 0x0000000715a00000| Untracked |  0
|  174|0x0000000715c00000, 0x0000000715c00000, 0x0000000715e00000|  0%| F|  |TAMS 0x0000000715c00000| PB 0x0000000715c00000| Untracked |  0
|  175|0x0000000715e00000, 0x0000000715e00000, 0x0000000716000000|  0%| F|  |TAMS 0x0000000715e00000| PB 0x0000000715e00000| Untracked |  0
|  176|0x0000000716000000, 0x0000000716000000, 0x0000000716200000|  0%| F|  |TAMS 0x0000000716000000| PB 0x0000000716000000| Untracked |  0
|  177|0x0000000716200000, 0x0000000716200000, 0x0000000716400000|  0%| F|  |TAMS 0x0000000716200000| PB 0x0000000716200000| Untracked |  0
|  178|0x0000000716400000, 0x0000000716400000, 0x0000000716600000|  0%| F|  |TAMS 0x0000000716400000| PB 0x0000000716400000| Untracked |  0
|  179|0x0000000716600000, 0x0000000716600000, 0x0000000716800000|  0%| F|  |TAMS 0x0000000716600000| PB 0x0000000716600000| Untracked |  0
|  180|0x0000000716800000, 0x0000000716800000, 0x0000000716a00000|  0%| F|  |TAMS 0x0000000716800000| PB 0x0000000716800000| Untracked |  0
|  181|0x0000000716a00000, 0x0000000716a00000, 0x0000000716c00000|  0%| F|  |TAMS 0x0000000716a00000| PB 0x0000000716a00000| Untracked |  0
|  182|0x0000000716c00000, 0x0000000716c00000, 0x0000000716e00000|  0%| F|  |TAMS 0x0000000716c00000| PB 0x0000000716c00000| Untracked |  0
|  183|0x0000000716e00000, 0x0000000716e00000, 0x0000000717000000|  0%| F|  |TAMS 0x0000000716e00000| PB 0x0000000716e00000| Untracked |  0
|  184|0x0000000717000000, 0x0000000717000000, 0x0000000717200000|  0%| F|  |TAMS 0x0000000717000000| PB 0x0000000717000000| Untracked |  0
|  185|0x0000000717200000, 0x0000000717200000, 0x0000000717400000|  0%| F|  |TAMS 0x0000000717200000| PB 0x0000000717200000| Untracked |  0
|  186|0x0000000717400000, 0x0000000717400000, 0x0000000717600000|  0%| F|  |TAMS 0x0000000717400000| PB 0x0000000717400000| Untracked |  0
|  187|0x0000000717600000, 0x0000000717600000, 0x0000000717800000|  0%| F|  |TAMS 0x0000000717600000| PB 0x0000000717600000| Untracked |  0
|  188|0x0000000717800000, 0x0000000717800000, 0x0000000717a00000|  0%| F|  |TAMS 0x0000000717800000| PB 0x0000000717800000| Untracked |  0
|  189|0x0000000717a00000, 0x0000000717a00000, 0x0000000717c00000|  0%| F|  |TAMS 0x0000000717a00000| PB 0x0000000717a00000| Untracked |  0
|  190|0x0000000717c00000, 0x0000000717c00000, 0x0000000717e00000|  0%| F|  |TAMS 0x0000000717c00000| PB 0x0000000717c00000| Untracked |  0
|  191|0x0000000717e00000, 0x0000000717e00000, 0x0000000718000000|  0%| F|  |TAMS 0x0000000717e00000| PB 0x0000000717e00000| Untracked |  0
|  192|0x0000000718000000, 0x0000000718000000, 0x0000000718200000|  0%| F|  |TAMS 0x0000000718000000| PB 0x0000000718000000| Untracked |  0
|  193|0x0000000718200000, 0x0000000718200000, 0x0000000718400000|  0%| F|  |TAMS 0x0000000718200000| PB 0x0000000718200000| Untracked |  0
|  194|0x0000000718400000, 0x0000000718400000, 0x0000000718600000|  0%| F|  |TAMS 0x0000000718400000| PB 0x0000000718400000| Untracked |  0
|  195|0x0000000718600000, 0x0000000718600000, 0x0000000718800000|  0%| F|  |TAMS 0x0000000718600000| PB 0x0000000718600000| Untracked |  0
|  196|0x0000000718800000, 0x0000000718800000, 0x0000000718a00000|  0%| F|  |TAMS 0x0000000718800000| PB 0x0000000718800000| Untracked |  0
|  197|0x0000000718a00000, 0x0000000718a00000, 0x0000000718c00000|  0%| F|  |TAMS 0x0000000718a00000| PB 0x0000000718a00000| Untracked |  0
|  198|0x0000000718c00000, 0x0000000718c00000, 0x0000000718e00000|  0%| F|  |TAMS 0x0000000718c00000| PB 0x0000000718c00000| Untracked |  0
|  199|0x0000000718e00000, 0x0000000718e00000, 0x0000000719000000|  0%| F|  |TAMS 0x0000000718e00000| PB 0x0000000718e00000| Untracked |  0
|  200|0x0000000719000000, 0x0000000719000000, 0x0000000719200000|  0%| F|  |TAMS 0x0000000719000000| PB 0x0000000719000000| Untracked |  0
|  201|0x0000000719200000, 0x0000000719200000, 0x0000000719400000|  0%| F|  |TAMS 0x0000000719200000| PB 0x0000000719200000| Untracked |  0
|  202|0x0000000719400000, 0x0000000719400000, 0x0000000719600000|  0%| F|  |TAMS 0x0000000719400000| PB 0x0000000719400000| Untracked |  0
|  203|0x0000000719600000, 0x0000000719600000, 0x0000000719800000|  0%| F|  |TAMS 0x0000000719600000| PB 0x0000000719600000| Untracked |  0
|  204|0x0000000719800000, 0x0000000719800000, 0x0000000719a00000|  0%| F|  |TAMS 0x0000000719800000| PB 0x0000000719800000| Untracked |  0
|  205|0x0000000719a00000, 0x0000000719a00000, 0x0000000719c00000|  0%| F|  |TAMS 0x0000000719a00000| PB 0x0000000719a00000| Untracked |  0
|  206|0x0000000719c00000, 0x0000000719c00000, 0x0000000719e00000|  0%| F|  |TAMS 0x0000000719c00000| PB 0x0000000719c00000| Untracked |  0
|  207|0x0000000719e00000, 0x0000000719e00000, 0x000000071a000000|  0%| F|  |TAMS 0x0000000719e00000| PB 0x0000000719e00000| Untracked |  0
|  208|0x000000071a000000, 0x000000071a000000, 0x000000071a200000|  0%| F|  |TAMS 0x000000071a000000| PB 0x000000071a000000| Untracked |  0
|  209|0x000000071a200000, 0x000000071a200000, 0x000000071a400000|  0%| F|  |TAMS 0x000000071a200000| PB 0x000000071a200000| Untracked |  0
|  210|0x000000071a400000, 0x000000071a400000, 0x000000071a600000|  0%| F|  |TAMS 0x000000071a400000| PB 0x000000071a400000| Untracked |  0
|  211|0x000000071a600000, 0x000000071a600000, 0x000000071a800000|  0%| F|  |TAMS 0x000000071a600000| PB 0x000000071a600000| Untracked |  0
|  212|0x000000071a800000, 0x000000071a800000, 0x000000071aa00000|  0%| F|  |TAMS 0x000000071a800000| PB 0x000000071a800000| Untracked |  0
|  213|0x000000071aa00000, 0x000000071aa00000, 0x000000071ac00000|  0%| F|  |TAMS 0x000000071aa00000| PB 0x000000071aa00000| Untracked |  0
|  214|0x000000071ac00000, 0x000000071ac00000, 0x000000071ae00000|  0%| F|  |TAMS 0x000000071ac00000| PB 0x000000071ac00000| Untracked |  0
|  215|0x000000071ae00000, 0x000000071ae00000, 0x000000071b000000|  0%| F|  |TAMS 0x000000071ae00000| PB 0x000000071ae00000| Untracked |  0
|  216|0x000000071b000000, 0x000000071b000000, 0x000000071b200000|  0%| F|  |TAMS 0x000000071b000000| PB 0x000000071b000000| Untracked |  0
|  217|0x000000071b200000, 0x000000071b200000, 0x000000071b400000|  0%| F|  |TAMS 0x000000071b200000| PB 0x000000071b200000| Untracked |  0
|  218|0x000000071b400000, 0x000000071b400000, 0x000000071b600000|  0%| F|  |TAMS 0x000000071b400000| PB 0x000000071b400000| Untracked |  0
|  219|0x000000071b600000, 0x000000071b600000, 0x000000071b800000|  0%| F|  |TAMS 0x000000071b600000| PB 0x000000071b600000| Untracked |  0
|  220|0x000000071b800000, 0x000000071b800000, 0x000000071ba00000|  0%| F|  |TAMS 0x000000071b800000| PB 0x000000071b800000| Untracked |  0
|  221|0x000000071ba00000, 0x000000071ba00000, 0x000000071bc00000|  0%| F|  |TAMS 0x000000071ba00000| PB 0x000000071ba00000| Untracked |  0
|  222|0x000000071bc00000, 0x000000071bc00000, 0x000000071be00000|  0%| F|  |TAMS 0x000000071bc00000| PB 0x000000071bc00000| Untracked |  0
|  223|0x000000071be00000, 0x000000071be00000, 0x000000071c000000|  0%| F|  |TAMS 0x000000071be00000| PB 0x000000071be00000| Untracked |  0
|  224|0x000000071c000000, 0x000000071c000000, 0x000000071c200000|  0%| F|  |TAMS 0x000000071c000000| PB 0x000000071c000000| Untracked |  0
|  225|0x000000071c200000, 0x000000071c200000, 0x000000071c400000|  0%| F|  |TAMS 0x000000071c200000| PB 0x000000071c200000| Untracked |  0
|  226|0x000000071c400000, 0x000000071c400000, 0x000000071c600000|  0%| F|  |TAMS 0x000000071c400000| PB 0x000000071c400000| Untracked |  0
|  227|0x000000071c600000, 0x000000071c600000, 0x000000071c800000|  0%| F|  |TAMS 0x000000071c600000| PB 0x000000071c600000| Untracked |  0
|  228|0x000000071c800000, 0x000000071c800000, 0x000000071ca00000|  0%| F|  |TAMS 0x000000071c800000| PB 0x000000071c800000| Untracked |  0
|  229|0x000000071ca00000, 0x000000071ca00000, 0x000000071cc00000|  0%| F|  |TAMS 0x000000071ca00000| PB 0x000000071ca00000| Untracked |  0
|  230|0x000000071cc00000, 0x000000071cc00000, 0x000000071ce00000|  0%| F|  |TAMS 0x000000071cc00000| PB 0x000000071cc00000| Untracked |  0
|  231|0x000000071ce00000, 0x000000071ce00000, 0x000000071d000000|  0%| F|  |TAMS 0x000000071ce00000| PB 0x000000071ce00000| Untracked |  0
|  232|0x000000071d000000, 0x000000071d000000, 0x000000071d200000|  0%| F|  |TAMS 0x000000071d000000| PB 0x000000071d000000| Untracked |  0
|  233|0x000000071d200000, 0x000000071d200000, 0x000000071d400000|  0%| F|  |TAMS 0x000000071d200000| PB 0x000000071d200000| Untracked |  0
|  234|0x000000071d400000, 0x000000071d400000, 0x000000071d600000|  0%| F|  |TAMS 0x000000071d400000| PB 0x000000071d400000| Untracked |  0
|  235|0x000000071d600000, 0x000000071d600000, 0x000000071d800000|  0%| F|  |TAMS 0x000000071d600000| PB 0x000000071d600000| Untracked |  0
|  236|0x000000071d800000, 0x000000071d800000, 0x000000071da00000|  0%| F|  |TAMS 0x000000071d800000| PB 0x000000071d800000| Untracked |  0
|  237|0x000000071da00000, 0x000000071da00000, 0x000000071dc00000|  0%| F|  |TAMS 0x000000071da00000| PB 0x000000071da00000| Untracked |  0
|  238|0x000000071dc00000, 0x000000071dc00000, 0x000000071de00000|  0%| F|  |TAMS 0x000000071dc00000| PB 0x000000071dc00000| Untracked |  0
|  239|0x000000071de00000, 0x000000071de00000, 0x000000071e000000|  0%| F|  |TAMS 0x000000071de00000| PB 0x000000071de00000| Untracked |  0
|  240|0x000000071e000000, 0x000000071e000000, 0x000000071e200000|  0%| F|  |TAMS 0x000000071e000000| PB 0x000000071e000000| Untracked |  0
|  241|0x000000071e200000, 0x000000071e200000, 0x000000071e400000|  0%| F|  |TAMS 0x000000071e200000| PB 0x000000071e200000| Untracked |  0
|  242|0x000000071e400000, 0x000000071e400000, 0x000000071e600000|  0%| F|  |TAMS 0x000000071e400000| PB 0x000000071e400000| Untracked |  0
|  243|0x000000071e600000, 0x000000071e600000, 0x000000071e800000|  0%| F|  |TAMS 0x000000071e600000| PB 0x000000071e600000| Untracked |  0
|  244|0x000000071e800000, 0x000000071e800000, 0x000000071ea00000|  0%| F|  |TAMS 0x000000071e800000| PB 0x000000071e800000| Untracked |  0
|  245|0x000000071ea00000, 0x000000071ea00000, 0x000000071ec00000|  0%| F|  |TAMS 0x000000071ea00000| PB 0x000000071ea00000| Untracked |  0
|  246|0x000000071ec00000, 0x000000071ec00000, 0x000000071ee00000|  0%| F|  |TAMS 0x000000071ec00000| PB 0x000000071ec00000| Untracked |  0
|  247|0x000000071ee00000, 0x000000071ee00000, 0x000000071f000000|  0%| F|  |TAMS 0x000000071ee00000| PB 0x000000071ee00000| Untracked |  0
|  248|0x000000071f000000, 0x000000071f000000, 0x000000071f200000|  0%| F|  |TAMS 0x000000071f000000| PB 0x000000071f000000| Untracked |  0
|  249|0x000000071f200000, 0x000000071f200000, 0x000000071f400000|  0%| F|  |TAMS 0x000000071f200000| PB 0x000000071f200000| Untracked |  0
|  250|0x000000071f400000, 0x000000071f400000, 0x000000071f600000|  0%| F|  |TAMS 0x000000071f400000| PB 0x000000071f400000| Untracked |  0
|  251|0x000000071f600000, 0x000000071f600000, 0x000000071f800000|  0%| F|  |TAMS 0x000000071f600000| PB 0x000000071f600000| Untracked |  0
|  252|0x000000071f800000, 0x000000071f800000, 0x000000071fa00000|  0%| F|  |TAMS 0x000000071f800000| PB 0x000000071f800000| Untracked |  0
|  253|0x000000071fa00000, 0x000000071fa00000, 0x000000071fc00000|  0%| F|  |TAMS 0x000000071fa00000| PB 0x000000071fa00000| Untracked |  0
|  254|0x000000071fc00000, 0x000000071fc00000, 0x000000071fe00000|  0%| F|  |TAMS 0x000000071fc00000| PB 0x000000071fc00000| Untracked |  0
|  255|0x000000071fe00000, 0x000000071fe00000, 0x0000000720000000|  0%| F|  |TAMS 0x000000071fe00000| PB 0x000000071fe00000| Untracked |  0
|  256|0x0000000720000000, 0x0000000720000000, 0x0000000720200000|  0%| F|  |TAMS 0x0000000720000000| PB 0x0000000720000000| Untracked |  0
|  257|0x0000000720200000, 0x0000000720200000, 0x0000000720400000|  0%| F|  |TAMS 0x0000000720200000| PB 0x0000000720200000| Untracked |  0
|  258|0x0000000720400000, 0x0000000720400000, 0x0000000720600000|  0%| F|  |TAMS 0x0000000720400000| PB 0x0000000720400000| Untracked |  0
|  259|0x0000000720600000, 0x0000000720600000, 0x0000000720800000|  0%| F|  |TAMS 0x0000000720600000| PB 0x0000000720600000| Untracked |  0
|  260|0x0000000720800000, 0x0000000720800000, 0x0000000720a00000|  0%| F|  |TAMS 0x0000000720800000| PB 0x0000000720800000| Untracked |  0
|  261|0x0000000720a00000, 0x0000000720a00000, 0x0000000720c00000|  0%| F|  |TAMS 0x0000000720a00000| PB 0x0000000720a00000| Untracked |  0
|  262|0x0000000720c00000, 0x0000000720c00000, 0x0000000720e00000|  0%| F|  |TAMS 0x0000000720c00000| PB 0x0000000720c00000| Untracked |  0
|  263|0x0000000720e00000, 0x0000000720e00000, 0x0000000721000000|  0%| F|  |TAMS 0x0000000720e00000| PB 0x0000000720e00000| Untracked |  0
|  264|0x0000000721000000, 0x0000000721000000, 0x0000000721200000|  0%| F|  |TAMS 0x0000000721000000| PB 0x0000000721000000| Untracked |  0
|  265|0x0000000721200000, 0x0000000721200000, 0x0000000721400000|  0%| F|  |TAMS 0x0000000721200000| PB 0x0000000721200000| Untracked |  0
|  266|0x0000000721400000, 0x0000000721400000, 0x0000000721600000|  0%| F|  |TAMS 0x0000000721400000| PB 0x0000000721400000| Untracked |  0
|  267|0x0000000721600000, 0x0000000721600000, 0x0000000721800000|  0%| F|  |TAMS 0x0000000721600000| PB 0x0000000721600000| Untracked |  0
|  268|0x0000000721800000, 0x0000000721800000, 0x0000000721a00000|  0%| F|  |TAMS 0x0000000721800000| PB 0x0000000721800000| Untracked |  0
|  269|0x0000000721a00000, 0x0000000721a00000, 0x0000000721c00000|  0%| F|  |TAMS 0x0000000721a00000| PB 0x0000000721a00000| Untracked |  0
|  270|0x0000000721c00000, 0x0000000721c00000, 0x0000000721e00000|  0%| F|  |TAMS 0x0000000721c00000| PB 0x0000000721c00000| Untracked |  0
|  271|0x0000000721e00000, 0x0000000721e00000, 0x0000000722000000|  0%| F|  |TAMS 0x0000000721e00000| PB 0x0000000721e00000| Untracked |  0
|  272|0x0000000722000000, 0x0000000722000000, 0x0000000722200000|  0%| F|  |TAMS 0x0000000722000000| PB 0x0000000722000000| Untracked |  0
|  273|0x0000000722200000, 0x0000000722200000, 0x0000000722400000|  0%| F|  |TAMS 0x0000000722200000| PB 0x0000000722200000| Untracked |  0
|  274|0x0000000722400000, 0x0000000722400000, 0x0000000722600000|  0%| F|  |TAMS 0x0000000722400000| PB 0x0000000722400000| Untracked |  0
|  275|0x0000000722600000, 0x0000000722600000, 0x0000000722800000|  0%| F|  |TAMS 0x0000000722600000| PB 0x0000000722600000| Untracked |  0
|  276|0x0000000722800000, 0x0000000722800000, 0x0000000722a00000|  0%| F|  |TAMS 0x0000000722800000| PB 0x0000000722800000| Untracked |  0
|  277|0x0000000722a00000, 0x0000000722a00000, 0x0000000722c00000|  0%| F|  |TAMS 0x0000000722a00000| PB 0x0000000722a00000| Untracked |  0
|  278|0x0000000722c00000, 0x0000000722c00000, 0x0000000722e00000|  0%| F|  |TAMS 0x0000000722c00000| PB 0x0000000722c00000| Untracked |  0
|  279|0x0000000722e00000, 0x0000000722e00000, 0x0000000723000000|  0%| F|  |TAMS 0x0000000722e00000| PB 0x0000000722e00000| Untracked |  0
|  280|0x0000000723000000, 0x0000000723000000, 0x0000000723200000|  0%| F|  |TAMS 0x0000000723000000| PB 0x0000000723000000| Untracked |  0
|  281|0x0000000723200000, 0x0000000723200000, 0x0000000723400000|  0%| F|  |TAMS 0x0000000723200000| PB 0x0000000723200000| Untracked |  0
|  282|0x0000000723400000, 0x0000000723400000, 0x0000000723600000|  0%| F|  |TAMS 0x0000000723400000| PB 0x0000000723400000| Untracked |  0
|  283|0x0000000723600000, 0x0000000723600000, 0x0000000723800000|  0%| F|  |TAMS 0x0000000723600000| PB 0x0000000723600000| Untracked |  0
|  284|0x0000000723800000, 0x0000000723800000, 0x0000000723a00000|  0%| F|  |TAMS 0x0000000723800000| PB 0x0000000723800000| Untracked |  0
|  285|0x0000000723a00000, 0x0000000723a00000, 0x0000000723c00000|  0%| F|  |TAMS 0x0000000723a00000| PB 0x0000000723a00000| Untracked |  0
|  286|0x0000000723c00000, 0x0000000723c00000, 0x0000000723e00000|  0%| F|  |TAMS 0x0000000723c00000| PB 0x0000000723c00000| Untracked |  0
|  287|0x0000000723e00000, 0x0000000723e00000, 0x0000000724000000|  0%| F|  |TAMS 0x0000000723e00000| PB 0x0000000723e00000| Untracked |  0
|  288|0x0000000724000000, 0x0000000724000000, 0x0000000724200000|  0%| F|  |TAMS 0x0000000724000000| PB 0x0000000724000000| Untracked |  0
|  289|0x0000000724200000, 0x0000000724200000, 0x0000000724400000|  0%| F|  |TAMS 0x0000000724200000| PB 0x0000000724200000| Untracked |  0
|  290|0x0000000724400000, 0x0000000724400000, 0x0000000724600000|  0%| F|  |TAMS 0x0000000724400000| PB 0x0000000724400000| Untracked |  0
|  291|0x0000000724600000, 0x0000000724600000, 0x0000000724800000|  0%| F|  |TAMS 0x0000000724600000| PB 0x0000000724600000| Untracked |  0
|  292|0x0000000724800000, 0x00000007248db338, 0x0000000724a00000| 42%| S|CS|TAMS 0x0000000724800000| PB 0x0000000724800000| Complete  |  0
|  293|0x0000000724a00000, 0x0000000724a00000, 0x0000000724c00000|  0%| F|  |TAMS 0x0000000724a00000| PB 0x0000000724a00000| Untracked |  0
|  294|0x0000000724c00000, 0x0000000724c00000, 0x0000000724e00000|  0%| F|  |TAMS 0x0000000724c00000| PB 0x0000000724c00000| Untracked |  0
|  295|0x0000000724e00000, 0x0000000724e00000, 0x0000000725000000|  0%| F|  |TAMS 0x0000000724e00000| PB 0x0000000724e00000| Untracked |  0
|  296|0x0000000725000000, 0x0000000725000000, 0x0000000725200000|  0%| F|  |TAMS 0x0000000725000000| PB 0x0000000725000000| Untracked |  0
|  297|0x0000000725200000, 0x0000000725200000, 0x0000000725400000|  0%| F|  |TAMS 0x0000000725200000| PB 0x0000000725200000| Untracked |  0
|  298|0x0000000725400000, 0x0000000725400000, 0x0000000725600000|  0%| F|  |TAMS 0x0000000725400000| PB 0x0000000725400000| Untracked |  0
|  299|0x0000000725600000, 0x0000000725600000, 0x0000000725800000|  0%| F|  |TAMS 0x0000000725600000| PB 0x0000000725600000| Untracked |  0
|  300|0x0000000725800000, 0x0000000725800000, 0x0000000725a00000|  0%| F|  |TAMS 0x0000000725800000| PB 0x0000000725800000| Untracked |  0
|  301|0x0000000725a00000, 0x0000000725a00000, 0x0000000725c00000|  0%| F|  |TAMS 0x0000000725a00000| PB 0x0000000725a00000| Untracked |  0
|  302|0x0000000725c00000, 0x0000000725c00000, 0x0000000725e00000|  0%| F|  |TAMS 0x0000000725c00000| PB 0x0000000725c00000| Untracked |  0
|  303|0x0000000725e00000, 0x0000000725e00000, 0x0000000726000000|  0%| F|  |TAMS 0x0000000725e00000| PB 0x0000000725e00000| Untracked |  0
| 2046|0x00000007ffc00000, 0x00000007ffe00000, 0x00000007ffe00000|100%| O|  |TAMS 0x00000007ffc00000| PB 0x00000007ffc00000| Untracked |  0
| 2047|0x00000007ffe00000, 0x00000007ffe00000, 0x0000000800000000|  0%| F|  |TAMS 0x00000007ffe00000| PB 0x00000007ffe00000| Untracked |  0

Card table byte_map: [0x0000016f364e0000,0x0000016f36ce0000] _byte_map_base: 0x0000016f32ce0000
Refinement table byte_map: [0x0000016f35ce0000,0x0000016f364e0000] _byte_map_base: 0x0000016f324e0000

Marking Bits: (CMBitMap*) 0x0000016f1d436ca0
 Bits: [0x0000016f36ce0000, 0x0000016f3ace0000)

Polling page: 0x0000016f1b1b0000

Metaspace:
Metaspace        used 77407K, committed 79488K, reserved 557056K
 class space     used 11500K, committed 12480K, reserved 425984K

Usage:
  Non-class:     64.36 MB used.
      Class:     11.23 MB used.
       Both:     75.59 MB used.

Virtual space:
  Non-class space:      128.00 MB reserved,      65.44 MB ( 51%) committed,  2 nodes.
      Class space:      416.00 MB reserved,      12.19 MB (  3%) committed,  1 nodes.
             Both:      544.00 MB reserved,      77.62 MB ( 14%) committed. 

Chunk freelists:
   Non-Class:  14.23 MB
       Class:  3.75 MB
        Both:  17.99 MB

MaxMetaspaceSize: 512.00 MB
CompressedClassSpaceSize: 416.00 MB
Initial GC threshold: 21.00 MB
Current GC threshold: 93.69 MB
CDS: on
 - commit_granule_bytes: 65536.
 - commit_granule_words: 8192.
 - virtual_space_node_default_size: 8388608.
 - enlarge_chunks_in_place: 1.
UseCompressedClassPointers 1, UseCompactObjectHeaders 0
Narrow klass pointer bits 32, Max shift 3
Narrow klass base: 0x00000000d0000000, Narrow klass shift: 0
Encoding Range: [0x00000000d0000000 - 0x00000001d0000000), (4294967296 bytes)
Klass Range:    [0x00000000d0000000 - 0x00000000eb000000), (452984832 bytes)
Klass ID Range:  [8 - 452984825) (452984817)
Protection zone: [0x00000000d0000000 - 0x00000000d0010000), (65536 bytes)


Internal statistics:

num_allocs_failed_limit: 9.
num_arena_births: 3700.
num_arena_deaths: 0.
num_vsnodes_births: 3.
num_vsnodes_deaths: 0.
num_space_committed: 1242.
num_space_uncommitted: 0.
num_chunks_returned_to_freelist: 9.
num_chunks_taken_from_freelist: 7219.
num_chunk_merges: 9.
num_chunk_splits: 4807.
num_chunks_enlarged: 3106.
num_inconsistent_stats: 0.

CodeHeap 'non-profiled nmethods': size=120064Kb used=3919Kb max_used=3919Kb free=116144Kb
 bounds [0x0000016f2db60000, 0x0000016f2df40000, 0x0000016f350a0000]
CodeHeap 'profiled nmethods': size=120064Kb used=15465Kb max_used=15465Kb free=104598Kb
 bounds [0x0000016f26080000, 0x0000016f26fa0000, 0x0000016f2d5c0000]
CodeHeap 'non-nmethods': size=5760Kb used=2208Kb max_used=2354Kb free=3551Kb
 bounds [0x0000016f2d5c0000, 0x0000016f2d830000, 0x0000016f2db60000]
CodeCache: size=245888Kb, used=21592Kb, max_used=21738Kb, free=224293Kb
 total_blobs=11610, nmethods=10766, adapters=748, full_count=0
Compilation: enabled, stopped_count=0, restarted_count=0

Compilation events (20 events):
Event: 217.499 Thread 0x0000016f3d6e9790 nmethod 11454 0x0000016f26f95908 code [0x0000016f26f95a00, 0x0000016f26f95d50]
Event: 217.513 Thread 0x0000016f3d6e9790 11455       2       kotlin.text.StringsKt__StringsJVMKt::startsWith$default (15 bytes)
Event: 217.516 Thread 0x0000016f3d6e9790 nmethod 11455 0x0000016f26f95d88 code [0x0000016f26f95e80, 0x0000016f26f95f88]
Event: 217.526 Thread 0x0000016f3d6e9790 11456       2       org.jetbrains.org.objectweb.asm.SymbolTable::addConstantString (8 bytes)
Event: 217.527 Thread 0x0000016f3d6e9790 nmethod 11456 0x0000016f26f96088 code [0x0000016f26f96180, 0x0000016f26f96298]
Event: 217.559 Thread 0x0000016f3d6e9790 11457   !   2       org.jetbrains.kotlin.metadata.ProtoBuf$Annotation::<init> (344 bytes)
Event: 217.579 Thread 0x0000016f3d6e9790 nmethod 11457 0x0000016f26f96388 code [0x0000016f26f96480, 0x0000016f26f97ef0]
Event: 217.579 Thread 0x0000016f3d6e9790 11458       2       org.jetbrains.org.objectweb.asm.Type::getArgumentCount (67 bytes)
Event: 217.589 Thread 0x0000016f3d6e9790 nmethod 11458 0x0000016f26f97f08 code [0x0000016f26f98000, 0x0000016f26f98568]
Event: 217.590 Thread 0x0000016f3d6e9790 11460       2       org.jetbrains.kotlin.incremental.storage.MapExternalizer::save (102 bytes)
Event: 217.598 Thread 0x0000016f3d6e9790 nmethod 11460 0x0000016f26f98588 code [0x0000016f26f98680, 0x0000016f26f98da0]
Event: 217.598 Thread 0x0000016f3d6e9790 11459       2       org.jetbrains.kotlin.incremental.storage.MapExternalizer::<init> (38 bytes)
Event: 217.607 Thread 0x0000016f3d6e9790 nmethod 11459 0x0000016f26f98e08 code [0x0000016f26f98f00, 0x0000016f26f995d0]
Event: 217.607 Thread 0x0000016f3d6e9790 11461       2       org.jetbrains.kotlin.inline.InlineUtilKt::isPrivate (20 bytes)
Event: 217.610 Thread 0x0000016f3d6e9790 nmethod 11461 0x0000016f26f99608 code [0x0000016f26f99700, 0x0000016f26f998e0]
Event: 217.626 Thread 0x0000016f3d6e9790 11462  s    3       java.io.BufferedOutputStream::write (40 bytes)
Event: 217.630 Thread 0x0000016f3d6e9790 nmethod 11462 0x0000016f26f99908 code [0x0000016f26f99a00, 0x0000016f26f99e90]
Event: 217.630 Thread 0x0000016f3d6e9790 11463       3       org.jetbrains.org.objectweb.asm.ByteVector::enlarge (73 bytes)
Event: 217.634 Thread 0x0000016f3d6e9790 nmethod 11463 0x0000016f26f99f08 code [0x0000016f26f9a000, 0x0000016f26f9a408]
Event: 217.635 Thread 0x0000016f3d6e9790 11464       3       org.jetbrains.kotlin.name.FqNameUnsafe::shortName (61 bytes)

GC Heap Usage History (20 events):
Event: 110.700 {heap After GC invocations=22 (full 0):
 garbage-first heap   total reserved 4194304K, committed 208896K, used 42378K [0x0000000700000000, 0x0000000800000000)
  region size 2M, 0 eden (0M), 6 survivor (12M), 13 old (26M), 2 humongous (4M), 81 free (162M)
}
Event: 116.674 {heap Before GC invocations=22 (full 0):
 garbage-first heap   total reserved 4194304K, committed 208896K, used 79242K [0x0000000700000000, 0x0000000800000000)
  region size 2M, 19 eden (38M), 6 survivor (12M), 13 old (26M), 2 humongous (4M), 62 free (124M)
}
Event: 116.967 {heap After GC invocations=23 (full 0):
 garbage-first heap   total reserved 4194304K, committed 208896K, used 44521K [0x0000000700000000, 0x0000000800000000)
  region size 2M, 0 eden (0M), 2 survivor (4M), 19 old (38M), 2 humongous (4M), 79 free (158M)
}
Event: 138.126 {heap Before GC invocations=24 (full 0):
 garbage-first heap   total reserved 4194304K, committed 208896K, used 120297K [0x0000000700000000, 0x0000000800000000)
  region size 2M, 35 eden (70M), 2 survivor (4M), 19 old (38M), 4 humongous (8M), 42 free (84M)
}
Event: 138.200 {heap After GC invocations=25 (full 0):
 garbage-first heap   total reserved 4194304K, committed 208896K, used 51440K [0x0000000700000000, 0x0000000800000000)
  region size 2M, 0 eden (0M), 3 survivor (6M), 19 old (38M), 4 humongous (8M), 76 free (152M)
}
Event: 157.897 {heap Before GC invocations=25 (full 0):
 garbage-first heap   total reserved 4194304K, committed 208896K, used 116976K [0x0000000700000000, 0x0000000800000000)
  region size 2M, 32 eden (64M), 3 survivor (6M), 19 old (38M), 4 humongous (8M), 44 free (88M)
}
Event: 158.107 {heap After GC invocations=26 (full 0):
 garbage-first heap   total reserved 4194304K, committed 208896K, used 54427K [0x0000000700000000, 0x0000000800000000)
  region size 2M, 0 eden (0M), 5 survivor (10M), 19 old (38M), 4 humongous (8M), 74 free (148M)
}
Event: 191.448 {heap Before GC invocations=26 (full 0):
 garbage-first heap   total reserved 4194304K, committed 208896K, used 124059K [0x0000000700000000, 0x0000000800000000)
  region size 2M, 34 eden (68M), 5 survivor (10M), 19 old (38M), 4 humongous (8M), 40 free (80M)
}
Event: 191.727 {heap After GC invocations=27 (full 0):
 garbage-first heap   total reserved 4194304K, committed 208896K, used 60929K [0x0000000700000000, 0x0000000800000000)
  region size 2M, 0 eden (0M), 5 survivor (10M), 21 old (42M), 4 humongous (8M), 72 free (144M)
}
Event: 200.043 {heap Before GC invocations=27 (full 0):
 garbage-first heap   total reserved 4194304K, committed 208896K, used 93697K [0x0000000700000000, 0x0000000800000000)
  region size 2M, 17 eden (34M), 5 survivor (10M), 21 old (42M), 4 humongous (8M), 55 free (110M)
}
Event: 200.317 {heap After GC invocations=28 (full 0):
 garbage-first heap   total reserved 4194304K, committed 208896K, used 62875K [0x0000000700000000, 0x0000000800000000)
  region size 2M, 0 eden (0M), 2 survivor (4M), 26 old (52M), 4 humongous (8M), 70 free (140M)
}
Event: 200.430 {heap Before GC invocations=28 (full 0):
 garbage-first heap   total reserved 4194304K, committed 208896K, used 62875K [0x0000000700000000, 0x0000000800000000)
  region size 2M, 1 eden (2M), 2 survivor (4M), 26 old (52M), 4 humongous (8M), 69 free (138M)
}
Event: 200.529 {heap After GC invocations=29 (full 0):
 garbage-first heap   total reserved 4194304K, committed 626688K, used 62435K [0x0000000700000000, 0x0000000800000000)
  region size 2M, 0 eden (0M), 2 survivor (4M), 26 old (52M), 4 humongous (8M), 274 free (548M)
}
Event: 209.896 {heap Before GC invocations=29 (full 0):
 garbage-first heap   total reserved 4194304K, committed 626688K, used 152547K [0x0000000700000000, 0x0000000800000000)
  region size 2M, 40 eden (80M), 2 survivor (4M), 26 old (52M), 9 humongous (18M), 229 free (458M)
}
Event: 210.273 {heap After GC invocations=30 (full 0):
 garbage-first heap   total reserved 4194304K, committed 626688K, used 96614K [0x0000000700000000, 0x0000000800000000)
  region size 2M, 0 eden (0M), 6 survivor (12M), 33 old (66M), 9 humongous (18M), 258 free (516M)
}
Event: 211.417 {heap Before GC invocations=30 (full 0):
 garbage-first heap   total reserved 4194304K, committed 626688K, used 115046K [0x0000000700000000, 0x0000000800000000)
  region size 2M, 9 eden (18M), 6 survivor (12M), 33 old (66M), 9 humongous (18M), 249 free (498M)
}
Event: 211.784 {heap After GC invocations=31 (full 0):
 garbage-first heap   total reserved 4194304K, committed 626688K, used 101747K [0x0000000700000000, 0x0000000800000000)
  region size 2M, 0 eden (0M), 2 survivor (4M), 39 old (78M), 9 humongous (18M), 256 free (512M)
}
Event: 214.571 {heap Before GC invocations=31 (full 0):
 garbage-first heap   total reserved 4194304K, committed 626688K, used 140659K [0x0000000700000000, 0x0000000800000000)
  region size 2M, 19 eden (38M), 2 survivor (4M), 39 old (78M), 9 humongous (18M), 237 free (474M)
}
Event: 215.000 {heap After GC invocations=32 (full 0):
 garbage-first heap   total reserved 4194304K, committed 626688K, used 111078K [0x0000000700000000, 0x0000000800000000)
  region size 2M, 0 eden (0M), 3 survivor (6M), 43 old (86M), 9 humongous (18M), 251 free (502M)
}
Event: 217.660 {heap Before GC invocations=32 (full 0):
 garbage-first heap   total reserved 4194304K, committed 626688K, used 135654K [0x0000000700000000, 0x0000000800000000)
  region size 2M, 12 eden (24M), 3 survivor (6M), 43 old (86M), 9 humongous (18M), 239 free (478M)
}

Metaspace Usage History (20 events):
Event: 110.700 {metaspace After GC invocations=22 (full 0):
 Metaspace       used 52656K, committed 54400K, reserved 491520K
  class space    used 7993K, committed 8832K, reserved 425984K
}
Event: 116.674 {metaspace Before GC invocations=22 (full 0):
 Metaspace       used 55597K, committed 57536K, reserved 491520K
  class space    used 8548K, committed 9536K, reserved 425984K
}
Event: 116.967 {metaspace After GC invocations=23 (full 0):
 Metaspace       used 55597K, committed 57536K, reserved 491520K
  class space    used 8548K, committed 9536K, reserved 425984K
}
Event: 138.126 {metaspace Before GC invocations=24 (full 0):
 Metaspace       used 61844K, committed 63744K, reserved 491520K
  class space    used 9420K, committed 10304K, reserved 425984K
}
Event: 138.200 {metaspace After GC invocations=25 (full 0):
 Metaspace       used 61844K, committed 63744K, reserved 491520K
  class space    used 9420K, committed 10304K, reserved 425984K
}
Event: 157.898 {metaspace Before GC invocations=25 (full 0):
 Metaspace       used 65637K, committed 67648K, reserved 491520K
  class space    used 10018K, committed 11008K, reserved 425984K
}
Event: 158.107 {metaspace After GC invocations=26 (full 0):
 Metaspace       used 65637K, committed 67648K, reserved 491520K
  class space    used 10018K, committed 11008K, reserved 425984K
}
Event: 191.448 {metaspace Before GC invocations=26 (full 0):
 Metaspace       used 69366K, committed 71424K, reserved 491520K
  class space    used 10569K, committed 11584K, reserved 425984K
}
Event: 191.727 {metaspace After GC invocations=27 (full 0):
 Metaspace       used 69366K, committed 71424K, reserved 491520K
  class space    used 10569K, committed 11584K, reserved 425984K
}
Event: 200.044 {metaspace Before GC invocations=27 (full 0):
 Metaspace       used 71872K, committed 73984K, reserved 491520K
  class space    used 11017K, committed 12032K, reserved 425984K
}
Event: 200.317 {metaspace After GC invocations=28 (full 0):
 Metaspace       used 71872K, committed 73984K, reserved 491520K
  class space    used 11017K, committed 12032K, reserved 425984K
}
Event: 200.430 {metaspace Before GC invocations=28 (full 0):
 Metaspace       used 71878K, committed 73984K, reserved 491520K
  class space    used 11018K, committed 12032K, reserved 425984K
}
Event: 200.530 {metaspace After GC invocations=29 (full 0):
 Metaspace       used 71878K, committed 73984K, reserved 491520K
  class space    used 11018K, committed 12032K, reserved 425984K
}
Event: 209.897 {metaspace Before GC invocations=29 (full 0):
 Metaspace       used 76895K, committed 78976K, reserved 557056K
  class space    used 11495K, committed 12480K, reserved 425984K
}
Event: 210.273 {metaspace After GC invocations=30 (full 0):
 Metaspace       used 76895K, committed 78976K, reserved 557056K
  class space    used 11495K, committed 12480K, reserved 425984K
}
Event: 211.418 {metaspace Before GC invocations=30 (full 0):
 Metaspace       used 77118K, committed 79168K, reserved 557056K
  class space    used 11497K, committed 12480K, reserved 425984K
}
Event: 211.784 {metaspace After GC invocations=31 (full 0):
 Metaspace       used 77118K, committed 79168K, reserved 557056K
  class space    used 11497K, committed 12480K, reserved 425984K
}
Event: 214.571 {metaspace Before GC invocations=31 (full 0):
 Metaspace       used 77352K, committed 79424K, reserved 557056K
  class space    used 11499K, committed 12480K, reserved 425984K
}
Event: 215.000 {metaspace After GC invocations=32 (full 0):
 Metaspace       used 77352K, committed 79424K, reserved 557056K
  class space    used 11499K, committed 12480K, reserved 425984K
}
Event: 217.660 {metaspace Before GC invocations=32 (full 0):
 Metaspace       used 77407K, committed 79488K, reserved 557056K
  class space    used 11500K, committed 12480K, reserved 425984K
}

Dll operation events (20 events):
Event: 1.312 Attempting to load shared library C:\Program Files\Java\jdk-26.0.1\bin\nio.dll
Event: 1.322 Loaded shared library C:\Program Files\Java\jdk-26.0.1\bin\nio.dll
Event: 1.371 Attempting to load shared library C:\Program Files\Java\jdk-26.0.1\bin\zip.dll
Event: 1.371 Loaded shared library C:\Program Files\Java\jdk-26.0.1\bin\zip.dll
Event: 5.150 Attempting to load shared library C:\Program Files\Java\jdk-26.0.1\bin\jimage.dll
Event: 5.151 Loaded shared library C:\Program Files\Java\jdk-26.0.1\bin\jimage.dll
Event: 9.458 Attempting to load shared library C:\Program Files\Java\jdk-26.0.1\bin\verify.dll
Event: 9.467 Loaded shared library C:\Program Files\Java\jdk-26.0.1\bin\verify.dll
Event: 9.943 Attempting to load shared library C:\Users\lenovo\.gradle\native\660c5614fbf4a5f2a75b1949f50a0caf5cd603558e7d8a26e50b933a0cfb79d1\windows-amd64\native-platform.dll
Event: 9.955 Loaded shared library C:\Users\lenovo\.gradle\native\660c5614fbf4a5f2a75b1949f50a0caf5cd603558e7d8a26e50b933a0cfb79d1\windows-amd64\native-platform.dll
Event: 10.105 Attempting to load shared library C:\Users\lenovo\.gradle\native\0.2.8\x86_64-windows-gnu\gradle-fileevents.dll
Event: 10.136 Loaded shared library C:\Users\lenovo\.gradle\native\0.2.8\x86_64-windows-gnu\gradle-fileevents.dll
Event: 24.476 Attempting to load shared library C:\Program Files\Java\jdk-26.0.1\bin\management.dll
Event: 24.484 Loaded shared library C:\Program Files\Java\jdk-26.0.1\bin\management.dll
Event: 24.500 Attempting to load shared library C:\Program Files\Java\jdk-26.0.1\bin\management_ext.dll
Event: 24.509 Loaded shared library C:\Program Files\Java\jdk-26.0.1\bin\management_ext.dll
Event: 26.423 Attempting to load shared library C:\Program Files\Java\jdk-26.0.1\bin\extnet.dll
Event: 26.433 Loaded shared library C:\Program Files\Java\jdk-26.0.1\bin\extnet.dll
Event: 29.441 Attempting to load shared library C:\Program Files\Java\jdk-26.0.1\bin\sunmscapi.dll
Event: 29.466 Loaded shared library C:\Program Files\Java\jdk-26.0.1\bin\sunmscapi.dll

Deoptimization events (20 events):
Event: 209.189 Thread 0x0000016f477f0770 DEOPT PACKING pc=0x0000016f26defdcf sp=0x000000281d5fe440
Event: 209.190 Thread 0x0000016f477f0770 DEOPT UNPACKING pc=0x0000016f2d6115a2 sp=0x000000281d5fd8d8 mode 0
Event: 209.357 Thread 0x0000016f477eb950 DEOPT PACKING pc=0x0000016f26dfc09d sp=0x000000281d4fe360
Event: 209.357 Thread 0x0000016f477eb950 DEOPT UNPACKING pc=0x0000016f2d6115a2 sp=0x000000281d4fd860 mode 0
Event: 209.772 Thread 0x0000016f477ef000 DEOPT PACKING pc=0x0000016f26e41e19 sp=0x000000281cafeaf0
Event: 209.772 Thread 0x0000016f477ef000 DEOPT UNPACKING pc=0x0000016f2d6115a2 sp=0x000000281cafdfc8 mode 0
Event: 210.323 Thread 0x0000016f477ef000 DEOPT PACKING pc=0x0000016f26e2fdc1 sp=0x000000281cafe510
Event: 210.323 Thread 0x0000016f477ef000 DEOPT UNPACKING pc=0x0000016f2d6115a2 sp=0x000000281cafd978 mode 0
Event: 210.434 Thread 0x0000016f477f0f40 DEOPT PACKING pc=0x0000016f26e2b558 sp=0x000000281d6fe8c0
Event: 210.434 Thread 0x0000016f477f0f40 DEOPT UNPACKING pc=0x0000016f2d6115a2 sp=0x000000281d6fdd70 mode 0
Event: 212.296 Thread 0x0000016f477ef000 DEOPT PACKING pc=0x0000016f26e092e2 sp=0x000000281cafe2b0
Event: 212.296 Thread 0x0000016f477ef000 DEOPT UNPACKING pc=0x0000016f2d6115a2 sp=0x000000281cafd790 mode 0
Event: 215.024 Thread 0x0000016f477f0770 DEOPT PACKING pc=0x0000016f26e5e729 sp=0x000000281d5fe100
Event: 215.025 Thread 0x0000016f477f0770 DEOPT UNPACKING pc=0x0000016f2d6115a2 sp=0x000000281d5fd568 mode 0
Event: 215.130 Thread 0x0000016f477eb950 Uncommon trap: trap_request=0xffffff45 fr.pc=0x0000016f2df2e244 relative=0x0000000000000744
Event: 215.130 Thread 0x0000016f477eb950 Uncommon trap: reason=unstable_if action=reinterpret pc=0x0000016f2df2e244 method=org.jetbrains.org.objectweb.asm.ClassReader.readElementValue(Lorg/jetbrains/org/objectweb/asm/AnnotationVisitor;ILjava/lang/String;[C)I @ 102 c2
Event: 215.131 Thread 0x0000016f477eb950 DEOPT PACKING pc=0x0000016f2df2e244 sp=0x000000281d4fe3b0
Event: 215.132 Thread 0x0000016f477eb950 DEOPT UNPACKING pc=0x0000016f2d6f2282 sp=0x000000281d4fe310 mode 2
Event: 215.239 Thread 0x0000016f477ef000 DEOPT PACKING pc=0x0000016f26e57ca7 sp=0x000000281cafec40
Event: 215.242 Thread 0x0000016f477ef000 DEOPT UNPACKING pc=0x0000016f2d6115a2 sp=0x000000281cafe110 mode 0

Classes loaded (20 events):
Event: 199.829 Loading class java/lang/StackStreamFactory$FrameBuffer done
Event: 199.829 Loading class java/lang/StackStreamFactory$StackFrameBuffer done
Event: 199.838 Loading class java/util/stream/WhileOps
Event: 199.841 Loading class java/util/stream/WhileOps done
Event: 199.841 Loading class java/util/stream/WhileOps$1Op
Event: 199.843 Loading class java/util/stream/WhileOps$DropWhileOp
Event: 199.845 Loading class java/util/stream/WhileOps$DropWhileOp done
Event: 199.846 Loading class java/util/stream/WhileOps$1Op done
Event: 199.848 Loading class java/util/stream/WhileOps$1Op$1OpSink
Event: 199.848 Loading class java/util/stream/WhileOps$DropWhileSink
Event: 199.849 Loading class java/util/stream/WhileOps$DropWhileSink done
Event: 199.849 Loading class java/util/stream/WhileOps$1Op$1OpSink done
Event: 202.778 Loading class java/util/concurrent/Executors$DefaultThreadFactory
Event: 202.781 Loading class java/util/concurrent/Executors$DefaultThreadFactory done
Event: 202.888 Loading class java/util/zip/ZipFile$ZipEntryIterator
Event: 202.890 Loading class java/util/zip/ZipFile$ZipEntryIterator done
Event: 206.612 Loading class java/io/UTFDataFormatException
Event: 206.615 Loading class java/io/UTFDataFormatException done
Event: 206.628 Loading class java/lang/reflect/InaccessibleObjectException
Event: 206.631 Loading class java/lang/reflect/InaccessibleObjectException done

Classes unloaded (0 events):
No events

Classes redefined (0 events):
No events

Internal exceptions (20 events):
Event: 195.216 Thread 0x0000016f44b9b7f0 Exception <a 'sun/nio/fs/WindowsException'{0x000000070bb6f060}> (0x000000070bb6f060) 
thrown [s\open\src\hotspot\share\prims\jni.cpp, line 514]
Event: 195.227 Thread 0x0000016f44b9b7f0 Exception <a 'java/lang/NoSuchMethodError'{0x000000070bb74a40}: 'int java.lang.invoke.DirectMethodHandle$Holder.invokeSpecial(java.lang.Object, java.lang.Object, java.lang.Object, java.lang.Object, java.lang.Object)'> (0x000000070bb74a40) 
thrown [s\open\src\hotspot\share\interpreter\linkResolver.cpp, line 804]
Event: 195.811 Thread 0x0000016f44b9b7f0 Exception <a 'java/lang/IncompatibleClassChangeError'{0x000000070b632a58}: Found class java.lang.Object, but interface was expected> (0x000000070b632a58) 
thrown [s\open\src\hotspot\share\interpreter\linkResolver.cpp, line 871]
Event: 196.916 Thread 0x0000016f44b9b7f0 Exception <a 'java/lang/NoSuchMethodError'{0x000000070b4fd338}: static Ljava/lang/Object;.<clinit>()V> (0x000000070b4fd338) 
thrown [s\open\src\hotspot\share\prims\jni.cpp, line 1104]
Event: 197.095 Thread 0x0000016f4450c510 Exception <a 'java/io/FileNotFoundException'{0x000000070b5ef890}> (0x000000070b5ef890) 
thrown [s\open\src\hotspot\share\prims\jni.cpp, line 514]
Event: 197.206 Thread 0x0000016f4450c510 Exception <a 'java/io/FileNotFoundException'{0x000000070b27adc8}> (0x000000070b27adc8) 
thrown [s\open\src\hotspot\share\prims\jni.cpp, line 514]
Event: 197.240 Thread 0x0000016f4450bd40 Exception <a 'java/io/FileNotFoundException'{0x000000070b2af750}> (0x000000070b2af750) 
thrown [s\open\src\hotspot\share\prims\jni.cpp, line 514]
Event: 197.280 Thread 0x0000016f4450bd40 Exception <a 'java/io/FileNotFoundException'{0x000000070b2b32c0}> (0x000000070b2b32c0) 
thrown [s\open\src\hotspot\share\prims\jni.cpp, line 514]
Event: 197.360 Thread 0x0000016f4450e450 Exception <a 'java/io/FileNotFoundException'{0x000000070b3410a8}> (0x000000070b3410a8) 
thrown [s\open\src\hotspot\share\prims\jni.cpp, line 514]
Event: 197.381 Thread 0x0000016f4450cce0 Exception <a 'java/io/FileNotFoundException'{0x000000070b378898}> (0x000000070b378898) 
thrown [s\open\src\hotspot\share\prims\jni.cpp, line 514]
Event: 197.435 Thread 0x0000016f4450e450 Exception <a 'java/io/FileNotFoundException'{0x000000070b344c18}> (0x000000070b344c18) 
thrown [s\open\src\hotspot\share\prims\jni.cpp, line 514]
Event: 197.461 Thread 0x0000016f4450cce0 Exception <a 'java/io/FileNotFoundException'{0x000000070b37c410}> (0x000000070b37c410) 
thrown [s\open\src\hotspot\share\prims\jni.cpp, line 514]
Event: 197.629 Thread 0x0000016f44cc0b40 Implicit null exception at 0x0000016f2def2fba to 0x0000016f2def30e0
Event: 198.044 Thread 0x0000016f4450ec20 Exception <a 'java/io/FileNotFoundException'{0x000000070ae82690}> (0x000000070ae82690) 
thrown [s\open\src\hotspot\share\prims\jni.cpp, line 514]
Event: 198.558 Thread 0x0000016f4450ec20 Exception <a 'java/io/FileNotFoundException'{0x000000070ae86210}> (0x000000070ae86210) 
thrown [s\open\src\hotspot\share\prims\jni.cpp, line 514]
Event: 199.830 Thread 0x0000016f4450e450 Implicit null exception at 0x0000016f2de34e21 to 0x0000016f2de34f7c
Event: 202.805 Thread 0x0000016f477eb950 Exception <a 'java/lang/NoSuchMethodError'{0x00000007256df828}: 'int java.lang.invoke.DirectMethodHandle$Holder.invokeStaticInit(java.lang.Object, java.lang.Object, int)'> (0x00000007256df828) 
thrown [s\open\src\hotspot\share\interpreter\linkResolver.cpp, line 804]
Event: 205.930 Thread 0x0000016f477f0770 Exception <a 'java/lang/NoSuchMethodError'{0x00000007239d9a20}: 'int java.lang.invoke.DirectMethodHandle$Holder.invokeStatic(java.lang.Object, java.lang.Object, int, int)'> (0x00000007239d9a20) 
thrown [s\open\src\hotspot\share\interpreter\linkResolver.cpp, line 804]
Event: 205.930 Thread 0x0000016f477f0f40 Exception <a 'java/lang/NoSuchMethodError'{0x00000007239899c8}: 'int java.lang.invoke.DirectMethodHandle$Holder.invokeStatic(java.lang.Object, java.lang.Object, int, int)'> (0x00000007239899c8) 
thrown [s\open\src\hotspot\share\interpreter\linkResolver.cpp, line 804]
Event: 205.930 Thread 0x0000016f477ef000 Exception <a 'java/lang/NoSuchMethodError'{0x00000007244c8c90}: 'int java.lang.invoke.DirectMethodHandle$Holder.invokeStatic(java.lang.Object, java.lang.Object, int, int)'> (0x00000007244c8c90) 
thrown [s\open\src\hotspot\share\interpreter\linkResolver.cpp, line 804]

VM Operations (20 events):
Event: 194.428 Executing non-safepoint VM operation: HandshakeAllThreads (Deoptimize) done
Event: 194.507 Executing non-safepoint VM operation: HandshakeAllThreads (Deoptimize)
Event: 194.508 Executing non-safepoint VM operation: HandshakeAllThreads (Deoptimize) done
Event: 194.637 Executing non-safepoint VM operation: HandshakeAllThreads (Deoptimize)
Event: 194.638 Executing non-safepoint VM operation: HandshakeAllThreads (Deoptimize) done
Event: 195.057 Executing non-safepoint VM operation: HandshakeAllThreads (Deoptimize)
Event: 195.058 Executing non-safepoint VM operation: HandshakeAllThreads (Deoptimize) done
Event: 195.245 Executing non-safepoint VM operation: HandshakeAllThreads (Deoptimize)
Event: 195.247 Executing non-safepoint VM operation: HandshakeAllThreads (Deoptimize) done
Event: 200.042 Executing safepoint VM operation: G1CollectForAllocation (G1 Evacuation Pause)
Event: 200.318 Executing safepoint VM operation: G1CollectForAllocation (G1 Evacuation Pause) done
Event: 200.430 Executing safepoint VM operation: G1TryInitiateConcMark (G1 Humongous Allocation)
Event: 200.533 Executing safepoint VM operation: G1TryInitiateConcMark (G1 Humongous Allocation) done
Event: 209.851 Executing safepoint VM operation: G1CollectForAllocation (G1 Evacuation Pause)
Event: 210.275 Executing safepoint VM operation: G1CollectForAllocation (G1 Evacuation Pause) done
Event: 211.417 Executing safepoint VM operation: G1CollectForAllocation (G1 Evacuation Pause)
Event: 211.785 Executing safepoint VM operation: G1CollectForAllocation (G1 Evacuation Pause) done
Event: 214.560 Executing safepoint VM operation: G1CollectForAllocation (G1 Evacuation Pause)
Event: 215.001 Executing safepoint VM operation: G1CollectForAllocation (G1 Evacuation Pause) done
Event: 217.642 Executing safepoint VM operation: G1CollectForAllocation (G1 Evacuation Pause)

Memory protections (0 events):
No events

Nmethod flushes (20 events):
Event: 117.502 Thread 0x0000016f3d6954a0 flushing  nmethod 0x0000016f2611a608
Event: 117.502 Thread 0x0000016f3d6954a0 flushing  nmethod 0x0000016f2619c608
Event: 117.502 Thread 0x0000016f3d6954a0 flushing  nmethod 0x0000016f261a2e08
Event: 117.502 Thread 0x0000016f3d6954a0 flushing  nmethod 0x0000016f261a8d88
Event: 117.502 Thread 0x0000016f3d6954a0 flushing  nmethod 0x0000016f261a9908
Event: 117.502 Thread 0x0000016f3d6954a0 flushing  nmethod 0x0000016f261a9f08
Event: 117.502 Thread 0x0000016f3d6954a0 flushing  nmethod 0x0000016f261e5888
Event: 117.502 Thread 0x0000016f3d6954a0 flushing  nmethod 0x0000016f261e7888
Event: 117.502 Thread 0x0000016f3d6954a0 flushing  nmethod 0x0000016f261e8308
Event: 117.502 Thread 0x0000016f3d6954a0 flushing  nmethod 0x0000016f26320688
Event: 117.502 Thread 0x0000016f3d6954a0 flushing  nmethod 0x0000016f26321408
Event: 117.502 Thread 0x0000016f3d6954a0 flushing  nmethod 0x0000016f2632bd08
Event: 117.502 Thread 0x0000016f3d6954a0 flushing  nmethod 0x0000016f2632d788
Event: 117.502 Thread 0x0000016f3d6954a0 flushing  nmethod 0x0000016f2632ef08
Event: 117.502 Thread 0x0000016f3d6954a0 flushing  nmethod 0x0000016f26103e88
Event: 117.503 Thread 0x0000016f3d6954a0 flushing  nmethod 0x0000016f26150008
Event: 117.503 Thread 0x0000016f3d6954a0 flushing  nmethod 0x0000016f26153388
Event: 117.503 Thread 0x0000016f3d6954a0 flushing  nmethod 0x0000016f26154f08
Event: 117.503 Thread 0x0000016f3d6954a0 flushing  nmethod 0x0000016f2618df08
Event: 117.503 Thread 0x0000016f3d6954a0 flushing  nmethod 0x0000016f26370b08

Events (20 events):
Event: 122.219 Thread 0x0000016f428b0db0 Thread added: 0x0000016f457dbd60
Event: 128.068 Thread 0x0000016f428b0db0 Thread added: 0x0000016f457dc530
Event: 183.695 Thread 0x0000016f3d6e9790 Thread added: 0x0000016f45159ab0
Event: 183.849 Thread 0x0000016f45159ab0 Thread exited: 0x0000016f45159ab0
Event: 185.236 Thread 0x0000016f3d6e9790 Thread added: 0x0000016f439cece0
Event: 193.553 Thread 0x0000016f428b0db0 Thread added: 0x0000016f44b9b7f0
Event: 193.698 Thread 0x0000016f44b9b7f0 Thread added: 0x0000016f44b9eea0
Event: 193.699 Thread 0x0000016f44b9b7f0 Thread added: 0x0000016f44b9bfc0
Event: 193.699 Thread 0x0000016f44b9b7f0 Thread added: 0x0000016f44b9f670
Event: 193.701 Thread 0x0000016f44b9b7f0 Thread added: 0x0000016f44b9fe40
Event: 193.703 Thread 0x0000016f44b9b7f0 Thread added: 0x0000016f44ba0610
Event: 193.704 Thread 0x0000016f44b9b7f0 Thread added: 0x0000016f44ba0de0
Event: 193.706 Thread 0x0000016f44b9b7f0 Thread added: 0x0000016f44b9df00
Event: 194.142 Thread 0x0000016f44b9b7f0 Thread added: 0x0000016f477ed890
Event: 196.707 Thread 0x0000016f439cece0 Thread exited: 0x0000016f439cece0
Event: 202.785 Thread 0x0000016f4450e450 Thread added: 0x0000016f477ef000
Event: 202.787 Thread 0x0000016f4450cce0 Thread added: 0x0000016f477eb950
Event: 202.788 Thread 0x0000016f4450ec20 Thread added: 0x0000016f477f0770
Event: 202.789 Thread 0x0000016f4450bd40 Thread added: 0x0000016f477f0f40
Event: 202.790 Thread 0x0000016f4450c510 Thread added: 0x0000016f477f1710


Dynamic libraries:
0x00007ff686b80000 - 0x00007ff686b90000 	C:\Program Files\Java\jdk-26.0.1\bin\java.exe
0x00007ffe31ca0000 - 0x00007ffe31f06000 	C:\WINDOWS\SYSTEM32\ntdll.dll
0x00007ffe30f60000 - 0x00007ffe31029000 	C:\WINDOWS\System32\KERNEL32.DLL
0x00007ffe2f3b0000 - 0x00007ffe2f7b0000 	C:\WINDOWS\System32\KERNELBASE.dll
0x00007ffe2f7c0000 - 0x00007ffe2f90c000 	C:\WINDOWS\System32\ucrtbase.dll
0x00007ffe03340000 - 0x00007ffe03357000 	C:\Program Files\Java\jdk-26.0.1\bin\jli.dll
0x00007ffe03200000 - 0x00007ffe0321e000 	C:\Program Files\Java\jdk-26.0.1\bin\VCRUNTIME140.dll
0x00007ffe317e0000 - 0x00007ffe319a7000 	C:\WINDOWS\System32\USER32.dll
0x00007ffe2eec0000 - 0x00007ffe2eee7000 	C:\WINDOWS\System32\win32u.dll
0x00007ffe19f80000 - 0x00007ffe1a212000 	C:\WINDOWS\WinSxS\amd64_microsoft.windows.common-controls_6595b64144ccf1df_6.0.26100.8737_none_3e092eaee333b772\COMCTL32.dll
0x00007ffe31730000 - 0x00007ffe317d9000 	C:\WINDOWS\System32\msvcrt.dll
0x00007ffe319b0000 - 0x00007ffe319db000 	C:\WINDOWS\System32\GDI32.dll
0x00007ffe2eef0000 - 0x00007ffe2f019000 	C:\WINDOWS\System32\gdi32full.dll
0x00007ffe2f920000 - 0x00007ffe2f9c3000 	C:\WINDOWS\System32\msvcp_win.dll
0x00007ffe30bf0000 - 0x00007ffe30c22000 	C:\WINDOWS\System32\IMM32.DLL
0x00007ffe1eb30000 - 0x00007ffe1eb3c000 	C:\Program Files\Java\jdk-26.0.1\bin\vcruntime140_1.dll
0x00007ffde17d0000 - 0x00007ffde185d000 	C:\Program Files\Java\jdk-26.0.1\bin\msvcp140.dll
0x00007ffd95e60000 - 0x00007ffd96d2e000 	C:\Program Files\Java\jdk-26.0.1\bin\server\jvm.dll
0x00007ffe30ea0000 - 0x00007ffe30f57000 	C:\WINDOWS\System32\ADVAPI32.dll
0x00007ffe314f0000 - 0x00007ffe3159a000 	C:\WINDOWS\System32\sechost.dll
0x00007ffe313d0000 - 0x00007ffe314e8000 	C:\WINDOWS\System32\RPCRT4.dll
0x00007ffe316a0000 - 0x00007ffe31720000 	C:\WINDOWS\System32\WS2_32.dll
0x00007ffe2ed20000 - 0x00007ffe2ed7e000 	C:\WINDOWS\SYSTEM32\POWRPROF.dll
0x00007ffe25d10000 - 0x00007ffe25d46000 	C:\WINDOWS\SYSTEM32\WINMM.dll
0x00007ffe20890000 - 0x00007ffe2089b000 	C:\WINDOWS\SYSTEM32\VERSION.dll
0x00007ffe2ed00000 - 0x00007ffe2ed14000 	C:\WINDOWS\SYSTEM32\UMPDC.dll
0x00007ffe2dba0000 - 0x00007ffe2dbbb000 	C:\WINDOWS\SYSTEM32\kernel.appcore.dll
0x00007ffe1eab0000 - 0x00007ffe1eaba000 	C:\Program Files\Java\jdk-26.0.1\bin\jimage.dll
0x00007ffe2c3b0000 - 0x00007ffe2c5f2000 	C:\WINDOWS\SYSTEM32\DBGHELP.DLL
0x00007ffe30810000 - 0x00007ffe30b93000 	C:\WINDOWS\System32\combase.dll
0x00007ffe31030000 - 0x00007ffe31109000 	C:\WINDOWS\System32\OLEAUT32.dll
0x00007ffe15610000 - 0x00007ffe1564b000 	C:\WINDOWS\SYSTEM32\dbgcore.DLL
0x00007ffe2f0e0000 - 0x00007ffe2f18c000 	C:\WINDOWS\System32\bcryptPrimitives.dll
0x00007ffe02f20000 - 0x00007ffe02f30000 	C:\Program Files\Java\jdk-26.0.1\bin\instrument.dll
0x00007ffe031e0000 - 0x00007ffe031ff000 	C:\Program Files\Java\jdk-26.0.1\bin\java.dll
0x00007ffe319e0000 - 0x00007ffe31b79000 	C:\WINDOWS\System32\ole32.dll
0x00007ffe30070000 - 0x00007ffe30802000 	C:\WINDOWS\System32\SHELL32.dll
0x00007ffe2c980000 - 0x00007ffe2d212000 	C:\WINDOWS\SYSTEM32\windows.storage.dll
0x00007ffe30c30000 - 0x00007ffe30d27000 	C:\WINDOWS\System32\SHCORE.dll
0x00007ffe31bf0000 - 0x00007ffe31c57000 	C:\WINDOWS\System32\shlwapi.dll
0x00007ffe2ede0000 - 0x00007ffe2ee09000 	C:\WINDOWS\SYSTEM32\profapi.dll
0x00007ffdf7780000 - 0x00007ffdf7797000 	C:\Program Files\Java\jdk-26.0.1\bin\zip.dll
0x00007ffe031a0000 - 0x00007ffe031b2000 	C:\Program Files\Java\jdk-26.0.1\bin\net.dll
0x00007ffe2e150000 - 0x00007ffe2e1bc000 	C:\WINDOWS\system32\mswsock.dll
0x00007ffe02f30000 - 0x00007ffe02f46000 	C:\Program Files\Java\jdk-26.0.1\bin\nio.dll
0x00007ffe03250000 - 0x00007ffe03260000 	C:\Program Files\Java\jdk-26.0.1\bin\verify.dll
0x00007ffdf7e20000 - 0x00007ffdf7e47000 	C:\Users\lenovo\.gradle\native\660c5614fbf4a5f2a75b1949f50a0caf5cd603558e7d8a26e50b933a0cfb79d1\windows-amd64\native-platform.dll
0x00007ffdc89e0000 - 0x00007ffdc8a57000 	C:\Users\lenovo\.gradle\native\0.2.8\x86_64-windows-gnu\gradle-fileevents.dll
0x00007ffe17d90000 - 0x00007ffe17d9a000 	C:\Program Files\Java\jdk-26.0.1\bin\management.dll
0x00007ffe05b70000 - 0x00007ffe05b7c000 	C:\Program Files\Java\jdk-26.0.1\bin\management_ext.dll
0x00007ffe2f9f0000 - 0x00007ffe2f9f8000 	C:\WINDOWS\System32\PSAPI.DLL
0x00007ffe2d620000 - 0x00007ffe2d653000 	C:\WINDOWS\SYSTEM32\IPHLPAPI.DLL
0x00007ffe31be0000 - 0x00007ffe31bea000 	C:\WINDOWS\System32\NSI.dll
0x00007ffe03330000 - 0x00007ffe03339000 	C:\Program Files\Java\jdk-26.0.1\bin\extnet.dll
0x00007ffe2e450000 - 0x00007ffe2e46b000 	C:\WINDOWS\SYSTEM32\CRYPTSP.dll
0x00007ffe2db00000 - 0x00007ffe2db39000 	C:\WINDOWS\system32\rsaenh.dll
0x00007ffe2e210000 - 0x00007ffe2e242000 	C:\WINDOWS\SYSTEM32\USERENV.dll
0x00007ffe2edb0000 - 0x00007ffe2edda000 	C:\WINDOWS\SYSTEM32\bcrypt.dll
0x00007ffe2e470000 - 0x00007ffe2e47c000 	C:\WINDOWS\SYSTEM32\CRYPTBASE.dll
0x00007ffe29810000 - 0x00007ffe2981e000 	C:\Program Files\Java\jdk-26.0.1\bin\sunmscapi.dll
0x00007ffe2f230000 - 0x00007ffe2f3a8000 	C:\WINDOWS\System32\CRYPT32.dll
0x00007ffe2e690000 - 0x00007ffe2e6c0000 	C:\WINDOWS\SYSTEM32\ncrypt.dll
0x00007ffe2e640000 - 0x00007ffe2e67f000 	C:\WINDOWS\SYSTEM32\NTASN1.dll
0x00007ffe28930000 - 0x00007ffe28938000 	C:\WINDOWS\system32\wshunix.dll

JVMTI agents:
C:\Users\lenovo\.gradle\wrapper\dists\gradle-9.4.1-bin\arn2x92ynaizyzdaamcbpbhtj\gradle-9.4.1\lib\agents\gradle-instrumentation-agent-9.4.1.jar path:C:\Program Files\Java\jdk-26.0.1\bin\instrument.dll, loaded, initialized, instrumentlib options:none

dbghelp: loaded successfully - version: 4.0.5 - missing functions: none
symbol engine: initialized successfully - sym options: 0x614 - pdb path: .;C:\Program Files\Java\jdk-26.0.1\bin;C:\WINDOWS\SYSTEM32;C:\WINDOWS\WinSxS\amd64_microsoft.windows.common-controls_6595b64144ccf1df_6.0.26100.8737_none_3e092eaee333b772;C:\Program Files\Java\jdk-26.0.1\bin\server;C:\Users\lenovo\.gradle\native\660c5614fbf4a5f2a75b1949f50a0caf5cd603558e7d8a26e50b933a0cfb79d1\windows-amd64;C:\Users\lenovo\.gradle\native\0.2.8\x86_64-windows-gnu

VM Arguments:
jvm_args: --add-opens=java.base/java.lang=ALL-UNNAMED --add-opens=java.base/java.lang.invoke=ALL-UNNAMED --add-opens=java.base/java.util=ALL-UNNAMED --add-opens=java.prefs/java.util.prefs=ALL-UNNAMED --add-exports=jdk.compiler/com.sun.tools.javac.api=ALL-UNNAMED --add-exports=jdk.compiler/com.sun.tools.javac.util=ALL-UNNAMED --add-opens=java.base/java.util=ALL-UNNAMED --add-opens=java.prefs/java.util.prefs=ALL-UNNAMED --add-opens=java.base/java.nio.charset=ALL-UNNAMED --add-opens=java.base/java.net=ALL-UNNAMED --add-opens=java.base/java.util.concurrent=ALL-UNNAMED --add-opens=java.base/java.util.concurrent.atomic=ALL-UNNAMED --add-opens=java.xml/javax.xml.namespace=ALL-UNNAMED --add-opens=java.base/java.time=ALL-UNNAMED --enable-native-access=ALL-UNNAMED -XX:MaxMetaspaceSize=512m -XX:+HeapDumpOnOutOfMemoryError -Xmx4096m -Dfile.encoding=UTF-8 -Duser.country=US -Duser.language=en -Duser.variant -javaagent:C:\Users\lenovo\.gradle\wrapper\dists\gradle-9.4.1-bin\arn2x92ynaizyzdaamcbpbhtj\gradle-9.4.1\lib\agents\gradle-instrumentation-agent-9.4.1.jar 
java_command: org.gradle.launcher.daemon.bootstrap.GradleDaemon 9.4.1
java_class_path (initial): C:\Users\lenovo\.gradle\wrapper\dists\gradle-9.4.1-bin\arn2x92ynaizyzdaamcbpbhtj\gradle-9.4.1\lib\gradle-daemon-main-9.4.1.jar
Launcher Type: SUN_STANDARD

[Global flags]
     bool AOTAdapterCaching                        = false                                  {diagnostic} {ergonomic}
     bool AOTInvokeDynamicLinking                  = false                                  {diagnostic} {ergonomic}
     bool AOTRecordTraining                        = false                                  {diagnostic} {ergonomic}
     bool AOTReplayTraining                        = false                                  {diagnostic} {ergonomic}
     bool AOTStubCaching                           = false                                  {diagnostic} {ergonomic}
     intx CICompilerCount                          = 4                                         {product} {ergonomic}
   size_t CompressedClassSpaceSize                 = 436207616                                 {product} {ergonomic}
     uint ConcGCThreads                            = 2                                         {product} {ergonomic}
     uint G1ConcRefinementThreads                  = 8                                         {product} {ergonomic}
     uint G1EagerReclaimRemSetThreshold            = 16                                   {experimental} {ergonomic}
   size_t G1HeapRegionSize                         = 2097152                                   {product} {ergonomic}
     uint G1RemSetArrayOfCardsEntries              = 16                                   {experimental} {ergonomic}
     uint G1RemSetHowlMaxNumBuckets                = 8                                    {experimental} {ergonomic}
     uint G1RemSetHowlNumBuckets                   = 8                                    {experimental} {ergonomic}
     bool HeapDumpOnOutOfMemoryError               = true                                   {manageable} {command line}
   size_t InitialHeapSize                          = 8388608                                   {product} {ergonomic}
     bool IntelJccErratumMitigation                = false                             {ARCH diagnostic} {ergonomic}
   size_t MarkStackSize                            = 4194304                                   {product} {ergonomic}
   size_t MarkStackSizeMax                         = 536870912                                 {product} {ergonomic}
   size_t MaxHeapSize                              = 4294967296                                {product} {command line}
   size_t MaxMetaspaceSize                         = 536870912                                 {product} {command line}
   size_t MaxNewSize                               = 2575302656                                {product} {ergonomic}
 uint64_t MaxRAM                                   = 4084523008                                {product} {ergonomic}
   size_t MinHeapDeltaBytes                        = 2097152                                   {product} {ergonomic}
   size_t MinHeapSize                              = 8388608                                   {product} {ergonomic}
   size_t NonNMethodCodeHeapSize                   = 5898240                                {pd product} {ergonomic}
   size_t NonProfiledCodeHeapSize                  = 122945536                              {pd product} {ergonomic}
   size_t ProfiledCodeHeapSize                     = 122945536                              {pd product} {ergonomic}
   size_t ReservedCodeCacheSize                    = 251789312                              {pd product} {ergonomic}
     bool SegmentedCodeCache                       = true                                      {product} {ergonomic}
   size_t SoftMaxHeapSize                          = 4294967296                             {manageable} {ergonomic}
     bool UseCompressedOops                        = true                           {product lp64_product} {ergonomic}
     bool UseCondCardMark                          = true                                      {product} {ergonomic}
     bool UseFastUnorderedTimeStamps               = true                                 {experimental} {ergonomic}
     bool UseG1GC                                  = true                                      {product} {ergonomic}
     bool UseLargePagesIndividualAllocation        = false                                  {pd product} {ergonomic}
      int X86ICacheSync                            = 3                                 {ARCH diagnostic} {ergonomic}

Logging:
Log output configuration:
 #0: stdout all=warning uptime,level,tags foldmultilines=false
 #1: stderr all=off uptime,level,tags foldmultilines=false

Release file:
IMPLEMENTOR="Oracle Corporation" 
JAVA_RUNTIME_VERSION="26.0.1+8-34" 
JAVA_VERSION="26.0.1" 
JAVA_VERSION_DATE="2026-04-21" 
LIBC="default" 
MODULES="java.base java.compiler java.datatransfer java.xml java.prefs java.desktop java.instrument java.logging java.management java.security.sasl java.naming java.rmi java.management.rmi java.net.http java.scripting java.security.jgss java.transaction.xa java.sql java.sql.rowset java.xml.crypto java.se java.smartcardio jdk.accessibility jdk.internal.jvmstat jdk.attach jdk.charsets jdk.internal.opt jdk.zipfs jdk.compiler jdk.crypto.cryptoki jdk.crypto.ec jdk.crypto.mscapi jdk.dynalink jdk.internal.ed jdk.editpad jdk.internal.vm.ci jdk.graal.compiler jdk.graal.compiler.management jdk.hotspot.agent jdk.httpserver jdk.incubator.vector jdk.internal.le jdk.internal.md jdk.jartool jdk.javadoc jdk.jcmd jdk.management jdk.management.agent jdk.jconsole jdk.jdeps jdk.jdwp.agent jdk.jdi jdk.jfr jdk.jlink jdk.jpackage jdk.jshell jdk.jstatd jdk.localedata jdk.management.jfr jdk.naming.dns jdk.naming.rmi jdk.net jdk.nio.mapmode jdk.sctp jdk.security.auth jdk.security.jgss jdk.unsupported jdk.unsupported.desktop jdk.xml.dom" 
OS_ARCH="x86_64" 
OS_NAME="Windows" 
SOURCE=".:git:8fcde8268d22 open:git:fcc00fc4aee7" 

Environment Variables:
PATH=C:\Program Files\Common Files\Oracle\Java\javapath;C:\Python314\Scripts\;C:\Python314\;C:\WINDOWS\system32;C:\WINDOWS;C:\WINDOWS\System32\Wbem;C:\WINDOWS\System32\WindowsPowerShell\v1.0\;C:\WINDOWS\System32\OpenSSH\;C:\Program Files\Git\cmd;C:\Program Files\nodejs\;C:\ProgramData\chocolatey\bin;C:\Program Files\Microsoft SQL Server\170\Tools\Binn\;C:\Program Files\Microsoft SQL Server\Client SDK\ODBC\170\Tools\Binn\;C:\Program Files (x86)\IncrediBuild;C:\Program Files (x86)\Windows Kits\10\Windows Performance Toolkit\;C:\Program Files\tre-command\bin\;C:\Program Files (x86)\Google\Cloud SDK\google-cloud-sdk\bin;C:\Program Files\dotnet\;C:\Program Files\Go\bin;C:\Users\lenovo\AppData\Local\Programs\Python\Python312\Scripts\;C:\Users\lenovo\AppData\Local\Programs\Python\Python312\;C:\Users\lenovo\AppData\Local\Microsoft\WindowsApps;C:\Users\lenovo\AppData\Roaming\npm;C:\Users\lenovo\AppData\Local\Programs\Microsoft VS Code\bin;C:\Users\lenovo\AppData\Local\Programs\Microsoft VS Code Insiders\bin;C:\Users\lenovo\AppData\Local\Python\bin;C:\Users\lenovo\AppData\Local\Programs\Antigravity\bin;C:\Users\lenovo\.dotnet\tools;C:\Users\lenovo\go\bin
USERNAME=lenovo
OS=Windows_NT
PROCESSOR_IDENTIFIER=Intel64 Family 6 Model 140 Stepping 1, GenuineIntel
TMP=C:\Users\lenovo\AppData\Local\Temp
TEMP=C:\Users\lenovo\AppData\Local\Temp




Compilation memory statistics disabled.

Periodic native trim disabled

---------------  S Y S T E M  ---------------

OS:
 Windows 11 , 64 bit Build 26100 (10.0.26100.8737)
OS uptime: 1 days 5:18 hours

CPU: total 8 (initial active 8) (4 cores per cpu, 2 threads per core) family 6 model 140 stepping 1 microcode 0x8a, cx8, cmov, fxsr, ht, mmx, 3dnowpref, sse, sse2, sse3, ssse3, sse4.1, sse4.2, popcnt, lzcnt, tsc, tscinvbit, avx, avx2, aes, erms, clmul, bmi1, bmi2, adx, avx512f, avx512dq, avx512cd, avx512bw, avx512vl, sha, fma, vzeroupper, avx512_vpopcntdq, avx512_vpclmulqdq, avx512_vaes, avx512_vnni, clflush, clflushopt, clwb, avx512_vbmi2, avx512_vbmi, rdtscp, rdpid, fsrm, gfni, avx512_bitalg, f16c, pku, cet_ibt, cet_ss, avx512_ifma
Processor Information for the first 8 processors :
  Max Mhz: 2419, Current Mhz: 2419, Mhz Limit: 2419

Memory: 4k page, system-wide physical 3895M (232M free)
TotalPageFile size 15671M (AvailPageFile size 1086M)
current process WorkingSet (physical memory assigned to process): 343M, peak: 394M
current process commit charge ("private bytes"): 889M, peak: 2113M

vm_info: Java HotSpot(TM) 64-Bit Server VM (26.0.1+8-34) for windows-amd64 JRE (26.0.1+8-34), built on 2026-03-10T17:24:10Z with MS VC++ 17.13 (VS2022)

END.
