#
# There is insufficient memory for the Java Runtime Environment to continue.
# Native memory allocation (mmap) failed to map 408944640 bytes. Error detail: G1 virtual space
# Possible reasons:
#   The system is out of physical RAM or swap space
#   This process is running with CompressedOops enabled, and the Java Heap may be blocking the growth of the native heap
# Possible solutions:
#   Reduce memory load on the system
#   Increase physical memory or swap space
#   Check if swap backing store is full
#   Decrease Java heap size (-Xmx/-Xms)
#   Decrease number of Java threads
#   Decrease Java thread stack sizes (-Xss)
#   Set larger code cache with -XX:ReservedCodeCacheSize=
#   JVM is running with Zero Based Compressed Oops mode in which the Java heap is
#     placed in the first 32GB address space. The Java Heap base address is the
#     maximum limit for the native heap growth. Please use -XX:HeapBaseMinAddress
#     to set the Java Heap base and to place the Java Heap above 32GB virtual address.
# This output file may be truncated or incomplete.
#
#  Out of Memory Error (os_windows.cpp:3926), pid=17160, tid=6808
#
# JRE version: OpenJDK Runtime Environment (21.0.10) (build 21.0.10+-14961533-b1163.108)
# Java VM: OpenJDK 64-Bit Server VM (21.0.10+-14961533-b1163.108, mixed mode, tiered, compressed oops, compressed class ptrs, g1 gc, windows-amd64)
# No core dump will be written. Minidumps are not enabled by default on client versions of Windows
#

---------------  S U M M A R Y ------------

Command Line: --add-opens=java.base/java.lang=ALL-UNNAMED --add-opens=java.base/java.lang.invoke=ALL-UNNAMED --add-opens=java.base/java.util=ALL-UNNAMED --add-opens=java.prefs/java.util.prefs=ALL-UNNAMED --add-exports=jdk.compiler/com.sun.tools.javac.api=ALL-UNNAMED --add-exports=jdk.compiler/com.sun.tools.javac.util=ALL-UNNAMED --add-opens=java.base/java.util=ALL-UNNAMED --add-opens=java.prefs/java.util.prefs=ALL-UNNAMED --add-opens=java.base/java.nio.charset=ALL-UNNAMED --add-opens=java.base/java.net=ALL-UNNAMED --add-opens=java.base/java.util.concurrent=ALL-UNNAMED --add-opens=java.base/java.util.concurrent.atomic=ALL-UNNAMED --add-opens=java.xml/javax.xml.namespace=ALL-UNNAMED --add-opens=java.base/java.time=ALL-UNNAMED -XX:MaxMetaspaceSize=512m -XX:+HeapDumpOnOutOfMemoryError -Xmx4096m -Dfile.encoding=UTF-8 -Duser.country=US -Duser.language=en -Duser.variant -javaagent:C:\Users\lenovo\.gradle\wrapper\dists\gradle-9.4.1-bin\arn2x92ynaizyzdaamcbpbhtj\gradle-9.4.1\lib\agents\gradle-instrumentation-agent-9.4.1.jar org.gradle.launcher.daemon.bootstrap.GradleDaemon 9.4.1

Host: 11th Gen Intel(R) Core(TM) i5-1135G7 @ 2.40GHz, 8 cores, 3G,  Windows 11 , 64 bit Build 26100 (10.0.26100.8737)
Time: Thu Jul 16 07:34:51 2026 E. Africa Standard Time elapsed time: 33182.195789 seconds (0d 9h 13m 2s)

---------------  T H R E A D  ---------------

Current thread (0x000001ddc3d25360):  VMThread "VM Thread"          [id=6808, stack(0x000000b765f00000,0x000000b766000000) (1024K)]

Stack: [0x000000b765f00000,0x000000b766000000]
Native frames: (J=compiled Java code, j=interpreted, Vv=VM code, C=native code)
V  [jvm.dll+0x6d78a9]
V  [jvm.dll+0x8665b3]
V  [jvm.dll+0x868bde]
V  [jvm.dll+0x8692c3]
V  [jvm.dll+0x280ee6]
V  [jvm.dll+0x6d4165]
V  [jvm.dll+0x6c77fa]
V  [jvm.dll+0x358f4b]
V  [jvm.dll+0x360bc6]
V  [jvm.dll+0x3b2ea6]
V  [jvm.dll+0x3b3178]
V  [jvm.dll+0x32b65c]
V  [jvm.dll+0x32b6e7]
V  [jvm.dll+0x3715cc]
V  [jvm.dll+0x36fd7e]
V  [jvm.dll+0x32adb1]
V  [jvm.dll+0x36f480]
V  [jvm.dll+0x86f048]
V  [jvm.dll+0x870394]
V  [jvm.dll+0x8708d0]
V  [jvm.dll+0x870b63]
V  [jvm.dll+0x80fd28]
V  [jvm.dll+0x6d60fd]
C  [ucrtbase.dll+0x2cd30]
C  [KERNEL32.DLL+0x2e957]
C  [ntdll.dll+0xaad6c]

VM_Operation (0x000000b76c1fe4b0): G1CollectForAllocation, mode: safepoint, requested by thread 0x000001dde279e490


---------------  P R O C E S S  ---------------

Threads class SMR info:
_java_thread_list=0x000001dde16b9130, length=95, elements={
0x000001ddaa4b27d0, 0x000001ddc45406e0, 0x000001ddc4544370, 0x000001ddc4572340,
0x000001ddc4585000, 0x000001ddc4585a60, 0x000001ddc4588c70, 0x000001ddc4581130,
0x000001ddc458f710, 0x000001ddc45a01c0, 0x000001ddc48b7730, 0x000001ddcae9fce0,
0x000001ddcb2b17b0, 0x000001ddc9f0be00, 0x000001ddca1aee50, 0x000001ddca292020,
0x000001ddca294e10, 0x000001ddca295b30, 0x000001ddca2926b0, 0x000001ddca2961c0,
0x000001ddca299640, 0x000001ddca296850, 0x000001ddca297570, 0x000001ddca298fb0,
0x000001ddca296ee0, 0x000001ddcc6557a0, 0x000001ddcc659fd0, 0x000001ddcc65acf0,
0x000001ddcdbd2060, 0x000001ddcc5bd910, 0x000001ddcc5c0070, 0x000001dddab4ad80,
0x000001ddd586ce00, 0x000001dddacca8c0, 0x000001dddaccea60, 0x000001dddcbc3930,
0x000001dddaccf0f0, 0x000001dddacb4660, 0x000001dde279b6a0, 0x000001dde27a5420,
0x000001dde0a07390, 0x000001ddcccf3f90, 0x000001dddacbbc80, 0x000001dde27b5aa0,
0x000001dddacba8d0, 0x000001dde2ac1b90, 0x000001dde2abc640, 0x000001dde2ab91c0,
0x000001dde2ab1ba0, 0x000001dde2ac0e70, 0x000001dde2ac5d30, 0x000001dde279c3c0,
0x000001dde27a8f30, 0x000001dde2ab3c70, 0x000001dddacb8800, 0x000001dde09f7a30,
0x000001dde09f80c0, 0x000001dde09f6d10, 0x000001dde09fc8f0, 0x000001dde09fbbd0,
0x000001dde09ffd70, 0x000001dde0a00400, 0x000001dde09fcf80, 0x000001dde0a017b0,
0x000001dde0a01e40, 0x000001dde0a02b60, 0x000001dde0a01120, 0x000001dde0a031f0,
0x000001dde0a03880, 0x000001dde0a03f10, 0x000001dde0a052c0, 0x000001dde0a05fe0,
0x000001dde0a05950, 0x000001dde0a06670, 0x000001dde0a06d00, 0x000001dde0a045a0,
0x000001dde0a0a180, 0x000001dde09ff050, 0x000001ddd586c0e0, 0x000001ddd5874ab0,
0x000001ddd5873700, 0x000001ddd5875140, 0x000001ddd5871cc0, 0x000001ddd5875e60,
0x000001ddd58764f0, 0x000001ddd5873070, 0x000001ddd58792e0, 0x000001dde279a2f0,
0x000001dde279a980, 0x000001dde279d770, 0x000001dde279b010, 0x000001dde279de00,
0x000001dde279e490, 0x000001dde27a0bf0, 0x000001dde27a1fa0
}

Java Threads: ( => current thread )
  0x000001ddaa4b27d0 JavaThread "main"                              [_thread_blocked, id=16796, stack(0x000000b765800000,0x000000b765900000) (1024K)]
  0x000001ddc45406e0 JavaThread "Common-Cleaner"             daemon [_thread_blocked, id=18720, stack(0x000000b766000000,0x000000b766100000) (1024K)]
  0x000001ddc4544370 JavaThread "Reference Handler"          daemon [_thread_blocked, id=16144, stack(0x000000b766100000,0x000000b766200000) (1024K)]
  0x000001ddc4572340 JavaThread "Finalizer"                  daemon [_thread_blocked, id=16780, stack(0x000000b766200000,0x000000b766300000) (1024K)]
  0x000001ddc4585000 JavaThread "Signal Dispatcher"          daemon [_thread_blocked, id=10796, stack(0x000000b766300000,0x000000b766400000) (1024K)]
  0x000001ddc4585a60 JavaThread "Attach Listener"            daemon [_thread_blocked, id=9928, stack(0x000000b766400000,0x000000b766500000) (1024K)]
  0x000001ddc4588c70 JavaThread "Service Thread"             daemon [_thread_blocked, id=19364, stack(0x000000b766500000,0x000000b766600000) (1024K)]
  0x000001ddc4581130 JavaThread "Monitor Deflation Thread"   daemon [_thread_blocked, id=10280, stack(0x000000b766600000,0x000000b766700000) (1024K)]
  0x000001ddc458f710 JavaThread "C2 CompilerThread0"         daemon [_thread_blocked, id=2900, stack(0x000000b766700000,0x000000b766800000) (1024K)]
  0x000001ddc45a01c0 JavaThread "C1 CompilerThread0"         daemon [_thread_blocked, id=18988, stack(0x000000b766800000,0x000000b766900000) (1024K)]
  0x000001ddc48b7730 JavaThread "Notification Thread"        daemon [_thread_blocked, id=19044, stack(0x000000b766900000,0x000000b766a00000) (1024K)]
  0x000001ddcae9fce0 JavaThread "Daemon health stats"               [_thread_blocked, id=18196, stack(0x000000b766e00000,0x000000b766f00000) (1024K)]
  0x000001ddcb2b17b0 JavaThread "Incoming local TCP Connector on port 53745"        [_thread_in_native, id=1964, stack(0x000000b767200000,0x000000b767300000) (1024K)]
  0x000001ddc9f0be00 JavaThread "Daemon periodic checks"            [_thread_blocked, id=16048, stack(0x000000b767300000,0x000000b767400000) (1024K)]
  0x000001ddca1aee50 JavaThread "Cache worker for journal cache (C:\Users\lenovo\.gradle\caches\journal-1)"        [_thread_blocked, id=6068, stack(0x000000b767c00000,0x000000b767d00000) (1024K)]
  0x000001ddca292020 JavaThread "File lock request listener"        [_thread_in_native, id=11332, stack(0x000000b767d00000,0x000000b767e00000) (1024K)]
  0x000001ddca294e10 JavaThread "Cache worker for file hash cache (C:\Users\lenovo\.gradle\caches\9.4.1\fileHashes)"        [_thread_blocked, id=8012, stack(0x000000b767e00000,0x000000b767f00000) (1024K)]
  0x000001ddca295b30 JavaThread "File watcher server"        daemon [_thread_blocked, id=8544, stack(0x000000b768100000,0x000000b768200000) (1024K)]
  0x000001ddca2926b0 JavaThread "File watcher consumer"      daemon [_thread_blocked, id=16680, stack(0x000000b768200000,0x000000b768300000) (1024K)]
  0x000001ddca2961c0 JavaThread "Cache worker for file content cache (C:\Users\lenovo\.gradle\caches\9.4.1\fileContent)"        [_thread_blocked, id=3824, stack(0x000000b768300000,0x000000b768400000) (1024K)]
  0x000001ddca299640 JavaThread "jar transforms"                    [_thread_blocked, id=20368, stack(0x000000b768500000,0x000000b768600000) (1024K)]
  0x000001ddca296850 JavaThread "jar transforms Thread 2"           [_thread_blocked, id=8320, stack(0x000000b768600000,0x000000b768700000) (1024K)]
  0x000001ddca297570 JavaThread "jar transforms Thread 3"           [_thread_blocked, id=9700, stack(0x000000b768700000,0x000000b768800000) (1024K)]
  0x000001ddca298fb0 JavaThread "jar transforms Thread 4"           [_thread_blocked, id=4652, stack(0x000000b768800000,0x000000b768900000) (1024K)]
  0x000001ddca296ee0 JavaThread "jar transforms Thread 5"           [_thread_blocked, id=3576, stack(0x000000b768a00000,0x000000b768b00000) (1024K)]
  0x000001ddcc6557a0 JavaThread "jar transforms Thread 6"           [_thread_blocked, id=18852, stack(0x000000b769300000,0x000000b769400000) (1024K)]
  0x000001ddcc659fd0 JavaThread "jar transforms Thread 7"           [_thread_blocked, id=19964, stack(0x000000b769400000,0x000000b769500000) (1024K)]
  0x000001ddcc65acf0 JavaThread "jar transforms Thread 8"           [_thread_blocked, id=14988, stack(0x000000b769500000,0x000000b769600000) (1024K)]
  0x000001ddcdbd2060 JavaThread "Memory manager"                    [_thread_blocked, id=8132, stack(0x000000b769600000,0x000000b769700000) (1024K)]
  0x000001ddcc5bd910 JavaThread "pool-3-thread-1"                   [_thread_blocked, id=5832, stack(0x000000b76a200000,0x000000b76a300000) (1024K)]
  0x000001ddcc5c0070 JavaThread "pool-6-thread-1"                   [_thread_blocked, id=14204, stack(0x000000b769200000,0x000000b769300000) (1024K)]
  0x000001dddab4ad80 JavaThread "pool-9-thread-1"                   [_thread_blocked, id=14568, stack(0x000000b769900000,0x000000b769a00000) (1024K)]
  0x000001ddd586ce00 JavaThread "Periodic tasks thread"      daemon [_thread_blocked, id=3772, stack(0x000000b76b300000,0x000000b76b400000) (1024K)]
  0x000001dddacca8c0 JavaThread "Java2D Disposer"            daemon [_thread_blocked, id=5104, stack(0x000000b76c900000,0x000000b76ca00000) (1024K)]
  0x000001dddaccea60 JavaThread "AWT-Windows"                daemon [_thread_in_native, id=8788, stack(0x000000b76cb00000,0x000000b76cc00000) (1024K)]
  0x000001dddcbc3930 JavaThread "ApplicationImpl pooled thread 3" daemon [_thread_blocked, id=9916, stack(0x000000b76b400000,0x000000b76b500000) (1024K)]
  0x000001dddaccf0f0 JavaThread "RMI Scheduler(0)"           daemon [_thread_blocked, id=844, stack(0x000000b76b900000,0x000000b76ba00000) (1024K)]
  0x000001dddacb4660 JavaThread "RMI TCP Accept-0"           daemon [_thread_in_native, id=12540, stack(0x000000b76bd00000,0x000000b76be00000) (1024K)]
  0x000001dde279b6a0 JavaThread "Cache worker for Java compile cache (C:\Users\lenovo\.gradle\caches\9.4.1\javaCompile)"        [_thread_blocked, id=11544, stack(0x000000b76c000000,0x000000b76c100000) (1024K)]
  0x000001dde27a5420 JavaThread "pool-13-thread-1"                  [_thread_blocked, id=12328, stack(0x000000b769a00000,0x000000b769b00000) (1024K)]
  0x000001dde0a07390 JavaThread "pool-16-thread-1"                  [_thread_blocked, id=576, stack(0x000000b76a900000,0x000000b76aa00000) (1024K)]
  0x000001ddcccf3f90 JavaThread "pool-19-thread-1"                  [_thread_blocked, id=17728, stack(0x000000b769c00000,0x000000b769d00000) (1024K)]
  0x000001dddacbbc80 JavaThread "pool-22-thread-1"                  [_thread_blocked, id=11236, stack(0x000000b76ac00000,0x000000b76ad00000) (1024K)]
  0x000001dde27b5aa0 JavaThread "pool-25-thread-1"                  [_thread_blocked, id=15388, stack(0x000000b769d00000,0x000000b769e00000) (1024K)]
  0x000001dddacba8d0 JavaThread "pool-28-thread-1"                  [_thread_blocked, id=2760, stack(0x000000b769f00000,0x000000b76a000000) (1024K)]
  0x000001dde2ac1b90 JavaThread "pool-31-thread-1"                  [_thread_blocked, id=3104, stack(0x000000b76b000000,0x000000b76b100000) (1024K)]
  0x000001dde2abc640 JavaThread "pool-34-thread-1"                  [_thread_blocked, id=3208, stack(0x000000b76a000000,0x000000b76a100000) (1024K)]
  0x000001dde2ab91c0 JavaThread "pool-37-thread-1"                  [_thread_blocked, id=19900, stack(0x000000b76b100000,0x000000b76b200000) (1024K)]
  0x000001dde2ab1ba0 JavaThread "pool-40-thread-1"                  [_thread_blocked, id=10216, stack(0x000000b76a100000,0x000000b76a200000) (1024K)]
  0x000001dde2ac0e70 JavaThread "pool-43-thread-1"                  [_thread_blocked, id=17616, stack(0x000000b76b500000,0x000000b76b600000) (1024K)]
  0x000001dde2ac5d30 JavaThread "pool-46-thread-1"                  [_thread_blocked, id=16448, stack(0x000000b76b700000,0x000000b76b800000) (1024K)]
  0x000001dde279c3c0 JavaThread "pool-49-thread-1"                  [_thread_blocked, id=1700, stack(0x000000b76a300000,0x000000b76a400000) (1024K)]
  0x000001dde27a8f30 JavaThread "pool-52-thread-1"                  [_thread_blocked, id=20144, stack(0x000000b76b800000,0x000000b76b900000) (1024K)]
  0x000001dde2ab3c70 JavaThread "pool-55-thread-1"                  [_thread_blocked, id=5504, stack(0x000000b76ba00000,0x000000b76bb00000) (1024K)]
  0x000001dddacb8800 JavaThread "pool-58-thread-1"                  [_thread_blocked, id=14856, stack(0x000000b76a400000,0x000000b76a500000) (1024K)]
  0x000001dde09f7a30 JavaThread "Daemon Thread 20"                  [_thread_blocked, id=14468, stack(0x000000b765500000,0x000000b765600000) (1024K)]
  0x000001dde09f80c0 JavaThread "Handler for socket connection from /127.0.0.1:53745 to /127.0.0.1:52127"        [_thread_in_native, id=20440, stack(0x000000b765600000,0x000000b765700000) (1024K)]
  0x000001dde09f6d10 JavaThread "Cancel handler"                    [_thread_blocked, id=4008, stack(0x000000b765700000,0x000000b765800000) (1024K)]
  0x000001dde09fc8f0 JavaThread "Daemon worker Thread 20"           [_thread_blocked, id=15716, stack(0x000000b767400000,0x000000b767500000) (1024K)]
  0x000001dde09fbbd0 JavaThread "Asynchronous log dispatcher for DefaultDaemonConnection: socket connection from /127.0.0.1:53745 to /127.0.0.1:52127"        [_thread_blocked, id=4664, stack(0x000000b767500000,0x000000b767600000) (1024K)]
  0x000001dde09ffd70 JavaThread "Stdin handler"                     [_thread_blocked, id=2416, stack(0x000000b767600000,0x000000b767700000) (1024K)]
  0x000001dde0a00400 JavaThread "Daemon client event forwarder"        [_thread_blocked, id=8692, stack(0x000000b767800000,0x000000b767900000) (1024K)]
  0x000001dde09fcf80 JavaThread "Cache worker for file hash cache (C:\Users\lenovo\Projects\Transport simulation\TransportsimAndroid\.gradle\9.4.1\fileHashes)"        [_thread_blocked, id=18584, stack(0x000000b767900000,0x000000b767a00000) (1024K)]
  0x000001dde0a017b0 JavaThread "Cache worker for Build Output Cleanup Cache (C:\Users\lenovo\Projects\Transport simulation\TransportsimAndroid\.gradle\buildOutputCleanup)"        [_thread_blocked, id=20308, stack(0x000000b767a00000,0x000000b767b00000) (1024K)]
  0x000001dde0a01e40 JavaThread "Cache worker for checksums cache (C:\Users\lenovo\Projects\Transport simulation\TransportsimAndroid\.gradle\9.4.1\checksums)"        [_thread_blocked, id=13936, stack(0x000000b767b00000,0x000000b767c00000) (1024K)]
  0x000001dde0a02b60 JavaThread "Cache worker for cache directory md-supplier (C:\Users\lenovo\.gradle\caches\9.4.1\md-supplier)"        [_thread_blocked, id=7652, stack(0x000000b767f00000,0x000000b768000000) (1024K)]
  0x000001dde0a01120 JavaThread "Cache worker for cache directory md-rule (C:\Users\lenovo\.gradle\caches\9.4.1\md-rule)"        [_thread_blocked, id=3060, stack(0x000000b768000000,0x000000b768100000) (1024K)]
  0x000001dde0a031f0 JavaThread "Build operations"                  [_thread_blocked, id=9776, stack(0x000000b768400000,0x000000b768500000) (1024K)]
  0x000001dde0a03880 JavaThread "Build operations Thread 2"         [_thread_blocked, id=16672, stack(0x000000b768900000,0x000000b768a00000) (1024K)]
  0x000001dde0a03f10 JavaThread "Build operations Thread 3"         [_thread_blocked, id=15756, stack(0x000000b768b00000,0x000000b768c00000) (1024K)]
  0x000001dde0a052c0 JavaThread "Build operations Thread 4"         [_thread_blocked, id=14624, stack(0x000000b768c00000,0x000000b768d00000) (1024K)]
  0x000001dde0a05fe0 JavaThread "Build operations Thread 5"         [_thread_blocked, id=13648, stack(0x000000b768d00000,0x000000b768e00000) (1024K)]
  0x000001dde0a05950 JavaThread "Build operations Thread 6"         [_thread_blocked, id=17312, stack(0x000000b768e00000,0x000000b768f00000) (1024K)]
  0x000001dde0a06670 JavaThread "Build operations Thread 7"         [_thread_blocked, id=20352, stack(0x000000b768f00000,0x000000b769000000) (1024K)]
  0x000001dde0a06d00 JavaThread "Build operations Thread 8"         [_thread_blocked, id=12728, stack(0x000000b769000000,0x000000b769100000) (1024K)]
  0x000001dde0a045a0 JavaThread "Cache worker for Build Output Cleanup Cache (C:\Users\lenovo\Projects\Transport simulation\TransportsimAndroid\build-logic\.gradle\buildOutputCleanup)"        [_thread_blocked, id=16468, stack(0x000000b769700000,0x000000b769800000) (1024K)]
  0x000001dde0a0a180 JavaThread "Kotlin DSL Writer"                 [_thread_blocked, id=8904, stack(0x000000b769800000,0x000000b769900000) (1024K)]
  0x000001dde09ff050 JavaThread "Kotlin DSL Writer"                 [_thread_blocked, id=9320, stack(0x000000b769e00000,0x000000b769f00000) (1024K)]
  0x000001ddd586c0e0 JavaThread "included builds"                   [_thread_blocked, id=11628, stack(0x000000b76a500000,0x000000b76a600000) (1024K)]
  0x000001ddd5874ab0 JavaThread "Execution worker"                  [_thread_blocked, id=5772, stack(0x000000b76a700000,0x000000b76a800000) (1024K)]
  0x000001ddd5873700 JavaThread "Execution worker Thread 2"         [_thread_blocked, id=14172, stack(0x000000b76a800000,0x000000b76a900000) (1024K)]
  0x000001ddd5875140 JavaThread "Execution worker Thread 3"         [_thread_blocked, id=4148, stack(0x000000b76aa00000,0x000000b76ab00000) (1024K)]
  0x000001ddd5871cc0 JavaThread "Execution worker Thread 4"         [_thread_blocked, id=3648, stack(0x000000b76ab00000,0x000000b76ac00000) (1024K)]
  0x000001ddd5875e60 JavaThread "Execution worker Thread 5"         [_thread_blocked, id=15892, stack(0x000000b76ad00000,0x000000b76ae00000) (1024K)]
  0x000001ddd58764f0 JavaThread "Execution worker Thread 6"         [_thread_blocked, id=4080, stack(0x000000b76ae00000,0x000000b76af00000) (1024K)]
  0x000001ddd5873070 JavaThread "Execution worker Thread 7"         [_thread_blocked, id=16548, stack(0x000000b76af00000,0x000000b76b000000) (1024K)]
  0x000001ddd58792e0 JavaThread "Cache worker for execution history cache (C:\Users\lenovo\Projects\Transport simulation\TransportsimAndroid\build-logic\.gradle\9.4.1\executionHistory)"        [_thread_blocked, id=12004, stack(0x000000b76b200000,0x000000b76b300000) (1024K)]
  0x000001dde279a2f0 JavaThread "pool-60-thread-5"                  [_thread_blocked, id=6504, stack(0x000000b76b600000,0x000000b76b700000) (1024K)]
  0x000001dde279a980 JavaThread "pool-60-thread-3"                  [_thread_blocked, id=11876, stack(0x000000b76bb00000,0x000000b76bc00000) (1024K)]
  0x000001dde279d770 JavaThread "pool-60-thread-6"                  [_thread_blocked, id=6208, stack(0x000000b76bc00000,0x000000b76bd00000) (1024K)]
  0x000001dde279b010 JavaThread "pool-60-thread-8"                  [_thread_blocked, id=18828, stack(0x000000b76be00000,0x000000b76bf00000) (1024K)]
  0x000001dde279de00 JavaThread "pool-60-thread-7"                  [_thread_blocked, id=1996, stack(0x000000b76bf00000,0x000000b76c000000) (1024K)]
  0x000001dde279e490 JavaThread "pool-60-thread-2"                  [_thread_blocked, id=4720, stack(0x000000b76c100000,0x000000b76c200000) (1024K)]
  0x000001dde27a0bf0 JavaThread "pool-60-thread-4"                  [_thread_blocked, id=12012, stack(0x000000b76c200000,0x000000b76c300000) (1024K)]
  0x000001dde27a1fa0 JavaThread "pool-60-thread-1"                  [_thread_blocked, id=4244, stack(0x000000b76c300000,0x000000b76c400000) (1024K)]
Total: 95

Other Threads:
=>0x000001ddc3d25360 VMThread "VM Thread"                           [id=6808, stack(0x000000b765f00000,0x000000b766000000) (1024K)]
  0x000001ddaa55eae0 WatcherThread "VM Periodic Task Thread"        [id=16044, stack(0x000000b765e00000,0x000000b765f00000) (1024K)]
  0x000001ddaa5193d0 WorkerThread "GC Thread#0"                     [id=8144, stack(0x000000b765900000,0x000000b765a00000) (1024K)]
  0x000001ddc92aa5a0 WorkerThread "GC Thread#1"                     [id=3108, stack(0x000000b766a00000,0x000000b766b00000) (1024K)]
  0x000001ddc98fa070 WorkerThread "GC Thread#2"                     [id=14652, stack(0x000000b766b00000,0x000000b766c00000) (1024K)]
  0x000001ddc9374e70 WorkerThread "GC Thread#3"                     [id=16948, stack(0x000000b766c00000,0x000000b766d00000) (1024K)]
  0x000001ddc9314c10 WorkerThread "GC Thread#4"                     [id=12752, stack(0x000000b766d00000,0x000000b766e00000) (1024K)]
  0x000001ddc9f09cf0 WorkerThread "GC Thread#5"                     [id=14836, stack(0x000000b766f00000,0x000000b767000000) (1024K)]
  0x000001ddc9f09940 WorkerThread "GC Thread#6"                     [id=15308, stack(0x000000b767000000,0x000000b767100000) (1024K)]
  0x000001ddc9f091e0 WorkerThread "GC Thread#7"                     [id=11496, stack(0x000000b767100000,0x000000b767200000) (1024K)]
  0x000001dda800dfb0 ConcurrentGCThread "G1 Main Marker"            [id=16748, stack(0x000000b765a00000,0x000000b765b00000) (1024K)]
  0x000001dda800e870 WorkerThread "G1 Conc#0"                       [id=12236, stack(0x000000b765b00000,0x000000b765c00000) (1024K)]
  0x000001ddc9f08e30 WorkerThread "G1 Conc#1"                       [id=16784, stack(0x000000b767700000,0x000000b767800000) (1024K)]
  0x000001ddc3ba3f80 ConcurrentGCThread "G1 Refine#0"               [id=10220, stack(0x000000b765c00000,0x000000b765d00000) (1024K)]
  0x000001ddd56f7620 ConcurrentGCThread "G1 Refine#1"               [id=15112, stack(0x000000b76a600000,0x000000b76a700000) (1024K)]
  0x000001dde0055870 ConcurrentGCThread "G1 Refine#2"               [id=9772, stack(0x000000b769b00000,0x000000b769c00000) (1024K)]
  0x000001dde0dbe520 ConcurrentGCThread "G1 Refine#3"               [id=7428, stack(0x000000b769100000,0x000000b769200000) (1024K)]
  0x000001dde1e83a30 ConcurrentGCThread "G1 Refine#4"               [id=17208, stack(0x000000b76c400000,0x000000b76c500000) (1024K)]
  0x000001dde1e86df0 ConcurrentGCThread "G1 Refine#5"               [id=17332, stack(0x000000b76c500000,0x000000b76c600000) (1024K)]
  0x000001dde1e83190 ConcurrentGCThread "G1 Refine#6"               [id=5140, stack(0x000000b76c600000,0x000000b76c700000) (1024K)]
  0x000001dde1e87240 ConcurrentGCThread "G1 Refine#7"               [id=15720, stack(0x000000b76c700000,0x000000b76c800000) (1024K)]
  0x000001ddc3ba48b0 ConcurrentGCThread "G1 Service"                [id=12320, stack(0x000000b765d00000,0x000000b765e00000) (1024K)]
Total: 22

Threads with active compile tasks:
C2 CompilerThread0  33183103 108536       4       org.jetbrains.org.objectweb.asm.tree.MethodNode::<init> (79 bytes)
Total: 1

VM state: at safepoint (normal execution)

VM Mutex/Monitor currently owned by a thread:  ([mutex/lock_event])
[0x00007ffdb3fc86d0] Threads_lock - owner thread: 0x000001ddc3d25360
[0x00007ffdb3fc87d0] Heap_lock - owner thread: 0x000001dde279e490

Heap address: 0x0000000700000000, size: 4096 MB, Compressed Oops mode: Zero based, Oop shift amount: 3

CDS archive(s) not mapped
Compressed class space mapped at: 0x0000000800000000-0x000000081a000000, reserved size: 436207616
Narrow klass base: 0x0000000800000000, Narrow klass shift: 0, Narrow klass range: 0x1a000000

GC Precious Log:
 CardTable entry size: 512
 Card Set container configuration: InlinePtr #cards 4 size 8 Array Of Cards #cards 16 size 48 Howl #buckets 8 coarsen threshold 3686 Howl Bitmap #cards 512 size 80 coarsen threshold 460 Card regions per heap region 1 cards per card region 4096
 CPUs: 8 total, 8 available
 Memory: 3895M
 Large Page Support: Disabled
 NUMA Support: Disabled
 Compressed Oops: Enabled (Zero based)
 Heap Region Size: 2M
 Heap Min Capacity: 8M
 Heap Initial Capacity: 62M
 Heap Max Capacity: 4G
 Pre-touch: Disabled
 Parallel Workers: 8
 Concurrent Workers: 2
 Concurrent Refinement Workers: 8
 Periodic GC: Disabled

Heap:
 garbage-first heap   total 2295808K, used 473450K [0x0000000700000000, 0x0000000800000000)
  region size 2048K, 4 young (8192K), 4 survivors (8192K)
 Metaspace       used 385545K, committed 388608K, reserved 819200K
  class space    used 47859K, committed 49600K, reserved 425984K

Heap Regions: E=young(eden), S=young(survivor), O=old, HS=humongous(starts), HC=humongous(continues), CS=collection set, F=free, TAMS=top-at-mark-start, PB=parsable bottom
|   0|0x0000000700000000, 0x0000000700200000, 0x0000000700200000|100%|HS|  |TAMS 0x0000000700000000| PB 0x0000000700000000| Complete 
|   1|0x0000000700200000, 0x0000000700400000, 0x0000000700400000|100%|HC|  |TAMS 0x0000000700200000| PB 0x0000000700200000| Complete 
|   2|0x0000000700400000, 0x0000000700600000, 0x0000000700600000|100%| O|  |TAMS 0x0000000700400000| PB 0x0000000700400000| Untracked 
|   3|0x0000000700600000, 0x0000000700800000, 0x0000000700800000|100%| O|  |TAMS 0x0000000700600000| PB 0x0000000700600000| Untracked 
|   4|0x0000000700800000, 0x0000000700a00000, 0x0000000700a00000|100%| O|  |TAMS 0x0000000700800000| PB 0x0000000700800000| Untracked 
|   5|0x0000000700a00000, 0x0000000700c00000, 0x0000000700c00000|100%| O|  |TAMS 0x0000000700a00000| PB 0x0000000700a00000| Untracked 
|   6|0x0000000700c00000, 0x0000000700e00000, 0x0000000700e00000|100%| O|  |TAMS 0x0000000700c00000| PB 0x0000000700c00000| Untracked 
|   7|0x0000000700e00000, 0x0000000701000000, 0x0000000701000000|100%| O|  |TAMS 0x0000000700e00000| PB 0x0000000700e00000| Untracked 
|   8|0x0000000701000000, 0x0000000701200000, 0x0000000701200000|100%| O|  |TAMS 0x0000000701000000| PB 0x0000000701000000| Untracked 
|   9|0x0000000701200000, 0x0000000701400000, 0x0000000701400000|100%| O|  |TAMS 0x0000000701200000| PB 0x0000000701200000| Untracked 
|  10|0x0000000701400000, 0x0000000701600000, 0x0000000701600000|100%| O|  |TAMS 0x0000000701400000| PB 0x0000000701400000| Untracked 
|  11|0x0000000701600000, 0x0000000701800000, 0x0000000701800000|100%| O|  |TAMS 0x0000000701600000| PB 0x0000000701600000| Untracked 
|  12|0x0000000701800000, 0x0000000701a00000, 0x0000000701a00000|100%| O|  |TAMS 0x0000000701800000| PB 0x0000000701800000| Untracked 
|  13|0x0000000701a00000, 0x0000000701a00000, 0x0000000701c00000|  0%| F|  |TAMS 0x0000000701a00000| PB 0x0000000701a00000| Untracked 
|  14|0x0000000701c00000, 0x0000000701e00000, 0x0000000701e00000|100%| O|  |TAMS 0x0000000701c00000| PB 0x0000000701c00000| Untracked 
|  15|0x0000000701e00000, 0x0000000702000000, 0x0000000702000000|100%| O|  |TAMS 0x0000000701e00000| PB 0x0000000701e00000| Untracked 
|  16|0x0000000702000000, 0x0000000702200000, 0x0000000702200000|100%| O|  |TAMS 0x0000000702000000| PB 0x0000000702000000| Untracked 
|  17|0x0000000702200000, 0x0000000702400000, 0x0000000702400000|100%| O|  |TAMS 0x0000000702200000| PB 0x0000000702200000| Untracked 
|  18|0x0000000702400000, 0x0000000702600000, 0x0000000702600000|100%| O|  |TAMS 0x0000000702400000| PB 0x0000000702400000| Untracked 
|  19|0x0000000702600000, 0x0000000702800000, 0x0000000702800000|100%| O|  |TAMS 0x0000000702600000| PB 0x0000000702600000| Untracked 
|  20|0x0000000702800000, 0x0000000702a00000, 0x0000000702a00000|100%| O|  |TAMS 0x0000000702800000| PB 0x0000000702800000| Untracked 
|  21|0x0000000702a00000, 0x0000000702c00000, 0x0000000702c00000|100%| O|  |TAMS 0x0000000702a00000| PB 0x0000000702a00000| Untracked 
|  22|0x0000000702c00000, 0x0000000702e00000, 0x0000000702e00000|100%| O|  |TAMS 0x0000000702c00000| PB 0x0000000702c00000| Untracked 
|  23|0x0000000702e00000, 0x0000000703000000, 0x0000000703000000|100%| O|  |TAMS 0x0000000702e00000| PB 0x0000000702e00000| Untracked 
|  24|0x0000000703000000, 0x0000000703200000, 0x0000000703200000|100%|HS|  |TAMS 0x0000000703000000| PB 0x0000000703000000| Complete 
|  25|0x0000000703200000, 0x0000000703400000, 0x0000000703400000|100%|HS|  |TAMS 0x0000000703200000| PB 0x0000000703200000| Complete 
|  26|0x0000000703400000, 0x0000000703600000, 0x0000000703600000|100%| O|  |TAMS 0x0000000703400000| PB 0x0000000703400000| Untracked 
|  27|0x0000000703600000, 0x0000000703800000, 0x0000000703800000|100%| O|  |TAMS 0x0000000703600000| PB 0x0000000703600000| Untracked 
|  28|0x0000000703800000, 0x0000000703a00000, 0x0000000703a00000|100%| O|  |TAMS 0x0000000703800000| PB 0x0000000703800000| Untracked 
|  29|0x0000000703a00000, 0x0000000703c00000, 0x0000000703c00000|100%| O|  |TAMS 0x0000000703a00000| PB 0x0000000703a00000| Untracked 
|  30|0x0000000703c00000, 0x0000000703e00000, 0x0000000703e00000|100%| O|  |TAMS 0x0000000703c00000| PB 0x0000000703c00000| Untracked 
|  31|0x0000000703e00000, 0x0000000704000000, 0x0000000704000000|100%| O|  |TAMS 0x0000000703e00000| PB 0x0000000703e00000| Untracked 
|  32|0x0000000704000000, 0x0000000704200000, 0x0000000704200000|100%| O|  |TAMS 0x0000000704000000| PB 0x0000000704000000| Untracked 
|  33|0x0000000704200000, 0x0000000704400000, 0x0000000704400000|100%| O|  |TAMS 0x0000000704200000| PB 0x0000000704200000| Untracked 
|  34|0x0000000704400000, 0x0000000704600000, 0x0000000704600000|100%| O|  |TAMS 0x0000000704400000| PB 0x0000000704400000| Untracked 
|  35|0x0000000704600000, 0x0000000704800000, 0x0000000704800000|100%| O|  |TAMS 0x0000000704600000| PB 0x0000000704600000| Untracked 
|  36|0x0000000704800000, 0x0000000704a00000, 0x0000000704a00000|100%|HS|  |TAMS 0x0000000704800000| PB 0x0000000704800000| Complete 
|  37|0x0000000704a00000, 0x0000000704c00000, 0x0000000704c00000|100%| O|  |TAMS 0x0000000704a00000| PB 0x0000000704a00000| Untracked 
|  38|0x0000000704c00000, 0x0000000704e00000, 0x0000000704e00000|100%| O|  |TAMS 0x0000000704c00000| PB 0x0000000704c00000| Untracked 
|  39|0x0000000704e00000, 0x0000000705000000, 0x0000000705000000|100%|HS|  |TAMS 0x0000000704e00000| PB 0x0000000704e00000| Complete 
|  40|0x0000000705000000, 0x0000000705200000, 0x0000000705200000|100%| O|  |TAMS 0x0000000705000000| PB 0x0000000705000000| Untracked 
|  41|0x0000000705200000, 0x0000000705400000, 0x0000000705400000|100%| O|  |TAMS 0x0000000705200000| PB 0x0000000705200000| Untracked 
|  42|0x0000000705400000, 0x0000000705600000, 0x0000000705600000|100%| O|  |TAMS 0x0000000705400000| PB 0x0000000705400000| Untracked 
|  43|0x0000000705600000, 0x0000000705800000, 0x0000000705800000|100%| O|  |TAMS 0x0000000705600000| PB 0x0000000705600000| Untracked 
|  44|0x0000000705800000, 0x0000000705a00000, 0x0000000705a00000|100%| O|  |TAMS 0x0000000705800000| PB 0x0000000705800000| Untracked 
|  45|0x0000000705a00000, 0x0000000705c00000, 0x0000000705c00000|100%| O|  |TAMS 0x0000000705a00000| PB 0x0000000705a00000| Untracked 
|  46|0x0000000705c00000, 0x0000000705e00000, 0x0000000705e00000|100%| O|  |TAMS 0x0000000705c00000| PB 0x0000000705c00000| Untracked 
|  47|0x0000000705e00000, 0x0000000706000000, 0x0000000706000000|100%| O|  |TAMS 0x0000000705e00000| PB 0x0000000705e00000| Untracked 
|  48|0x0000000706000000, 0x0000000706200000, 0x0000000706200000|100%| O|  |TAMS 0x0000000706000000| PB 0x0000000706000000| Untracked 
|  49|0x0000000706200000, 0x0000000706400000, 0x0000000706400000|100%| O|  |TAMS 0x0000000706200000| PB 0x0000000706200000| Untracked 
|  50|0x0000000706400000, 0x0000000706600000, 0x0000000706600000|100%| O|  |TAMS 0x0000000706400000| PB 0x0000000706400000| Untracked 
|  51|0x0000000706600000, 0x0000000706800000, 0x0000000706800000|100%| O|  |TAMS 0x0000000706600000| PB 0x0000000706600000| Untracked 
|  52|0x0000000706800000, 0x0000000706a00000, 0x0000000706a00000|100%| O|  |TAMS 0x0000000706800000| PB 0x0000000706800000| Untracked 
|  53|0x0000000706a00000, 0x0000000706c00000, 0x0000000706c00000|100%| O|  |TAMS 0x0000000706a00000| PB 0x0000000706a00000| Untracked 
|  54|0x0000000706c00000, 0x0000000706e00000, 0x0000000706e00000|100%| O|  |TAMS 0x0000000706c00000| PB 0x0000000706c00000| Untracked 
|  55|0x0000000706e00000, 0x0000000707000000, 0x0000000707000000|100%| O|  |TAMS 0x0000000706e00000| PB 0x0000000706e00000| Untracked 
|  56|0x0000000707000000, 0x0000000707000000, 0x0000000707200000|  0%| F|  |TAMS 0x0000000707000000| PB 0x0000000707000000| Untracked 
|  57|0x0000000707200000, 0x0000000707400000, 0x0000000707400000|100%| O|  |TAMS 0x0000000707200000| PB 0x0000000707200000| Untracked 
|  58|0x0000000707400000, 0x0000000707600000, 0x0000000707600000|100%| O|  |TAMS 0x0000000707400000| PB 0x0000000707400000| Untracked 
|  59|0x0000000707600000, 0x0000000707800000, 0x0000000707800000|100%| O|  |TAMS 0x0000000707600000| PB 0x0000000707600000| Untracked 
|  60|0x0000000707800000, 0x0000000707a00000, 0x0000000707a00000|100%| O|  |TAMS 0x0000000707800000| PB 0x0000000707800000| Untracked 
|  61|0x0000000707a00000, 0x0000000707c00000, 0x0000000707c00000|100%| O|  |TAMS 0x0000000707a00000| PB 0x0000000707a00000| Untracked 
|  62|0x0000000707c00000, 0x0000000707e00000, 0x0000000707e00000|100%| O|  |TAMS 0x0000000707c00000| PB 0x0000000707c00000| Untracked 
|  63|0x0000000707e00000, 0x0000000708000000, 0x0000000708000000|100%| O|  |TAMS 0x0000000707e00000| PB 0x0000000707e00000| Untracked 
|  64|0x0000000708000000, 0x0000000708000000, 0x0000000708200000|  0%| F|  |TAMS 0x0000000708000000| PB 0x0000000708000000| Untracked 
|  65|0x0000000708200000, 0x0000000708400000, 0x0000000708400000|100%| O|  |TAMS 0x0000000708200000| PB 0x0000000708200000| Untracked 
|  66|0x0000000708400000, 0x0000000708600000, 0x0000000708600000|100%| O|  |TAMS 0x0000000708400000| PB 0x0000000708400000| Untracked 
|  67|0x0000000708600000, 0x00000007086d7c20, 0x0000000708800000| 42%| O|  |TAMS 0x0000000708600000| PB 0x0000000708600000| Untracked 
|  68|0x0000000708800000, 0x0000000708a00000, 0x0000000708a00000|100%| O|  |TAMS 0x0000000708800000| PB 0x0000000708800000| Untracked 
|  69|0x0000000708a00000, 0x0000000708c00000, 0x0000000708c00000|100%| O|  |TAMS 0x0000000708a00000| PB 0x0000000708a00000| Untracked 
|  70|0x0000000708c00000, 0x0000000708e00000, 0x0000000708e00000|100%| O|  |TAMS 0x0000000708c00000| PB 0x0000000708c00000| Untracked 
|  71|0x0000000708e00000, 0x0000000709000000, 0x0000000709000000|100%| O|  |TAMS 0x0000000708e00000| PB 0x0000000708e00000| Untracked 
|  72|0x0000000709000000, 0x0000000709200000, 0x0000000709200000|100%| O|  |TAMS 0x0000000709000000| PB 0x0000000709000000| Untracked 
|  73|0x0000000709200000, 0x0000000709400000, 0x0000000709400000|100%| O|  |TAMS 0x0000000709200000| PB 0x0000000709200000| Untracked 
|  74|0x0000000709400000, 0x0000000709600000, 0x0000000709600000|100%|HS|  |TAMS 0x0000000709400000| PB 0x0000000709400000| Complete 
|  75|0x0000000709600000, 0x0000000709800000, 0x0000000709800000|100%|HC|  |TAMS 0x0000000709600000| PB 0x0000000709600000| Complete 
|  76|0x0000000709800000, 0x0000000709a00000, 0x0000000709a00000|100%|HC|  |TAMS 0x0000000709800000| PB 0x0000000709800000| Complete 
|  77|0x0000000709a00000, 0x0000000709c00000, 0x0000000709c00000|100%|HS|  |TAMS 0x0000000709a00000| PB 0x0000000709a00000| Complete 
|  78|0x0000000709c00000, 0x0000000709e00000, 0x0000000709e00000|100%|HC|  |TAMS 0x0000000709c00000| PB 0x0000000709c00000| Complete 
|  79|0x0000000709e00000, 0x000000070a000000, 0x000000070a000000|100%|HC|  |TAMS 0x0000000709e00000| PB 0x0000000709e00000| Complete 
|  80|0x000000070a000000, 0x000000070a200000, 0x000000070a200000|100%| O|  |TAMS 0x000000070a000000| PB 0x000000070a000000| Untracked 
|  81|0x000000070a200000, 0x000000070a400000, 0x000000070a400000|100%| O|  |TAMS 0x000000070a200000| PB 0x000000070a200000| Untracked 
|  82|0x000000070a400000, 0x000000070a600000, 0x000000070a600000|100%| O|  |TAMS 0x000000070a400000| PB 0x000000070a400000| Untracked 
|  83|0x000000070a600000, 0x000000070a800000, 0x000000070a800000|100%| O|  |TAMS 0x000000070a600000| PB 0x000000070a600000| Untracked 
|  84|0x000000070a800000, 0x000000070aa00000, 0x000000070aa00000|100%| O|  |TAMS 0x000000070a800000| PB 0x000000070a800000| Untracked 
|  85|0x000000070aa00000, 0x000000070ac00000, 0x000000070ac00000|100%| O|  |TAMS 0x000000070aa00000| PB 0x000000070aa00000| Untracked 
|  86|0x000000070ac00000, 0x000000070ae00000, 0x000000070ae00000|100%| O|  |TAMS 0x000000070ac00000| PB 0x000000070ac00000| Untracked 
|  87|0x000000070ae00000, 0x000000070b000000, 0x000000070b000000|100%| O|  |TAMS 0x000000070ae00000| PB 0x000000070ae00000| Untracked 
|  88|0x000000070b000000, 0x000000070b200000, 0x000000070b200000|100%| O|  |TAMS 0x000000070b000000| PB 0x000000070b000000| Untracked 
|  89|0x000000070b200000, 0x000000070b400000, 0x000000070b400000|100%| O|  |TAMS 0x000000070b200000| PB 0x000000070b200000| Untracked 
|  90|0x000000070b400000, 0x000000070b600000, 0x000000070b600000|100%| O|  |TAMS 0x000000070b400000| PB 0x000000070b400000| Untracked 
|  91|0x000000070b600000, 0x000000070b800000, 0x000000070b800000|100%| O|  |TAMS 0x000000070b600000| PB 0x000000070b600000| Untracked 
|  92|0x000000070b800000, 0x000000070ba00000, 0x000000070ba00000|100%| O|  |TAMS 0x000000070b800000| PB 0x000000070b800000| Untracked 
|  93|0x000000070ba00000, 0x000000070bc00000, 0x000000070bc00000|100%| O|  |TAMS 0x000000070ba00000| PB 0x000000070ba00000| Untracked 
|  94|0x000000070bc00000, 0x000000070be00000, 0x000000070be00000|100%| O|  |TAMS 0x000000070bc00000| PB 0x000000070bc00000| Untracked 
|  95|0x000000070be00000, 0x000000070c000000, 0x000000070c000000|100%| O|  |TAMS 0x000000070be00000| PB 0x000000070be00000| Untracked 
|  96|0x000000070c000000, 0x000000070c200000, 0x000000070c200000|100%| O|  |TAMS 0x000000070c000000| PB 0x000000070c000000| Untracked 
|  97|0x000000070c200000, 0x000000070c400000, 0x000000070c400000|100%| O|  |TAMS 0x000000070c200000| PB 0x000000070c200000| Untracked 
|  98|0x000000070c400000, 0x000000070c600000, 0x000000070c600000|100%| O|  |TAMS 0x000000070c400000| PB 0x000000070c400000| Untracked 
|  99|0x000000070c600000, 0x000000070c800000, 0x000000070c800000|100%| O|  |TAMS 0x000000070c600000| PB 0x000000070c600000| Untracked 
| 100|0x000000070c800000, 0x000000070c800000, 0x000000070ca00000|  0%| F|  |TAMS 0x000000070c800000| PB 0x000000070c800000| Untracked 
| 101|0x000000070ca00000, 0x000000070cc00000, 0x000000070cc00000|100%| O|  |TAMS 0x000000070ca00000| PB 0x000000070ca00000| Untracked 
| 102|0x000000070cc00000, 0x000000070ce00000, 0x000000070ce00000|100%| O|  |TAMS 0x000000070cc00000| PB 0x000000070cc00000| Untracked 
| 103|0x000000070ce00000, 0x000000070d000000, 0x000000070d000000|100%| O|  |TAMS 0x000000070ce00000| PB 0x000000070ce00000| Untracked 
| 104|0x000000070d000000, 0x000000070d200000, 0x000000070d200000|100%| O|  |TAMS 0x000000070d000000| PB 0x000000070d000000| Untracked 
| 105|0x000000070d200000, 0x000000070d400000, 0x000000070d400000|100%| O|  |TAMS 0x000000070d200000| PB 0x000000070d200000| Untracked 
| 106|0x000000070d400000, 0x000000070d400000, 0x000000070d600000|  0%| F|  |TAMS 0x000000070d400000| PB 0x000000070d400000| Untracked 
| 107|0x000000070d600000, 0x000000070d800000, 0x000000070d800000|100%| O|  |TAMS 0x000000070d600000| PB 0x000000070d600000| Untracked 
| 108|0x000000070d800000, 0x000000070da00000, 0x000000070da00000|100%| O|  |TAMS 0x000000070d800000| PB 0x000000070d800000| Untracked 
| 109|0x000000070da00000, 0x000000070dc00000, 0x000000070dc00000|100%| O|  |TAMS 0x000000070da00000| PB 0x000000070da00000| Untracked 
| 110|0x000000070dc00000, 0x000000070de00000, 0x000000070de00000|100%| O|  |TAMS 0x000000070dc00000| PB 0x000000070dc00000| Untracked 
| 111|0x000000070de00000, 0x000000070e000000, 0x000000070e000000|100%| O|  |TAMS 0x000000070de00000| PB 0x000000070de00000| Untracked 
| 112|0x000000070e000000, 0x000000070e000000, 0x000000070e200000|  0%| F|  |TAMS 0x000000070e000000| PB 0x000000070e000000| Untracked 
| 113|0x000000070e200000, 0x000000070e400000, 0x000000070e400000|100%| O|  |TAMS 0x000000070e200000| PB 0x000000070e200000| Untracked 
| 114|0x000000070e400000, 0x000000070e600000, 0x000000070e600000|100%| O|  |TAMS 0x000000070e400000| PB 0x000000070e400000| Untracked 
| 115|0x000000070e600000, 0x000000070e800000, 0x000000070e800000|100%| O|  |TAMS 0x000000070e600000| PB 0x000000070e600000| Untracked 
| 116|0x000000070e800000, 0x000000070ea00000, 0x000000070ea00000|100%| O|  |TAMS 0x000000070e800000| PB 0x000000070e800000| Untracked 
| 117|0x000000070ea00000, 0x000000070ec00000, 0x000000070ec00000|100%|HS|  |TAMS 0x000000070ea00000| PB 0x000000070ea00000| Complete 
| 118|0x000000070ec00000, 0x000000070ee00000, 0x000000070ee00000|100%|HC|  |TAMS 0x000000070ec00000| PB 0x000000070ec00000| Complete 
| 119|0x000000070ee00000, 0x000000070f000000, 0x000000070f000000|100%| O|  |TAMS 0x000000070ee00000| PB 0x000000070ee00000| Untracked 
| 120|0x000000070f000000, 0x000000070f000000, 0x000000070f200000|  0%| F|  |TAMS 0x000000070f000000| PB 0x000000070f000000| Untracked 
| 121|0x000000070f200000, 0x000000070f400000, 0x000000070f400000|100%| O|  |TAMS 0x000000070f200000| PB 0x000000070f200000| Untracked 
| 122|0x000000070f400000, 0x000000070f600000, 0x000000070f600000|100%| O|  |TAMS 0x000000070f400000| PB 0x000000070f400000| Untracked 
| 123|0x000000070f600000, 0x000000070f600000, 0x000000070f800000|  0%| F|  |TAMS 0x000000070f600000| PB 0x000000070f600000| Untracked 
| 124|0x000000070f800000, 0x000000070fa00000, 0x000000070fa00000|100%| O|  |TAMS 0x000000070f800000| PB 0x000000070f800000| Untracked 
| 125|0x000000070fa00000, 0x000000070fc00000, 0x000000070fc00000|100%| O|  |TAMS 0x000000070fa00000| PB 0x000000070fa00000| Untracked 
| 126|0x000000070fc00000, 0x000000070fe00000, 0x000000070fe00000|100%| O|  |TAMS 0x000000070fc00000| PB 0x000000070fc00000| Untracked 
| 127|0x000000070fe00000, 0x0000000710000000, 0x0000000710000000|100%| O|  |TAMS 0x000000070fe00000| PB 0x000000070fe00000| Untracked 
| 128|0x0000000710000000, 0x0000000710200000, 0x0000000710200000|100%| O|  |TAMS 0x0000000710000000| PB 0x0000000710000000| Untracked 
| 129|0x0000000710200000, 0x0000000710400000, 0x0000000710400000|100%| O|  |TAMS 0x0000000710200000| PB 0x0000000710200000| Untracked 
| 130|0x0000000710400000, 0x0000000710600000, 0x0000000710600000|100%| O|  |TAMS 0x0000000710400000| PB 0x0000000710400000| Untracked 
| 131|0x0000000710600000, 0x0000000710800000, 0x0000000710800000|100%| O|  |TAMS 0x0000000710600000| PB 0x0000000710600000| Untracked 
| 132|0x0000000710800000, 0x0000000710a00000, 0x0000000710a00000|100%| O|  |TAMS 0x0000000710800000| PB 0x0000000710800000| Untracked 
| 133|0x0000000710a00000, 0x0000000710c00000, 0x0000000710c00000|100%| O|  |TAMS 0x0000000710a00000| PB 0x0000000710a00000| Untracked 
| 134|0x0000000710c00000, 0x0000000710c00000, 0x0000000710e00000|  0%| F|  |TAMS 0x0000000710c00000| PB 0x0000000710c00000| Untracked 
| 135|0x0000000710e00000, 0x0000000711000000, 0x0000000711000000|100%| O|  |TAMS 0x0000000710e00000| PB 0x0000000710e00000| Untracked 
| 136|0x0000000711000000, 0x0000000711200000, 0x0000000711200000|100%| O|  |TAMS 0x0000000711000000| PB 0x0000000711000000| Untracked 
| 137|0x0000000711200000, 0x0000000711400000, 0x0000000711400000|100%| O|  |TAMS 0x0000000711200000| PB 0x0000000711200000| Untracked 
| 138|0x0000000711400000, 0x0000000711600000, 0x0000000711600000|100%| O|  |TAMS 0x0000000711400000| PB 0x0000000711400000| Untracked 
| 139|0x0000000711600000, 0x0000000711600000, 0x0000000711800000|  0%| F|  |TAMS 0x0000000711600000| PB 0x0000000711600000| Untracked 
| 140|0x0000000711800000, 0x0000000711a00000, 0x0000000711a00000|100%| O|  |TAMS 0x0000000711800000| PB 0x0000000711800000| Untracked 
| 141|0x0000000711a00000, 0x0000000711c00000, 0x0000000711c00000|100%| O|  |TAMS 0x0000000711a00000| PB 0x0000000711a00000| Untracked 
| 142|0x0000000711c00000, 0x0000000711e00000, 0x0000000711e00000|100%| O|  |TAMS 0x0000000711c00000| PB 0x0000000711c00000| Untracked 
| 143|0x0000000711e00000, 0x0000000712000000, 0x0000000712000000|100%| O|  |TAMS 0x0000000711e00000| PB 0x0000000711e00000| Untracked 
| 144|0x0000000712000000, 0x0000000712200000, 0x0000000712200000|100%| O|  |TAMS 0x0000000712000000| PB 0x0000000712000000| Untracked 
| 145|0x0000000712200000, 0x0000000712400000, 0x0000000712400000|100%| O|  |TAMS 0x0000000712200000| PB 0x0000000712200000| Untracked 
| 146|0x0000000712400000, 0x0000000712600000, 0x0000000712600000|100%| O|  |TAMS 0x0000000712400000| PB 0x0000000712400000| Untracked 
| 147|0x0000000712600000, 0x0000000712800000, 0x0000000712800000|100%| O|  |TAMS 0x0000000712600000| PB 0x0000000712600000| Untracked 
| 148|0x0000000712800000, 0x0000000712800000, 0x0000000712a00000|  0%| F|  |TAMS 0x0000000712800000| PB 0x0000000712800000| Untracked 
| 149|0x0000000712a00000, 0x0000000712a00000, 0x0000000712c00000|  0%| F|  |TAMS 0x0000000712a00000| PB 0x0000000712a00000| Untracked 
| 150|0x0000000712c00000, 0x0000000712e00000, 0x0000000712e00000|100%| O|  |TAMS 0x0000000712c00000| PB 0x0000000712c00000| Untracked 
| 151|0x0000000712e00000, 0x0000000713000000, 0x0000000713000000|100%| O|  |TAMS 0x0000000712e00000| PB 0x0000000712e00000| Untracked 
| 152|0x0000000713000000, 0x0000000713200000, 0x0000000713200000|100%| O|  |TAMS 0x0000000713000000| PB 0x0000000713000000| Untracked 
| 153|0x0000000713200000, 0x0000000713200000, 0x0000000713400000|  0%| F|  |TAMS 0x0000000713200000| PB 0x0000000713200000| Untracked 
| 154|0x0000000713400000, 0x0000000713400000, 0x0000000713600000|  0%| F|  |TAMS 0x0000000713400000| PB 0x0000000713400000| Untracked 
| 155|0x0000000713600000, 0x0000000713600000, 0x0000000713800000|  0%| F|  |TAMS 0x0000000713600000| PB 0x0000000713600000| Untracked 
| 156|0x0000000713800000, 0x0000000713a00000, 0x0000000713a00000|100%| O|  |TAMS 0x0000000713800000| PB 0x0000000713800000| Untracked 
| 157|0x0000000713a00000, 0x0000000713c00000, 0x0000000713c00000|100%| O|  |TAMS 0x0000000713a00000| PB 0x0000000713a00000| Untracked 
| 158|0x0000000713c00000, 0x0000000713e00000, 0x0000000713e00000|100%| O|  |TAMS 0x0000000713c00000| PB 0x0000000713c00000| Untracked 
| 159|0x0000000713e00000, 0x0000000713e00000, 0x0000000714000000|  0%| F|  |TAMS 0x0000000713e00000| PB 0x0000000713e00000| Untracked 
| 160|0x0000000714000000, 0x0000000714200000, 0x0000000714200000|100%| O|  |TAMS 0x0000000714000000| PB 0x0000000714000000| Untracked 
| 161|0x0000000714200000, 0x0000000714400000, 0x0000000714400000|100%| O|  |TAMS 0x0000000714200000| PB 0x0000000714200000| Untracked 
| 162|0x0000000714400000, 0x0000000714400000, 0x0000000714600000|  0%| F|  |TAMS 0x0000000714400000| PB 0x0000000714400000| Untracked 
| 163|0x0000000714600000, 0x0000000714800000, 0x0000000714800000|100%| O|  |TAMS 0x0000000714600000| PB 0x0000000714600000| Untracked 
| 164|0x0000000714800000, 0x0000000714a00000, 0x0000000714a00000|100%| O|  |TAMS 0x0000000714800000| PB 0x0000000714800000| Untracked 
| 165|0x0000000714a00000, 0x0000000714c00000, 0x0000000714c00000|100%| O|  |TAMS 0x0000000714a00000| PB 0x0000000714a00000| Untracked 
| 166|0x0000000714c00000, 0x0000000714e00000, 0x0000000714e00000|100%| O|  |TAMS 0x0000000714c00000| PB 0x0000000714c00000| Untracked 
| 167|0x0000000714e00000, 0x0000000715000000, 0x0000000715000000|100%| O|  |TAMS 0x0000000714e00000| PB 0x0000000714e00000| Untracked 
| 168|0x0000000715000000, 0x0000000715200000, 0x0000000715200000|100%| O|  |TAMS 0x0000000715000000| PB 0x0000000715000000| Untracked 
| 169|0x0000000715200000, 0x0000000715400000, 0x0000000715400000|100%| O|  |TAMS 0x0000000715200000| PB 0x0000000715200000| Untracked 
| 170|0x0000000715400000, 0x0000000715600000, 0x0000000715600000|100%| O|  |TAMS 0x0000000715400000| PB 0x0000000715400000| Untracked 
| 171|0x0000000715600000, 0x0000000715800000, 0x0000000715800000|100%| O|  |TAMS 0x0000000715600000| PB 0x0000000715600000| Untracked 
| 172|0x0000000715800000, 0x0000000715a00000, 0x0000000715a00000|100%| O|  |TAMS 0x0000000715800000| PB 0x0000000715800000| Untracked 
| 173|0x0000000715a00000, 0x0000000715c00000, 0x0000000715c00000|100%| O|  |TAMS 0x0000000715a00000| PB 0x0000000715a00000| Untracked 
| 174|0x0000000715c00000, 0x0000000715e00000, 0x0000000715e00000|100%| O|  |TAMS 0x0000000715c00000| PB 0x0000000715c00000| Untracked 
| 175|0x0000000715e00000, 0x0000000716000000, 0x0000000716000000|100%| O|  |TAMS 0x0000000715e00000| PB 0x0000000715e00000| Untracked 
| 176|0x0000000716000000, 0x0000000716200000, 0x0000000716200000|100%| O|  |TAMS 0x0000000716000000| PB 0x0000000716000000| Untracked 
| 177|0x0000000716200000, 0x0000000716400000, 0x0000000716400000|100%|HS|  |TAMS 0x0000000716200000| PB 0x0000000716200000| Complete 
| 178|0x0000000716400000, 0x0000000716600000, 0x0000000716600000|100%|HC|  |TAMS 0x0000000716400000| PB 0x0000000716400000| Complete 
| 179|0x0000000716600000, 0x0000000716800000, 0x0000000716800000|100%| O|  |TAMS 0x0000000716600000| PB 0x0000000716600000| Untracked 
| 180|0x0000000716800000, 0x0000000716800000, 0x0000000716a00000|  0%| F|  |TAMS 0x0000000716800000| PB 0x0000000716800000| Untracked 
| 181|0x0000000716a00000, 0x0000000716c00000, 0x0000000716c00000|100%| O|  |TAMS 0x0000000716a00000| PB 0x0000000716a00000| Untracked 
| 182|0x0000000716c00000, 0x0000000716e00000, 0x0000000716e00000|100%| O|  |TAMS 0x0000000716c00000| PB 0x0000000716c00000| Untracked 
| 183|0x0000000716e00000, 0x0000000717000000, 0x0000000717000000|100%| O|  |TAMS 0x0000000716e00000| PB 0x0000000716e00000| Untracked 
| 184|0x0000000717000000, 0x0000000717200000, 0x0000000717200000|100%| O|  |TAMS 0x0000000717000000| PB 0x0000000717000000| Untracked 
| 185|0x0000000717200000, 0x0000000717400000, 0x0000000717400000|100%| O|  |TAMS 0x0000000717200000| PB 0x0000000717200000| Untracked 
| 186|0x0000000717400000, 0x0000000717600000, 0x0000000717600000|100%| O|  |TAMS 0x0000000717400000| PB 0x0000000717400000| Untracked 
| 187|0x0000000717600000, 0x0000000717800000, 0x0000000717800000|100%| O|  |TAMS 0x0000000717600000| PB 0x0000000717600000| Untracked 
| 188|0x0000000717800000, 0x0000000717a00000, 0x0000000717a00000|100%| O|  |TAMS 0x0000000717800000| PB 0x0000000717800000| Untracked 
| 189|0x0000000717a00000, 0x0000000717c00000, 0x0000000717c00000|100%| O|  |TAMS 0x0000000717a00000| PB 0x0000000717a00000| Untracked 
| 190|0x0000000717c00000, 0x0000000717e00000, 0x0000000717e00000|100%| O|  |TAMS 0x0000000717c00000| PB 0x0000000717c00000| Untracked 
| 191|0x0000000717e00000, 0x0000000718000000, 0x0000000718000000|100%| O|  |TAMS 0x0000000717e00000| PB 0x0000000717e00000| Untracked 
| 192|0x0000000718000000, 0x0000000718200000, 0x0000000718200000|100%| O|  |TAMS 0x0000000718000000| PB 0x0000000718000000| Untracked 
| 193|0x0000000718200000, 0x0000000718400000, 0x0000000718400000|100%| O|  |TAMS 0x0000000718200000| PB 0x0000000718200000| Untracked 
| 194|0x0000000718400000, 0x0000000718600000, 0x0000000718600000|100%| O|  |TAMS 0x0000000718400000| PB 0x0000000718400000| Untracked 
| 195|0x0000000718600000, 0x0000000718600000, 0x0000000718800000|  0%| F|  |TAMS 0x0000000718600000| PB 0x0000000718600000| Untracked 
| 196|0x0000000718800000, 0x0000000718a00000, 0x0000000718a00000|100%| O|  |TAMS 0x0000000718800000| PB 0x0000000718800000| Untracked 
| 197|0x0000000718a00000, 0x0000000718c00000, 0x0000000718c00000|100%| O|  |TAMS 0x0000000718a00000| PB 0x0000000718a00000| Untracked 
| 198|0x0000000718c00000, 0x0000000718c00000, 0x0000000718e00000|  0%| F|  |TAMS 0x0000000718c00000| PB 0x0000000718c00000| Untracked 
| 199|0x0000000718e00000, 0x0000000719000000, 0x0000000719000000|100%| O|  |TAMS 0x0000000718e00000| PB 0x0000000718e00000| Untracked 
| 200|0x0000000719000000, 0x0000000719000000, 0x0000000719200000|  0%| F|  |TAMS 0x0000000719000000| PB 0x0000000719000000| Untracked 
| 201|0x0000000719200000, 0x0000000719200000, 0x0000000719400000|  0%| F|  |TAMS 0x0000000719200000| PB 0x0000000719200000| Untracked 
| 202|0x0000000719400000, 0x0000000719400000, 0x0000000719600000|  0%| F|  |TAMS 0x0000000719400000| PB 0x0000000719400000| Untracked 
| 203|0x0000000719600000, 0x0000000719800000, 0x0000000719800000|100%| O|  |TAMS 0x0000000719600000| PB 0x0000000719600000| Untracked 
| 204|0x0000000719800000, 0x0000000719a00000, 0x0000000719a00000|100%| O|  |TAMS 0x0000000719800000| PB 0x0000000719800000| Untracked 
| 205|0x0000000719a00000, 0x0000000719c00000, 0x0000000719c00000|100%| O|  |TAMS 0x0000000719a00000| PB 0x0000000719a00000| Untracked 
| 206|0x0000000719c00000, 0x0000000719e00000, 0x0000000719e00000|100%| O|  |TAMS 0x0000000719c00000| PB 0x0000000719c00000| Untracked 
| 207|0x0000000719e00000, 0x000000071a000000, 0x000000071a000000|100%| O|  |TAMS 0x0000000719e00000| PB 0x0000000719e00000| Untracked 
| 208|0x000000071a000000, 0x000000071a200000, 0x000000071a200000|100%| O|  |TAMS 0x000000071a000000| PB 0x000000071a000000| Untracked 
| 209|0x000000071a200000, 0x000000071a400000, 0x000000071a400000|100%| O|  |TAMS 0x000000071a200000| PB 0x000000071a200000| Untracked 
| 210|0x000000071a400000, 0x000000071a600000, 0x000000071a600000|100%| O|  |TAMS 0x000000071a400000| PB 0x000000071a400000| Untracked 
| 211|0x000000071a600000, 0x000000071a800000, 0x000000071a800000|100%| O|  |TAMS 0x000000071a600000| PB 0x000000071a600000| Untracked 
| 212|0x000000071a800000, 0x000000071aa00000, 0x000000071aa00000|100%| O|  |TAMS 0x000000071a800000| PB 0x000000071a800000| Untracked 
| 213|0x000000071aa00000, 0x000000071ac00000, 0x000000071ac00000|100%| O|  |TAMS 0x000000071aa00000| PB 0x000000071aa00000| Untracked 
| 214|0x000000071ac00000, 0x000000071ae00000, 0x000000071ae00000|100%| O|  |TAMS 0x000000071ac00000| PB 0x000000071ac00000| Untracked 
| 215|0x000000071ae00000, 0x000000071b000000, 0x000000071b000000|100%| O|  |TAMS 0x000000071ae00000| PB 0x000000071ae00000| Untracked 
| 216|0x000000071b000000, 0x000000071b200000, 0x000000071b200000|100%| O|  |TAMS 0x000000071b000000| PB 0x000000071b000000| Untracked 
| 217|0x000000071b200000, 0x000000071b400000, 0x000000071b400000|100%| O|  |TAMS 0x000000071b200000| PB 0x000000071b200000| Untracked 
| 218|0x000000071b400000, 0x000000071b600000, 0x000000071b600000|100%| O|  |TAMS 0x000000071b400000| PB 0x000000071b400000| Untracked 
| 219|0x000000071b600000, 0x000000071b800000, 0x000000071b800000|100%| O|  |TAMS 0x000000071b600000| PB 0x000000071b600000| Untracked 
| 220|0x000000071b800000, 0x000000071ba00000, 0x000000071ba00000|100%| O|  |TAMS 0x000000071b800000| PB 0x000000071b800000| Untracked 
| 221|0x000000071ba00000, 0x000000071bc00000, 0x000000071bc00000|100%| O|  |TAMS 0x000000071ba00000| PB 0x000000071ba00000| Untracked 
| 222|0x000000071bc00000, 0x000000071be00000, 0x000000071be00000|100%| O|  |TAMS 0x000000071bc00000| PB 0x000000071bc00000| Untracked 
| 223|0x000000071be00000, 0x000000071c000000, 0x000000071c000000|100%| O|  |TAMS 0x000000071be00000| PB 0x000000071be00000| Untracked 
| 224|0x000000071c000000, 0x000000071c200000, 0x000000071c200000|100%| O|  |TAMS 0x000000071c000000| PB 0x000000071c000000| Untracked 
| 225|0x000000071c200000, 0x000000071c400000, 0x000000071c400000|100%| O|  |TAMS 0x000000071c200000| PB 0x000000071c200000| Untracked 
| 226|0x000000071c400000, 0x000000071c600000, 0x000000071c600000|100%| O|  |TAMS 0x000000071c400000| PB 0x000000071c400000| Untracked 
| 227|0x000000071c600000, 0x000000071c800000, 0x000000071c800000|100%| O|  |TAMS 0x000000071c600000| PB 0x000000071c600000| Untracked 
| 228|0x000000071c800000, 0x000000071ca00000, 0x000000071ca00000|100%| O|  |TAMS 0x000000071c800000| PB 0x000000071c800000| Untracked 
| 229|0x000000071ca00000, 0x000000071cc00000, 0x000000071cc00000|100%| O|  |TAMS 0x000000071ca00000| PB 0x000000071ca00000| Untracked 
| 230|0x000000071cc00000, 0x000000071ce00000, 0x000000071ce00000|100%| O|  |TAMS 0x000000071cc00000| PB 0x000000071cc00000| Untracked 
| 231|0x000000071ce00000, 0x000000071d000000, 0x000000071d000000|100%| O|  |TAMS 0x000000071ce00000| PB 0x000000071ce00000| Untracked 
| 232|0x000000071d000000, 0x000000071d200000, 0x000000071d200000|100%| O|  |TAMS 0x000000071d000000| PB 0x000000071d000000| Untracked 
| 233|0x000000071d200000, 0x000000071d400000, 0x000000071d400000|100%| O|  |TAMS 0x000000071d200000| PB 0x000000071d200000| Untracked 
| 234|0x000000071d400000, 0x000000071d600000, 0x000000071d600000|100%| O|  |TAMS 0x000000071d400000| PB 0x000000071d400000| Untracked 
| 235|0x000000071d600000, 0x000000071d600000, 0x000000071d800000|  0%| F|  |TAMS 0x000000071d600000| PB 0x000000071d600000| Untracked 
| 236|0x000000071d800000, 0x000000071da00000, 0x000000071da00000|100%| O|  |TAMS 0x000000071d800000| PB 0x000000071d800000| Untracked 
| 237|0x000000071da00000, 0x000000071dc00000, 0x000000071dc00000|100%| O|  |TAMS 0x000000071da00000| PB 0x000000071da00000| Untracked 
| 238|0x000000071dc00000, 0x000000071de00000, 0x000000071de00000|100%| O|  |TAMS 0x000000071dc00000| PB 0x000000071dc00000| Untracked 
| 239|0x000000071de00000, 0x000000071de00000, 0x000000071e000000|  0%| F|  |TAMS 0x000000071de00000| PB 0x000000071de00000| Untracked 
| 240|0x000000071e000000, 0x000000071e000000, 0x000000071e200000|  0%| F|  |TAMS 0x000000071e000000| PB 0x000000071e000000| Untracked 
| 241|0x000000071e200000, 0x000000071e400000, 0x000000071e400000|100%| O|  |TAMS 0x000000071e200000| PB 0x000000071e200000| Untracked 
| 242|0x000000071e400000, 0x000000071e600000, 0x000000071e600000|100%| O|  |TAMS 0x000000071e400000| PB 0x000000071e400000| Untracked 
| 243|0x000000071e600000, 0x000000071e800000, 0x000000071e800000|100%| O|  |TAMS 0x000000071e600000| PB 0x000000071e600000| Untracked 
| 244|0x000000071e800000, 0x000000071e800000, 0x000000071ea00000|  0%| F|  |TAMS 0x000000071e800000| PB 0x000000071e800000| Untracked 
| 245|0x000000071ea00000, 0x000000071ec00000, 0x000000071ec00000|100%| O|  |TAMS 0x000000071ea00000| PB 0x000000071ea00000| Untracked 
| 246|0x000000071ec00000, 0x000000071ee00000, 0x000000071ee00000|100%| O|  |TAMS 0x000000071ec00000| PB 0x000000071ec00000| Untracked 
| 247|0x000000071ee00000, 0x000000071f000000, 0x000000071f000000|100%|HS|  |TAMS 0x000000071ee00000| PB 0x000000071ee00000| Complete 
| 248|0x000000071f000000, 0x000000071f200000, 0x000000071f200000|100%|HC|  |TAMS 0x000000071f000000| PB 0x000000071f000000| Complete 
| 249|0x000000071f200000, 0x000000071f200000, 0x000000071f400000|  0%| F|  |TAMS 0x000000071f200000| PB 0x000000071f200000| Untracked 
| 250|0x000000071f400000, 0x000000071f400000, 0x000000071f600000|  0%| F|  |TAMS 0x000000071f400000| PB 0x000000071f400000| Untracked 
| 251|0x000000071f600000, 0x000000071f600000, 0x000000071f800000|  0%| F|  |TAMS 0x000000071f600000| PB 0x000000071f600000| Untracked 
| 252|0x000000071f800000, 0x000000071f800000, 0x000000071fa00000|  0%| F|  |TAMS 0x000000071f800000| PB 0x000000071f800000| Untracked 
| 253|0x000000071fa00000, 0x000000071fa00000, 0x000000071fc00000|  0%| F|  |TAMS 0x000000071fa00000| PB 0x000000071fa00000| Untracked 
| 254|0x000000071fc00000, 0x000000071fc00000, 0x000000071fe00000|  0%| F|  |TAMS 0x000000071fc00000| PB 0x000000071fc00000| Untracked 
| 255|0x000000071fe00000, 0x0000000720000000, 0x0000000720000000|100%| O|  |TAMS 0x000000071fe00000| PB 0x000000071fe00000| Untracked 
| 256|0x0000000720000000, 0x0000000720000000, 0x0000000720200000|  0%| F|  |TAMS 0x0000000720000000| PB 0x0000000720000000| Untracked 
| 257|0x0000000720200000, 0x0000000720400000, 0x0000000720400000|100%|HS|  |TAMS 0x0000000720200000| PB 0x0000000720200000| Complete 
| 258|0x0000000720400000, 0x0000000720600000, 0x0000000720600000|100%|HC|  |TAMS 0x0000000720400000| PB 0x0000000720400000| Complete 
| 259|0x0000000720600000, 0x0000000720800000, 0x0000000720800000|100%|HC|  |TAMS 0x0000000720600000| PB 0x0000000720600000| Complete 
| 260|0x0000000720800000, 0x0000000720800000, 0x0000000720a00000|  0%| F|  |TAMS 0x0000000720800000| PB 0x0000000720800000| Untracked 
| 261|0x0000000720a00000, 0x0000000720a00000, 0x0000000720c00000|  0%| F|  |TAMS 0x0000000720a00000| PB 0x0000000720a00000| Untracked 
| 262|0x0000000720c00000, 0x0000000720c00000, 0x0000000720e00000|  0%| F|  |TAMS 0x0000000720c00000| PB 0x0000000720c00000| Untracked 
| 263|0x0000000720e00000, 0x0000000720e00000, 0x0000000721000000|  0%| F|  |TAMS 0x0000000720e00000| PB 0x0000000720e00000| Untracked 
| 264|0x0000000721000000, 0x0000000721000000, 0x0000000721200000|  0%| F|  |TAMS 0x0000000721000000| PB 0x0000000721000000| Untracked 
| 265|0x0000000721200000, 0x0000000721200000, 0x0000000721400000|  0%| F|  |TAMS 0x0000000721200000| PB 0x0000000721200000| Untracked 
| 266|0x0000000721400000, 0x0000000721400000, 0x0000000721600000|  0%| F|  |TAMS 0x0000000721400000| PB 0x0000000721400000| Untracked 
| 267|0x0000000721600000, 0x0000000721600000, 0x0000000721800000|  0%| F|  |TAMS 0x0000000721600000| PB 0x0000000721600000| Untracked 
| 268|0x0000000721800000, 0x0000000721800000, 0x0000000721a00000|  0%| F|  |TAMS 0x0000000721800000| PB 0x0000000721800000| Untracked 
| 269|0x0000000721a00000, 0x0000000721a00000, 0x0000000721c00000|  0%| F|  |TAMS 0x0000000721a00000| PB 0x0000000721a00000| Untracked 
| 270|0x0000000721c00000, 0x0000000721c00000, 0x0000000721e00000|  0%| F|  |TAMS 0x0000000721c00000| PB 0x0000000721c00000| Untracked 
| 271|0x0000000721e00000, 0x0000000721e00000, 0x0000000722000000|  0%| F|  |TAMS 0x0000000721e00000| PB 0x0000000721e00000| Untracked 
| 272|0x0000000722000000, 0x0000000722000000, 0x0000000722200000|  0%| F|  |TAMS 0x0000000722000000| PB 0x0000000722000000| Untracked 
| 273|0x0000000722200000, 0x0000000722200000, 0x0000000722400000|  0%| F|  |TAMS 0x0000000722200000| PB 0x0000000722200000| Untracked 
| 274|0x0000000722400000, 0x0000000722400000, 0x0000000722600000|  0%| F|  |TAMS 0x0000000722400000| PB 0x0000000722400000| Untracked 
| 275|0x0000000722600000, 0x0000000722600000, 0x0000000722800000|  0%| F|  |TAMS 0x0000000722600000| PB 0x0000000722600000| Untracked 
| 276|0x0000000722800000, 0x0000000722800000, 0x0000000722a00000|  0%| F|  |TAMS 0x0000000722800000| PB 0x0000000722800000| Untracked 
| 277|0x0000000722a00000, 0x0000000722a00000, 0x0000000722c00000|  0%| F|  |TAMS 0x0000000722a00000| PB 0x0000000722a00000| Untracked 
| 278|0x0000000722c00000, 0x0000000722c00000, 0x0000000722e00000|  0%| F|  |TAMS 0x0000000722c00000| PB 0x0000000722c00000| Untracked 
| 279|0x0000000722e00000, 0x0000000722e00000, 0x0000000723000000|  0%| F|  |TAMS 0x0000000722e00000| PB 0x0000000722e00000| Untracked 
| 280|0x0000000723000000, 0x0000000723000000, 0x0000000723200000|  0%| F|  |TAMS 0x0000000723000000| PB 0x0000000723000000| Untracked 
| 281|0x0000000723200000, 0x0000000723200000, 0x0000000723400000|  0%| F|  |TAMS 0x0000000723200000| PB 0x0000000723200000| Untracked 
| 282|0x0000000723400000, 0x0000000723400000, 0x0000000723600000|  0%| F|  |TAMS 0x0000000723400000| PB 0x0000000723400000| Untracked 
| 283|0x0000000723600000, 0x0000000723600000, 0x0000000723800000|  0%| F|  |TAMS 0x0000000723600000| PB 0x0000000723600000| Untracked 
| 284|0x0000000723800000, 0x0000000723800000, 0x0000000723a00000|  0%| F|  |TAMS 0x0000000723800000| PB 0x0000000723800000| Untracked 
| 285|0x0000000723a00000, 0x0000000723a00000, 0x0000000723c00000|  0%| F|  |TAMS 0x0000000723a00000| PB 0x0000000723a00000| Untracked 
| 286|0x0000000723c00000, 0x0000000723c00000, 0x0000000723e00000|  0%| F|  |TAMS 0x0000000723c00000| PB 0x0000000723c00000| Untracked 
| 287|0x0000000723e00000, 0x0000000723e00000, 0x0000000724000000|  0%| F|  |TAMS 0x0000000723e00000| PB 0x0000000723e00000| Untracked 
| 288|0x0000000724000000, 0x0000000724000000, 0x0000000724200000|  0%| F|  |TAMS 0x0000000724000000| PB 0x0000000724000000| Untracked 
| 289|0x0000000724200000, 0x0000000724200000, 0x0000000724400000|  0%| F|  |TAMS 0x0000000724200000| PB 0x0000000724200000| Untracked 
| 290|0x0000000724400000, 0x0000000724400000, 0x0000000724600000|  0%| F|  |TAMS 0x0000000724400000| PB 0x0000000724400000| Untracked 
| 291|0x0000000724600000, 0x0000000724600000, 0x0000000724800000|  0%| F|  |TAMS 0x0000000724600000| PB 0x0000000724600000| Untracked 
| 292|0x0000000724800000, 0x0000000724800000, 0x0000000724a00000|  0%| F|  |TAMS 0x0000000724800000| PB 0x0000000724800000| Untracked 
| 293|0x0000000724a00000, 0x0000000724a00000, 0x0000000724c00000|  0%| F|  |TAMS 0x0000000724a00000| PB 0x0000000724a00000| Untracked 
| 294|0x0000000724c00000, 0x0000000724c00000, 0x0000000724e00000|  0%| F|  |TAMS 0x0000000724c00000| PB 0x0000000724c00000| Untracked 
| 295|0x0000000724e00000, 0x0000000724e00000, 0x0000000725000000|  0%| F|  |TAMS 0x0000000724e00000| PB 0x0000000724e00000| Untracked 
| 296|0x0000000725000000, 0x0000000725000000, 0x0000000725200000|  0%| F|  |TAMS 0x0000000725000000| PB 0x0000000725000000| Untracked 
| 297|0x0000000725200000, 0x0000000725200000, 0x0000000725400000|  0%| F|  |TAMS 0x0000000725200000| PB 0x0000000725200000| Untracked 
| 298|0x0000000725400000, 0x0000000725400000, 0x0000000725600000|  0%| F|  |TAMS 0x0000000725400000| PB 0x0000000725400000| Untracked 
| 299|0x0000000725600000, 0x0000000725600000, 0x0000000725800000|  0%| F|  |TAMS 0x0000000725600000| PB 0x0000000725600000| Untracked 
| 300|0x0000000725800000, 0x0000000725800000, 0x0000000725a00000|  0%| F|  |TAMS 0x0000000725800000| PB 0x0000000725800000| Untracked 
| 301|0x0000000725a00000, 0x0000000725a00000, 0x0000000725c00000|  0%| F|  |TAMS 0x0000000725a00000| PB 0x0000000725a00000| Untracked 
| 302|0x0000000725c00000, 0x0000000725c00000, 0x0000000725e00000|  0%| F|  |TAMS 0x0000000725c00000| PB 0x0000000725c00000| Untracked 
| 303|0x0000000725e00000, 0x0000000725e00000, 0x0000000726000000|  0%| F|  |TAMS 0x0000000725e00000| PB 0x0000000725e00000| Untracked 
| 304|0x0000000726000000, 0x0000000726000000, 0x0000000726200000|  0%| F|  |TAMS 0x0000000726000000| PB 0x0000000726000000| Untracked 
| 305|0x0000000726200000, 0x0000000726200000, 0x0000000726400000|  0%| F|  |TAMS 0x0000000726200000| PB 0x0000000726200000| Untracked 
| 306|0x0000000726400000, 0x0000000726400000, 0x0000000726600000|  0%| F|  |TAMS 0x0000000726400000| PB 0x0000000726400000| Untracked 
| 307|0x0000000726600000, 0x0000000726600000, 0x0000000726800000|  0%| F|  |TAMS 0x0000000726600000| PB 0x0000000726600000| Untracked 
| 308|0x0000000726800000, 0x0000000726800000, 0x0000000726a00000|  0%| F|  |TAMS 0x0000000726800000| PB 0x0000000726800000| Untracked 
| 309|0x0000000726a00000, 0x0000000726a00000, 0x0000000726c00000|  0%| F|  |TAMS 0x0000000726a00000| PB 0x0000000726a00000| Untracked 
| 310|0x0000000726c00000, 0x0000000726c00000, 0x0000000726e00000|  0%| F|  |TAMS 0x0000000726c00000| PB 0x0000000726c00000| Untracked 
| 311|0x0000000726e00000, 0x0000000726e00000, 0x0000000727000000|  0%| F|  |TAMS 0x0000000726e00000| PB 0x0000000726e00000| Untracked 
| 312|0x0000000727000000, 0x0000000727000000, 0x0000000727200000|  0%| F|  |TAMS 0x0000000727000000| PB 0x0000000727000000| Untracked 
| 313|0x0000000727200000, 0x0000000727200000, 0x0000000727400000|  0%| F|  |TAMS 0x0000000727200000| PB 0x0000000727200000| Untracked 
| 314|0x0000000727400000, 0x0000000727400000, 0x0000000727600000|  0%| F|  |TAMS 0x0000000727400000| PB 0x0000000727400000| Untracked 
| 315|0x0000000727600000, 0x0000000727600000, 0x0000000727800000|  0%| F|  |TAMS 0x0000000727600000| PB 0x0000000727600000| Untracked 
| 316|0x0000000727800000, 0x0000000727800000, 0x0000000727a00000|  0%| F|  |TAMS 0x0000000727800000| PB 0x0000000727800000| Untracked 
| 317|0x0000000727a00000, 0x0000000727a00000, 0x0000000727c00000|  0%| F|  |TAMS 0x0000000727a00000| PB 0x0000000727a00000| Untracked 
| 318|0x0000000727c00000, 0x0000000727c00000, 0x0000000727e00000|  0%| F|  |TAMS 0x0000000727c00000| PB 0x0000000727c00000| Untracked 
| 319|0x0000000727e00000, 0x0000000727e00000, 0x0000000728000000|  0%| F|  |TAMS 0x0000000727e00000| PB 0x0000000727e00000| Untracked 
| 320|0x0000000728000000, 0x0000000728000000, 0x0000000728200000|  0%| F|  |TAMS 0x0000000728000000| PB 0x0000000728000000| Untracked 
| 321|0x0000000728200000, 0x0000000728200000, 0x0000000728400000|  0%| F|  |TAMS 0x0000000728200000| PB 0x0000000728200000| Untracked 
| 322|0x0000000728400000, 0x0000000728400000, 0x0000000728600000|  0%| F|  |TAMS 0x0000000728400000| PB 0x0000000728400000| Untracked 
| 323|0x0000000728600000, 0x0000000728600000, 0x0000000728800000|  0%| F|  |TAMS 0x0000000728600000| PB 0x0000000728600000| Untracked 
| 324|0x0000000728800000, 0x0000000728800000, 0x0000000728a00000|  0%| F|  |TAMS 0x0000000728800000| PB 0x0000000728800000| Untracked 
| 325|0x0000000728a00000, 0x0000000728a00000, 0x0000000728c00000|  0%| F|  |TAMS 0x0000000728a00000| PB 0x0000000728a00000| Untracked 
| 326|0x0000000728c00000, 0x0000000728c00000, 0x0000000728e00000|  0%| F|  |TAMS 0x0000000728c00000| PB 0x0000000728c00000| Untracked 
| 327|0x0000000728e00000, 0x0000000728e00000, 0x0000000729000000|  0%| F|  |TAMS 0x0000000728e00000| PB 0x0000000728e00000| Untracked 
| 328|0x0000000729000000, 0x0000000729000000, 0x0000000729200000|  0%| F|  |TAMS 0x0000000729000000| PB 0x0000000729000000| Untracked 
| 329|0x0000000729200000, 0x0000000729200000, 0x0000000729400000|  0%| F|  |TAMS 0x0000000729200000| PB 0x0000000729200000| Untracked 
| 330|0x0000000729400000, 0x0000000729400000, 0x0000000729600000|  0%| F|  |TAMS 0x0000000729400000| PB 0x0000000729400000| Untracked 
| 331|0x0000000729600000, 0x0000000729600000, 0x0000000729800000|  0%| F|  |TAMS 0x0000000729600000| PB 0x0000000729600000| Untracked 
| 332|0x0000000729800000, 0x0000000729800000, 0x0000000729a00000|  0%| F|  |TAMS 0x0000000729800000| PB 0x0000000729800000| Untracked 
| 333|0x0000000729a00000, 0x0000000729a00000, 0x0000000729c00000|  0%| F|  |TAMS 0x0000000729a00000| PB 0x0000000729a00000| Untracked 
| 334|0x0000000729c00000, 0x0000000729c00000, 0x0000000729e00000|  0%| F|  |TAMS 0x0000000729c00000| PB 0x0000000729c00000| Untracked 
| 335|0x0000000729e00000, 0x0000000729e00000, 0x000000072a000000|  0%| F|  |TAMS 0x0000000729e00000| PB 0x0000000729e00000| Untracked 
| 336|0x000000072a000000, 0x000000072a000000, 0x000000072a200000|  0%| F|  |TAMS 0x000000072a000000| PB 0x000000072a000000| Untracked 
| 337|0x000000072a200000, 0x000000072a200000, 0x000000072a400000|  0%| F|  |TAMS 0x000000072a200000| PB 0x000000072a200000| Untracked 
| 338|0x000000072a400000, 0x000000072a400000, 0x000000072a600000|  0%| F|  |TAMS 0x000000072a400000| PB 0x000000072a400000| Untracked 
| 339|0x000000072a600000, 0x000000072a600000, 0x000000072a800000|  0%| F|  |TAMS 0x000000072a600000| PB 0x000000072a600000| Untracked 
| 340|0x000000072a800000, 0x000000072a800000, 0x000000072aa00000|  0%| F|  |TAMS 0x000000072a800000| PB 0x000000072a800000| Untracked 
| 341|0x000000072aa00000, 0x000000072aa00000, 0x000000072ac00000|  0%| F|  |TAMS 0x000000072aa00000| PB 0x000000072aa00000| Untracked 
| 342|0x000000072ac00000, 0x000000072ac00000, 0x000000072ae00000|  0%| F|  |TAMS 0x000000072ac00000| PB 0x000000072ac00000| Untracked 
| 343|0x000000072ae00000, 0x000000072ae00000, 0x000000072b000000|  0%| F|  |TAMS 0x000000072ae00000| PB 0x000000072ae00000| Untracked 
| 344|0x000000072b000000, 0x000000072b000000, 0x000000072b200000|  0%| F|  |TAMS 0x000000072b000000| PB 0x000000072b000000| Untracked 
| 345|0x000000072b200000, 0x000000072b200000, 0x000000072b400000|  0%| F|  |TAMS 0x000000072b200000| PB 0x000000072b200000| Untracked 
| 346|0x000000072b400000, 0x000000072b400000, 0x000000072b600000|  0%| F|  |TAMS 0x000000072b400000| PB 0x000000072b400000| Untracked 
| 347|0x000000072b600000, 0x000000072b600000, 0x000000072b800000|  0%| F|  |TAMS 0x000000072b600000| PB 0x000000072b600000| Untracked 
| 348|0x000000072b800000, 0x000000072b800000, 0x000000072ba00000|  0%| F|  |TAMS 0x000000072b800000| PB 0x000000072b800000| Untracked 
| 349|0x000000072ba00000, 0x000000072ba00000, 0x000000072bc00000|  0%| F|  |TAMS 0x000000072ba00000| PB 0x000000072ba00000| Untracked 
| 350|0x000000072bc00000, 0x000000072bc00000, 0x000000072be00000|  0%| F|  |TAMS 0x000000072bc00000| PB 0x000000072bc00000| Untracked 
| 351|0x000000072be00000, 0x000000072be00000, 0x000000072c000000|  0%| F|  |TAMS 0x000000072be00000| PB 0x000000072be00000| Untracked 
| 352|0x000000072c000000, 0x000000072c000000, 0x000000072c200000|  0%| F|  |TAMS 0x000000072c000000| PB 0x000000072c000000| Untracked 
| 353|0x000000072c200000, 0x000000072c200000, 0x000000072c400000|  0%| F|  |TAMS 0x000000072c200000| PB 0x000000072c200000| Untracked 
| 354|0x000000072c400000, 0x000000072c400000, 0x000000072c600000|  0%| F|  |TAMS 0x000000072c400000| PB 0x000000072c400000| Untracked 
| 355|0x000000072c600000, 0x000000072c600000, 0x000000072c800000|  0%| F|  |TAMS 0x000000072c600000| PB 0x000000072c600000| Untracked 
| 356|0x000000072c800000, 0x000000072c800000, 0x000000072ca00000|  0%| F|  |TAMS 0x000000072c800000| PB 0x000000072c800000| Untracked 
| 357|0x000000072ca00000, 0x000000072ca00000, 0x000000072cc00000|  0%| F|  |TAMS 0x000000072ca00000| PB 0x000000072ca00000| Untracked 
| 358|0x000000072cc00000, 0x000000072cc00000, 0x000000072ce00000|  0%| F|  |TAMS 0x000000072cc00000| PB 0x000000072cc00000| Untracked 
| 359|0x000000072ce00000, 0x000000072ce00000, 0x000000072d000000|  0%| F|  |TAMS 0x000000072ce00000| PB 0x000000072ce00000| Untracked 
| 360|0x000000072d000000, 0x000000072d000000, 0x000000072d200000|  0%| F|  |TAMS 0x000000072d000000| PB 0x000000072d000000| Untracked 
| 361|0x000000072d200000, 0x000000072d200000, 0x000000072d400000|  0%| F|  |TAMS 0x000000072d200000| PB 0x000000072d200000| Untracked 
| 362|0x000000072d400000, 0x000000072d400000, 0x000000072d600000|  0%| F|  |TAMS 0x000000072d400000| PB 0x000000072d400000| Untracked 
| 363|0x000000072d600000, 0x000000072d600000, 0x000000072d800000|  0%| F|  |TAMS 0x000000072d600000| PB 0x000000072d600000| Untracked 
| 364|0x000000072d800000, 0x000000072d800000, 0x000000072da00000|  0%| F|  |TAMS 0x000000072d800000| PB 0x000000072d800000| Untracked 
| 365|0x000000072da00000, 0x000000072da00000, 0x000000072dc00000|  0%| F|  |TAMS 0x000000072da00000| PB 0x000000072da00000| Untracked 
| 366|0x000000072dc00000, 0x000000072dc00000, 0x000000072de00000|  0%| F|  |TAMS 0x000000072dc00000| PB 0x000000072dc00000| Untracked 
| 367|0x000000072de00000, 0x000000072de00000, 0x000000072e000000|  0%| F|  |TAMS 0x000000072de00000| PB 0x000000072de00000| Untracked 
| 368|0x000000072e000000, 0x000000072e000000, 0x000000072e200000|  0%| F|  |TAMS 0x000000072e000000| PB 0x000000072e000000| Untracked 
| 369|0x000000072e200000, 0x000000072e200000, 0x000000072e400000|  0%| F|  |TAMS 0x000000072e200000| PB 0x000000072e200000| Untracked 
| 370|0x000000072e400000, 0x000000072e400000, 0x000000072e600000|  0%| F|  |TAMS 0x000000072e400000| PB 0x000000072e400000| Untracked 
| 371|0x000000072e600000, 0x000000072e600000, 0x000000072e800000|  0%| F|  |TAMS 0x000000072e600000| PB 0x000000072e600000| Untracked 
| 372|0x000000072e800000, 0x000000072e800000, 0x000000072ea00000|  0%| F|  |TAMS 0x000000072e800000| PB 0x000000072e800000| Untracked 
| 373|0x000000072ea00000, 0x000000072ea00000, 0x000000072ec00000|  0%| F|  |TAMS 0x000000072ea00000| PB 0x000000072ea00000| Untracked 
| 374|0x000000072ec00000, 0x000000072ec00000, 0x000000072ee00000|  0%| F|  |TAMS 0x000000072ec00000| PB 0x000000072ec00000| Untracked 
| 375|0x000000072ee00000, 0x000000072ee00000, 0x000000072f000000|  0%| F|  |TAMS 0x000000072ee00000| PB 0x000000072ee00000| Untracked 
| 376|0x000000072f000000, 0x000000072f000000, 0x000000072f200000|  0%| F|  |TAMS 0x000000072f000000| PB 0x000000072f000000| Untracked 
| 377|0x000000072f200000, 0x000000072f200000, 0x000000072f400000|  0%| F|  |TAMS 0x000000072f200000| PB 0x000000072f200000| Untracked 
| 378|0x000000072f400000, 0x000000072f400000, 0x000000072f600000|  0%| F|  |TAMS 0x000000072f400000| PB 0x000000072f400000| Untracked 
| 379|0x000000072f600000, 0x000000072f600000, 0x000000072f800000|  0%| F|  |TAMS 0x000000072f600000| PB 0x000000072f600000| Untracked 
| 380|0x000000072f800000, 0x000000072f800000, 0x000000072fa00000|  0%| F|  |TAMS 0x000000072f800000| PB 0x000000072f800000| Untracked 
| 381|0x000000072fa00000, 0x000000072fa00000, 0x000000072fc00000|  0%| F|  |TAMS 0x000000072fa00000| PB 0x000000072fa00000| Untracked 
| 382|0x000000072fc00000, 0x000000072fc00000, 0x000000072fe00000|  0%| F|  |TAMS 0x000000072fc00000| PB 0x000000072fc00000| Untracked 
| 383|0x000000072fe00000, 0x000000072fe00000, 0x0000000730000000|  0%| F|  |TAMS 0x000000072fe00000| PB 0x000000072fe00000| Untracked 
| 384|0x0000000730000000, 0x0000000730000000, 0x0000000730200000|  0%| F|  |TAMS 0x0000000730000000| PB 0x0000000730000000| Untracked 
| 385|0x0000000730200000, 0x0000000730200000, 0x0000000730400000|  0%| F|  |TAMS 0x0000000730200000| PB 0x0000000730200000| Untracked 
| 386|0x0000000730400000, 0x0000000730400000, 0x0000000730600000|  0%| F|  |TAMS 0x0000000730400000| PB 0x0000000730400000| Untracked 
| 387|0x0000000730600000, 0x0000000730600000, 0x0000000730800000|  0%| F|  |TAMS 0x0000000730600000| PB 0x0000000730600000| Untracked 
| 388|0x0000000730800000, 0x0000000730800000, 0x0000000730a00000|  0%| F|  |TAMS 0x0000000730800000| PB 0x0000000730800000| Untracked 
| 389|0x0000000730a00000, 0x0000000730a00000, 0x0000000730c00000|  0%| F|  |TAMS 0x0000000730a00000| PB 0x0000000730a00000| Untracked 
| 390|0x0000000730c00000, 0x0000000730c00000, 0x0000000730e00000|  0%| F|  |TAMS 0x0000000730c00000| PB 0x0000000730c00000| Untracked 
| 391|0x0000000730e00000, 0x0000000730e00000, 0x0000000731000000|  0%| F|  |TAMS 0x0000000730e00000| PB 0x0000000730e00000| Untracked 
| 392|0x0000000731000000, 0x0000000731000000, 0x0000000731200000|  0%| F|  |TAMS 0x0000000731000000| PB 0x0000000731000000| Untracked 
| 393|0x0000000731200000, 0x0000000731200000, 0x0000000731400000|  0%| F|  |TAMS 0x0000000731200000| PB 0x0000000731200000| Untracked 
| 394|0x0000000731400000, 0x0000000731400000, 0x0000000731600000|  0%| F|  |TAMS 0x0000000731400000| PB 0x0000000731400000| Untracked 
| 395|0x0000000731600000, 0x0000000731600000, 0x0000000731800000|  0%| F|  |TAMS 0x0000000731600000| PB 0x0000000731600000| Untracked 
| 396|0x0000000731800000, 0x0000000731800000, 0x0000000731a00000|  0%| F|  |TAMS 0x0000000731800000| PB 0x0000000731800000| Untracked 
| 397|0x0000000731a00000, 0x0000000731a00000, 0x0000000731c00000|  0%| F|  |TAMS 0x0000000731a00000| PB 0x0000000731a00000| Untracked 
| 398|0x0000000731c00000, 0x0000000731c00000, 0x0000000731e00000|  0%| F|  |TAMS 0x0000000731c00000| PB 0x0000000731c00000| Untracked 
| 399|0x0000000731e00000, 0x0000000731e00000, 0x0000000732000000|  0%| F|  |TAMS 0x0000000731e00000| PB 0x0000000731e00000| Untracked 
| 400|0x0000000732000000, 0x0000000732000000, 0x0000000732200000|  0%| F|  |TAMS 0x0000000732000000| PB 0x0000000732000000| Untracked 
| 401|0x0000000732200000, 0x0000000732200000, 0x0000000732400000|  0%| F|  |TAMS 0x0000000732200000| PB 0x0000000732200000| Untracked 
| 402|0x0000000732400000, 0x0000000732400000, 0x0000000732600000|  0%| F|  |TAMS 0x0000000732400000| PB 0x0000000732400000| Untracked 
| 403|0x0000000732600000, 0x0000000732600000, 0x0000000732800000|  0%| F|  |TAMS 0x0000000732600000| PB 0x0000000732600000| Untracked 
| 404|0x0000000732800000, 0x0000000732800000, 0x0000000732a00000|  0%| F|  |TAMS 0x0000000732800000| PB 0x0000000732800000| Untracked 
| 405|0x0000000732a00000, 0x0000000732a00000, 0x0000000732c00000|  0%| F|  |TAMS 0x0000000732a00000| PB 0x0000000732a00000| Untracked 
| 406|0x0000000732c00000, 0x0000000732c00000, 0x0000000732e00000|  0%| F|  |TAMS 0x0000000732c00000| PB 0x0000000732c00000| Untracked 
| 407|0x0000000732e00000, 0x0000000732e00000, 0x0000000733000000|  0%| F|  |TAMS 0x0000000732e00000| PB 0x0000000732e00000| Untracked 
| 408|0x0000000733000000, 0x0000000733000000, 0x0000000733200000|  0%| F|  |TAMS 0x0000000733000000| PB 0x0000000733000000| Untracked 
| 409|0x0000000733200000, 0x0000000733200000, 0x0000000733400000|  0%| F|  |TAMS 0x0000000733200000| PB 0x0000000733200000| Untracked 
| 410|0x0000000733400000, 0x0000000733400000, 0x0000000733600000|  0%| F|  |TAMS 0x0000000733400000| PB 0x0000000733400000| Untracked 
| 411|0x0000000733600000, 0x0000000733600000, 0x0000000733800000|  0%| F|  |TAMS 0x0000000733600000| PB 0x0000000733600000| Untracked 
| 412|0x0000000733800000, 0x0000000733800000, 0x0000000733a00000|  0%| F|  |TAMS 0x0000000733800000| PB 0x0000000733800000| Untracked 
| 413|0x0000000733a00000, 0x0000000733a00000, 0x0000000733c00000|  0%| F|  |TAMS 0x0000000733a00000| PB 0x0000000733a00000| Untracked 
| 414|0x0000000733c00000, 0x0000000733c00000, 0x0000000733e00000|  0%| F|  |TAMS 0x0000000733c00000| PB 0x0000000733c00000| Untracked 
| 415|0x0000000733e00000, 0x0000000733e00000, 0x0000000734000000|  0%| F|  |TAMS 0x0000000733e00000| PB 0x0000000733e00000| Untracked 
| 416|0x0000000734000000, 0x0000000734000000, 0x0000000734200000|  0%| F|  |TAMS 0x0000000734000000| PB 0x0000000734000000| Untracked 
| 417|0x0000000734200000, 0x0000000734200000, 0x0000000734400000|  0%| F|  |TAMS 0x0000000734200000| PB 0x0000000734200000| Untracked 
| 418|0x0000000734400000, 0x0000000734400000, 0x0000000734600000|  0%| F|  |TAMS 0x0000000734400000| PB 0x0000000734400000| Untracked 
| 419|0x0000000734600000, 0x0000000734600000, 0x0000000734800000|  0%| F|  |TAMS 0x0000000734600000| PB 0x0000000734600000| Untracked 
| 420|0x0000000734800000, 0x0000000734800000, 0x0000000734a00000|  0%| F|  |TAMS 0x0000000734800000| PB 0x0000000734800000| Untracked 
| 421|0x0000000734a00000, 0x0000000734a00000, 0x0000000734c00000|  0%| F|  |TAMS 0x0000000734a00000| PB 0x0000000734a00000| Untracked 
| 422|0x0000000734c00000, 0x0000000734c00000, 0x0000000734e00000|  0%| F|  |TAMS 0x0000000734c00000| PB 0x0000000734c00000| Untracked 
| 423|0x0000000734e00000, 0x0000000734e00000, 0x0000000735000000|  0%| F|  |TAMS 0x0000000734e00000| PB 0x0000000734e00000| Untracked 
| 424|0x0000000735000000, 0x0000000735000000, 0x0000000735200000|  0%| F|  |TAMS 0x0000000735000000| PB 0x0000000735000000| Untracked 
| 425|0x0000000735200000, 0x0000000735200000, 0x0000000735400000|  0%| F|  |TAMS 0x0000000735200000| PB 0x0000000735200000| Untracked 
| 426|0x0000000735400000, 0x0000000735400000, 0x0000000735600000|  0%| F|  |TAMS 0x0000000735400000| PB 0x0000000735400000| Untracked 
| 427|0x0000000735600000, 0x0000000735600000, 0x0000000735800000|  0%| F|  |TAMS 0x0000000735600000| PB 0x0000000735600000| Untracked 
| 428|0x0000000735800000, 0x0000000735800000, 0x0000000735a00000|  0%| F|  |TAMS 0x0000000735800000| PB 0x0000000735800000| Untracked 
| 429|0x0000000735a00000, 0x0000000735a00000, 0x0000000735c00000|  0%| F|  |TAMS 0x0000000735a00000| PB 0x0000000735a00000| Untracked 
| 430|0x0000000735c00000, 0x0000000735c00000, 0x0000000735e00000|  0%| F|  |TAMS 0x0000000735c00000| PB 0x0000000735c00000| Untracked 
| 431|0x0000000735e00000, 0x0000000735e00000, 0x0000000736000000|  0%| F|  |TAMS 0x0000000735e00000| PB 0x0000000735e00000| Untracked 
| 432|0x0000000736000000, 0x0000000736000000, 0x0000000736200000|  0%| F|  |TAMS 0x0000000736000000| PB 0x0000000736000000| Untracked 
| 433|0x0000000736200000, 0x0000000736200000, 0x0000000736400000|  0%| F|  |TAMS 0x0000000736200000| PB 0x0000000736200000| Untracked 
| 434|0x0000000736400000, 0x0000000736400000, 0x0000000736600000|  0%| F|  |TAMS 0x0000000736400000| PB 0x0000000736400000| Untracked 
| 435|0x0000000736600000, 0x0000000736600000, 0x0000000736800000|  0%| F|  |TAMS 0x0000000736600000| PB 0x0000000736600000| Untracked 
| 436|0x0000000736800000, 0x0000000736800000, 0x0000000736a00000|  0%| F|  |TAMS 0x0000000736800000| PB 0x0000000736800000| Untracked 
| 437|0x0000000736a00000, 0x0000000736a00000, 0x0000000736c00000|  0%| F|  |TAMS 0x0000000736a00000| PB 0x0000000736a00000| Untracked 
| 438|0x0000000736c00000, 0x0000000736c00000, 0x0000000736e00000|  0%| F|  |TAMS 0x0000000736c00000| PB 0x0000000736c00000| Untracked 
| 439|0x0000000736e00000, 0x0000000736e00000, 0x0000000737000000|  0%| F|  |TAMS 0x0000000736e00000| PB 0x0000000736e00000| Untracked 
| 440|0x0000000737000000, 0x0000000737000000, 0x0000000737200000|  0%| F|  |TAMS 0x0000000737000000| PB 0x0000000737000000| Untracked 
| 441|0x0000000737200000, 0x0000000737200000, 0x0000000737400000|  0%| F|  |TAMS 0x0000000737200000| PB 0x0000000737200000| Untracked 
| 442|0x0000000737400000, 0x0000000737400000, 0x0000000737600000|  0%| F|  |TAMS 0x0000000737400000| PB 0x0000000737400000| Untracked 
| 443|0x0000000737600000, 0x0000000737600000, 0x0000000737800000|  0%| F|  |TAMS 0x0000000737600000| PB 0x0000000737600000| Untracked 
| 444|0x0000000737800000, 0x0000000737800000, 0x0000000737a00000|  0%| F|  |TAMS 0x0000000737800000| PB 0x0000000737800000| Untracked 
| 445|0x0000000737a00000, 0x0000000737a00000, 0x0000000737c00000|  0%| F|  |TAMS 0x0000000737a00000| PB 0x0000000737a00000| Untracked 
| 446|0x0000000737c00000, 0x0000000737c00000, 0x0000000737e00000|  0%| F|  |TAMS 0x0000000737c00000| PB 0x0000000737c00000| Untracked 
| 447|0x0000000737e00000, 0x0000000737e00000, 0x0000000738000000|  0%| F|  |TAMS 0x0000000737e00000| PB 0x0000000737e00000| Untracked 
| 448|0x0000000738000000, 0x0000000738000000, 0x0000000738200000|  0%| F|  |TAMS 0x0000000738000000| PB 0x0000000738000000| Untracked 
| 449|0x0000000738200000, 0x0000000738200000, 0x0000000738400000|  0%| F|  |TAMS 0x0000000738200000| PB 0x0000000738200000| Untracked 
| 450|0x0000000738400000, 0x0000000738400000, 0x0000000738600000|  0%| F|  |TAMS 0x0000000738400000| PB 0x0000000738400000| Untracked 
| 451|0x0000000738600000, 0x0000000738600000, 0x0000000738800000|  0%| F|  |TAMS 0x0000000738600000| PB 0x0000000738600000| Untracked 
| 452|0x0000000738800000, 0x0000000738800000, 0x0000000738a00000|  0%| F|  |TAMS 0x0000000738800000| PB 0x0000000738800000| Untracked 
| 453|0x0000000738a00000, 0x0000000738a00000, 0x0000000738c00000|  0%| F|  |TAMS 0x0000000738a00000| PB 0x0000000738a00000| Untracked 
| 454|0x0000000738c00000, 0x0000000738c00000, 0x0000000738e00000|  0%| F|  |TAMS 0x0000000738c00000| PB 0x0000000738c00000| Untracked 
| 455|0x0000000738e00000, 0x0000000738e00000, 0x0000000739000000|  0%| F|  |TAMS 0x0000000738e00000| PB 0x0000000738e00000| Untracked 
| 456|0x0000000739000000, 0x0000000739000000, 0x0000000739200000|  0%| F|  |TAMS 0x0000000739000000| PB 0x0000000739000000| Untracked 
| 457|0x0000000739200000, 0x0000000739200000, 0x0000000739400000|  0%| F|  |TAMS 0x0000000739200000| PB 0x0000000739200000| Untracked 
| 458|0x0000000739400000, 0x0000000739400000, 0x0000000739600000|  0%| F|  |TAMS 0x0000000739400000| PB 0x0000000739400000| Untracked 
| 459|0x0000000739600000, 0x0000000739600000, 0x0000000739800000|  0%| F|  |TAMS 0x0000000739600000| PB 0x0000000739600000| Untracked 
| 460|0x0000000739800000, 0x0000000739800000, 0x0000000739a00000|  0%| F|  |TAMS 0x0000000739800000| PB 0x0000000739800000| Untracked 
| 461|0x0000000739a00000, 0x0000000739a00000, 0x0000000739c00000|  0%| F|  |TAMS 0x0000000739a00000| PB 0x0000000739a00000| Untracked 
| 462|0x0000000739c00000, 0x0000000739c00000, 0x0000000739e00000|  0%| F|  |TAMS 0x0000000739c00000| PB 0x0000000739c00000| Untracked 
| 463|0x0000000739e00000, 0x0000000739e00000, 0x000000073a000000|  0%| F|  |TAMS 0x0000000739e00000| PB 0x0000000739e00000| Untracked 
| 464|0x000000073a000000, 0x000000073a000000, 0x000000073a200000|  0%| F|  |TAMS 0x000000073a000000| PB 0x000000073a000000| Untracked 
| 465|0x000000073a200000, 0x000000073a200000, 0x000000073a400000|  0%| F|  |TAMS 0x000000073a200000| PB 0x000000073a200000| Untracked 
| 466|0x000000073a400000, 0x000000073a400000, 0x000000073a600000|  0%| F|  |TAMS 0x000000073a400000| PB 0x000000073a400000| Untracked 
| 467|0x000000073a600000, 0x000000073a600000, 0x000000073a800000|  0%| F|  |TAMS 0x000000073a600000| PB 0x000000073a600000| Untracked 
| 468|0x000000073a800000, 0x000000073a800000, 0x000000073aa00000|  0%| F|  |TAMS 0x000000073a800000| PB 0x000000073a800000| Untracked 
| 469|0x000000073aa00000, 0x000000073aa00000, 0x000000073ac00000|  0%| F|  |TAMS 0x000000073aa00000| PB 0x000000073aa00000| Untracked 
| 470|0x000000073ac00000, 0x000000073ac00000, 0x000000073ae00000|  0%| F|  |TAMS 0x000000073ac00000| PB 0x000000073ac00000| Untracked 
| 471|0x000000073ae00000, 0x000000073ae00000, 0x000000073b000000|  0%| F|  |TAMS 0x000000073ae00000| PB 0x000000073ae00000| Untracked 
| 472|0x000000073b000000, 0x000000073b000000, 0x000000073b200000|  0%| F|  |TAMS 0x000000073b000000| PB 0x000000073b000000| Untracked 
| 473|0x000000073b200000, 0x000000073b200000, 0x000000073b400000|  0%| F|  |TAMS 0x000000073b200000| PB 0x000000073b200000| Untracked 
| 474|0x000000073b400000, 0x000000073b400000, 0x000000073b600000|  0%| F|  |TAMS 0x000000073b400000| PB 0x000000073b400000| Untracked 
| 475|0x000000073b600000, 0x000000073b600000, 0x000000073b800000|  0%| F|  |TAMS 0x000000073b600000| PB 0x000000073b600000| Untracked 
| 476|0x000000073b800000, 0x000000073b800000, 0x000000073ba00000|  0%| F|  |TAMS 0x000000073b800000| PB 0x000000073b800000| Untracked 
| 477|0x000000073ba00000, 0x000000073ba00000, 0x000000073bc00000|  0%| F|  |TAMS 0x000000073ba00000| PB 0x000000073ba00000| Untracked 
| 478|0x000000073bc00000, 0x000000073bc00000, 0x000000073be00000|  0%| F|  |TAMS 0x000000073bc00000| PB 0x000000073bc00000| Untracked 
| 479|0x000000073be00000, 0x000000073be00000, 0x000000073c000000|  0%| F|  |TAMS 0x000000073be00000| PB 0x000000073be00000| Untracked 
| 480|0x000000073c000000, 0x000000073c000000, 0x000000073c200000|  0%| F|  |TAMS 0x000000073c000000| PB 0x000000073c000000| Untracked 
| 481|0x000000073c200000, 0x000000073c200000, 0x000000073c400000|  0%| F|  |TAMS 0x000000073c200000| PB 0x000000073c200000| Untracked 
| 482|0x000000073c400000, 0x000000073c400000, 0x000000073c600000|  0%| F|  |TAMS 0x000000073c400000| PB 0x000000073c400000| Untracked 
| 483|0x000000073c600000, 0x000000073c600000, 0x000000073c800000|  0%| F|  |TAMS 0x000000073c600000| PB 0x000000073c600000| Untracked 
| 484|0x000000073c800000, 0x000000073c800000, 0x000000073ca00000|  0%| F|  |TAMS 0x000000073c800000| PB 0x000000073c800000| Untracked 
| 485|0x000000073ca00000, 0x000000073ca00000, 0x000000073cc00000|  0%| F|  |TAMS 0x000000073ca00000| PB 0x000000073ca00000| Untracked 
| 486|0x000000073cc00000, 0x000000073cc00000, 0x000000073ce00000|  0%| F|  |TAMS 0x000000073cc00000| PB 0x000000073cc00000| Untracked 
| 487|0x000000073ce00000, 0x000000073ce00000, 0x000000073d000000|  0%| F|  |TAMS 0x000000073ce00000| PB 0x000000073ce00000| Untracked 
| 488|0x000000073d000000, 0x000000073d000000, 0x000000073d200000|  0%| F|  |TAMS 0x000000073d000000| PB 0x000000073d000000| Untracked 
| 489|0x000000073d200000, 0x000000073d200000, 0x000000073d400000|  0%| F|  |TAMS 0x000000073d200000| PB 0x000000073d200000| Untracked 
| 490|0x000000073d400000, 0x000000073d400000, 0x000000073d600000|  0%| F|  |TAMS 0x000000073d400000| PB 0x000000073d400000| Untracked 
| 491|0x000000073d600000, 0x000000073d600000, 0x000000073d800000|  0%| F|  |TAMS 0x000000073d600000| PB 0x000000073d600000| Untracked 
| 492|0x000000073d800000, 0x000000073d800000, 0x000000073da00000|  0%| F|  |TAMS 0x000000073d800000| PB 0x000000073d800000| Untracked 
| 493|0x000000073da00000, 0x000000073da00000, 0x000000073dc00000|  0%| F|  |TAMS 0x000000073da00000| PB 0x000000073da00000| Untracked 
| 494|0x000000073dc00000, 0x000000073dc00000, 0x000000073de00000|  0%| F|  |TAMS 0x000000073dc00000| PB 0x000000073dc00000| Untracked 
| 495|0x000000073de00000, 0x000000073de00000, 0x000000073e000000|  0%| F|  |TAMS 0x000000073de00000| PB 0x000000073de00000| Untracked 
| 496|0x000000073e000000, 0x000000073e000000, 0x000000073e200000|  0%| F|  |TAMS 0x000000073e000000| PB 0x000000073e000000| Untracked 
| 497|0x000000073e200000, 0x000000073e200000, 0x000000073e400000|  0%| F|  |TAMS 0x000000073e200000| PB 0x000000073e200000| Untracked 
| 498|0x000000073e400000, 0x000000073e400000, 0x000000073e600000|  0%| F|  |TAMS 0x000000073e400000| PB 0x000000073e400000| Untracked 
| 499|0x000000073e600000, 0x000000073e600000, 0x000000073e800000|  0%| F|  |TAMS 0x000000073e600000| PB 0x000000073e600000| Untracked 
| 500|0x000000073e800000, 0x000000073e800000, 0x000000073ea00000|  0%| F|  |TAMS 0x000000073e800000| PB 0x000000073e800000| Untracked 
| 501|0x000000073ea00000, 0x000000073ea00000, 0x000000073ec00000|  0%| F|  |TAMS 0x000000073ea00000| PB 0x000000073ea00000| Untracked 
| 502|0x000000073ec00000, 0x000000073ec00000, 0x000000073ee00000|  0%| F|  |TAMS 0x000000073ec00000| PB 0x000000073ec00000| Untracked 
| 503|0x000000073ee00000, 0x000000073ee00000, 0x000000073f000000|  0%| F|  |TAMS 0x000000073ee00000| PB 0x000000073ee00000| Untracked 
| 504|0x000000073f000000, 0x000000073f000000, 0x000000073f200000|  0%| F|  |TAMS 0x000000073f000000| PB 0x000000073f000000| Untracked 
| 505|0x000000073f200000, 0x000000073f200000, 0x000000073f400000|  0%| F|  |TAMS 0x000000073f200000| PB 0x000000073f200000| Untracked 
| 506|0x000000073f400000, 0x000000073f400000, 0x000000073f600000|  0%| F|  |TAMS 0x000000073f400000| PB 0x000000073f400000| Untracked 
| 507|0x000000073f600000, 0x000000073f600000, 0x000000073f800000|  0%| F|  |TAMS 0x000000073f600000| PB 0x000000073f600000| Untracked 
| 508|0x000000073f800000, 0x000000073f800000, 0x000000073fa00000|  0%| F|  |TAMS 0x000000073f800000| PB 0x000000073f800000| Untracked 
| 509|0x000000073fa00000, 0x000000073fa00000, 0x000000073fc00000|  0%| F|  |TAMS 0x000000073fa00000| PB 0x000000073fa00000| Untracked 
| 510|0x000000073fc00000, 0x000000073fc00000, 0x000000073fe00000|  0%| F|  |TAMS 0x000000073fc00000| PB 0x000000073fc00000| Untracked 
| 511|0x000000073fe00000, 0x000000073fe00000, 0x0000000740000000|  0%| F|  |TAMS 0x000000073fe00000| PB 0x000000073fe00000| Untracked 
| 512|0x0000000740000000, 0x0000000740000000, 0x0000000740200000|  0%| F|  |TAMS 0x0000000740000000| PB 0x0000000740000000| Untracked 
| 513|0x0000000740200000, 0x0000000740200000, 0x0000000740400000|  0%| F|  |TAMS 0x0000000740200000| PB 0x0000000740200000| Untracked 
| 514|0x0000000740400000, 0x0000000740400000, 0x0000000740600000|  0%| F|  |TAMS 0x0000000740400000| PB 0x0000000740400000| Untracked 
| 515|0x0000000740600000, 0x0000000740600000, 0x0000000740800000|  0%| F|  |TAMS 0x0000000740600000| PB 0x0000000740600000| Untracked 
| 516|0x0000000740800000, 0x0000000740800000, 0x0000000740a00000|  0%| F|  |TAMS 0x0000000740800000| PB 0x0000000740800000| Untracked 
| 517|0x0000000740a00000, 0x0000000740a00000, 0x0000000740c00000|  0%| F|  |TAMS 0x0000000740a00000| PB 0x0000000740a00000| Untracked 
| 518|0x0000000740c00000, 0x0000000740c00000, 0x0000000740e00000|  0%| F|  |TAMS 0x0000000740c00000| PB 0x0000000740c00000| Untracked 
| 519|0x0000000740e00000, 0x0000000740e00000, 0x0000000741000000|  0%| F|  |TAMS 0x0000000740e00000| PB 0x0000000740e00000| Untracked 
| 520|0x0000000741000000, 0x0000000741000000, 0x0000000741200000|  0%| F|  |TAMS 0x0000000741000000| PB 0x0000000741000000| Untracked 
| 521|0x0000000741200000, 0x0000000741200000, 0x0000000741400000|  0%| F|  |TAMS 0x0000000741200000| PB 0x0000000741200000| Untracked 
| 522|0x0000000741400000, 0x0000000741400000, 0x0000000741600000|  0%| F|  |TAMS 0x0000000741400000| PB 0x0000000741400000| Untracked 
| 523|0x0000000741600000, 0x0000000741600000, 0x0000000741800000|  0%| F|  |TAMS 0x0000000741600000| PB 0x0000000741600000| Untracked 
| 524|0x0000000741800000, 0x0000000741800000, 0x0000000741a00000|  0%| F|  |TAMS 0x0000000741800000| PB 0x0000000741800000| Untracked 
| 525|0x0000000741a00000, 0x0000000741a00000, 0x0000000741c00000|  0%| F|  |TAMS 0x0000000741a00000| PB 0x0000000741a00000| Untracked 
| 526|0x0000000741c00000, 0x0000000741c00000, 0x0000000741e00000|  0%| F|  |TAMS 0x0000000741c00000| PB 0x0000000741c00000| Untracked 
| 527|0x0000000741e00000, 0x0000000741e00000, 0x0000000742000000|  0%| F|  |TAMS 0x0000000741e00000| PB 0x0000000741e00000| Untracked 
| 528|0x0000000742000000, 0x0000000742000000, 0x0000000742200000|  0%| F|  |TAMS 0x0000000742000000| PB 0x0000000742000000| Untracked 
| 529|0x0000000742200000, 0x0000000742200000, 0x0000000742400000|  0%| F|  |TAMS 0x0000000742200000| PB 0x0000000742200000| Untracked 
| 530|0x0000000742400000, 0x0000000742400000, 0x0000000742600000|  0%| F|  |TAMS 0x0000000742400000| PB 0x0000000742400000| Untracked 
| 531|0x0000000742600000, 0x0000000742600000, 0x0000000742800000|  0%| F|  |TAMS 0x0000000742600000| PB 0x0000000742600000| Untracked 
| 532|0x0000000742800000, 0x0000000742800000, 0x0000000742a00000|  0%| F|  |TAMS 0x0000000742800000| PB 0x0000000742800000| Untracked 
| 533|0x0000000742a00000, 0x0000000742a00000, 0x0000000742c00000|  0%| F|  |TAMS 0x0000000742a00000| PB 0x0000000742a00000| Untracked 
| 534|0x0000000742c00000, 0x0000000742c00000, 0x0000000742e00000|  0%| F|  |TAMS 0x0000000742c00000| PB 0x0000000742c00000| Untracked 
| 535|0x0000000742e00000, 0x0000000742e00000, 0x0000000743000000|  0%| F|  |TAMS 0x0000000742e00000| PB 0x0000000742e00000| Untracked 
| 536|0x0000000743000000, 0x0000000743000000, 0x0000000743200000|  0%| F|  |TAMS 0x0000000743000000| PB 0x0000000743000000| Untracked 
| 537|0x0000000743200000, 0x0000000743200000, 0x0000000743400000|  0%| F|  |TAMS 0x0000000743200000| PB 0x0000000743200000| Untracked 
| 538|0x0000000743400000, 0x0000000743400000, 0x0000000743600000|  0%| F|  |TAMS 0x0000000743400000| PB 0x0000000743400000| Untracked 
| 539|0x0000000743600000, 0x0000000743600000, 0x0000000743800000|  0%| F|  |TAMS 0x0000000743600000| PB 0x0000000743600000| Untracked 
| 540|0x0000000743800000, 0x0000000743800000, 0x0000000743a00000|  0%| F|  |TAMS 0x0000000743800000| PB 0x0000000743800000| Untracked 
| 541|0x0000000743a00000, 0x0000000743a00000, 0x0000000743c00000|  0%| F|  |TAMS 0x0000000743a00000| PB 0x0000000743a00000| Untracked 
| 542|0x0000000743c00000, 0x0000000743c00000, 0x0000000743e00000|  0%| F|  |TAMS 0x0000000743c00000| PB 0x0000000743c00000| Untracked 
| 543|0x0000000743e00000, 0x0000000743e00000, 0x0000000744000000|  0%| F|  |TAMS 0x0000000743e00000| PB 0x0000000743e00000| Untracked 
| 544|0x0000000744000000, 0x0000000744000000, 0x0000000744200000|  0%| F|  |TAMS 0x0000000744000000| PB 0x0000000744000000| Untracked 
| 545|0x0000000744200000, 0x0000000744200000, 0x0000000744400000|  0%| F|  |TAMS 0x0000000744200000| PB 0x0000000744200000| Untracked 
| 546|0x0000000744400000, 0x0000000744400000, 0x0000000744600000|  0%| F|  |TAMS 0x0000000744400000| PB 0x0000000744400000| Untracked 
| 547|0x0000000744600000, 0x0000000744600000, 0x0000000744800000|  0%| F|  |TAMS 0x0000000744600000| PB 0x0000000744600000| Untracked 
| 548|0x0000000744800000, 0x0000000744800000, 0x0000000744a00000|  0%| F|  |TAMS 0x0000000744800000| PB 0x0000000744800000| Untracked 
| 549|0x0000000744a00000, 0x0000000744a00000, 0x0000000744c00000|  0%| F|  |TAMS 0x0000000744a00000| PB 0x0000000744a00000| Untracked 
| 550|0x0000000744c00000, 0x0000000744c00000, 0x0000000744e00000|  0%| F|  |TAMS 0x0000000744c00000| PB 0x0000000744c00000| Untracked 
| 551|0x0000000744e00000, 0x0000000744e00000, 0x0000000745000000|  0%| F|  |TAMS 0x0000000744e00000| PB 0x0000000744e00000| Untracked 
| 552|0x0000000745000000, 0x0000000745000000, 0x0000000745200000|  0%| F|  |TAMS 0x0000000745000000| PB 0x0000000745000000| Untracked 
| 553|0x0000000745200000, 0x0000000745200000, 0x0000000745400000|  0%| F|  |TAMS 0x0000000745200000| PB 0x0000000745200000| Untracked 
| 554|0x0000000745400000, 0x0000000745400000, 0x0000000745600000|  0%| F|  |TAMS 0x0000000745400000| PB 0x0000000745400000| Untracked 
| 555|0x0000000745600000, 0x0000000745600000, 0x0000000745800000|  0%| F|  |TAMS 0x0000000745600000| PB 0x0000000745600000| Untracked 
| 556|0x0000000745800000, 0x0000000745800000, 0x0000000745a00000|  0%| F|  |TAMS 0x0000000745800000| PB 0x0000000745800000| Untracked 
| 557|0x0000000745a00000, 0x0000000745a00000, 0x0000000745c00000|  0%| F|  |TAMS 0x0000000745a00000| PB 0x0000000745a00000| Untracked 
| 558|0x0000000745c00000, 0x0000000745c00000, 0x0000000745e00000|  0%| F|  |TAMS 0x0000000745c00000| PB 0x0000000745c00000| Untracked 
| 559|0x0000000745e00000, 0x0000000745e00000, 0x0000000746000000|  0%| F|  |TAMS 0x0000000745e00000| PB 0x0000000745e00000| Untracked 
| 560|0x0000000746000000, 0x0000000746000000, 0x0000000746200000|  0%| F|  |TAMS 0x0000000746000000| PB 0x0000000746000000| Untracked 
| 561|0x0000000746200000, 0x0000000746200000, 0x0000000746400000|  0%| F|  |TAMS 0x0000000746200000| PB 0x0000000746200000| Untracked 
| 562|0x0000000746400000, 0x0000000746400000, 0x0000000746600000|  0%| F|  |TAMS 0x0000000746400000| PB 0x0000000746400000| Untracked 
| 563|0x0000000746600000, 0x0000000746600000, 0x0000000746800000|  0%| F|  |TAMS 0x0000000746600000| PB 0x0000000746600000| Untracked 
| 564|0x0000000746800000, 0x0000000746800000, 0x0000000746a00000|  0%| F|  |TAMS 0x0000000746800000| PB 0x0000000746800000| Untracked 
| 565|0x0000000746a00000, 0x0000000746a00000, 0x0000000746c00000|  0%| F|  |TAMS 0x0000000746a00000| PB 0x0000000746a00000| Untracked 
| 566|0x0000000746c00000, 0x0000000746c00000, 0x0000000746e00000|  0%| F|  |TAMS 0x0000000746c00000| PB 0x0000000746c00000| Untracked 
| 567|0x0000000746e00000, 0x0000000746e00000, 0x0000000747000000|  0%| F|  |TAMS 0x0000000746e00000| PB 0x0000000746e00000| Untracked 
| 568|0x0000000747000000, 0x0000000747000000, 0x0000000747200000|  0%| F|  |TAMS 0x0000000747000000| PB 0x0000000747000000| Untracked 
| 569|0x0000000747200000, 0x0000000747200000, 0x0000000747400000|  0%| F|  |TAMS 0x0000000747200000| PB 0x0000000747200000| Untracked 
| 570|0x0000000747400000, 0x0000000747400000, 0x0000000747600000|  0%| F|  |TAMS 0x0000000747400000| PB 0x0000000747400000| Untracked 
| 571|0x0000000747600000, 0x0000000747600000, 0x0000000747800000|  0%| F|  |TAMS 0x0000000747600000| PB 0x0000000747600000| Untracked 
| 572|0x0000000747800000, 0x0000000747800000, 0x0000000747a00000|  0%| F|  |TAMS 0x0000000747800000| PB 0x0000000747800000| Untracked 
| 573|0x0000000747a00000, 0x0000000747a00000, 0x0000000747c00000|  0%| F|  |TAMS 0x0000000747a00000| PB 0x0000000747a00000| Untracked 
| 574|0x0000000747c00000, 0x0000000747c00000, 0x0000000747e00000|  0%| F|  |TAMS 0x0000000747c00000| PB 0x0000000747c00000| Untracked 
| 575|0x0000000747e00000, 0x0000000747e00000, 0x0000000748000000|  0%| F|  |TAMS 0x0000000747e00000| PB 0x0000000747e00000| Untracked 
| 576|0x0000000748000000, 0x0000000748000000, 0x0000000748200000|  0%| F|  |TAMS 0x0000000748000000| PB 0x0000000748000000| Untracked 
| 577|0x0000000748200000, 0x0000000748200000, 0x0000000748400000|  0%| F|  |TAMS 0x0000000748200000| PB 0x0000000748200000| Untracked 
| 578|0x0000000748400000, 0x0000000748400000, 0x0000000748600000|  0%| F|  |TAMS 0x0000000748400000| PB 0x0000000748400000| Untracked 
| 579|0x0000000748600000, 0x0000000748600000, 0x0000000748800000|  0%| F|  |TAMS 0x0000000748600000| PB 0x0000000748600000| Untracked 
| 580|0x0000000748800000, 0x0000000748800000, 0x0000000748a00000|  0%| F|  |TAMS 0x0000000748800000| PB 0x0000000748800000| Untracked 
| 581|0x0000000748a00000, 0x0000000748a00000, 0x0000000748c00000|  0%| F|  |TAMS 0x0000000748a00000| PB 0x0000000748a00000| Untracked 
| 582|0x0000000748c00000, 0x0000000748c00000, 0x0000000748e00000|  0%| F|  |TAMS 0x0000000748c00000| PB 0x0000000748c00000| Untracked 
| 583|0x0000000748e00000, 0x0000000748e00000, 0x0000000749000000|  0%| F|  |TAMS 0x0000000748e00000| PB 0x0000000748e00000| Untracked 
| 584|0x0000000749000000, 0x0000000749000000, 0x0000000749200000|  0%| F|  |TAMS 0x0000000749000000| PB 0x0000000749000000| Untracked 
| 585|0x0000000749200000, 0x0000000749200000, 0x0000000749400000|  0%| F|  |TAMS 0x0000000749200000| PB 0x0000000749200000| Untracked 
| 586|0x0000000749400000, 0x0000000749400000, 0x0000000749600000|  0%| F|  |TAMS 0x0000000749400000| PB 0x0000000749400000| Untracked 
| 587|0x0000000749600000, 0x0000000749600000, 0x0000000749800000|  0%| F|  |TAMS 0x0000000749600000| PB 0x0000000749600000| Untracked 
| 588|0x0000000749800000, 0x0000000749800000, 0x0000000749a00000|  0%| F|  |TAMS 0x0000000749800000| PB 0x0000000749800000| Untracked 
| 589|0x0000000749a00000, 0x0000000749a00000, 0x0000000749c00000|  0%| F|  |TAMS 0x0000000749a00000| PB 0x0000000749a00000| Untracked 
| 590|0x0000000749c00000, 0x0000000749c00000, 0x0000000749e00000|  0%| F|  |TAMS 0x0000000749c00000| PB 0x0000000749c00000| Untracked 
| 591|0x0000000749e00000, 0x0000000749e00000, 0x000000074a000000|  0%| F|  |TAMS 0x0000000749e00000| PB 0x0000000749e00000| Untracked 
| 592|0x000000074a000000, 0x000000074a000000, 0x000000074a200000|  0%| F|  |TAMS 0x000000074a000000| PB 0x000000074a000000| Untracked 
| 593|0x000000074a200000, 0x000000074a200000, 0x000000074a400000|  0%| F|  |TAMS 0x000000074a200000| PB 0x000000074a200000| Untracked 
| 594|0x000000074a400000, 0x000000074a400000, 0x000000074a600000|  0%| F|  |TAMS 0x000000074a400000| PB 0x000000074a400000| Untracked 
| 595|0x000000074a600000, 0x000000074a600000, 0x000000074a800000|  0%| F|  |TAMS 0x000000074a600000| PB 0x000000074a600000| Untracked 
| 596|0x000000074a800000, 0x000000074a800000, 0x000000074aa00000|  0%| F|  |TAMS 0x000000074a800000| PB 0x000000074a800000| Untracked 
| 597|0x000000074aa00000, 0x000000074aa00000, 0x000000074ac00000|  0%| F|  |TAMS 0x000000074aa00000| PB 0x000000074aa00000| Untracked 
| 598|0x000000074ac00000, 0x000000074ac00000, 0x000000074ae00000|  0%| F|  |TAMS 0x000000074ac00000| PB 0x000000074ac00000| Untracked 
| 599|0x000000074ae00000, 0x000000074ae00000, 0x000000074b000000|  0%| F|  |TAMS 0x000000074ae00000| PB 0x000000074ae00000| Untracked 
| 600|0x000000074b000000, 0x000000074b000000, 0x000000074b200000|  0%| F|  |TAMS 0x000000074b000000| PB 0x000000074b000000| Untracked 
| 601|0x000000074b200000, 0x000000074b200000, 0x000000074b400000|  0%| F|  |TAMS 0x000000074b200000| PB 0x000000074b200000| Untracked 
| 602|0x000000074b400000, 0x000000074b400000, 0x000000074b600000|  0%| F|  |TAMS 0x000000074b400000| PB 0x000000074b400000| Untracked 
| 603|0x000000074b600000, 0x000000074b600000, 0x000000074b800000|  0%| F|  |TAMS 0x000000074b600000| PB 0x000000074b600000| Untracked 
| 604|0x000000074b800000, 0x000000074b800000, 0x000000074ba00000|  0%| F|  |TAMS 0x000000074b800000| PB 0x000000074b800000| Untracked 
| 605|0x000000074ba00000, 0x000000074ba00000, 0x000000074bc00000|  0%| F|  |TAMS 0x000000074ba00000| PB 0x000000074ba00000| Untracked 
| 606|0x000000074bc00000, 0x000000074bc00000, 0x000000074be00000|  0%| F|  |TAMS 0x000000074bc00000| PB 0x000000074bc00000| Untracked 
| 607|0x000000074be00000, 0x000000074be00000, 0x000000074c000000|  0%| F|  |TAMS 0x000000074be00000| PB 0x000000074be00000| Untracked 
| 608|0x000000074c000000, 0x000000074c000000, 0x000000074c200000|  0%| F|  |TAMS 0x000000074c000000| PB 0x000000074c000000| Untracked 
| 609|0x000000074c200000, 0x000000074c200000, 0x000000074c400000|  0%| F|  |TAMS 0x000000074c200000| PB 0x000000074c200000| Untracked 
| 610|0x000000074c400000, 0x000000074c400000, 0x000000074c600000|  0%| F|  |TAMS 0x000000074c400000| PB 0x000000074c400000| Untracked 
| 611|0x000000074c600000, 0x000000074c600000, 0x000000074c800000|  0%| F|  |TAMS 0x000000074c600000| PB 0x000000074c600000| Untracked 
| 612|0x000000074c800000, 0x000000074c800000, 0x000000074ca00000|  0%| F|  |TAMS 0x000000074c800000| PB 0x000000074c800000| Untracked 
| 613|0x000000074ca00000, 0x000000074ca00000, 0x000000074cc00000|  0%| F|  |TAMS 0x000000074ca00000| PB 0x000000074ca00000| Untracked 
| 614|0x000000074cc00000, 0x000000074cc00000, 0x000000074ce00000|  0%| F|  |TAMS 0x000000074cc00000| PB 0x000000074cc00000| Untracked 
| 615|0x000000074ce00000, 0x000000074ce00000, 0x000000074d000000|  0%| F|  |TAMS 0x000000074ce00000| PB 0x000000074ce00000| Untracked 
| 616|0x000000074d000000, 0x000000074d000000, 0x000000074d200000|  0%| F|  |TAMS 0x000000074d000000| PB 0x000000074d000000| Untracked 
| 617|0x000000074d200000, 0x000000074d200000, 0x000000074d400000|  0%| F|  |TAMS 0x000000074d200000| PB 0x000000074d200000| Untracked 
| 618|0x000000074d400000, 0x000000074d400000, 0x000000074d600000|  0%| F|  |TAMS 0x000000074d400000| PB 0x000000074d400000| Untracked 
| 619|0x000000074d600000, 0x000000074d600000, 0x000000074d800000|  0%| F|  |TAMS 0x000000074d600000| PB 0x000000074d600000| Untracked 
| 620|0x000000074d800000, 0x000000074d800000, 0x000000074da00000|  0%| F|  |TAMS 0x000000074d800000| PB 0x000000074d800000| Untracked 
| 621|0x000000074da00000, 0x000000074da00000, 0x000000074dc00000|  0%| F|  |TAMS 0x000000074da00000| PB 0x000000074da00000| Untracked 
| 622|0x000000074dc00000, 0x000000074dc00000, 0x000000074de00000|  0%| F|  |TAMS 0x000000074dc00000| PB 0x000000074dc00000| Untracked 
| 623|0x000000074de00000, 0x000000074de00000, 0x000000074e000000|  0%| F|  |TAMS 0x000000074de00000| PB 0x000000074de00000| Untracked 
| 624|0x000000074e000000, 0x000000074e000000, 0x000000074e200000|  0%| F|  |TAMS 0x000000074e000000| PB 0x000000074e000000| Untracked 
| 625|0x000000074e200000, 0x000000074e200000, 0x000000074e400000|  0%| F|  |TAMS 0x000000074e200000| PB 0x000000074e200000| Untracked 
| 626|0x000000074e400000, 0x000000074e400000, 0x000000074e600000|  0%| F|  |TAMS 0x000000074e400000| PB 0x000000074e400000| Untracked 
| 627|0x000000074e600000, 0x000000074e600000, 0x000000074e800000|  0%| F|  |TAMS 0x000000074e600000| PB 0x000000074e600000| Untracked 
| 628|0x000000074e800000, 0x000000074e800000, 0x000000074ea00000|  0%| F|  |TAMS 0x000000074e800000| PB 0x000000074e800000| Untracked 
| 629|0x000000074ea00000, 0x000000074ea00000, 0x000000074ec00000|  0%| F|  |TAMS 0x000000074ea00000| PB 0x000000074ea00000| Untracked 
| 630|0x000000074ec00000, 0x000000074ec00000, 0x000000074ee00000|  0%| F|  |TAMS 0x000000074ec00000| PB 0x000000074ec00000| Untracked 
| 631|0x000000074ee00000, 0x000000074ee00000, 0x000000074f000000|  0%| F|  |TAMS 0x000000074ee00000| PB 0x000000074ee00000| Untracked 
| 632|0x000000074f000000, 0x000000074f000000, 0x000000074f200000|  0%| F|  |TAMS 0x000000074f000000| PB 0x000000074f000000| Untracked 
| 633|0x000000074f200000, 0x000000074f200000, 0x000000074f400000|  0%| F|  |TAMS 0x000000074f200000| PB 0x000000074f200000| Untracked 
| 634|0x000000074f400000, 0x000000074f400000, 0x000000074f600000|  0%| F|  |TAMS 0x000000074f400000| PB 0x000000074f400000| Untracked 
| 635|0x000000074f600000, 0x000000074f600000, 0x000000074f800000|  0%| F|  |TAMS 0x000000074f600000| PB 0x000000074f600000| Untracked 
| 636|0x000000074f800000, 0x000000074f800000, 0x000000074fa00000|  0%| F|  |TAMS 0x000000074f800000| PB 0x000000074f800000| Untracked 
| 637|0x000000074fa00000, 0x000000074fa00000, 0x000000074fc00000|  0%| F|  |TAMS 0x000000074fa00000| PB 0x000000074fa00000| Untracked 
| 638|0x000000074fc00000, 0x000000074fc00000, 0x000000074fe00000|  0%| F|  |TAMS 0x000000074fc00000| PB 0x000000074fc00000| Untracked 
| 639|0x000000074fe00000, 0x000000074fe00000, 0x0000000750000000|  0%| F|  |TAMS 0x000000074fe00000| PB 0x000000074fe00000| Untracked 
| 640|0x0000000750000000, 0x0000000750000000, 0x0000000750200000|  0%| F|  |TAMS 0x0000000750000000| PB 0x0000000750000000| Untracked 
| 641|0x0000000750200000, 0x0000000750200000, 0x0000000750400000|  0%| F|  |TAMS 0x0000000750200000| PB 0x0000000750200000| Untracked 
| 642|0x0000000750400000, 0x0000000750400000, 0x0000000750600000|  0%| F|  |TAMS 0x0000000750400000| PB 0x0000000750400000| Untracked 
| 643|0x0000000750600000, 0x0000000750600000, 0x0000000750800000|  0%| F|  |TAMS 0x0000000750600000| PB 0x0000000750600000| Untracked 
| 644|0x0000000750800000, 0x0000000750800000, 0x0000000750a00000|  0%| F|  |TAMS 0x0000000750800000| PB 0x0000000750800000| Untracked 
| 645|0x0000000750a00000, 0x0000000750a00000, 0x0000000750c00000|  0%| F|  |TAMS 0x0000000750a00000| PB 0x0000000750a00000| Untracked 
| 646|0x0000000750c00000, 0x0000000750c00000, 0x0000000750e00000|  0%| F|  |TAMS 0x0000000750c00000| PB 0x0000000750c00000| Untracked 
| 647|0x0000000750e00000, 0x0000000750e00000, 0x0000000751000000|  0%| F|  |TAMS 0x0000000750e00000| PB 0x0000000750e00000| Untracked 
| 648|0x0000000751000000, 0x0000000751000000, 0x0000000751200000|  0%| F|  |TAMS 0x0000000751000000| PB 0x0000000751000000| Untracked 
| 649|0x0000000751200000, 0x0000000751200000, 0x0000000751400000|  0%| F|  |TAMS 0x0000000751200000| PB 0x0000000751200000| Untracked 
| 650|0x0000000751400000, 0x0000000751400000, 0x0000000751600000|  0%| F|  |TAMS 0x0000000751400000| PB 0x0000000751400000| Untracked 
| 651|0x0000000751600000, 0x0000000751600000, 0x0000000751800000|  0%| F|  |TAMS 0x0000000751600000| PB 0x0000000751600000| Untracked 
| 652|0x0000000751800000, 0x0000000751800000, 0x0000000751a00000|  0%| F|  |TAMS 0x0000000751800000| PB 0x0000000751800000| Untracked 
| 653|0x0000000751a00000, 0x0000000751a00000, 0x0000000751c00000|  0%| F|  |TAMS 0x0000000751a00000| PB 0x0000000751a00000| Untracked 
| 654|0x0000000751c00000, 0x0000000751c00000, 0x0000000751e00000|  0%| F|  |TAMS 0x0000000751c00000| PB 0x0000000751c00000| Untracked 
| 655|0x0000000751e00000, 0x0000000751e00000, 0x0000000752000000|  0%| F|  |TAMS 0x0000000751e00000| PB 0x0000000751e00000| Untracked 
| 656|0x0000000752000000, 0x0000000752000000, 0x0000000752200000|  0%| F|  |TAMS 0x0000000752000000| PB 0x0000000752000000| Untracked 
| 657|0x0000000752200000, 0x0000000752200000, 0x0000000752400000|  0%| F|  |TAMS 0x0000000752200000| PB 0x0000000752200000| Untracked 
| 658|0x0000000752400000, 0x0000000752400000, 0x0000000752600000|  0%| F|  |TAMS 0x0000000752400000| PB 0x0000000752400000| Untracked 
| 659|0x0000000752600000, 0x0000000752600000, 0x0000000752800000|  0%| F|  |TAMS 0x0000000752600000| PB 0x0000000752600000| Untracked 
| 660|0x0000000752800000, 0x0000000752800000, 0x0000000752a00000|  0%| F|  |TAMS 0x0000000752800000| PB 0x0000000752800000| Untracked 
| 661|0x0000000752a00000, 0x0000000752a00000, 0x0000000752c00000|  0%| F|  |TAMS 0x0000000752a00000| PB 0x0000000752a00000| Untracked 
| 662|0x0000000752c00000, 0x0000000752c00000, 0x0000000752e00000|  0%| F|  |TAMS 0x0000000752c00000| PB 0x0000000752c00000| Untracked 
| 663|0x0000000752e00000, 0x0000000752e00000, 0x0000000753000000|  0%| F|  |TAMS 0x0000000752e00000| PB 0x0000000752e00000| Untracked 
| 664|0x0000000753000000, 0x0000000753000000, 0x0000000753200000|  0%| F|  |TAMS 0x0000000753000000| PB 0x0000000753000000| Untracked 
| 665|0x0000000753200000, 0x0000000753200000, 0x0000000753400000|  0%| F|  |TAMS 0x0000000753200000| PB 0x0000000753200000| Untracked 
| 666|0x0000000753400000, 0x0000000753400000, 0x0000000753600000|  0%| F|  |TAMS 0x0000000753400000| PB 0x0000000753400000| Untracked 
| 667|0x0000000753600000, 0x0000000753600000, 0x0000000753800000|  0%| F|  |TAMS 0x0000000753600000| PB 0x0000000753600000| Untracked 
| 668|0x0000000753800000, 0x0000000753800000, 0x0000000753a00000|  0%| F|  |TAMS 0x0000000753800000| PB 0x0000000753800000| Untracked 
| 669|0x0000000753a00000, 0x0000000753a00000, 0x0000000753c00000|  0%| F|  |TAMS 0x0000000753a00000| PB 0x0000000753a00000| Untracked 
| 670|0x0000000753c00000, 0x0000000753c00000, 0x0000000753e00000|  0%| F|  |TAMS 0x0000000753c00000| PB 0x0000000753c00000| Untracked 
| 671|0x0000000753e00000, 0x0000000753e00000, 0x0000000754000000|  0%| F|  |TAMS 0x0000000753e00000| PB 0x0000000753e00000| Untracked 
| 672|0x0000000754000000, 0x0000000754000000, 0x0000000754200000|  0%| F|  |TAMS 0x0000000754000000| PB 0x0000000754000000| Untracked 
| 673|0x0000000754200000, 0x0000000754200000, 0x0000000754400000|  0%| F|  |TAMS 0x0000000754200000| PB 0x0000000754200000| Untracked 
| 674|0x0000000754400000, 0x0000000754400000, 0x0000000754600000|  0%| F|  |TAMS 0x0000000754400000| PB 0x0000000754400000| Untracked 
| 675|0x0000000754600000, 0x0000000754600000, 0x0000000754800000|  0%| F|  |TAMS 0x0000000754600000| PB 0x0000000754600000| Untracked 
| 676|0x0000000754800000, 0x0000000754800000, 0x0000000754a00000|  0%| F|  |TAMS 0x0000000754800000| PB 0x0000000754800000| Untracked 
| 677|0x0000000754a00000, 0x0000000754a00000, 0x0000000754c00000|  0%| F|  |TAMS 0x0000000754a00000| PB 0x0000000754a00000| Untracked 
| 678|0x0000000754c00000, 0x0000000754c00000, 0x0000000754e00000|  0%| F|  |TAMS 0x0000000754c00000| PB 0x0000000754c00000| Untracked 
| 679|0x0000000754e00000, 0x0000000754e00000, 0x0000000755000000|  0%| F|  |TAMS 0x0000000754e00000| PB 0x0000000754e00000| Untracked 
| 680|0x0000000755000000, 0x0000000755000000, 0x0000000755200000|  0%| F|  |TAMS 0x0000000755000000| PB 0x0000000755000000| Untracked 
| 681|0x0000000755200000, 0x0000000755200000, 0x0000000755400000|  0%| F|  |TAMS 0x0000000755200000| PB 0x0000000755200000| Untracked 
| 682|0x0000000755400000, 0x0000000755400000, 0x0000000755600000|  0%| F|  |TAMS 0x0000000755400000| PB 0x0000000755400000| Untracked 
| 683|0x0000000755600000, 0x0000000755600000, 0x0000000755800000|  0%| F|  |TAMS 0x0000000755600000| PB 0x0000000755600000| Untracked 
| 684|0x0000000755800000, 0x0000000755800000, 0x0000000755a00000|  0%| F|  |TAMS 0x0000000755800000| PB 0x0000000755800000| Untracked 
| 685|0x0000000755a00000, 0x0000000755a00000, 0x0000000755c00000|  0%| F|  |TAMS 0x0000000755a00000| PB 0x0000000755a00000| Untracked 
| 686|0x0000000755c00000, 0x0000000755c00000, 0x0000000755e00000|  0%| F|  |TAMS 0x0000000755c00000| PB 0x0000000755c00000| Untracked 
| 687|0x0000000755e00000, 0x0000000755e00000, 0x0000000756000000|  0%| F|  |TAMS 0x0000000755e00000| PB 0x0000000755e00000| Untracked 
| 688|0x0000000756000000, 0x0000000756000000, 0x0000000756200000|  0%| F|  |TAMS 0x0000000756000000| PB 0x0000000756000000| Untracked 
| 689|0x0000000756200000, 0x0000000756200000, 0x0000000756400000|  0%| F|  |TAMS 0x0000000756200000| PB 0x0000000756200000| Untracked 
| 690|0x0000000756400000, 0x0000000756400000, 0x0000000756600000|  0%| F|  |TAMS 0x0000000756400000| PB 0x0000000756400000| Untracked 
| 691|0x0000000756600000, 0x0000000756600000, 0x0000000756800000|  0%| F|  |TAMS 0x0000000756600000| PB 0x0000000756600000| Untracked 
| 692|0x0000000756800000, 0x0000000756800000, 0x0000000756a00000|  0%| F|  |TAMS 0x0000000756800000| PB 0x0000000756800000| Untracked 
| 693|0x0000000756a00000, 0x0000000756a00000, 0x0000000756c00000|  0%| F|  |TAMS 0x0000000756a00000| PB 0x0000000756a00000| Untracked 
| 694|0x0000000756c00000, 0x0000000756c00000, 0x0000000756e00000|  0%| F|  |TAMS 0x0000000756c00000| PB 0x0000000756c00000| Untracked 
| 695|0x0000000756e00000, 0x0000000756e00000, 0x0000000757000000|  0%| F|  |TAMS 0x0000000756e00000| PB 0x0000000756e00000| Untracked 
| 696|0x0000000757000000, 0x0000000757000000, 0x0000000757200000|  0%| F|  |TAMS 0x0000000757000000| PB 0x0000000757000000| Untracked 
| 697|0x0000000757200000, 0x0000000757200000, 0x0000000757400000|  0%| F|  |TAMS 0x0000000757200000| PB 0x0000000757200000| Untracked 
| 698|0x0000000757400000, 0x0000000757400000, 0x0000000757600000|  0%| F|  |TAMS 0x0000000757400000| PB 0x0000000757400000| Untracked 
| 699|0x0000000757600000, 0x0000000757600000, 0x0000000757800000|  0%| F|  |TAMS 0x0000000757600000| PB 0x0000000757600000| Untracked 
| 700|0x0000000757800000, 0x0000000757800000, 0x0000000757a00000|  0%| F|  |TAMS 0x0000000757800000| PB 0x0000000757800000| Untracked 
| 701|0x0000000757a00000, 0x0000000757a00000, 0x0000000757c00000|  0%| F|  |TAMS 0x0000000757a00000| PB 0x0000000757a00000| Untracked 
| 702|0x0000000757c00000, 0x0000000757c00000, 0x0000000757e00000|  0%| F|  |TAMS 0x0000000757c00000| PB 0x0000000757c00000| Untracked 
| 703|0x0000000757e00000, 0x0000000757e00000, 0x0000000758000000|  0%| F|  |TAMS 0x0000000757e00000| PB 0x0000000757e00000| Untracked 
| 704|0x0000000758000000, 0x0000000758000000, 0x0000000758200000|  0%| F|  |TAMS 0x0000000758000000| PB 0x0000000758000000| Untracked 
| 705|0x0000000758200000, 0x0000000758200000, 0x0000000758400000|  0%| F|  |TAMS 0x0000000758200000| PB 0x0000000758200000| Untracked 
| 706|0x0000000758400000, 0x0000000758400000, 0x0000000758600000|  0%| F|  |TAMS 0x0000000758400000| PB 0x0000000758400000| Untracked 
| 707|0x0000000758600000, 0x0000000758600000, 0x0000000758800000|  0%| F|  |TAMS 0x0000000758600000| PB 0x0000000758600000| Untracked 
| 708|0x0000000758800000, 0x0000000758800000, 0x0000000758a00000|  0%| F|  |TAMS 0x0000000758800000| PB 0x0000000758800000| Untracked 
| 709|0x0000000758a00000, 0x0000000758a00000, 0x0000000758c00000|  0%| F|  |TAMS 0x0000000758a00000| PB 0x0000000758a00000| Untracked 
| 710|0x0000000758c00000, 0x0000000758c00000, 0x0000000758e00000|  0%| F|  |TAMS 0x0000000758c00000| PB 0x0000000758c00000| Untracked 
| 711|0x0000000758e00000, 0x0000000758e00000, 0x0000000759000000|  0%| F|  |TAMS 0x0000000758e00000| PB 0x0000000758e00000| Untracked 
| 712|0x0000000759000000, 0x0000000759000000, 0x0000000759200000|  0%| F|  |TAMS 0x0000000759000000| PB 0x0000000759000000| Untracked 
| 713|0x0000000759200000, 0x0000000759200000, 0x0000000759400000|  0%| F|  |TAMS 0x0000000759200000| PB 0x0000000759200000| Untracked 
| 714|0x0000000759400000, 0x0000000759400000, 0x0000000759600000|  0%| F|  |TAMS 0x0000000759400000| PB 0x0000000759400000| Untracked 
| 715|0x0000000759600000, 0x0000000759600000, 0x0000000759800000|  0%| F|  |TAMS 0x0000000759600000| PB 0x0000000759600000| Untracked 
| 716|0x0000000759800000, 0x0000000759800000, 0x0000000759a00000|  0%| F|  |TAMS 0x0000000759800000| PB 0x0000000759800000| Untracked 
| 717|0x0000000759a00000, 0x0000000759a00000, 0x0000000759c00000|  0%| F|  |TAMS 0x0000000759a00000| PB 0x0000000759a00000| Untracked 
| 718|0x0000000759c00000, 0x0000000759c00000, 0x0000000759e00000|  0%| F|  |TAMS 0x0000000759c00000| PB 0x0000000759c00000| Untracked 
| 719|0x0000000759e00000, 0x0000000759e00000, 0x000000075a000000|  0%| F|  |TAMS 0x0000000759e00000| PB 0x0000000759e00000| Untracked 
| 720|0x000000075a000000, 0x000000075a000000, 0x000000075a200000|  0%| F|  |TAMS 0x000000075a000000| PB 0x000000075a000000| Untracked 
| 721|0x000000075a200000, 0x000000075a200000, 0x000000075a400000|  0%| F|  |TAMS 0x000000075a200000| PB 0x000000075a200000| Untracked 
| 722|0x000000075a400000, 0x000000075a400000, 0x000000075a600000|  0%| F|  |TAMS 0x000000075a400000| PB 0x000000075a400000| Untracked 
| 723|0x000000075a600000, 0x000000075a600000, 0x000000075a800000|  0%| F|  |TAMS 0x000000075a600000| PB 0x000000075a600000| Untracked 
| 724|0x000000075a800000, 0x000000075a800000, 0x000000075aa00000|  0%| F|  |TAMS 0x000000075a800000| PB 0x000000075a800000| Untracked 
| 725|0x000000075aa00000, 0x000000075aa00000, 0x000000075ac00000|  0%| F|  |TAMS 0x000000075aa00000| PB 0x000000075aa00000| Untracked 
| 726|0x000000075ac00000, 0x000000075ac00000, 0x000000075ae00000|  0%| F|  |TAMS 0x000000075ac00000| PB 0x000000075ac00000| Untracked 
| 727|0x000000075ae00000, 0x000000075ae00000, 0x000000075b000000|  0%| F|  |TAMS 0x000000075ae00000| PB 0x000000075ae00000| Untracked 
| 728|0x000000075b000000, 0x000000075b000000, 0x000000075b200000|  0%| F|  |TAMS 0x000000075b000000| PB 0x000000075b000000| Untracked 
| 729|0x000000075b200000, 0x000000075b200000, 0x000000075b400000|  0%| F|  |TAMS 0x000000075b200000| PB 0x000000075b200000| Untracked 
| 730|0x000000075b400000, 0x000000075b400000, 0x000000075b600000|  0%| F|  |TAMS 0x000000075b400000| PB 0x000000075b400000| Untracked 
| 731|0x000000075b600000, 0x000000075b600000, 0x000000075b800000|  0%| F|  |TAMS 0x000000075b600000| PB 0x000000075b600000| Untracked 
| 732|0x000000075b800000, 0x000000075b800000, 0x000000075ba00000|  0%| F|  |TAMS 0x000000075b800000| PB 0x000000075b800000| Untracked 
| 733|0x000000075ba00000, 0x000000075ba00000, 0x000000075bc00000|  0%| F|  |TAMS 0x000000075ba00000| PB 0x000000075ba00000| Untracked 
| 734|0x000000075bc00000, 0x000000075bc00000, 0x000000075be00000|  0%| F|  |TAMS 0x000000075bc00000| PB 0x000000075bc00000| Untracked 
| 735|0x000000075be00000, 0x000000075be00000, 0x000000075c000000|  0%| F|  |TAMS 0x000000075be00000| PB 0x000000075be00000| Untracked 
| 736|0x000000075c000000, 0x000000075c000000, 0x000000075c200000|  0%| F|  |TAMS 0x000000075c000000| PB 0x000000075c000000| Untracked 
| 737|0x000000075c200000, 0x000000075c200000, 0x000000075c400000|  0%| F|  |TAMS 0x000000075c200000| PB 0x000000075c200000| Untracked 
| 738|0x000000075c400000, 0x000000075c400000, 0x000000075c600000|  0%| F|  |TAMS 0x000000075c400000| PB 0x000000075c400000| Untracked 
| 739|0x000000075c600000, 0x000000075c600000, 0x000000075c800000|  0%| F|  |TAMS 0x000000075c600000| PB 0x000000075c600000| Untracked 
| 740|0x000000075c800000, 0x000000075c800000, 0x000000075ca00000|  0%| F|  |TAMS 0x000000075c800000| PB 0x000000075c800000| Untracked 
| 741|0x000000075ca00000, 0x000000075ca00000, 0x000000075cc00000|  0%| F|  |TAMS 0x000000075ca00000| PB 0x000000075ca00000| Untracked 
| 742|0x000000075cc00000, 0x000000075cc00000, 0x000000075ce00000|  0%| F|  |TAMS 0x000000075cc00000| PB 0x000000075cc00000| Untracked 
| 743|0x000000075ce00000, 0x000000075ce00000, 0x000000075d000000|  0%| F|  |TAMS 0x000000075ce00000| PB 0x000000075ce00000| Untracked 
| 744|0x000000075d000000, 0x000000075d000000, 0x000000075d200000|  0%| F|  |TAMS 0x000000075d000000| PB 0x000000075d000000| Untracked 
| 745|0x000000075d200000, 0x000000075d200000, 0x000000075d400000|  0%| F|  |TAMS 0x000000075d200000| PB 0x000000075d200000| Untracked 
| 746|0x000000075d400000, 0x000000075d400000, 0x000000075d600000|  0%| F|  |TAMS 0x000000075d400000| PB 0x000000075d400000| Untracked 
| 747|0x000000075d600000, 0x000000075d600000, 0x000000075d800000|  0%| F|  |TAMS 0x000000075d600000| PB 0x000000075d600000| Untracked 
| 748|0x000000075d800000, 0x000000075d800000, 0x000000075da00000|  0%| F|  |TAMS 0x000000075d800000| PB 0x000000075d800000| Untracked 
| 749|0x000000075da00000, 0x000000075da00000, 0x000000075dc00000|  0%| F|  |TAMS 0x000000075da00000| PB 0x000000075da00000| Untracked 
| 750|0x000000075dc00000, 0x000000075dc00000, 0x000000075de00000|  0%| F|  |TAMS 0x000000075dc00000| PB 0x000000075dc00000| Untracked 
| 751|0x000000075de00000, 0x000000075de00000, 0x000000075e000000|  0%| F|  |TAMS 0x000000075de00000| PB 0x000000075de00000| Untracked 
| 752|0x000000075e000000, 0x000000075e000000, 0x000000075e200000|  0%| F|  |TAMS 0x000000075e000000| PB 0x000000075e000000| Untracked 
| 753|0x000000075e200000, 0x000000075e200000, 0x000000075e400000|  0%| F|  |TAMS 0x000000075e200000| PB 0x000000075e200000| Untracked 
| 754|0x000000075e400000, 0x000000075e400000, 0x000000075e600000|  0%| F|  |TAMS 0x000000075e400000| PB 0x000000075e400000| Untracked 
| 755|0x000000075e600000, 0x000000075e600000, 0x000000075e800000|  0%| F|  |TAMS 0x000000075e600000| PB 0x000000075e600000| Untracked 
| 756|0x000000075e800000, 0x000000075e800000, 0x000000075ea00000|  0%| F|  |TAMS 0x000000075e800000| PB 0x000000075e800000| Untracked 
| 757|0x000000075ea00000, 0x000000075ea00000, 0x000000075ec00000|  0%| F|  |TAMS 0x000000075ea00000| PB 0x000000075ea00000| Untracked 
| 758|0x000000075ec00000, 0x000000075ec00000, 0x000000075ee00000|  0%| F|  |TAMS 0x000000075ec00000| PB 0x000000075ec00000| Untracked 
| 759|0x000000075ee00000, 0x000000075ee00000, 0x000000075f000000|  0%| F|  |TAMS 0x000000075ee00000| PB 0x000000075ee00000| Untracked 
| 760|0x000000075f000000, 0x000000075f000000, 0x000000075f200000|  0%| F|  |TAMS 0x000000075f000000| PB 0x000000075f000000| Untracked 
| 761|0x000000075f200000, 0x000000075f200000, 0x000000075f400000|  0%| F|  |TAMS 0x000000075f200000| PB 0x000000075f200000| Untracked 
| 762|0x000000075f400000, 0x000000075f400000, 0x000000075f600000|  0%| F|  |TAMS 0x000000075f400000| PB 0x000000075f400000| Untracked 
| 763|0x000000075f600000, 0x000000075f600000, 0x000000075f800000|  0%| F|  |TAMS 0x000000075f600000| PB 0x000000075f600000| Untracked 
| 764|0x000000075f800000, 0x000000075f800000, 0x000000075fa00000|  0%| F|  |TAMS 0x000000075f800000| PB 0x000000075f800000| Untracked 
| 765|0x000000075fa00000, 0x000000075fa00000, 0x000000075fc00000|  0%| F|  |TAMS 0x000000075fa00000| PB 0x000000075fa00000| Untracked 
| 766|0x000000075fc00000, 0x000000075fc00000, 0x000000075fe00000|  0%| F|  |TAMS 0x000000075fc00000| PB 0x000000075fc00000| Untracked 
| 767|0x000000075fe00000, 0x000000075fe00000, 0x0000000760000000|  0%| F|  |TAMS 0x000000075fe00000| PB 0x000000075fe00000| Untracked 
| 768|0x0000000760000000, 0x0000000760000000, 0x0000000760200000|  0%| F|  |TAMS 0x0000000760000000| PB 0x0000000760000000| Untracked 
| 769|0x0000000760200000, 0x0000000760200000, 0x0000000760400000|  0%| F|  |TAMS 0x0000000760200000| PB 0x0000000760200000| Untracked 
| 770|0x0000000760400000, 0x0000000760400000, 0x0000000760600000|  0%| F|  |TAMS 0x0000000760400000| PB 0x0000000760400000| Untracked 
| 771|0x0000000760600000, 0x0000000760600000, 0x0000000760800000|  0%| F|  |TAMS 0x0000000760600000| PB 0x0000000760600000| Untracked 
| 772|0x0000000760800000, 0x0000000760800000, 0x0000000760a00000|  0%| F|  |TAMS 0x0000000760800000| PB 0x0000000760800000| Untracked 
| 773|0x0000000760a00000, 0x0000000760a00000, 0x0000000760c00000|  0%| F|  |TAMS 0x0000000760a00000| PB 0x0000000760a00000| Untracked 
| 774|0x0000000760c00000, 0x0000000760c00000, 0x0000000760e00000|  0%| F|  |TAMS 0x0000000760c00000| PB 0x0000000760c00000| Untracked 
| 775|0x0000000760e00000, 0x0000000760e00000, 0x0000000761000000|  0%| F|  |TAMS 0x0000000760e00000| PB 0x0000000760e00000| Untracked 
| 776|0x0000000761000000, 0x0000000761000000, 0x0000000761200000|  0%| F|  |TAMS 0x0000000761000000| PB 0x0000000761000000| Untracked 
| 777|0x0000000761200000, 0x0000000761200000, 0x0000000761400000|  0%| F|  |TAMS 0x0000000761200000| PB 0x0000000761200000| Untracked 
| 778|0x0000000761400000, 0x0000000761400000, 0x0000000761600000|  0%| F|  |TAMS 0x0000000761400000| PB 0x0000000761400000| Untracked 
| 779|0x0000000761600000, 0x0000000761600000, 0x0000000761800000|  0%| F|  |TAMS 0x0000000761600000| PB 0x0000000761600000| Untracked 
| 780|0x0000000761800000, 0x0000000761800000, 0x0000000761a00000|  0%| F|  |TAMS 0x0000000761800000| PB 0x0000000761800000| Untracked 
| 781|0x0000000761a00000, 0x0000000761a00000, 0x0000000761c00000|  0%| F|  |TAMS 0x0000000761a00000| PB 0x0000000761a00000| Untracked 
| 782|0x0000000761c00000, 0x0000000761c00000, 0x0000000761e00000|  0%| F|  |TAMS 0x0000000761c00000| PB 0x0000000761c00000| Untracked 
| 783|0x0000000761e00000, 0x0000000761e00000, 0x0000000762000000|  0%| F|  |TAMS 0x0000000761e00000| PB 0x0000000761e00000| Untracked 
| 784|0x0000000762000000, 0x0000000762000000, 0x0000000762200000|  0%| F|  |TAMS 0x0000000762000000| PB 0x0000000762000000| Untracked 
| 785|0x0000000762200000, 0x0000000762200000, 0x0000000762400000|  0%| F|  |TAMS 0x0000000762200000| PB 0x0000000762200000| Untracked 
| 786|0x0000000762400000, 0x0000000762400000, 0x0000000762600000|  0%| F|  |TAMS 0x0000000762400000| PB 0x0000000762400000| Untracked 
| 787|0x0000000762600000, 0x0000000762600000, 0x0000000762800000|  0%| F|  |TAMS 0x0000000762600000| PB 0x0000000762600000| Untracked 
| 788|0x0000000762800000, 0x0000000762800000, 0x0000000762a00000|  0%| F|  |TAMS 0x0000000762800000| PB 0x0000000762800000| Untracked 
| 789|0x0000000762a00000, 0x0000000762a00000, 0x0000000762c00000|  0%| F|  |TAMS 0x0000000762a00000| PB 0x0000000762a00000| Untracked 
| 790|0x0000000762c00000, 0x0000000762c00000, 0x0000000762e00000|  0%| F|  |TAMS 0x0000000762c00000| PB 0x0000000762c00000| Untracked 
| 791|0x0000000762e00000, 0x0000000762e00000, 0x0000000763000000|  0%| F|  |TAMS 0x0000000762e00000| PB 0x0000000762e00000| Untracked 
| 792|0x0000000763000000, 0x0000000763000000, 0x0000000763200000|  0%| F|  |TAMS 0x0000000763000000| PB 0x0000000763000000| Untracked 
| 793|0x0000000763200000, 0x0000000763200000, 0x0000000763400000|  0%| F|  |TAMS 0x0000000763200000| PB 0x0000000763200000| Untracked 
| 794|0x0000000763400000, 0x0000000763400000, 0x0000000763600000|  0%| F|  |TAMS 0x0000000763400000| PB 0x0000000763400000| Untracked 
| 795|0x0000000763600000, 0x0000000763600000, 0x0000000763800000|  0%| F|  |TAMS 0x0000000763600000| PB 0x0000000763600000| Untracked 
| 796|0x0000000763800000, 0x0000000763800000, 0x0000000763a00000|  0%| F|  |TAMS 0x0000000763800000| PB 0x0000000763800000| Untracked 
| 797|0x0000000763a00000, 0x0000000763a00000, 0x0000000763c00000|  0%| F|  |TAMS 0x0000000763a00000| PB 0x0000000763a00000| Untracked 
| 798|0x0000000763c00000, 0x0000000763c00000, 0x0000000763e00000|  0%| F|  |TAMS 0x0000000763c00000| PB 0x0000000763c00000| Untracked 
| 799|0x0000000763e00000, 0x0000000763e00000, 0x0000000764000000|  0%| F|  |TAMS 0x0000000763e00000| PB 0x0000000763e00000| Untracked 
| 800|0x0000000764000000, 0x0000000764000000, 0x0000000764200000|  0%| F|  |TAMS 0x0000000764000000| PB 0x0000000764000000| Untracked 
| 801|0x0000000764200000, 0x0000000764200000, 0x0000000764400000|  0%| F|  |TAMS 0x0000000764200000| PB 0x0000000764200000| Untracked 
| 802|0x0000000764400000, 0x0000000764400000, 0x0000000764600000|  0%| F|  |TAMS 0x0000000764400000| PB 0x0000000764400000| Untracked 
| 803|0x0000000764600000, 0x0000000764600000, 0x0000000764800000|  0%| F|  |TAMS 0x0000000764600000| PB 0x0000000764600000| Untracked 
| 804|0x0000000764800000, 0x0000000764800000, 0x0000000764a00000|  0%| F|  |TAMS 0x0000000764800000| PB 0x0000000764800000| Untracked 
| 805|0x0000000764a00000, 0x0000000764a00000, 0x0000000764c00000|  0%| F|  |TAMS 0x0000000764a00000| PB 0x0000000764a00000| Untracked 
| 806|0x0000000764c00000, 0x0000000764c00000, 0x0000000764e00000|  0%| F|  |TAMS 0x0000000764c00000| PB 0x0000000764c00000| Untracked 
| 807|0x0000000764e00000, 0x0000000764e00000, 0x0000000765000000|  0%| F|  |TAMS 0x0000000764e00000| PB 0x0000000764e00000| Untracked 
| 808|0x0000000765000000, 0x0000000765000000, 0x0000000765200000|  0%| F|  |TAMS 0x0000000765000000| PB 0x0000000765000000| Untracked 
| 809|0x0000000765200000, 0x0000000765200000, 0x0000000765400000|  0%| F|  |TAMS 0x0000000765200000| PB 0x0000000765200000| Untracked 
| 810|0x0000000765400000, 0x0000000765400000, 0x0000000765600000|  0%| F|  |TAMS 0x0000000765400000| PB 0x0000000765400000| Untracked 
| 811|0x0000000765600000, 0x0000000765600000, 0x0000000765800000|  0%| F|  |TAMS 0x0000000765600000| PB 0x0000000765600000| Untracked 
| 812|0x0000000765800000, 0x0000000765800000, 0x0000000765a00000|  0%| F|  |TAMS 0x0000000765800000| PB 0x0000000765800000| Untracked 
| 813|0x0000000765a00000, 0x0000000765a00000, 0x0000000765c00000|  0%| F|  |TAMS 0x0000000765a00000| PB 0x0000000765a00000| Untracked 
| 814|0x0000000765c00000, 0x0000000765c00000, 0x0000000765e00000|  0%| F|  |TAMS 0x0000000765c00000| PB 0x0000000765c00000| Untracked 
| 815|0x0000000765e00000, 0x0000000765e00000, 0x0000000766000000|  0%| F|  |TAMS 0x0000000765e00000| PB 0x0000000765e00000| Untracked 
| 816|0x0000000766000000, 0x0000000766000000, 0x0000000766200000|  0%| F|  |TAMS 0x0000000766000000| PB 0x0000000766000000| Untracked 
| 817|0x0000000766200000, 0x0000000766200000, 0x0000000766400000|  0%| F|  |TAMS 0x0000000766200000| PB 0x0000000766200000| Untracked 
| 818|0x0000000766400000, 0x0000000766400000, 0x0000000766600000|  0%| F|  |TAMS 0x0000000766400000| PB 0x0000000766400000| Untracked 
| 819|0x0000000766600000, 0x0000000766600000, 0x0000000766800000|  0%| F|  |TAMS 0x0000000766600000| PB 0x0000000766600000| Untracked 
| 820|0x0000000766800000, 0x0000000766800000, 0x0000000766a00000|  0%| F|  |TAMS 0x0000000766800000| PB 0x0000000766800000| Untracked 
| 821|0x0000000766a00000, 0x0000000766a00000, 0x0000000766c00000|  0%| F|  |TAMS 0x0000000766a00000| PB 0x0000000766a00000| Untracked 
| 822|0x0000000766c00000, 0x0000000766c00000, 0x0000000766e00000|  0%| F|  |TAMS 0x0000000766c00000| PB 0x0000000766c00000| Untracked 
| 823|0x0000000766e00000, 0x0000000766e00000, 0x0000000767000000|  0%| F|  |TAMS 0x0000000766e00000| PB 0x0000000766e00000| Untracked 
| 824|0x0000000767000000, 0x0000000767000000, 0x0000000767200000|  0%| F|  |TAMS 0x0000000767000000| PB 0x0000000767000000| Untracked 
| 825|0x0000000767200000, 0x0000000767200000, 0x0000000767400000|  0%| F|  |TAMS 0x0000000767200000| PB 0x0000000767200000| Untracked 
| 826|0x0000000767400000, 0x0000000767400000, 0x0000000767600000|  0%| F|  |TAMS 0x0000000767400000| PB 0x0000000767400000| Untracked 
| 827|0x0000000767600000, 0x0000000767600000, 0x0000000767800000|  0%| F|  |TAMS 0x0000000767600000| PB 0x0000000767600000| Untracked 
| 828|0x0000000767800000, 0x0000000767800000, 0x0000000767a00000|  0%| F|  |TAMS 0x0000000767800000| PB 0x0000000767800000| Untracked 
| 829|0x0000000767a00000, 0x0000000767a00000, 0x0000000767c00000|  0%| F|  |TAMS 0x0000000767a00000| PB 0x0000000767a00000| Untracked 
| 830|0x0000000767c00000, 0x0000000767c00000, 0x0000000767e00000|  0%| F|  |TAMS 0x0000000767c00000| PB 0x0000000767c00000| Untracked 
| 831|0x0000000767e00000, 0x0000000767e00000, 0x0000000768000000|  0%| F|  |TAMS 0x0000000767e00000| PB 0x0000000767e00000| Untracked 
| 832|0x0000000768000000, 0x0000000768000000, 0x0000000768200000|  0%| F|  |TAMS 0x0000000768000000| PB 0x0000000768000000| Untracked 
| 833|0x0000000768200000, 0x0000000768200000, 0x0000000768400000|  0%| F|  |TAMS 0x0000000768200000| PB 0x0000000768200000| Untracked 
| 834|0x0000000768400000, 0x0000000768400000, 0x0000000768600000|  0%| F|  |TAMS 0x0000000768400000| PB 0x0000000768400000| Untracked 
| 835|0x0000000768600000, 0x0000000768600000, 0x0000000768800000|  0%| F|  |TAMS 0x0000000768600000| PB 0x0000000768600000| Untracked 
| 836|0x0000000768800000, 0x0000000768800000, 0x0000000768a00000|  0%| F|  |TAMS 0x0000000768800000| PB 0x0000000768800000| Untracked 
| 837|0x0000000768a00000, 0x0000000768a00000, 0x0000000768c00000|  0%| F|  |TAMS 0x0000000768a00000| PB 0x0000000768a00000| Untracked 
| 838|0x0000000768c00000, 0x0000000768c00000, 0x0000000768e00000|  0%| F|  |TAMS 0x0000000768c00000| PB 0x0000000768c00000| Untracked 
| 839|0x0000000768e00000, 0x0000000768e00000, 0x0000000769000000|  0%| F|  |TAMS 0x0000000768e00000| PB 0x0000000768e00000| Untracked 
| 840|0x0000000769000000, 0x0000000769000000, 0x0000000769200000|  0%| F|  |TAMS 0x0000000769000000| PB 0x0000000769000000| Untracked 
| 841|0x0000000769200000, 0x0000000769200000, 0x0000000769400000|  0%| F|  |TAMS 0x0000000769200000| PB 0x0000000769200000| Untracked 
| 842|0x0000000769400000, 0x0000000769400000, 0x0000000769600000|  0%| F|  |TAMS 0x0000000769400000| PB 0x0000000769400000| Untracked 
| 843|0x0000000769600000, 0x0000000769600000, 0x0000000769800000|  0%| F|  |TAMS 0x0000000769600000| PB 0x0000000769600000| Untracked 
| 844|0x0000000769800000, 0x0000000769800000, 0x0000000769a00000|  0%| F|  |TAMS 0x0000000769800000| PB 0x0000000769800000| Untracked 
| 845|0x0000000769a00000, 0x0000000769a00000, 0x0000000769c00000|  0%| F|  |TAMS 0x0000000769a00000| PB 0x0000000769a00000| Untracked 
| 846|0x0000000769c00000, 0x0000000769c00000, 0x0000000769e00000|  0%| F|  |TAMS 0x0000000769c00000| PB 0x0000000769c00000| Untracked 
| 847|0x0000000769e00000, 0x0000000769e00000, 0x000000076a000000|  0%| F|  |TAMS 0x0000000769e00000| PB 0x0000000769e00000| Untracked 
| 848|0x000000076a000000, 0x000000076a000000, 0x000000076a200000|  0%| F|  |TAMS 0x000000076a000000| PB 0x000000076a000000| Untracked 
| 849|0x000000076a200000, 0x000000076a200000, 0x000000076a400000|  0%| F|  |TAMS 0x000000076a200000| PB 0x000000076a200000| Untracked 
| 850|0x000000076a400000, 0x000000076a400000, 0x000000076a600000|  0%| F|  |TAMS 0x000000076a400000| PB 0x000000076a400000| Untracked 
| 851|0x000000076a600000, 0x000000076a600000, 0x000000076a800000|  0%| F|  |TAMS 0x000000076a600000| PB 0x000000076a600000| Untracked 
| 852|0x000000076a800000, 0x000000076a800000, 0x000000076aa00000|  0%| F|  |TAMS 0x000000076a800000| PB 0x000000076a800000| Untracked 
| 853|0x000000076aa00000, 0x000000076aa00000, 0x000000076ac00000|  0%| F|  |TAMS 0x000000076aa00000| PB 0x000000076aa00000| Untracked 
| 854|0x000000076ac00000, 0x000000076ac00000, 0x000000076ae00000|  0%| F|  |TAMS 0x000000076ac00000| PB 0x000000076ac00000| Untracked 
| 855|0x000000076ae00000, 0x000000076ae00000, 0x000000076b000000|  0%| F|  |TAMS 0x000000076ae00000| PB 0x000000076ae00000| Untracked 
| 856|0x000000076b000000, 0x000000076b000000, 0x000000076b200000|  0%| F|  |TAMS 0x000000076b000000| PB 0x000000076b000000| Untracked 
| 857|0x000000076b200000, 0x000000076b200000, 0x000000076b400000|  0%| F|  |TAMS 0x000000076b200000| PB 0x000000076b200000| Untracked 
| 858|0x000000076b400000, 0x000000076b400000, 0x000000076b600000|  0%| F|  |TAMS 0x000000076b400000| PB 0x000000076b400000| Untracked 
| 859|0x000000076b600000, 0x000000076b600000, 0x000000076b800000|  0%| F|  |TAMS 0x000000076b600000| PB 0x000000076b600000| Untracked 
| 860|0x000000076b800000, 0x000000076b800000, 0x000000076ba00000|  0%| F|  |TAMS 0x000000076b800000| PB 0x000000076b800000| Untracked 
| 861|0x000000076ba00000, 0x000000076ba00000, 0x000000076bc00000|  0%| F|  |TAMS 0x000000076ba00000| PB 0x000000076ba00000| Untracked 
| 862|0x000000076bc00000, 0x000000076bc00000, 0x000000076be00000|  0%| F|  |TAMS 0x000000076bc00000| PB 0x000000076bc00000| Untracked 
| 863|0x000000076be00000, 0x000000076be00000, 0x000000076c000000|  0%| F|  |TAMS 0x000000076be00000| PB 0x000000076be00000| Untracked 
| 864|0x000000076c000000, 0x000000076c000000, 0x000000076c200000|  0%| F|  |TAMS 0x000000076c000000| PB 0x000000076c000000| Untracked 
| 865|0x000000076c200000, 0x000000076c200000, 0x000000076c400000|  0%| F|  |TAMS 0x000000076c200000| PB 0x000000076c200000| Untracked 
| 866|0x000000076c400000, 0x000000076c400000, 0x000000076c600000|  0%| F|  |TAMS 0x000000076c400000| PB 0x000000076c400000| Untracked 
| 867|0x000000076c600000, 0x000000076c600000, 0x000000076c800000|  0%| F|  |TAMS 0x000000076c600000| PB 0x000000076c600000| Untracked 
| 868|0x000000076c800000, 0x000000076c800000, 0x000000076ca00000|  0%| F|  |TAMS 0x000000076c800000| PB 0x000000076c800000| Untracked 
| 869|0x000000076ca00000, 0x000000076ca00000, 0x000000076cc00000|  0%| F|  |TAMS 0x000000076ca00000| PB 0x000000076ca00000| Untracked 
| 870|0x000000076cc00000, 0x000000076cc00000, 0x000000076ce00000|  0%| F|  |TAMS 0x000000076cc00000| PB 0x000000076cc00000| Untracked 
| 871|0x000000076ce00000, 0x000000076ce00000, 0x000000076d000000|  0%| F|  |TAMS 0x000000076ce00000| PB 0x000000076ce00000| Untracked 
| 872|0x000000076d000000, 0x000000076d000000, 0x000000076d200000|  0%| F|  |TAMS 0x000000076d000000| PB 0x000000076d000000| Untracked 
| 873|0x000000076d200000, 0x000000076d200000, 0x000000076d400000|  0%| F|  |TAMS 0x000000076d200000| PB 0x000000076d200000| Untracked 
| 874|0x000000076d400000, 0x000000076d400000, 0x000000076d600000|  0%| F|  |TAMS 0x000000076d400000| PB 0x000000076d400000| Untracked 
| 875|0x000000076d600000, 0x000000076d600000, 0x000000076d800000|  0%| F|  |TAMS 0x000000076d600000| PB 0x000000076d600000| Untracked 
| 876|0x000000076d800000, 0x000000076d800000, 0x000000076da00000|  0%| F|  |TAMS 0x000000076d800000| PB 0x000000076d800000| Untracked 
| 877|0x000000076da00000, 0x000000076da00000, 0x000000076dc00000|  0%| F|  |TAMS 0x000000076da00000| PB 0x000000076da00000| Untracked 
| 878|0x000000076dc00000, 0x000000076dc00000, 0x000000076de00000|  0%| F|  |TAMS 0x000000076dc00000| PB 0x000000076dc00000| Untracked 
| 879|0x000000076de00000, 0x000000076de00000, 0x000000076e000000|  0%| F|  |TAMS 0x000000076de00000| PB 0x000000076de00000| Untracked 
| 880|0x000000076e000000, 0x000000076e000000, 0x000000076e200000|  0%| F|  |TAMS 0x000000076e000000| PB 0x000000076e000000| Untracked 
| 881|0x000000076e200000, 0x000000076e200000, 0x000000076e400000|  0%| F|  |TAMS 0x000000076e200000| PB 0x000000076e200000| Untracked 
| 882|0x000000076e400000, 0x000000076e400000, 0x000000076e600000|  0%| F|  |TAMS 0x000000076e400000| PB 0x000000076e400000| Untracked 
| 883|0x000000076e600000, 0x000000076e600000, 0x000000076e800000|  0%| F|  |TAMS 0x000000076e600000| PB 0x000000076e600000| Untracked 
| 884|0x000000076e800000, 0x000000076e800000, 0x000000076ea00000|  0%| F|  |TAMS 0x000000076e800000| PB 0x000000076e800000| Untracked 
| 885|0x000000076ea00000, 0x000000076ea00000, 0x000000076ec00000|  0%| F|  |TAMS 0x000000076ea00000| PB 0x000000076ea00000| Untracked 
| 886|0x000000076ec00000, 0x000000076ec00000, 0x000000076ee00000|  0%| F|  |TAMS 0x000000076ec00000| PB 0x000000076ec00000| Untracked 
| 887|0x000000076ee00000, 0x000000076ee00000, 0x000000076f000000|  0%| F|  |TAMS 0x000000076ee00000| PB 0x000000076ee00000| Untracked 
| 888|0x000000076f000000, 0x000000076f000000, 0x000000076f200000|  0%| F|  |TAMS 0x000000076f000000| PB 0x000000076f000000| Untracked 
| 889|0x000000076f200000, 0x000000076f200000, 0x000000076f400000|  0%| F|  |TAMS 0x000000076f200000| PB 0x000000076f200000| Untracked 
| 890|0x000000076f400000, 0x000000076f400000, 0x000000076f600000|  0%| F|  |TAMS 0x000000076f400000| PB 0x000000076f400000| Untracked 
| 891|0x000000076f600000, 0x000000076f600000, 0x000000076f800000|  0%| F|  |TAMS 0x000000076f600000| PB 0x000000076f600000| Untracked 
| 892|0x000000076f800000, 0x000000076f800000, 0x000000076fa00000|  0%| F|  |TAMS 0x000000076f800000| PB 0x000000076f800000| Untracked 
| 893|0x000000076fa00000, 0x000000076fa00000, 0x000000076fc00000|  0%| F|  |TAMS 0x000000076fa00000| PB 0x000000076fa00000| Untracked 
| 894|0x000000076fc00000, 0x000000076fc00000, 0x000000076fe00000|  0%| F|  |TAMS 0x000000076fc00000| PB 0x000000076fc00000| Untracked 
| 895|0x000000076fe00000, 0x000000076fe00000, 0x0000000770000000|  0%| F|  |TAMS 0x000000076fe00000| PB 0x000000076fe00000| Untracked 
| 896|0x0000000770000000, 0x0000000770000000, 0x0000000770200000|  0%| F|  |TAMS 0x0000000770000000| PB 0x0000000770000000| Untracked 
| 897|0x0000000770200000, 0x0000000770200000, 0x0000000770400000|  0%| F|  |TAMS 0x0000000770200000| PB 0x0000000770200000| Untracked 
| 898|0x0000000770400000, 0x0000000770400000, 0x0000000770600000|  0%| F|  |TAMS 0x0000000770400000| PB 0x0000000770400000| Untracked 
| 899|0x0000000770600000, 0x0000000770600000, 0x0000000770800000|  0%| F|  |TAMS 0x0000000770600000| PB 0x0000000770600000| Untracked 
| 900|0x0000000770800000, 0x0000000770800000, 0x0000000770a00000|  0%| F|  |TAMS 0x0000000770800000| PB 0x0000000770800000| Untracked 
| 901|0x0000000770a00000, 0x0000000770a00000, 0x0000000770c00000|  0%| F|  |TAMS 0x0000000770a00000| PB 0x0000000770a00000| Untracked 
| 902|0x0000000770c00000, 0x0000000770c00000, 0x0000000770e00000|  0%| F|  |TAMS 0x0000000770c00000| PB 0x0000000770c00000| Untracked 
| 903|0x0000000770e00000, 0x0000000770e00000, 0x0000000771000000|  0%| F|  |TAMS 0x0000000770e00000| PB 0x0000000770e00000| Untracked 
| 904|0x0000000771000000, 0x0000000771000000, 0x0000000771200000|  0%| F|  |TAMS 0x0000000771000000| PB 0x0000000771000000| Untracked 
| 905|0x0000000771200000, 0x0000000771200000, 0x0000000771400000|  0%| F|  |TAMS 0x0000000771200000| PB 0x0000000771200000| Untracked 
| 906|0x0000000771400000, 0x0000000771400000, 0x0000000771600000|  0%| F|  |TAMS 0x0000000771400000| PB 0x0000000771400000| Untracked 
| 907|0x0000000771600000, 0x0000000771600000, 0x0000000771800000|  0%| F|  |TAMS 0x0000000771600000| PB 0x0000000771600000| Untracked 
| 908|0x0000000771800000, 0x0000000771800000, 0x0000000771a00000|  0%| F|  |TAMS 0x0000000771800000| PB 0x0000000771800000| Untracked 
| 909|0x0000000771a00000, 0x0000000771a00000, 0x0000000771c00000|  0%| F|  |TAMS 0x0000000771a00000| PB 0x0000000771a00000| Untracked 
| 910|0x0000000771c00000, 0x0000000771c00000, 0x0000000771e00000|  0%| F|  |TAMS 0x0000000771c00000| PB 0x0000000771c00000| Untracked 
| 911|0x0000000771e00000, 0x0000000771e00000, 0x0000000772000000|  0%| F|  |TAMS 0x0000000771e00000| PB 0x0000000771e00000| Untracked 
| 912|0x0000000772000000, 0x0000000772000000, 0x0000000772200000|  0%| F|  |TAMS 0x0000000772000000| PB 0x0000000772000000| Untracked 
| 913|0x0000000772200000, 0x0000000772200000, 0x0000000772400000|  0%| F|  |TAMS 0x0000000772200000| PB 0x0000000772200000| Untracked 
| 914|0x0000000772400000, 0x0000000772400000, 0x0000000772600000|  0%| F|  |TAMS 0x0000000772400000| PB 0x0000000772400000| Untracked 
| 915|0x0000000772600000, 0x0000000772600000, 0x0000000772800000|  0%| F|  |TAMS 0x0000000772600000| PB 0x0000000772600000| Untracked 
| 916|0x0000000772800000, 0x0000000772800000, 0x0000000772a00000|  0%| F|  |TAMS 0x0000000772800000| PB 0x0000000772800000| Untracked 
| 917|0x0000000772a00000, 0x0000000772a00000, 0x0000000772c00000|  0%| F|  |TAMS 0x0000000772a00000| PB 0x0000000772a00000| Untracked 
| 918|0x0000000772c00000, 0x0000000772c00000, 0x0000000772e00000|  0%| F|  |TAMS 0x0000000772c00000| PB 0x0000000772c00000| Untracked 
| 919|0x0000000772e00000, 0x0000000772e00000, 0x0000000773000000|  0%| F|  |TAMS 0x0000000772e00000| PB 0x0000000772e00000| Untracked 
| 920|0x0000000773000000, 0x0000000773000000, 0x0000000773200000|  0%| F|  |TAMS 0x0000000773000000| PB 0x0000000773000000| Untracked 
| 921|0x0000000773200000, 0x0000000773200000, 0x0000000773400000|  0%| F|  |TAMS 0x0000000773200000| PB 0x0000000773200000| Untracked 
| 922|0x0000000773400000, 0x0000000773400000, 0x0000000773600000|  0%| F|  |TAMS 0x0000000773400000| PB 0x0000000773400000| Untracked 
| 923|0x0000000773600000, 0x0000000773600000, 0x0000000773800000|  0%| F|  |TAMS 0x0000000773600000| PB 0x0000000773600000| Untracked 
| 924|0x0000000773800000, 0x0000000773800000, 0x0000000773a00000|  0%| F|  |TAMS 0x0000000773800000| PB 0x0000000773800000| Untracked 
| 925|0x0000000773a00000, 0x0000000773a00000, 0x0000000773c00000|  0%| F|  |TAMS 0x0000000773a00000| PB 0x0000000773a00000| Untracked 
| 926|0x0000000773c00000, 0x0000000773c00000, 0x0000000773e00000|  0%| F|  |TAMS 0x0000000773c00000| PB 0x0000000773c00000| Untracked 
| 927|0x0000000773e00000, 0x0000000773e00000, 0x0000000774000000|  0%| F|  |TAMS 0x0000000773e00000| PB 0x0000000773e00000| Untracked 
| 928|0x0000000774000000, 0x0000000774000000, 0x0000000774200000|  0%| F|  |TAMS 0x0000000774000000| PB 0x0000000774000000| Untracked 
| 929|0x0000000774200000, 0x0000000774200000, 0x0000000774400000|  0%| F|  |TAMS 0x0000000774200000| PB 0x0000000774200000| Untracked 
| 930|0x0000000774400000, 0x0000000774400000, 0x0000000774600000|  0%| F|  |TAMS 0x0000000774400000| PB 0x0000000774400000| Untracked 
| 931|0x0000000774600000, 0x0000000774600000, 0x0000000774800000|  0%| F|  |TAMS 0x0000000774600000| PB 0x0000000774600000| Untracked 
| 932|0x0000000774800000, 0x0000000774800000, 0x0000000774a00000|  0%| F|  |TAMS 0x0000000774800000| PB 0x0000000774800000| Untracked 
| 933|0x0000000774a00000, 0x0000000774a00000, 0x0000000774c00000|  0%| F|  |TAMS 0x0000000774a00000| PB 0x0000000774a00000| Untracked 
| 934|0x0000000774c00000, 0x0000000774c00000, 0x0000000774e00000|  0%| F|  |TAMS 0x0000000774c00000| PB 0x0000000774c00000| Untracked 
| 935|0x0000000774e00000, 0x0000000774e00000, 0x0000000775000000|  0%| F|  |TAMS 0x0000000774e00000| PB 0x0000000774e00000| Untracked 
| 936|0x0000000775000000, 0x0000000775000000, 0x0000000775200000|  0%| F|  |TAMS 0x0000000775000000| PB 0x0000000775000000| Untracked 
| 937|0x0000000775200000, 0x0000000775200000, 0x0000000775400000|  0%| F|  |TAMS 0x0000000775200000| PB 0x0000000775200000| Untracked 
| 938|0x0000000775400000, 0x0000000775400000, 0x0000000775600000|  0%| F|  |TAMS 0x0000000775400000| PB 0x0000000775400000| Untracked 
| 939|0x0000000775600000, 0x0000000775600000, 0x0000000775800000|  0%| F|  |TAMS 0x0000000775600000| PB 0x0000000775600000| Untracked 
| 940|0x0000000775800000, 0x0000000775800000, 0x0000000775a00000|  0%| F|  |TAMS 0x0000000775800000| PB 0x0000000775800000| Untracked 
| 941|0x0000000775a00000, 0x0000000775a00000, 0x0000000775c00000|  0%| F|  |TAMS 0x0000000775a00000| PB 0x0000000775a00000| Untracked 
| 942|0x0000000775c00000, 0x0000000775c00000, 0x0000000775e00000|  0%| F|  |TAMS 0x0000000775c00000| PB 0x0000000775c00000| Untracked 
| 943|0x0000000775e00000, 0x0000000775e00000, 0x0000000776000000|  0%| F|  |TAMS 0x0000000775e00000| PB 0x0000000775e00000| Untracked 
| 944|0x0000000776000000, 0x0000000776000000, 0x0000000776200000|  0%| F|  |TAMS 0x0000000776000000| PB 0x0000000776000000| Untracked 
| 945|0x0000000776200000, 0x0000000776200000, 0x0000000776400000|  0%| F|  |TAMS 0x0000000776200000| PB 0x0000000776200000| Untracked 
| 946|0x0000000776400000, 0x0000000776400000, 0x0000000776600000|  0%| F|  |TAMS 0x0000000776400000| PB 0x0000000776400000| Untracked 
| 947|0x0000000776600000, 0x0000000776600000, 0x0000000776800000|  0%| F|  |TAMS 0x0000000776600000| PB 0x0000000776600000| Untracked 
| 948|0x0000000776800000, 0x0000000776800000, 0x0000000776a00000|  0%| F|  |TAMS 0x0000000776800000| PB 0x0000000776800000| Untracked 
| 949|0x0000000776a00000, 0x0000000776a00000, 0x0000000776c00000|  0%| F|  |TAMS 0x0000000776a00000| PB 0x0000000776a00000| Untracked 
| 950|0x0000000776c00000, 0x0000000776c00000, 0x0000000776e00000|  0%| F|  |TAMS 0x0000000776c00000| PB 0x0000000776c00000| Untracked 
| 951|0x0000000776e00000, 0x0000000776e00000, 0x0000000777000000|  0%| F|  |TAMS 0x0000000776e00000| PB 0x0000000776e00000| Untracked 
| 952|0x0000000777000000, 0x0000000777000000, 0x0000000777200000|  0%| F|  |TAMS 0x0000000777000000| PB 0x0000000777000000| Untracked 
| 953|0x0000000777200000, 0x0000000777200000, 0x0000000777400000|  0%| F|  |TAMS 0x0000000777200000| PB 0x0000000777200000| Untracked 
| 954|0x0000000777400000, 0x0000000777400000, 0x0000000777600000|  0%| F|  |TAMS 0x0000000777400000| PB 0x0000000777400000| Untracked 
| 955|0x0000000777600000, 0x0000000777600000, 0x0000000777800000|  0%| F|  |TAMS 0x0000000777600000| PB 0x0000000777600000| Untracked 
| 956|0x0000000777800000, 0x0000000777800000, 0x0000000777a00000|  0%| F|  |TAMS 0x0000000777800000| PB 0x0000000777800000| Untracked 
| 957|0x0000000777a00000, 0x0000000777a00000, 0x0000000777c00000|  0%| F|  |TAMS 0x0000000777a00000| PB 0x0000000777a00000| Untracked 
| 958|0x0000000777c00000, 0x0000000777c00000, 0x0000000777e00000|  0%| F|  |TAMS 0x0000000777c00000| PB 0x0000000777c00000| Untracked 
| 959|0x0000000777e00000, 0x0000000777e00000, 0x0000000778000000|  0%| F|  |TAMS 0x0000000777e00000| PB 0x0000000777e00000| Untracked 
| 960|0x0000000778000000, 0x0000000778000000, 0x0000000778200000|  0%| F|  |TAMS 0x0000000778000000| PB 0x0000000778000000| Untracked 
| 961|0x0000000778200000, 0x0000000778200000, 0x0000000778400000|  0%| F|  |TAMS 0x0000000778200000| PB 0x0000000778200000| Untracked 
| 962|0x0000000778400000, 0x0000000778400000, 0x0000000778600000|  0%| F|  |TAMS 0x0000000778400000| PB 0x0000000778400000| Untracked 
| 963|0x0000000778600000, 0x0000000778600000, 0x0000000778800000|  0%| F|  |TAMS 0x0000000778600000| PB 0x0000000778600000| Untracked 
| 964|0x0000000778800000, 0x0000000778800000, 0x0000000778a00000|  0%| F|  |TAMS 0x0000000778800000| PB 0x0000000778800000| Untracked 
| 965|0x0000000778a00000, 0x0000000778a00000, 0x0000000778c00000|  0%| F|  |TAMS 0x0000000778a00000| PB 0x0000000778a00000| Untracked 
| 966|0x0000000778c00000, 0x0000000778c00000, 0x0000000778e00000|  0%| F|  |TAMS 0x0000000778c00000| PB 0x0000000778c00000| Untracked 
| 967|0x0000000778e00000, 0x0000000778e00000, 0x0000000779000000|  0%| F|  |TAMS 0x0000000778e00000| PB 0x0000000778e00000| Untracked 
| 968|0x0000000779000000, 0x0000000779000000, 0x0000000779200000|  0%| F|  |TAMS 0x0000000779000000| PB 0x0000000779000000| Untracked 
| 969|0x0000000779200000, 0x0000000779200000, 0x0000000779400000|  0%| F|  |TAMS 0x0000000779200000| PB 0x0000000779200000| Untracked 
| 970|0x0000000779400000, 0x0000000779400000, 0x0000000779600000|  0%| F|  |TAMS 0x0000000779400000| PB 0x0000000779400000| Untracked 
| 971|0x0000000779600000, 0x0000000779600000, 0x0000000779800000|  0%| F|  |TAMS 0x0000000779600000| PB 0x0000000779600000| Untracked 
| 972|0x0000000779800000, 0x0000000779800000, 0x0000000779a00000|  0%| F|  |TAMS 0x0000000779800000| PB 0x0000000779800000| Untracked 
| 973|0x0000000779a00000, 0x0000000779a00000, 0x0000000779c00000|  0%| F|  |TAMS 0x0000000779a00000| PB 0x0000000779a00000| Untracked 
| 974|0x0000000779c00000, 0x0000000779c00000, 0x0000000779e00000|  0%| F|  |TAMS 0x0000000779c00000| PB 0x0000000779c00000| Untracked 
| 975|0x0000000779e00000, 0x0000000779e00000, 0x000000077a000000|  0%| F|  |TAMS 0x0000000779e00000| PB 0x0000000779e00000| Untracked 
| 976|0x000000077a000000, 0x000000077a000000, 0x000000077a200000|  0%| F|  |TAMS 0x000000077a000000| PB 0x000000077a000000| Untracked 
| 977|0x000000077a200000, 0x000000077a200000, 0x000000077a400000|  0%| F|  |TAMS 0x000000077a200000| PB 0x000000077a200000| Untracked 
| 978|0x000000077a400000, 0x000000077a400000, 0x000000077a600000|  0%| F|  |TAMS 0x000000077a400000| PB 0x000000077a400000| Untracked 
| 979|0x000000077a600000, 0x000000077a600000, 0x000000077a800000|  0%| F|  |TAMS 0x000000077a600000| PB 0x000000077a600000| Untracked 
| 980|0x000000077a800000, 0x000000077a800000, 0x000000077aa00000|  0%| F|  |TAMS 0x000000077a800000| PB 0x000000077a800000| Untracked 
| 981|0x000000077aa00000, 0x000000077aa00000, 0x000000077ac00000|  0%| F|  |TAMS 0x000000077aa00000| PB 0x000000077aa00000| Untracked 
| 982|0x000000077ac00000, 0x000000077ac00000, 0x000000077ae00000|  0%| F|  |TAMS 0x000000077ac00000| PB 0x000000077ac00000| Untracked 
| 983|0x000000077ae00000, 0x000000077ae00000, 0x000000077b000000|  0%| F|  |TAMS 0x000000077ae00000| PB 0x000000077ae00000| Untracked 
| 984|0x000000077b000000, 0x000000077b000000, 0x000000077b200000|  0%| F|  |TAMS 0x000000077b000000| PB 0x000000077b000000| Untracked 
| 985|0x000000077b200000, 0x000000077b200000, 0x000000077b400000|  0%| F|  |TAMS 0x000000077b200000| PB 0x000000077b200000| Untracked 
| 986|0x000000077b400000, 0x000000077b400000, 0x000000077b600000|  0%| F|  |TAMS 0x000000077b400000| PB 0x000000077b400000| Untracked 
| 987|0x000000077b600000, 0x000000077b600000, 0x000000077b800000|  0%| F|  |TAMS 0x000000077b600000| PB 0x000000077b600000| Untracked 
| 988|0x000000077b800000, 0x000000077b800000, 0x000000077ba00000|  0%| F|  |TAMS 0x000000077b800000| PB 0x000000077b800000| Untracked 
| 989|0x000000077ba00000, 0x000000077ba00000, 0x000000077bc00000|  0%| F|  |TAMS 0x000000077ba00000| PB 0x000000077ba00000| Untracked 
| 990|0x000000077bc00000, 0x000000077bc00000, 0x000000077be00000|  0%| F|  |TAMS 0x000000077bc00000| PB 0x000000077bc00000| Untracked 
| 991|0x000000077be00000, 0x000000077be00000, 0x000000077c000000|  0%| F|  |TAMS 0x000000077be00000| PB 0x000000077be00000| Untracked 
| 992|0x000000077c000000, 0x000000077c000000, 0x000000077c200000|  0%| F|  |TAMS 0x000000077c000000| PB 0x000000077c000000| Untracked 
| 993|0x000000077c200000, 0x000000077c200000, 0x000000077c400000|  0%| F|  |TAMS 0x000000077c200000| PB 0x000000077c200000| Untracked 
| 994|0x000000077c400000, 0x000000077c582e80, 0x000000077c600000| 75%| S|CS|TAMS 0x000000077c400000| PB 0x000000077c400000| Complete 
| 995|0x000000077c600000, 0x000000077c800000, 0x000000077c800000|100%| S|CS|TAMS 0x000000077c600000| PB 0x000000077c600000| Complete 
| 996|0x000000077c800000, 0x000000077ca00000, 0x000000077ca00000|100%| S|CS|TAMS 0x000000077c800000| PB 0x000000077c800000| Complete 
| 997|0x000000077ca00000, 0x000000077cc00000, 0x000000077cc00000|100%| S|CS|TAMS 0x000000077ca00000| PB 0x000000077ca00000| Complete 
| 998|0x000000077cc00000, 0x000000077cc00000, 0x000000077ce00000|  0%| F|  |TAMS 0x000000077cc00000| PB 0x000000077cc00000| Untracked 
| 999|0x000000077ce00000, 0x000000077ce00000, 0x000000077d000000|  0%| F|  |TAMS 0x000000077ce00000| PB 0x000000077ce00000| Untracked 
|1000|0x000000077d000000, 0x000000077d000000, 0x000000077d200000|  0%| F|  |TAMS 0x000000077d000000| PB 0x000000077d000000| Untracked 
|1001|0x000000077d200000, 0x000000077d200000, 0x000000077d400000|  0%| F|  |TAMS 0x000000077d200000| PB 0x000000077d200000| Untracked 
|1002|0x000000077d400000, 0x000000077d400000, 0x000000077d600000|  0%| F|  |TAMS 0x000000077d400000| PB 0x000000077d400000| Untracked 
|1003|0x000000077d600000, 0x000000077d600000, 0x000000077d800000|  0%| F|  |TAMS 0x000000077d600000| PB 0x000000077d600000| Untracked 
|1004|0x000000077d800000, 0x000000077d800000, 0x000000077da00000|  0%| F|  |TAMS 0x000000077d800000| PB 0x000000077d800000| Untracked 
|1005|0x000000077da00000, 0x000000077da00000, 0x000000077dc00000|  0%| F|  |TAMS 0x000000077da00000| PB 0x000000077da00000| Untracked 
|1006|0x000000077dc00000, 0x000000077dc00000, 0x000000077de00000|  0%| F|  |TAMS 0x000000077dc00000| PB 0x000000077dc00000| Untracked 
|1007|0x000000077de00000, 0x000000077de00000, 0x000000077e000000|  0%| F|  |TAMS 0x000000077de00000| PB 0x000000077de00000| Untracked 
|1008|0x000000077e000000, 0x000000077e000000, 0x000000077e200000|  0%| F|  |TAMS 0x000000077e000000| PB 0x000000077e000000| Untracked 
|1009|0x000000077e200000, 0x000000077e200000, 0x000000077e400000|  0%| F|  |TAMS 0x000000077e200000| PB 0x000000077e200000| Untracked 
|1010|0x000000077e400000, 0x000000077e400000, 0x000000077e600000|  0%| F|  |TAMS 0x000000077e400000| PB 0x000000077e400000| Untracked 
|1011|0x000000077e600000, 0x000000077e600000, 0x000000077e800000|  0%| F|  |TAMS 0x000000077e600000| PB 0x000000077e600000| Untracked 
|1012|0x000000077e800000, 0x000000077e800000, 0x000000077ea00000|  0%| F|  |TAMS 0x000000077e800000| PB 0x000000077e800000| Untracked 
|1013|0x000000077ea00000, 0x000000077ea00000, 0x000000077ec00000|  0%| F|  |TAMS 0x000000077ea00000| PB 0x000000077ea00000| Untracked 
|1014|0x000000077ec00000, 0x000000077ec00000, 0x000000077ee00000|  0%| F|  |TAMS 0x000000077ec00000| PB 0x000000077ec00000| Untracked 
|1015|0x000000077ee00000, 0x000000077ee00000, 0x000000077f000000|  0%| F|  |TAMS 0x000000077ee00000| PB 0x000000077ee00000| Untracked 
|1016|0x000000077f000000, 0x000000077f000000, 0x000000077f200000|  0%| F|  |TAMS 0x000000077f000000| PB 0x000000077f000000| Untracked 
|1017|0x000000077f200000, 0x000000077f200000, 0x000000077f400000|  0%| F|  |TAMS 0x000000077f200000| PB 0x000000077f200000| Untracked 
|1018|0x000000077f400000, 0x000000077f400000, 0x000000077f600000|  0%| F|  |TAMS 0x000000077f400000| PB 0x000000077f400000| Untracked 
|1019|0x000000077f600000, 0x000000077f600000, 0x000000077f800000|  0%| F|  |TAMS 0x000000077f600000| PB 0x000000077f600000| Untracked 
|1020|0x000000077f800000, 0x000000077f800000, 0x000000077fa00000|  0%| F|  |TAMS 0x000000077f800000| PB 0x000000077f800000| Untracked 
|1021|0x000000077fa00000, 0x000000077fa00000, 0x000000077fc00000|  0%| F|  |TAMS 0x000000077fa00000| PB 0x000000077fa00000| Untracked 
|1022|0x000000077fc00000, 0x000000077fc00000, 0x000000077fe00000|  0%| F|  |TAMS 0x000000077fc00000| PB 0x000000077fc00000| Untracked 
|1023|0x000000077fe00000, 0x000000077fe00000, 0x0000000780000000|  0%| F|  |TAMS 0x000000077fe00000| PB 0x000000077fe00000| Untracked 
|1024|0x0000000780000000, 0x0000000780000000, 0x0000000780200000|  0%| F|  |TAMS 0x0000000780000000| PB 0x0000000780000000| Untracked 
|1025|0x0000000780200000, 0x0000000780200000, 0x0000000780400000|  0%| F|  |TAMS 0x0000000780200000| PB 0x0000000780200000| Untracked 
|1026|0x0000000780400000, 0x0000000780400000, 0x0000000780600000|  0%| F|  |TAMS 0x0000000780400000| PB 0x0000000780400000| Untracked 
|1027|0x0000000780600000, 0x0000000780600000, 0x0000000780800000|  0%| F|  |TAMS 0x0000000780600000| PB 0x0000000780600000| Untracked 
|1028|0x0000000780800000, 0x0000000780800000, 0x0000000780a00000|  0%| F|  |TAMS 0x0000000780800000| PB 0x0000000780800000| Untracked 
|1029|0x0000000780a00000, 0x0000000780a00000, 0x0000000780c00000|  0%| F|  |TAMS 0x0000000780a00000| PB 0x0000000780a00000| Untracked 
|1030|0x0000000780c00000, 0x0000000780c00000, 0x0000000780e00000|  0%| F|  |TAMS 0x0000000780c00000| PB 0x0000000780c00000| Untracked 
|1031|0x0000000780e00000, 0x0000000780e00000, 0x0000000781000000|  0%| F|  |TAMS 0x0000000780e00000| PB 0x0000000780e00000| Untracked 
|1032|0x0000000781000000, 0x0000000781000000, 0x0000000781200000|  0%| F|  |TAMS 0x0000000781000000| PB 0x0000000781000000| Untracked 
|1033|0x0000000781200000, 0x0000000781200000, 0x0000000781400000|  0%| F|  |TAMS 0x0000000781200000| PB 0x0000000781200000| Untracked 
|1034|0x0000000781400000, 0x0000000781400000, 0x0000000781600000|  0%| F|  |TAMS 0x0000000781400000| PB 0x0000000781400000| Untracked 
|1035|0x0000000781600000, 0x0000000781600000, 0x0000000781800000|  0%| F|  |TAMS 0x0000000781600000| PB 0x0000000781600000| Untracked 
|1036|0x0000000781800000, 0x0000000781800000, 0x0000000781a00000|  0%| F|  |TAMS 0x0000000781800000| PB 0x0000000781800000| Untracked 
|1037|0x0000000781a00000, 0x0000000781a00000, 0x0000000781c00000|  0%| F|  |TAMS 0x0000000781a00000| PB 0x0000000781a00000| Untracked 
|1038|0x0000000781c00000, 0x0000000781c00000, 0x0000000781e00000|  0%| F|  |TAMS 0x0000000781c00000| PB 0x0000000781c00000| Untracked 
|1039|0x0000000781e00000, 0x0000000781e00000, 0x0000000782000000|  0%| F|  |TAMS 0x0000000781e00000| PB 0x0000000781e00000| Untracked 
|1040|0x0000000782000000, 0x0000000782000000, 0x0000000782200000|  0%| F|  |TAMS 0x0000000782000000| PB 0x0000000782000000| Untracked 
|1041|0x0000000782200000, 0x0000000782200000, 0x0000000782400000|  0%| F|  |TAMS 0x0000000782200000| PB 0x0000000782200000| Untracked 
|1042|0x0000000782400000, 0x0000000782400000, 0x0000000782600000|  0%| F|  |TAMS 0x0000000782400000| PB 0x0000000782400000| Untracked 
|1043|0x0000000782600000, 0x0000000782600000, 0x0000000782800000|  0%| F|  |TAMS 0x0000000782600000| PB 0x0000000782600000| Untracked 
|1044|0x0000000782800000, 0x0000000782800000, 0x0000000782a00000|  0%| F|  |TAMS 0x0000000782800000| PB 0x0000000782800000| Untracked 
|1045|0x0000000782a00000, 0x0000000782a00000, 0x0000000782c00000|  0%| F|  |TAMS 0x0000000782a00000| PB 0x0000000782a00000| Untracked 
|1046|0x0000000782c00000, 0x0000000782c00000, 0x0000000782e00000|  0%| F|  |TAMS 0x0000000782c00000| PB 0x0000000782c00000| Untracked 
|1047|0x0000000782e00000, 0x0000000782e00000, 0x0000000783000000|  0%| F|  |TAMS 0x0000000782e00000| PB 0x0000000782e00000| Untracked 
|1048|0x0000000783000000, 0x0000000783000000, 0x0000000783200000|  0%| F|  |TAMS 0x0000000783000000| PB 0x0000000783000000| Untracked 
|1049|0x0000000783200000, 0x0000000783200000, 0x0000000783400000|  0%| F|  |TAMS 0x0000000783200000| PB 0x0000000783200000| Untracked 
|1050|0x0000000783400000, 0x0000000783400000, 0x0000000783600000|  0%| F|  |TAMS 0x0000000783400000| PB 0x0000000783400000| Untracked 
|1051|0x0000000783600000, 0x0000000783600000, 0x0000000783800000|  0%| F|  |TAMS 0x0000000783600000| PB 0x0000000783600000| Untracked 
|1052|0x0000000783800000, 0x0000000783800000, 0x0000000783a00000|  0%| F|  |TAMS 0x0000000783800000| PB 0x0000000783800000| Untracked 
|1053|0x0000000783a00000, 0x0000000783a00000, 0x0000000783c00000|  0%| F|  |TAMS 0x0000000783a00000| PB 0x0000000783a00000| Untracked 
|1054|0x0000000783c00000, 0x0000000783c00000, 0x0000000783e00000|  0%| F|  |TAMS 0x0000000783c00000| PB 0x0000000783c00000| Untracked 
|1055|0x0000000783e00000, 0x0000000783e00000, 0x0000000784000000|  0%| F|  |TAMS 0x0000000783e00000| PB 0x0000000783e00000| Untracked 
|1056|0x0000000784000000, 0x0000000784000000, 0x0000000784200000|  0%| F|  |TAMS 0x0000000784000000| PB 0x0000000784000000| Untracked 
|1057|0x0000000784200000, 0x0000000784200000, 0x0000000784400000|  0%| F|  |TAMS 0x0000000784200000| PB 0x0000000784200000| Untracked 
|1058|0x0000000784400000, 0x0000000784400000, 0x0000000784600000|  0%| F|  |TAMS 0x0000000784400000| PB 0x0000000784400000| Untracked 
|1059|0x0000000784600000, 0x0000000784600000, 0x0000000784800000|  0%| F|  |TAMS 0x0000000784600000| PB 0x0000000784600000| Untracked 
|1060|0x0000000784800000, 0x0000000784800000, 0x0000000784a00000|  0%| F|  |TAMS 0x0000000784800000| PB 0x0000000784800000| Untracked 
|1061|0x0000000784a00000, 0x0000000784a00000, 0x0000000784c00000|  0%| F|  |TAMS 0x0000000784a00000| PB 0x0000000784a00000| Untracked 
|1062|0x0000000784c00000, 0x0000000784c00000, 0x0000000784e00000|  0%| F|  |TAMS 0x0000000784c00000| PB 0x0000000784c00000| Untracked 
|1063|0x0000000784e00000, 0x0000000784e00000, 0x0000000785000000|  0%| F|  |TAMS 0x0000000784e00000| PB 0x0000000784e00000| Untracked 
|1064|0x0000000785000000, 0x0000000785000000, 0x0000000785200000|  0%| F|  |TAMS 0x0000000785000000| PB 0x0000000785000000| Untracked 
|1065|0x0000000785200000, 0x0000000785200000, 0x0000000785400000|  0%| F|  |TAMS 0x0000000785200000| PB 0x0000000785200000| Untracked 
|1066|0x0000000785400000, 0x0000000785400000, 0x0000000785600000|  0%| F|  |TAMS 0x0000000785400000| PB 0x0000000785400000| Untracked 
|1067|0x0000000785600000, 0x0000000785600000, 0x0000000785800000|  0%| F|  |TAMS 0x0000000785600000| PB 0x0000000785600000| Untracked 
|1068|0x0000000785800000, 0x0000000785800000, 0x0000000785a00000|  0%| F|  |TAMS 0x0000000785800000| PB 0x0000000785800000| Untracked 
|1069|0x0000000785a00000, 0x0000000785a00000, 0x0000000785c00000|  0%| F|  |TAMS 0x0000000785a00000| PB 0x0000000785a00000| Untracked 
|1070|0x0000000785c00000, 0x0000000785c00000, 0x0000000785e00000|  0%| F|  |TAMS 0x0000000785c00000| PB 0x0000000785c00000| Untracked 
|1071|0x0000000785e00000, 0x0000000785e00000, 0x0000000786000000|  0%| F|  |TAMS 0x0000000785e00000| PB 0x0000000785e00000| Untracked 
|1072|0x0000000786000000, 0x0000000786000000, 0x0000000786200000|  0%| F|  |TAMS 0x0000000786000000| PB 0x0000000786000000| Untracked 
|1073|0x0000000786200000, 0x0000000786200000, 0x0000000786400000|  0%| F|  |TAMS 0x0000000786200000| PB 0x0000000786200000| Untracked 
|1074|0x0000000786400000, 0x0000000786400000, 0x0000000786600000|  0%| F|  |TAMS 0x0000000786400000| PB 0x0000000786400000| Untracked 
|1075|0x0000000786600000, 0x0000000786600000, 0x0000000786800000|  0%| F|  |TAMS 0x0000000786600000| PB 0x0000000786600000| Untracked 
|1076|0x0000000786800000, 0x0000000786800000, 0x0000000786a00000|  0%| F|  |TAMS 0x0000000786800000| PB 0x0000000786800000| Untracked 
|1077|0x0000000786a00000, 0x0000000786a00000, 0x0000000786c00000|  0%| F|  |TAMS 0x0000000786a00000| PB 0x0000000786a00000| Untracked 
|1078|0x0000000786c00000, 0x0000000786c00000, 0x0000000786e00000|  0%| F|  |TAMS 0x0000000786c00000| PB 0x0000000786c00000| Untracked 
|1079|0x0000000786e00000, 0x0000000786e00000, 0x0000000787000000|  0%| F|  |TAMS 0x0000000786e00000| PB 0x0000000786e00000| Untracked 
|1080|0x0000000787000000, 0x0000000787000000, 0x0000000787200000|  0%| F|  |TAMS 0x0000000787000000| PB 0x0000000787000000| Untracked 
|1081|0x0000000787200000, 0x0000000787200000, 0x0000000787400000|  0%| F|  |TAMS 0x0000000787200000| PB 0x0000000787200000| Untracked 
|1082|0x0000000787400000, 0x0000000787400000, 0x0000000787600000|  0%| F|  |TAMS 0x0000000787400000| PB 0x0000000787400000| Untracked 
|1083|0x0000000787600000, 0x0000000787600000, 0x0000000787800000|  0%| F|  |TAMS 0x0000000787600000| PB 0x0000000787600000| Untracked 
|1084|0x0000000787800000, 0x0000000787800000, 0x0000000787a00000|  0%| F|  |TAMS 0x0000000787800000| PB 0x0000000787800000| Untracked 
|1085|0x0000000787a00000, 0x0000000787a00000, 0x0000000787c00000|  0%| F|  |TAMS 0x0000000787a00000| PB 0x0000000787a00000| Untracked 
|1086|0x0000000787c00000, 0x0000000787c00000, 0x0000000787e00000|  0%| F|  |TAMS 0x0000000787c00000| PB 0x0000000787c00000| Untracked 
|1087|0x0000000787e00000, 0x0000000787e00000, 0x0000000788000000|  0%| F|  |TAMS 0x0000000787e00000| PB 0x0000000787e00000| Untracked 
|1088|0x0000000788000000, 0x0000000788000000, 0x0000000788200000|  0%| F|  |TAMS 0x0000000788000000| PB 0x0000000788000000| Untracked 
|1089|0x0000000788200000, 0x0000000788200000, 0x0000000788400000|  0%| F|  |TAMS 0x0000000788200000| PB 0x0000000788200000| Untracked 
|1090|0x0000000788400000, 0x0000000788400000, 0x0000000788600000|  0%| F|  |TAMS 0x0000000788400000| PB 0x0000000788400000| Untracked 
|1091|0x0000000788600000, 0x0000000788600000, 0x0000000788800000|  0%| F|  |TAMS 0x0000000788600000| PB 0x0000000788600000| Untracked 
|1092|0x0000000788800000, 0x0000000788800000, 0x0000000788a00000|  0%| F|  |TAMS 0x0000000788800000| PB 0x0000000788800000| Untracked 
|1093|0x0000000788a00000, 0x0000000788a00000, 0x0000000788c00000|  0%| F|  |TAMS 0x0000000788a00000| PB 0x0000000788a00000| Untracked 
|1094|0x0000000788c00000, 0x0000000788c00000, 0x0000000788e00000|  0%| F|  |TAMS 0x0000000788c00000| PB 0x0000000788c00000| Untracked 
|1095|0x0000000788e00000, 0x0000000788e00000, 0x0000000789000000|  0%| F|  |TAMS 0x0000000788e00000| PB 0x0000000788e00000| Untracked 
|1096|0x0000000789000000, 0x0000000789000000, 0x0000000789200000|  0%| F|  |TAMS 0x0000000789000000| PB 0x0000000789000000| Untracked 
|1097|0x0000000789200000, 0x0000000789200000, 0x0000000789400000|  0%| F|  |TAMS 0x0000000789200000| PB 0x0000000789200000| Untracked 
|1098|0x0000000789400000, 0x0000000789400000, 0x0000000789600000|  0%| F|  |TAMS 0x0000000789400000| PB 0x0000000789400000| Untracked 
|1099|0x0000000789600000, 0x0000000789600000, 0x0000000789800000|  0%| F|  |TAMS 0x0000000789600000| PB 0x0000000789600000| Untracked 
|1100|0x0000000789800000, 0x0000000789800000, 0x0000000789a00000|  0%| F|  |TAMS 0x0000000789800000| PB 0x0000000789800000| Untracked 
|1101|0x0000000789a00000, 0x0000000789a00000, 0x0000000789c00000|  0%| F|  |TAMS 0x0000000789a00000| PB 0x0000000789a00000| Untracked 
|1102|0x0000000789c00000, 0x0000000789c00000, 0x0000000789e00000|  0%| F|  |TAMS 0x0000000789c00000| PB 0x0000000789c00000| Untracked 
|1103|0x0000000789e00000, 0x0000000789e00000, 0x000000078a000000|  0%| F|  |TAMS 0x0000000789e00000| PB 0x0000000789e00000| Untracked 
|1104|0x000000078a000000, 0x000000078a000000, 0x000000078a200000|  0%| F|  |TAMS 0x000000078a000000| PB 0x000000078a000000| Untracked 
|1105|0x000000078a200000, 0x000000078a200000, 0x000000078a400000|  0%| F|  |TAMS 0x000000078a200000| PB 0x000000078a200000| Untracked 
|1106|0x000000078a400000, 0x000000078a400000, 0x000000078a600000|  0%| F|  |TAMS 0x000000078a400000| PB 0x000000078a400000| Untracked 
|1107|0x000000078a600000, 0x000000078a600000, 0x000000078a800000|  0%| F|  |TAMS 0x000000078a600000| PB 0x000000078a600000| Untracked 
|1108|0x000000078a800000, 0x000000078a800000, 0x000000078aa00000|  0%| F|  |TAMS 0x000000078a800000| PB 0x000000078a800000| Untracked 
|1109|0x000000078aa00000, 0x000000078aa00000, 0x000000078ac00000|  0%| F|  |TAMS 0x000000078aa00000| PB 0x000000078aa00000| Untracked 
|1110|0x000000078ac00000, 0x000000078ac00000, 0x000000078ae00000|  0%| F|  |TAMS 0x000000078ac00000| PB 0x000000078ac00000| Untracked 
|1111|0x000000078ae00000, 0x000000078ae00000, 0x000000078b000000|  0%| F|  |TAMS 0x000000078ae00000| PB 0x000000078ae00000| Untracked 
|1112|0x000000078b000000, 0x000000078b000000, 0x000000078b200000|  0%| F|  |TAMS 0x000000078b000000| PB 0x000000078b000000| Untracked 
|1113|0x000000078b200000, 0x000000078b200000, 0x000000078b400000|  0%| F|  |TAMS 0x000000078b200000| PB 0x000000078b200000| Untracked 
|2034|0x00000007fe400000, 0x00000007fe600000, 0x00000007fe600000|100%| O|  |TAMS 0x00000007fe400000| PB 0x00000007fe400000| Untracked 
|2040|0x00000007ff000000, 0x00000007ff000000, 0x00000007ff200000|  0%| F|  |TAMS 0x00000007ff000000| PB 0x00000007ff000000| Untracked 
|2043|0x00000007ff600000, 0x00000007ff600000, 0x00000007ff800000|  0%| F|  |TAMS 0x00000007ff600000| PB 0x00000007ff600000| Untracked 
|2044|0x00000007ff800000, 0x00000007ff800000, 0x00000007ffa00000|  0%| F|  |TAMS 0x00000007ff800000| PB 0x00000007ff800000| Untracked 
|2045|0x00000007ffa00000, 0x00000007ffa00000, 0x00000007ffc00000|  0%| F|  |TAMS 0x00000007ffa00000| PB 0x00000007ffa00000| Untracked 
|2046|0x00000007ffc00000, 0x00000007ffc00000, 0x00000007ffe00000|  0%| F|  |TAMS 0x00000007ffc00000| PB 0x00000007ffc00000| Untracked 
|2047|0x00000007ffe00000, 0x0000000800000000, 0x0000000800000000|100%| O|  |TAMS 0x00000007ffe00000| PB 0x00000007ffe00000| Untracked 

Card table byte_map: [0x000001ddbd130000,0x000001ddbd930000] _byte_map_base: 0x000001ddb9930000

Marking Bits: (CMBitMap*) 0x000001ddaa519890
 Bits: [0x000001ddbd930000, 0x000001ddc1930000)

Polling page: 0x000001dda8230000

Metaspace:

Usage:
  Non-class:    329.77 MB used.
      Class:     46.74 MB used.
       Both:    376.51 MB used.

Virtual space:
  Non-class space:      384.00 MB reserved,     331.06 MB ( 86%) committed,  6 nodes.
      Class space:      416.00 MB reserved,      48.44 MB ( 12%) committed,  1 nodes.
             Both:      800.00 MB reserved,     379.50 MB ( 47%) committed. 

Chunk freelists:
   Non-Class:  4.33 MB
       Class:  16.18 MB
        Both:  20.51 MB

MaxMetaspaceSize: 512.00 MB
CompressedClassSpaceSize: 416.00 MB
Initial GC threshold: 21.00 MB
Current GC threshold: 512.00 MB
CDS: off
 - commit_granule_bytes: 65536.
 - commit_granule_words: 8192.
 - virtual_space_node_default_size: 8388608.
 - enlarge_chunks_in_place: 1.
 - use_allocation_guard: 0.


Internal statistics:

num_allocs_failed_limit: 6.
num_arena_births: 8482.
num_arena_deaths: 4328.
num_vsnodes_births: 7.
num_vsnodes_deaths: 0.
num_space_committed: 8300.
num_space_uncommitted: 910.
num_chunks_returned_to_freelist: 20591.
num_chunks_taken_from_freelist: 43023.
num_chunk_merges: 3954.
num_chunk_splits: 22453.
num_chunks_enlarged: 16259.
num_inconsistent_stats: 0.

CodeHeap 'non-profiled nmethods': size=120000Kb used=46720Kb max_used=48600Kb free=73279Kb
 bounds [0x000001ddb50d0000, 0x000001ddb8050000, 0x000001ddbc600000]
CodeHeap 'profiled nmethods': size=120000Kb used=92652Kb max_used=96696Kb free=27347Kb
 bounds [0x000001ddad600000, 0x000001ddb3480000, 0x000001ddb4b30000]
CodeHeap 'non-nmethods': size=5760Kb used=3102Kb max_used=3163Kb free=2657Kb
 bounds [0x000001ddb4b30000, 0x000001ddb4e60000, 0x000001ddb50d0000]
CodeCache: size=245760Kb, used=142474Kb, max_used=148459Kb, free=103283Kb
 total_blobs=37215, nmethods=35719, adapters=1396, full_count=0
Compilation: enabled, stopped_count=0, restarted_count=0

Compilation events (20 events):
Event: 33179.396 Thread 0x000001ddc458f710 nmethod 108545 0x000001ddb7681810 code [0x000001ddb76819c0, 0x000001ddb7681bc8]
Event: 33179.397 Thread 0x000001ddc458f710 108550       4       org.jetbrains.org.objectweb.asm.MethodWriter::computeMethodInfoSize (571 bytes)
Event: 33179.478 Thread 0x000001ddc458f710 nmethod 108550 0x000001ddb7680810 code [0x000001ddb7680a60, 0x000001ddb76810d0]
Event: 33179.478 Thread 0x000001ddc458f710 108533       4       org.jetbrains.org.objectweb.asm.ClassWriter::visitMethod (57 bytes)
Event: 33179.533 Thread 0x000001ddc458f710 nmethod 108533 0x000001ddb75db890 code [0x000001ddb75dba40, 0x000001ddb75dbee8]
Event: 33179.534 Thread 0x000001ddc458f710 108538       4       org.jetbrains.org.objectweb.asm.tree.MethodNode::accept (60 bytes)
Event: 33179.703 Thread 0x000001ddc458f710 nmethod 108538 0x000001ddb75da790 code [0x000001ddb75da9a0, 0x000001ddb75db460]
Event: 33179.704 Thread 0x000001ddc458f710 108528       4       org.jetbrains.kotlin.incremental.impl.ClassNodeSnapshotter$$Lambda/0x00000008007e2290::invoke (8 bytes)
Event: 33179.711 Thread 0x000001ddc458f710 nmethod 108528 0x000001ddb75da490 code [0x000001ddb75da620, 0x000001ddb75da6e8]
Event: 33179.712 Thread 0x000001ddc458f710 108507       4       org.jetbrains.kotlin.incremental.impl.SelectiveClassVisitor::visitMethod (66 bytes)
Event: 33179.736 Thread 0x000001ddc45a01c0 108658       2       java.util.ArrayList::equalsArrayList (108 bytes)
Event: 33179.748 Thread 0x000001ddc45a01c0 nmethod 108658 0x000001ddaf8c7c90 code [0x000001ddaf8c7e80, 0x000001ddaf8c82f8]
Event: 33179.757 Thread 0x000001ddc45a01c0 108660       3       java.util.concurrent.AbstractExecutorService::submit (25 bytes)
Event: 33179.836 Thread 0x000001ddc45a01c0 nmethod 108660 0x000001ddb0596b10 code [0x000001ddb0596ce0, 0x000001ddb0597090]
Event: 33180.183 Thread 0x000001ddc458f710 nmethod 108507 0x000001ddb7a53790 code [0x000001ddb7a53a00, 0x000001ddb7a54c98]
Event: 33180.184 Thread 0x000001ddc458f710 108512       4       org.jetbrains.kotlin.incremental.classpathDiff.impl.SingleClassSnapshotter$$Lambda/0x00000008008004a0::invoke (18 bytes)
Event: 33180.198 Thread 0x000001ddc458f710 nmethod 108512 0x000001ddb7886310 code [0x000001ddb78864a0, 0x000001ddb78865c8]
Event: 33180.198 Thread 0x000001ddc458f710 108614       4       org.jetbrains.org.objectweb.asm.ClassVisitor::<init> (94 bytes)
Event: 33180.216 Thread 0x000001ddc458f710 nmethod 108614 0x000001ddb7885f10 code [0x000001ddb78860a0, 0x000001ddb7886238]
Event: 33180.216 Thread 0x000001ddc458f710 108536       4       org.jetbrains.org.objectweb.asm.tree.MethodNode::<init> (79 bytes)

GC Heap History (20 events):
Event: 32760.166 GC heap after
{Heap after GC invocations=450 (full 0):
 garbage-first heap   total 1708032K, used 515125K [0x0000000700000000, 0x0000000800000000)
  region size 2048K, 6 young (12288K), 6 survivors (12288K)
 Metaspace       used 389612K, committed 392128K, reserved 819200K
  class space    used 48704K, committed 49920K, reserved 425984K
}
Event: 32765.636 GC heap before
{Heap before GC invocations=450 (full 0):
 garbage-first heap   total 1708032K, used 523317K [0x0000000700000000, 0x0000000800000000)
  region size 2048K, 11 young (22528K), 6 survivors (12288K)
 Metaspace       used 389963K, committed 392448K, reserved 819200K
  class space    used 48721K, committed 49920K, reserved 425984K
}
Event: 32766.161 GC heap after
{Heap after GC invocations=451 (full 0):
 garbage-first heap   total 1708032K, used 521083K [0x0000000700000000, 0x0000000800000000)
  region size 2048K, 2 young (4096K), 2 survivors (4096K)
 Metaspace       used 389963K, committed 392448K, reserved 819200K
  class space    used 48721K, committed 49920K, reserved 425984K
}
Event: 32976.605 GC heap before
{Heap before GC invocations=452 (full 0):
 garbage-first heap   total 1673216K, used 584571K [0x0000000700000000, 0x0000000800000000)
  region size 2048K, 40 young (81920K), 2 survivors (4096K)
 Metaspace       used 377579K, committed 387648K, reserved 819200K
  class space    used 47051K, committed 49600K, reserved 425984K
}
Event: 32979.158 GC heap after
{Heap after GC invocations=453 (full 0):
 garbage-first heap   total 1673216K, used 512000K [0x0000000700000000, 0x0000000800000000)
  region size 2048K, 5 young (10240K), 5 survivors (10240K)
 Metaspace       used 377579K, committed 387648K, reserved 819200K
  class space    used 47051K, committed 49600K, reserved 425984K
}
Event: 32992.782 GC heap before
{Heap before GC invocations=453 (full 0):
 garbage-first heap   total 1673216K, used 583680K [0x0000000700000000, 0x0000000800000000)
  region size 2048K, 40 young (81920K), 5 survivors (10240K)
 Metaspace       used 377700K, committed 387648K, reserved 819200K
  class space    used 47052K, committed 49600K, reserved 425984K
}
Event: 32994.295 GC heap after
{Heap after GC invocations=454 (full 0):
 garbage-first heap   total 1673216K, used 513609K [0x0000000700000000, 0x0000000800000000)
  region size 2048K, 5 young (10240K), 5 survivors (10240K)
 Metaspace       used 377700K, committed 387648K, reserved 819200K
  class space    used 47052K, committed 49600K, reserved 425984K
}
Event: 33051.767 GC heap before
{Heap before GC invocations=454 (full 0):
 garbage-first heap   total 1673216K, used 585289K [0x0000000700000000, 0x0000000800000000)
  region size 2048K, 40 young (81920K), 5 survivors (10240K)
 Metaspace       used 379608K, committed 387776K, reserved 819200K
  class space    used 47250K, committed 49600K, reserved 425984K
}
Event: 33054.854 GC heap after
{Heap after GC invocations=455 (full 0):
 garbage-first heap   total 1673216K, used 507800K [0x0000000700000000, 0x0000000800000000)
  region size 2048K, 5 young (10240K), 5 survivors (10240K)
 Metaspace       used 379608K, committed 387776K, reserved 819200K
  class space    used 47250K, committed 49600K, reserved 425984K
}
Event: 33121.128 GC heap before
{Heap before GC invocations=455 (full 0):
 garbage-first heap   total 1673216K, used 587672K [0x0000000700000000, 0x0000000800000000)
  region size 2048K, 40 young (81920K), 5 survivors (10240K)
 Metaspace       used 383751K, committed 387776K, reserved 819200K
  class space    used 47675K, committed 49600K, reserved 425984K
}
Event: 33123.147 GC heap after
{Heap after GC invocations=456 (full 0):
 garbage-first heap   total 1673216K, used 511213K [0x0000000700000000, 0x0000000800000000)
  region size 2048K, 5 young (10240K), 5 survivors (10240K)
 Metaspace       used 383751K, committed 387776K, reserved 819200K
  class space    used 47675K, committed 49600K, reserved 425984K
}
Event: 33133.245 GC heap before
{Heap before GC invocations=456 (full 0):
 garbage-first heap   total 1673216K, used 580845K [0x0000000700000000, 0x0000000800000000)
  region size 2048K, 41 young (83968K), 5 survivors (10240K)
 Metaspace       used 384586K, committed 387904K, reserved 819200K
  class space    used 47762K, committed 49600K, reserved 425984K
}
Event: 33134.974 GC heap after
{Heap after GC invocations=457 (full 0):
 garbage-first heap   total 2156544K, used 514451K [0x0000000700000000, 0x0000000800000000)
  region size 2048K, 6 young (12288K), 6 survivors (12288K)
 Metaspace       used 384586K, committed 387904K, reserved 819200K
  class space    used 47762K, committed 49600K, reserved 425984K
}
Event: 33143.403 GC heap before
{Heap before GC invocations=457 (full 0):
 garbage-first heap   total 2156544K, used 606611K [0x0000000700000000, 0x0000000800000000)
  region size 2048K, 52 young (106496K), 6 survivors (12288K)
 Metaspace       used 384707K, committed 387968K, reserved 819200K
  class space    used 47770K, committed 49600K, reserved 425984K
}
Event: 33146.075 GC heap after
{Heap after GC invocations=458 (full 0):
 garbage-first heap   total 2156544K, used 505425K [0x0000000700000000, 0x0000000800000000)
  region size 2048K, 3 young (6144K), 3 survivors (6144K)
 Metaspace       used 384707K, committed 387968K, reserved 819200K
  class space    used 47770K, committed 49600K, reserved 425984K
}
Event: 33154.318 GC heap before
{Heap before GC invocations=458 (full 0):
 garbage-first heap   total 2156544K, used 607825K [0x0000000700000000, 0x0000000800000000)
  region size 2048K, 52 young (106496K), 3 survivors (6144K)
 Metaspace       used 384841K, committed 388032K, reserved 819200K
  class space    used 47784K, committed 49600K, reserved 425984K
}
Event: 33156.985 GC heap after
{Heap after GC invocations=459 (full 0):
 garbage-first heap   total 2156544K, used 490771K [0x0000000700000000, 0x0000000800000000)
  region size 2048K, 3 young (6144K), 3 survivors (6144K)
 Metaspace       used 384841K, committed 388032K, reserved 819200K
  class space    used 47784K, committed 49600K, reserved 425984K
}
Event: 33166.695 GC heap before
{Heap before GC invocations=459 (full 0):
 garbage-first heap   total 2156544K, used 595219K [0x0000000700000000, 0x0000000800000000)
  region size 2048K, 52 young (106496K), 3 survivors (6144K)
 Metaspace       used 385131K, committed 388288K, reserved 819200K
  class space    used 47819K, committed 49600K, reserved 425984K
}
Event: 33171.655 GC heap after
{Heap after GC invocations=460 (full 0):
 garbage-first heap   total 2156544K, used 479111K [0x0000000700000000, 0x0000000800000000)
  region size 2048K, 3 young (6144K), 3 survivors (6144K)
 Metaspace       used 385131K, committed 388288K, reserved 819200K
  class space    used 47819K, committed 49600K, reserved 425984K
}
Event: 33180.381 GC heap before
{Heap before GC invocations=460 (full 0):
 garbage-first heap   total 2156544K, used 577415K [0x0000000700000000, 0x0000000800000000)
  region size 2048K, 52 young (106496K), 3 survivors (6144K)
 Metaspace       used 385545K, committed 388608K, reserved 819200K
  class space    used 47859K, committed 49600K, reserved 425984K
}

Dll operation events (17 events):
Event: 0.212 Loaded shared library C:\Program Files\Android\Android Studio\jbr\bin\java.dll
Event: 0.367 Loaded shared library C:\Program Files\Android\Android Studio\jbr\bin\zip.dll
Event: 13.526 Loaded shared library C:\Program Files\Android\Android Studio\jbr\bin\verify.dll
Event: 7057.373 Unloaded dll "C:\Users\lenovo\AppData\Local\Temp\sqlite-3.41.2.2-005a9f0e-8db1-4fc7-9837-5020a998a5e5-sqlitejdbc.dll" [0x00007ffdcbc60000]
Event: 9882.202 Unloaded dll "C:\Users\lenovo\AppData\Local\Temp\sqlite-3.41.2.2-3a642650-784c-43bb-afe1-5508739d6dcd-sqlitejdbc.dll" [0x00007ffdf8190000]
Event: 11033.621 Unloaded dll "C:\Users\lenovo\AppData\Local\Temp\sqlite-3.41.2.2-02d668ae-159d-4057-a61c-22dd88f7a55e-sqlitejdbc.dll" [0x00007ffdcbc60000]
Event: 15593.357 Unloaded dll "C:\Users\lenovo\AppData\Local\Temp\sqlite-3.41.2.2-9d6f38d3-e6a0-4395-88d3-1d2ec16e723e-sqlitejdbc.dll" [0x00007ffdf8190000]
Event: 16547.236 Unloaded dll "C:\Users\lenovo\AppData\Local\Temp\sqlite-3.41.2.2-ff492e7f-46c2-4a38-a99b-cea2afd50381-sqlitejdbc.dll" [0x00007ffdb4670000]
Event: 16547.440 Unloaded dll "C:\Users\lenovo\AppData\Local\Temp\sqlite-3.41.2.2-8c0fac5e-4e5c-4286-952e-db09a5584c2d-sqlitejdbc.dll" [0x00007ffdb4490000]
Event: 21300.258 Unloaded dll "C:\Users\lenovo\AppData\Local\Temp\sqlite-3.41.2.2-0cf72628-bd8e-4eda-a7ee-94dcc92a3e4c-sqlitejdbc.dll" [0x00007ffdb4670000]
Event: 21300.301 Unloaded dll "C:\Users\lenovo\AppData\Local\Temp\sqlite-3.41.2.2-3a38a164-2ff8-4f78-88a0-13c76d8ad948-sqlitejdbc.dll" [0x00007ffdb4580000]
Event: 21300.351 Unloaded dll "C:\Users\lenovo\AppData\Local\Temp\sqlite-3.41.2.2-87a39a6b-d2f6-4ea2-bce4-b4132104be74-sqlitejdbc.dll" [0x00007ffdf5b00000]
Event: 26939.332 Unloaded dll "C:\Users\lenovo\AppData\Local\Temp\sqlite-3.41.2.2-31da42dc-cde2-4158-9356-1a469d363897-sqlitejdbc.dll" [0x00007ffdf5a10000]
Event: 26939.413 Unloaded dll "C:\Users\lenovo\AppData\Local\Temp\sqlite-3.41.2.2-435af696-e57c-4ab3-9621-76904f8d9a9f-sqlitejdbc.dll" [0x00007ffde43e0000]
Event: 28387.280 Unloaded dll "C:\Users\lenovo\AppData\Local\Temp\sqlite-3.41.2.2-ce987977-d32e-488a-b893-2c6d6ea0cc5a-sqlitejdbc.dll" [0x00007ffdf5b00000]
Event: 31935.085 Unloaded dll "C:\Users\lenovo\AppData\Local\Temp\sqlite-3.41.2.2-a14bd739-8f44-4bc7-9669-61457b053005-sqlitejdbc.dll" [0x00007ffde43e0000]
Event: 32837.432 Unloaded dll "C:\Users\lenovo\AppData\Local\Temp\sqlite-3.41.2.2-0c73c313-ae41-4c24-9fdb-d5ff8970b676-sqlitejdbc.dll" [0x00007ffdf5a20000]

Deoptimization events (20 events):
Event: 33149.740 Thread 0x000001dde279e490 DEOPT PACKING pc=0x000001ddb6b7a120 sp=0x000000b76c1fe580
Event: 33149.742 Thread 0x000001dde279e490 DEOPT UNPACKING pc=0x000001ddb4b87ba2 sp=0x000000b76c1fe578 mode 2
Event: 33156.999 Thread 0x000001dde279e490 DEOPT PACKING pc=0x000001ddaff11a44 sp=0x000000b76c1febe0
Event: 33157.000 Thread 0x000001dde279e490 DEOPT UNPACKING pc=0x000001ddb4b886e2 sp=0x000000b76c1fe028 mode 0
Event: 33164.878 Thread 0x000001dde279e490 Uncommon trap: trap_request=0xffffffbe fr.pc=0x000001ddb77da620 relative=0x00000000000088a0
Event: 33164.946 Thread 0x000001dde279a2f0 Uncommon trap: trap_request=0xffffffbe fr.pc=0x000001ddb77da620 relative=0x00000000000088a0
Event: 33164.946 Thread 0x000001dde279a2f0 Uncommon trap: reason=profile_predicate action=maybe_recompile pc=0x000001ddb77da620 method=org.jetbrains.org.objectweb.asm.ClassReader.accept(Lorg/jetbrains/org/objectweb/asm/ClassVisitor;[Lorg/jetbrains/org/objectweb/asm/Attribute;I)V @ 837 c2
Event: 33164.946 Thread 0x000001dde279a2f0 DEOPT PACKING pc=0x000001ddb77da620 sp=0x000000b76b6fe520
Event: 33164.950 Thread 0x000001dde279a2f0 DEOPT UNPACKING pc=0x000001ddb4b87ba2 sp=0x000000b76b6fe508 mode 2
Event: 33165.005 Thread 0x000001dde279de00 Uncommon trap: trap_request=0xffffff45 fr.pc=0x000001ddb77d9ca0 relative=0x0000000000007f20
Event: 33165.005 Thread 0x000001dde279de00 Uncommon trap: reason=unstable_if action=reinterpret pc=0x000001ddb77d9ca0 method=org.jetbrains.org.objectweb.asm.ClassReader.accept(Lorg/jetbrains/org/objectweb/asm/ClassVisitor;[Lorg/jetbrains/org/objectweb/asm/Attribute;I)V @ 683 c2
Event: 33165.006 Thread 0x000001dde279de00 DEOPT PACKING pc=0x000001ddb77d9ca0 sp=0x000000b76bffe720
Event: 33165.006 Thread 0x000001dde279de00 DEOPT UNPACKING pc=0x000001ddb4b87ba2 sp=0x000000b76bffe708 mode 2
Event: 33165.027 Thread 0x000001dde279e490 Uncommon trap: reason=profile_predicate action=maybe_recompile pc=0x000001ddb77da620 method=org.jetbrains.org.objectweb.asm.ClassReader.accept(Lorg/jetbrains/org/objectweb/asm/ClassVisitor;[Lorg/jetbrains/org/objectweb/asm/Attribute;I)V @ 837 c2
Event: 33165.027 Thread 0x000001dde279e490 DEOPT PACKING pc=0x000001ddb77da620 sp=0x000000b76c1fe6b0
Event: 33165.028 Thread 0x000001dde279e490 DEOPT UNPACKING pc=0x000001ddb4b87ba2 sp=0x000000b76c1fe698 mode 2
Event: 33175.663 Thread 0x000001dde279e490 Uncommon trap: trap_request=0xffffff45 fr.pc=0x000001ddb6dfae28 relative=0x0000000000003648
Event: 33175.664 Thread 0x000001dde279e490 Uncommon trap: reason=unstable_if action=reinterpret pc=0x000001ddb6dfae28 method=org.jetbrains.org.objectweb.asm.FieldWriter.putFieldInfo(Lorg/jetbrains/org/objectweb/asm/ByteVector;)V @ 135 c2
Event: 33175.665 Thread 0x000001dde279e490 DEOPT PACKING pc=0x000001ddb6dfae28 sp=0x000000b76c1fe4d0
Event: 33175.672 Thread 0x000001dde279e490 DEOPT UNPACKING pc=0x000001ddb4b87ba2 sp=0x000000b76c1fe3e8 mode 2

Classes loaded (20 events):
Event: 31395.601 Loading class jdk/internal/jimage/ImageReader$Resource
Event: 31395.659 Loading class jdk/internal/jimage/ImageReader$Resource done
Event: 31395.672 Loading class jdk/internal/jimage/ImageReader$LinkNode
Event: 31395.695 Loading class jdk/internal/jimage/ImageReader$LinkNode done
Event: 31410.218 Loading class jdk/internal/jrtfs/JrtDirectoryStream
Event: 31410.266 Loading class jdk/internal/jrtfs/JrtDirectoryStream done
Event: 31410.336 Loading class jdk/internal/jrtfs/JrtDirectoryStream$1
Event: 31410.347 Loading class jdk/internal/jrtfs/JrtDirectoryStream$1 done
Event: 31410.368 Loading class jdk/internal/jrtfs/JrtFileAttributes
Event: 31410.432 Loading class jdk/internal/jrtfs/JrtFileAttributes done
Event: 32603.725 Loading class java/text/StringCharacterIterator
Event: 32603.767 Loading class java/text/CharacterIterator
Event: 32603.781 Loading class java/text/CharacterIterator done
Event: 32603.782 Loading class java/text/StringCharacterIterator done
Event: 33031.805 Loading class java/text/MessageFormat
Event: 33032.082 Loading class java/text/MessageFormat done
Event: 33034.552 Loading class java/text/ChoiceFormat
Event: 33034.639 Loading class java/text/ChoiceFormat done
Event: 33036.430 Loading class java/text/MessageFormat$Field
Event: 33036.447 Loading class java/text/MessageFormat$Field done

Classes unloaded (20 events):
Event: 32793.903 Thread 0x000001ddc3d25360 Unloading class 0x0000000800bf8400 'jdk/internal/reflect/GeneratedSerializationConstructorAccessor33'
Event: 32793.905 Thread 0x000001ddc3d25360 Unloading class 0x0000000800be9000 'java/lang/invoke/LambdaForm$MH+0x0000000800be9000'
Event: 32793.906 Thread 0x000001ddc3d25360 Unloading class 0x0000000800be8800 'jdk/internal/reflect/GeneratedSerializationConstructorAccessor31'
Event: 32793.907 Thread 0x000001ddc3d25360 Unloading class 0x0000000800be8400 'jdk/internal/reflect/GeneratedSerializationConstructorAccessor30'
Event: 32793.908 Thread 0x000001ddc3d25360 Unloading class 0x0000000800be8000 'jdk/internal/reflect/GeneratedSerializationConstructorAccessor29'
Event: 32793.908 Thread 0x000001ddc3d25360 Unloading class 0x0000000800be5c00 'jdk/internal/reflect/GeneratedSerializationConstructorAccessor28'
Event: 32793.908 Thread 0x000001ddc3d25360 Unloading class 0x0000000800be5800 'jdk/internal/reflect/GeneratedSerializationConstructorAccessor27'
Event: 32793.909 Thread 0x000001ddc3d25360 Unloading class 0x0000000800be5400 'jdk/internal/reflect/GeneratedSerializationConstructorAccessor26'
Event: 32793.909 Thread 0x000001ddc3d25360 Unloading class 0x0000000800be5000 'jdk/internal/reflect/GeneratedSerializationConstructorAccessor25'
Event: 32793.909 Thread 0x000001ddc3d25360 Unloading class 0x0000000800be4c00 'jdk/internal/reflect/GeneratedSerializationConstructorAccessor24'
Event: 32793.912 Thread 0x000001ddc3d25360 Unloading class 0x0000000800be4800 'jdk/internal/reflect/GeneratedSerializationConstructorAccessor23'
Event: 32793.912 Thread 0x000001ddc3d25360 Unloading class 0x0000000800a88000 'jdk/internal/reflect/GeneratedSerializationConstructorAccessor14'
Event: 32793.913 Thread 0x000001ddc3d25360 Unloading class 0x0000000800a78800 'jdk/internal/reflect/GeneratedSerializationConstructorAccessor7'
Event: 32793.915 Thread 0x000001ddc3d25360 Unloading class 0x0000000800879800 'java/lang/invoke/LambdaForm$MH+0x0000000800879800'
Event: 32793.915 Thread 0x000001ddc3d25360 Unloading class 0x0000000800872c00 'java/lang/invoke/LambdaForm$MH+0x0000000800872c00'
Event: 32793.916 Thread 0x000001ddc3d25360 Unloading class 0x0000000800872800 'java/lang/invoke/LambdaForm$MH+0x0000000800872800'
Event: 32793.916 Thread 0x000001ddc3d25360 Unloading class 0x0000000800870400 'java/lang/invoke/LambdaForm$MH+0x0000000800870400'
Event: 32793.916 Thread 0x000001ddc3d25360 Unloading class 0x000000080086dc00 'java/lang/invoke/LambdaForm$MH+0x000000080086dc00'
Event: 32793.918 Thread 0x000001ddc3d25360 Unloading class 0x0000000800781000 'java/lang/invoke/LambdaForm$MH+0x0000000800781000'
Event: 32793.919 Thread 0x000001ddc3d25360 Unloading class 0x000000080077c000 'java/lang/invoke/LambdaForm$MH+0x000000080077c000'

Classes redefined (0 events):
No events

Internal exceptions (20 events):
Event: 33163.447 Thread 0x000001ddc9f0be00 Exception <a 'sun/nio/fs/WindowsException'{0x0000000780745240}> (0x0000000780745240) 
thrown [s\src\hotspot\share\prims\jni.cpp, line 537]
Event: 33173.419 Thread 0x000001ddd5874ab0 Exception <a 'sun/nio/fs/WindowsException'{0x00000007819e79d0}> (0x00000007819e79d0) 
thrown [s\src\hotspot\share\prims\jni.cpp, line 537]
Event: 33173.420 Thread 0x000001ddc9f0be00 Exception <a 'sun/nio/fs/WindowsException'{0x00000007819fd910}> (0x00000007819fd910) 
thrown [s\src\hotspot\share\prims\jni.cpp, line 537]
Event: 33174.972 Thread 0x000001ddd5874ab0 Exception <a 'sun/nio/fs/WindowsException'{0x000000078029e220}> (0x000000078029e220) 
thrown [s\src\hotspot\share\prims\jni.cpp, line 537]
Event: 33175.000 Thread 0x000001ddd5874ab0 Exception <a 'sun/nio/fs/WindowsException'{0x000000078029fb20}> (0x000000078029fb20) 
thrown [s\src\hotspot\share\prims\jni.cpp, line 537]
Event: 33175.028 Thread 0x000001ddd5874ab0 Exception <a 'sun/nio/fs/WindowsException'{0x00000007802a1e88}> (0x00000007802a1e88) 
thrown [s\src\hotspot\share\prims\jni.cpp, line 537]
Event: 33175.609 Thread 0x000001dde0a03f10 Exception <a 'sun/nio/fs/WindowsException'{0x000000077efc0798}> (0x000000077efc0798) 
thrown [s\src\hotspot\share\prims\jni.cpp, line 537]
Event: 33177.769 Thread 0x000001dde0a03f10 Exception <a 'sun/nio/fs/WindowsException'{0x000000077dc03420}> (0x000000077dc03420) 
thrown [s\src\hotspot\share\prims\jni.cpp, line 537]
Event: 33177.775 Thread 0x000001dde0a03f10 Exception <a 'sun/nio/fs/WindowsException'{0x000000077dc04260}> (0x000000077dc04260) 
thrown [s\src\hotspot\share\prims\jni.cpp, line 537]
Event: 33177.784 Thread 0x000001dde0a03f10 Exception <a 'sun/nio/fs/WindowsException'{0x000000077dc05b08}> (0x000000077dc05b08) 
thrown [s\src\hotspot\share\prims\jni.cpp, line 537]
Event: 33178.720 Thread 0x000001dde0a03f10 Exception <a 'sun/nio/fs/WindowsException'{0x000000077da9a0d8}> (0x000000077da9a0d8) 
thrown [s\src\hotspot\share\prims\jni.cpp, line 537]
Event: 33179.078 Thread 0x000001dde0a03f10 Exception <a 'sun/nio/fs/WindowsException'{0x000000077db92d00}> (0x000000077db92d00) 
thrown [s\src\hotspot\share\prims\jni.cpp, line 537]
Event: 33179.213 Thread 0x000001dde0a03f10 Exception <a 'sun/nio/fs/WindowsException'{0x000000077db9d4e8}> (0x000000077db9d4e8) 
thrown [s\src\hotspot\share\prims\jni.cpp, line 537]
Event: 33179.389 Thread 0x000001dde0a03f10 Exception <a 'sun/nio/fs/WindowsException'{0x000000077dba20b0}> (0x000000077dba20b0) 
thrown [s\src\hotspot\share\prims\jni.cpp, line 537]
Event: 33179.395 Thread 0x000001dde0a03f10 Exception <a 'sun/nio/fs/WindowsException'{0x000000077dba2a10}> (0x000000077dba2a10) 
thrown [s\src\hotspot\share\prims\jni.cpp, line 537]
Event: 33179.410 Thread 0x000001dde0a03f10 Exception <a 'sun/nio/fs/WindowsException'{0x000000077dba4130}> (0x000000077dba4130) 
thrown [s\src\hotspot\share\prims\jni.cpp, line 537]
Event: 33179.412 Thread 0x000001dde0a03f10 Exception <a 'sun/nio/fs/WindowsException'{0x000000077dba8ed8}> (0x000000077dba8ed8) 
thrown [s\src\hotspot\share\prims\jni.cpp, line 537]
Event: 33179.491 Thread 0x000001dde0a03f10 Exception <a 'sun/nio/fs/WindowsException'{0x000000077dbada68}> (0x000000077dbada68) 
thrown [s\src\hotspot\share\prims\jni.cpp, line 537]
Event: 33179.495 Thread 0x000001dde0a03f10 Exception <a 'sun/nio/fs/WindowsException'{0x000000077dbb3948}> (0x000000077dbb3948) 
thrown [s\src\hotspot\share\prims\jni.cpp, line 537]
Event: 33179.500 Thread 0x000001dde0a03f10 Exception <a 'sun/nio/fs/WindowsException'{0x000000077dbb4738}> (0x000000077dbb4738) 
thrown [s\src\hotspot\share\prims\jni.cpp, line 537]

ZGC Phase Switch (0 events):
No events

VM Operations (20 events):
Event: 33159.138 Executing safepoint VM operation: Cleanup done
Event: 33161.248 Executing safepoint VM operation: Cleanup
Event: 33162.143 Executing safepoint VM operation: Cleanup done
Event: 33164.162 Executing safepoint VM operation: Cleanup
Event: 33164.382 Executing safepoint VM operation: Cleanup done
Event: 33165.396 Executing safepoint VM operation: Cleanup
Event: 33165.429 Executing safepoint VM operation: Cleanup done
Event: 33166.440 Executing safepoint VM operation: Cleanup
Event: 33166.616 Executing safepoint VM operation: Cleanup done
Event: 33166.676 Executing safepoint VM operation: G1CollectForAllocation (G1 Evacuation Pause)
Event: 33171.664 Executing safepoint VM operation: G1CollectForAllocation (G1 Evacuation Pause) done
Event: 33174.685 Executing safepoint VM operation: Cleanup
Event: 33174.701 Executing safepoint VM operation: Cleanup done
Event: 33175.703 Executing safepoint VM operation: Cleanup
Event: 33175.735 Executing safepoint VM operation: Cleanup done
Event: 33177.748 Executing safepoint VM operation: Cleanup
Event: 33177.766 Executing safepoint VM operation: Cleanup done
Event: 33179.769 Executing safepoint VM operation: Cleanup
Event: 33179.826 Executing safepoint VM operation: Cleanup done
Event: 33180.380 Executing safepoint VM operation: G1CollectForAllocation (G1 Evacuation Pause)

Memory protections (0 events):
No events

Nmethod flushes (20 events):
Event: 32827.748 Thread 0x000001ddc3d25360 flushing  nmethod 0x000001ddaf7d1510
Event: 32827.748 Thread 0x000001ddc3d25360 flushing  nmethod 0x000001ddaf7f9590
Event: 32827.748 Thread 0x000001ddc3d25360 flushing  nmethod 0x000001ddaf84fd90
Event: 32827.748 Thread 0x000001ddc3d25360 flushing  nmethod 0x000001ddaf851790
Event: 32827.749 Thread 0x000001ddc3d25360 flushing  nmethod 0x000001ddaf852610
Event: 32827.749 Thread 0x000001ddc3d25360 flushing  nmethod 0x000001ddaf853890
Event: 32827.749 Thread 0x000001ddc3d25360 flushing  nmethod 0x000001ddaf854610
Event: 32827.749 Thread 0x000001ddc3d25360 flushing  nmethod 0x000001ddaf928290
Event: 32827.749 Thread 0x000001ddc3d25360 flushing  nmethod 0x000001ddafa02a10
Event: 32827.750 Thread 0x000001ddc3d25360 flushing  nmethod 0x000001ddafa02f10
Event: 32827.750 Thread 0x000001ddc3d25360 flushing  nmethod 0x000001ddafa0f090
Event: 32827.750 Thread 0x000001ddc3d25360 flushing  nmethod 0x000001ddafdaca10
Event: 32827.750 Thread 0x000001ddc3d25360 flushing  nmethod 0x000001ddb0c50a90
Event: 32827.750 Thread 0x000001ddc3d25360 flushing  nmethod 0x000001ddb0ca4c90
Event: 32827.750 Thread 0x000001ddc3d25360 flushing  nmethod 0x000001ddb1a1dd10
Event: 32827.750 Thread 0x000001ddc3d25360 flushing  nmethod 0x000001ddb1b0b410
Event: 32827.750 Thread 0x000001ddc3d25360 flushing  nmethod 0x000001ddb1b2fc10
Event: 32827.751 Thread 0x000001ddc3d25360 flushing  nmethod 0x000001ddb1b30110
Event: 32827.751 Thread 0x000001ddc3d25360 flushing  nmethod 0x000001ddb2779a90
Event: 32827.752 Thread 0x000001ddc3d25360 flushing  nmethod 0x000001ddb2788410

Events (20 events):
Event: 32028.348 Thread 0x000001dde09fc8f0 Thread added: 0x000001dde2acd350
Event: 32207.663 Thread 0x000001dde2acd350 Thread exited: 0x000001dde2acd350
Event: 32962.013 Thread 0x000001dde09fc8f0 Thread added: 0x000001dde09ff050
Event: 33079.109 Thread 0x000001dde09fc8f0 Thread added: 0x000001ddd586c0e0
Event: 33079.648 Thread 0x000001ddd586c0e0 Thread added: 0x000001ddd5874ab0
Event: 33079.659 Thread 0x000001ddd586c0e0 Thread added: 0x000001ddd5873700
Event: 33079.662 Thread 0x000001ddd586c0e0 Thread added: 0x000001ddd5875140
Event: 33079.669 Thread 0x000001ddd586c0e0 Thread added: 0x000001ddd5871cc0
Event: 33079.747 Thread 0x000001ddd586c0e0 Thread added: 0x000001ddd5875e60
Event: 33079.753 Thread 0x000001ddd586c0e0 Thread added: 0x000001ddd58764f0
Event: 33079.758 Thread 0x000001ddd586c0e0 Thread added: 0x000001ddd5873070
Event: 33080.089 Thread 0x000001ddd5874ab0 Thread added: 0x000001ddd58792e0
Event: 33114.064 Thread 0x000001dde0a06d00 Thread added: 0x000001dde279a2f0
Event: 33114.108 Thread 0x000001dde0a031f0 Thread added: 0x000001dde279a980
Event: 33114.111 Thread 0x000001dde0a03880 Thread added: 0x000001dde279d770
Event: 33114.113 Thread 0x000001dde0a05fe0 Thread added: 0x000001dde279b010
Event: 33114.115 Thread 0x000001dde0a03f10 Thread added: 0x000001dde279de00
Event: 33114.116 Thread 0x000001dde0a06670 Thread added: 0x000001dde279e490
Event: 33114.119 Thread 0x000001dde0a052c0 Thread added: 0x000001dde27a0bf0
Event: 33114.121 Thread 0x000001ddd5874ab0 Thread added: 0x000001dde27a1fa0


Dynamic libraries:
0x00007ff614c60000 - 0x00007ff614c6a000 	C:\Program Files\Android\Android Studio\jbr\bin\java.exe
0x00007ffe31ca0000 - 0x00007ffe31f06000 	C:\WINDOWS\SYSTEM32\ntdll.dll
0x00007ffe30f60000 - 0x00007ffe31029000 	C:\WINDOWS\System32\KERNEL32.DLL
0x00007ffe2f3b0000 - 0x00007ffe2f7b0000 	C:\WINDOWS\System32\KERNELBASE.dll
0x00007ffe2b920000 - 0x00007ffe2b9c0000 	C:\WINDOWS\SYSTEM32\apphelp.dll
0x00007ffe2f7c0000 - 0x00007ffe2f90c000 	C:\WINDOWS\System32\ucrtbase.dll
0x00007ffe2b6c0000 - 0x00007ffe2b6db000 	C:\Program Files\Android\Android Studio\jbr\bin\VCRUNTIME140.dll
0x00007ffe115e0000 - 0x00007ffe115f8000 	C:\Program Files\Android\Android Studio\jbr\bin\jli.dll
0x00007ffe317e0000 - 0x00007ffe319a7000 	C:\WINDOWS\System32\USER32.dll
0x00007ffe2eec0000 - 0x00007ffe2eee7000 	C:\WINDOWS\System32\win32u.dll
0x00007ffe319b0000 - 0x00007ffe319db000 	C:\WINDOWS\System32\GDI32.dll
0x00007ffe2eef0000 - 0x00007ffe2f019000 	C:\WINDOWS\System32\gdi32full.dll
0x00007ffe2f920000 - 0x00007ffe2f9c3000 	C:\WINDOWS\System32\msvcp_win.dll
0x00007ffe19f80000 - 0x00007ffe1a212000 	C:\WINDOWS\WinSxS\amd64_microsoft.windows.common-controls_6595b64144ccf1df_6.0.26100.8737_none_3e092eaee333b772\COMCTL32.dll
0x00007ffe31730000 - 0x00007ffe317d9000 	C:\WINDOWS\System32\msvcrt.dll
0x00007ffe30bf0000 - 0x00007ffe30c22000 	C:\WINDOWS\System32\IMM32.DLL
0x00007ffe2b6b0000 - 0x00007ffe2b6bc000 	C:\Program Files\Android\Android Studio\jbr\bin\vcruntime140_1.dll
0x00007ffdfb2f0000 - 0x00007ffdfb37d000 	C:\Program Files\Android\Android Studio\jbr\bin\msvcp140.dll
0x00007ffdb3410000 - 0x00007ffdb40a6000 	C:\Program Files\Android\Android Studio\jbr\bin\server\jvm.dll
0x00007ffe30ea0000 - 0x00007ffe30f57000 	C:\WINDOWS\System32\ADVAPI32.dll
0x00007ffe314f0000 - 0x00007ffe3159a000 	C:\WINDOWS\System32\sechost.dll
0x00007ffe313d0000 - 0x00007ffe314e8000 	C:\WINDOWS\System32\RPCRT4.dll
0x00007ffe316a0000 - 0x00007ffe31720000 	C:\WINDOWS\System32\WS2_32.dll
0x00007ffe2ed20000 - 0x00007ffe2ed7e000 	C:\WINDOWS\SYSTEM32\POWRPROF.dll
0x00007ffe25d10000 - 0x00007ffe25d46000 	C:\WINDOWS\SYSTEM32\WINMM.dll
0x00007ffe20890000 - 0x00007ffe2089b000 	C:\WINDOWS\SYSTEM32\VERSION.dll
0x00007ffe2ed00000 - 0x00007ffe2ed14000 	C:\WINDOWS\SYSTEM32\UMPDC.dll
0x00007ffe2dba0000 - 0x00007ffe2dbbb000 	C:\WINDOWS\SYSTEM32\kernel.appcore.dll
0x00007ffe2b6a0000 - 0x00007ffe2b6aa000 	C:\Program Files\Android\Android Studio\jbr\bin\jimage.dll
0x00007ffe2c3b0000 - 0x00007ffe2c5f2000 	C:\WINDOWS\SYSTEM32\DBGHELP.DLL
0x00007ffe30810000 - 0x00007ffe30b93000 	C:\WINDOWS\System32\combase.dll
0x00007ffe31030000 - 0x00007ffe31109000 	C:\WINDOWS\System32\OLEAUT32.dll
0x00007ffe15610000 - 0x00007ffe1564b000 	C:\WINDOWS\SYSTEM32\dbgcore.DLL
0x00007ffe2f0e0000 - 0x00007ffe2f18c000 	C:\WINDOWS\System32\bcryptPrimitives.dll
0x00007ffe28950000 - 0x00007ffe2895e000 	C:\Program Files\Android\Android Studio\jbr\bin\instrument.dll
0x00007ffe29840000 - 0x00007ffe29860000 	C:\Program Files\Android\Android Studio\jbr\bin\java.dll
0x00007ffe28990000 - 0x00007ffe289a8000 	C:\Program Files\Android\Android Studio\jbr\bin\zip.dll
0x00007ffe30070000 - 0x00007ffe30802000 	C:\WINDOWS\System32\SHELL32.dll
0x00007ffe2c980000 - 0x00007ffe2d212000 	C:\WINDOWS\SYSTEM32\windows.storage.dll
0x00007ffe30c30000 - 0x00007ffe30d27000 	C:\WINDOWS\System32\SHCORE.dll
0x00007ffe31bf0000 - 0x00007ffe31c57000 	C:\WINDOWS\System32\shlwapi.dll
0x00007ffe2ede0000 - 0x00007ffe2ee09000 	C:\WINDOWS\SYSTEM32\profapi.dll
0x00007ffe28980000 - 0x00007ffe28990000 	C:\Program Files\Android\Android Studio\jbr\bin\net.dll
0x00007ffe259f0000 - 0x00007ffe25b19000 	C:\WINDOWS\SYSTEM32\WINHTTP.dll
0x00007ffe2e150000 - 0x00007ffe2e1bc000 	C:\WINDOWS\system32\mswsock.dll
0x00007ffe28930000 - 0x00007ffe28946000 	C:\Program Files\Android\Android Studio\jbr\bin\nio.dll
0x00007ffe1e6d0000 - 0x00007ffe1e6e0000 	C:\Program Files\Android\Android Studio\jbr\bin\verify.dll
0x00007ffe11770000 - 0x00007ffe11797000 	C:\Users\lenovo\.gradle\native\660c5614fbf4a5f2a75b1949f50a0caf5cd603558e7d8a26e50b933a0cfb79d1\windows-amd64\native-platform.dll
0x00007ffdf1c40000 - 0x00007ffdf1cb7000 	C:\Users\lenovo\.gradle\native\0.2.8\x86_64-windows-gnu\gradle-fileevents.dll
0x00007ffe1f050000 - 0x00007ffe1f059000 	C:\Program Files\Android\Android Studio\jbr\bin\management.dll
0x00007ffe1f040000 - 0x00007ffe1f04b000 	C:\Program Files\Android\Android Studio\jbr\bin\management_ext.dll
0x00007ffe2f9f0000 - 0x00007ffe2f9f8000 	C:\WINDOWS\System32\PSAPI.DLL
0x00007ffe2d620000 - 0x00007ffe2d653000 	C:\WINDOWS\SYSTEM32\IPHLPAPI.DLL
0x00007ffe31be0000 - 0x00007ffe31bea000 	C:\WINDOWS\System32\NSI.dll
0x00007ffe20180000 - 0x00007ffe20189000 	C:\Program Files\Android\Android Studio\jbr\bin\extnet.dll
0x00007ffe2e450000 - 0x00007ffe2e46b000 	C:\WINDOWS\SYSTEM32\CRYPTSP.dll
0x00007ffe2db00000 - 0x00007ffe2db39000 	C:\WINDOWS\system32\rsaenh.dll
0x00007ffe2e210000 - 0x00007ffe2e242000 	C:\WINDOWS\SYSTEM32\USERENV.dll
0x00007ffe2edb0000 - 0x00007ffe2edda000 	C:\WINDOWS\SYSTEM32\bcrypt.dll
0x00007ffe2e470000 - 0x00007ffe2e47c000 	C:\WINDOWS\SYSTEM32\CRYPTBASE.dll
0x00007ffe20190000 - 0x00007ffe20198000 	C:\WINDOWS\system32\wshunix.dll
0x00007ffe2d660000 - 0x00007ffe2d7b5000 	C:\WINDOWS\SYSTEM32\DNSAPI.dll
0x00007ffe2df30000 - 0x00007ffe2df3d000 	C:\WINDOWS\SYSTEM32\DSPARSE.dll
0x00007ffe20800000 - 0x00007ffe2080b000 	C:\Windows\System32\rasadhlp.dll
0x00007ffe28870000 - 0x00007ffe288f6000 	C:\WINDOWS\System32\fwpuclnt.dll
0x00007ffe2dcd0000 - 0x00007ffe2dd06000 	C:\WINDOWS\SYSTEM32\ntmarta.dll
0x00007ffdf8d60000 - 0x00007ffdf8ef9000 	C:\Program Files\Android\Android Studio\jbr\bin\awt.dll
0x00007ffe10500000 - 0x00007ffe10544000 	C:\Program Files\Android\Android Studio\jbr\bin\nvdaControllerClient64.dll
0x00007ffe2bd80000 - 0x00007ffe2bdaf000 	C:\WINDOWS\SYSTEM32\dwmapi.dll
0x00007ffe1d140000 - 0x00007ffe1d1b3000 	C:\WINDOWS\SYSTEM32\OLEACC.dll
0x00007ffe2bb00000 - 0x00007ffe2bba9000 	C:\WINDOWS\system32\uxtheme.dll
0x00007ffe30d30000 - 0x00007ffe30e8d000 	C:\WINDOWS\System32\MSCTF.dll
0x00007ffe319e0000 - 0x00007ffe31b79000 	C:\WINDOWS\System32\ole32.dll
0x00007ffe10830000 - 0x00007ffe10837000 	C:\Program Files\Android\Android Studio\jbr\bin\rmi.dll

JVMTI agents:
C:\Users\lenovo\.gradle\wrapper\dists\gradle-9.4.1-bin\arn2x92ynaizyzdaamcbpbhtj\gradle-9.4.1\lib\agents\gradle-instrumentation-agent-9.4.1.jar path:C:\Program Files\Android\Android Studio\jbr\bin\instrument.dll, loaded, initialized, instrumentlib options:none

dbghelp: loaded successfully - version: 4.0.5 - missing functions: none
symbol engine: initialized successfully - sym options: 0x614 - pdb path: .;C:\Program Files\Android\Android Studio\jbr\bin;C:\WINDOWS\SYSTEM32;C:\WINDOWS\WinSxS\amd64_microsoft.windows.common-controls_6595b64144ccf1df_6.0.26100.8737_none_3e092eaee333b772;C:\Program Files\Android\Android Studio\jbr\bin\server;C:\Users\lenovo\.gradle\native\660c5614fbf4a5f2a75b1949f50a0caf5cd603558e7d8a26e50b933a0cfb79d1\windows-amd64;C:\Users\lenovo\.gradle\native\0.2.8\x86_64-windows-gnu;C:\Users\lenovo\AppData\Local\Temp

VM Arguments:
jvm_args: --add-opens=java.base/java.lang=ALL-UNNAMED --add-opens=java.base/java.lang.invoke=ALL-UNNAMED --add-opens=java.base/java.util=ALL-UNNAMED --add-opens=java.prefs/java.util.prefs=ALL-UNNAMED --add-exports=jdk.compiler/com.sun.tools.javac.api=ALL-UNNAMED --add-exports=jdk.compiler/com.sun.tools.javac.util=ALL-UNNAMED --add-opens=java.base/java.util=ALL-UNNAMED --add-opens=java.prefs/java.util.prefs=ALL-UNNAMED --add-opens=java.base/java.nio.charset=ALL-UNNAMED --add-opens=java.base/java.net=ALL-UNNAMED --add-opens=java.base/java.util.concurrent=ALL-UNNAMED --add-opens=java.base/java.util.concurrent.atomic=ALL-UNNAMED --add-opens=java.xml/javax.xml.namespace=ALL-UNNAMED --add-opens=java.base/java.time=ALL-UNNAMED -XX:MaxMetaspaceSize=512m -XX:+HeapDumpOnOutOfMemoryError -Xmx4096m -Dfile.encoding=UTF-8 -Duser.country=US -Duser.language=en -Duser.variant -javaagent:C:\Users\lenovo\.gradle\wrapper\dists\gradle-9.4.1-bin\arn2x92ynaizyzdaamcbpbhtj\gradle-9.4.1\lib\agents\gradle-instrumentation-agent-9.4.1.jar 
java_command: org.gradle.launcher.daemon.bootstrap.GradleDaemon 9.4.1
java_class_path (initial): C:\Users\lenovo\.gradle\wrapper\dists\gradle-9.4.1-bin\arn2x92ynaizyzdaamcbpbhtj\gradle-9.4.1\lib\gradle-daemon-main-9.4.1.jar
Launcher Type: SUN_STANDARD

[Global flags]
     intx CICompilerCount                          = 4                                         {product} {ergonomic}
   size_t CompressedClassSpaceSize                 = 436207616                                 {product} {ergonomic}
     uint ConcGCThreads                            = 2                                         {product} {ergonomic}
     uint G1ConcRefinementThreads                  = 8                                         {product} {ergonomic}
   size_t G1HeapRegionSize                         = 2097152                                   {product} {ergonomic}
    uintx GCDrainStackTargetSize                   = 64                                        {product} {ergonomic}
     bool HeapDumpOnOutOfMemoryError               = true                                   {manageable} {command line}
   size_t InitialHeapSize                          = 65011712                                  {product} {ergonomic}
   size_t MarkStackSize                            = 4194304                                   {product} {ergonomic}
   size_t MaxHeapSize                              = 4294967296                                {product} {command line}
   size_t MaxMetaspaceSize                         = 536870912                                 {product} {command line}
   size_t MaxNewSize                               = 2575302656                                {product} {ergonomic}
   size_t MinHeapDeltaBytes                        = 2097152                                   {product} {ergonomic}
   size_t MinHeapSize                              = 8388608                                   {product} {ergonomic}
    uintx NonNMethodCodeHeapSize                   = 5839372                                {pd product} {ergonomic}
    uintx NonProfiledCodeHeapSize                  = 122909434                              {pd product} {ergonomic}
    uintx ProfiledCodeHeapSize                     = 122909434                              {pd product} {ergonomic}
    uintx ReservedCodeCacheSize                    = 251658240                              {pd product} {ergonomic}
     bool SegmentedCodeCache                       = true                                      {product} {ergonomic}
   size_t SoftMaxHeapSize                          = 4294967296                             {manageable} {ergonomic}
     bool UseCompressedOops                        = true                           {product lp64_product} {ergonomic}
     bool UseG1GC                                  = true                                      {product} {ergonomic}
     bool UseLargePagesIndividualAllocation        = false                                  {pd product} {ergonomic}

Logging:
Log output configuration:
 #0: stdout all=warning uptime,level,tags foldmultilines=false
 #1: stderr all=off uptime,level,tags foldmultilines=false

Release file:
JAVA_VERSION="21.0.10" 
MODULES="java.base java.compiler java.datatransfer java.xml java.prefs java.desktop java.instrument java.logging java.management java.security.sasl java.naming java.rmi java.management.rmi java.net.http java.scripting java.security.jgss java.transaction.xa java.sql java.sql.rowset java.xml.crypto java.se java.smartcardio jdk.accessibility jdk.internal.jvmstat jdk.attach jdk.charsets jdk.internal.opt jdk.zipfs jdk.compiler jdk.crypto.ec jdk.crypto.cryptoki jdk.dynalink jdk.hotspot.agent jdk.httpserver jdk.internal.ed jdk.internal.le jdk.internal.vm.ci jdk.jartool jdk.javadoc jdk.jcmd jdk.jdeps jdk.jdwp.agent jdk.jdi jdk.jfr jdk.jlink jdk.jsobject jdk.localedata jdk.management jdk.management.agent jdk.management.jfr jdk.naming.dns jdk.naming.rmi jdk.net jdk.sctp jdk.security.auth jdk.security.jgss jdk.unsupported jdk.unsupported.desktop jdk.xml.dom" 
IMPLEMENTOR="JetBrains s.r.o." 
JAVA_RUNTIME_VERSION="21.0.10+-14961533-b1163.108" 
LIBC="default" 
OS_ARCH="x86_64" 
OS_NAME="Windows" 
SOURCE=".:git:1351622c2ff2" 

Environment Variables:
PATH=C:\Program Files\Common Files\Oracle\Java\javapath;C:\Python314\Scripts\;C:\Python314\;C:\WINDOWS\system32;C:\WINDOWS;C:\WINDOWS\System32\Wbem;C:\WINDOWS\System32\WindowsPowerShell\v1.0\;C:\WINDOWS\System32\OpenSSH\;C:\Program Files\Git\cmd;C:\Program Files\nodejs\;C:\ProgramData\chocolatey\bin;C:\Program Files\Microsoft SQL Server\170\Tools\Binn\;C:\Program Files\Microsoft SQL Server\Client SDK\ODBC\170\Tools\Binn\;C:\Program Files (x86)\IncrediBuild;C:\Program Files (x86)\Windows Kits\10\Windows Performance Toolkit\;C:\Program Files\tre-command\bin\;C:\Program Files (x86)\Google\Cloud SDK\google-cloud-sdk\bin;C:\Program Files\dotnet\;C:\Program Files\Go\bin;C:\Users\lenovo\AppData\Local\Programs\Python\Python312\Scripts\;C:\Users\lenovo\AppData\Local\Programs\Python\Python312\;C:\Users\lenovo\AppData\Local\Microsoft\WindowsApps;C:\Users\lenovo\AppData\Roaming\npm;C:\Users\lenovo\AppData\Local\Programs\Microsoft VS Code\bin;C:\Users\lenovo\AppData\Local\Programs\Microsoft VS Code Insiders\bin;C:\Users\lenovo\AppData\Local\Python\bin;C:\Users\lenovo\AppData\Local\Programs\Antigravity\bin;C:\Users\lenovo\.dotnet\tools;C:\Users\lenovo\go\bin
USERNAME=lenovo
OS=Windows_NT
PROCESSOR_IDENTIFIER=Intel64 Family 6 Model 140 Stepping 1, GenuineIntel
TMP=C:\Users\lenovo\AppData\Local\Temp
TEMP=C:\Users\lenovo\AppData\Local\Temp




Periodic native trim disabled

JNI global refs:
JNI global refs: 40, weak refs: 19

JNI global refs memory usage: 835, weak refs: 833

Process memory usage:
Resident Set Size: 245124K (6% of 3988792K total physical memory with 8820K free physical memory)

OOME stack traces (most recent first):
Classloader memory used:
Loader org.gradle.internal.classloader.VisitableURLClassLoader                         : 125M
Loader org.gradle.internal.classloader.VisitableURLClassLoader$InstrumentingVisitableURLClassLoader: 101024K
Loader java.net.URLClassLoader                                                         : 77424K
Loader bootstrap                                                                       : 38338K
Loader org.gradle.initialization.MixInLegacyTypesClassLoader                           : 18768K
Loader org.gradle.internal.classloader.VisitableURLClassLoader                         : 10063K
Loader jdk.internal.loader.ClassLoaders$AppClassLoader                                 : 8852K
Loader jdk.internal.loader.ClassLoaders$PlatformClassLoader                            : 1159K
Loader jdk.internal.jrtfs.JrtFileSystemProvider$JrtFsLoader                            : 693K
Loader jdk.internal.reflect.DelegatingClassLoader                                      : 635K
Loader org.gradle.groovy.scripts.internal.DefaultScriptCompilationHandler$ScriptClassLoader: 243K
Loader sun.reflect.misc.MethodUtil                                                     : 2984B

Classes loaded by more than one classloader:
Class Program                                                                         : loaded 32 times (x 74B)
Class Build_gradle                                                                    : loaded 15 times (x 126B)
Class Build_gradle$1                                                                  : loaded 9 times (x 74B)
Class org.gradle.kotlin.dsl.ImplementationConfigurationAccessorsKt                    : loaded 8 times (x 71B)
Class org.jetbrains.kotlin.build.report.metrics.GradleBuildTime$Companion             : loaded 6 times (x 71B)
Class org.jetbrains.kotlin.build.report.metrics.BuildTime                             : loaded 6 times (x 70B)
Class org.jetbrains.kotlin.build.report.metrics.BuildMetricsReporter                  : loaded 6 times (x 70B)
Class [Lorg.jetbrains.kotlin.build.report.metrics.GradleBuildTime;                    : loaded 6 times (x 69B)
Class [Lorg.jetbrains.kotlin.build.report.metrics.BuildTime;                          : loaded 6 times (x 69B)
Class org.jetbrains.kotlin.build.report.metrics.GradleBuildTime                       : loaded 6 times (x 88B)
Class org.jetbrains.kotlin.cli.common.arguments.CommonCompilerArguments               : loaded 5 times (x 75B)
Class org.jetbrains.kotlin.tooling.core.HasMutableExtras                              : loaded 5 times (x 70B)
Class org.jetbrains.kotlin.cli.common.arguments.CommonToolArguments                   : loaded 5 times (x 73B)
Class org.jetbrains.kotlin.cli.common.arguments.Freezable                             : loaded 5 times (x 72B)
Class org.jetbrains.kotlin.buildtools.api.jvm.ClassSnapshotGranularity                : loaded 5 times (x 79B)
Class org.jetbrains.kotlin.tooling.core.Extras                                        : loaded 5 times (x 70B)
Class org.jetbrains.kotlin.util.capitalizeDecapitalize.CapitalizeDecapitalizeKt       : loaded 5 times (x 71B)
Class org.jetbrains.kotlin.tooling.core.HasExtras                                     : loaded 5 times (x 70B)
Class org.jetbrains.kotlin.cli.common.arguments.K2JVMCompilerArguments                : loaded 5 times (x 76B)
Class org.jetbrains.kotlin.gradle.targets.native.SetupEmbedAndSignAppleFrameworkTaskSideEffectKt: loaded 4 times (x 71B)
Class org.jetbrains.kotlin.gradle.artifacts.KotlinJvmJarArtifactKt$KotlinJvmJarArtifact$1: loaded 4 times (x 74B)
Class org.jetbrains.kotlin.gradle.utils.CompletableFuture                             : loaded 4 times (x 70B)
Class org.jetbrains.kotlin.gradle.plugin.diagnostics.checkers.OverriddenKotlinNativeHomeChecker: loaded 4 times (x 74B)
Class org.jetbrains.kotlin.gradle.plugin.KotlinCompilation$Companion                  : loaded 4 times (x 71B)
Class org.jetbrains.kotlin.build.report.metrics.BuildPerformanceMetric                : loaded 4 times (x 70B)
Class org.jetbrains.kotlin.gradle.plugin.internal.MavenPublicationComponentAccessor$Factory: loaded 4 times (x 70B)
Class org.jetbrains.kotlin.build.report.metrics.GradleBuildPerformanceMetric$Companion: loaded 4 times (x 71B)
Class org.jetbrains.kotlin.gradle.plugin.mpp.KotlinJvmCompilation                     : loaded 4 times (x 204B)
Class org.jetbrains.kotlin.gradle.targets.native.toolchain.KotlinNativeBundleBuildService$Companion$registerIfAbsent$2$1: loaded 4 times (x 79B)
Class org.jetbrains.kotlin.konan.target.KonanTarget$MACOS_ARM64                       : loaded 4 times (x 78B)
Class org.jetbrains.kotlin.konan.target.KonanTarget$WATCHOS_ARM64                     : loaded 4 times (x 78B)
Class kotlin.jvm.KotlinReflectionNotSupportedError                                    : loaded 4 times (x 82B)
Class org.jetbrains.kotlin.gradle.plugin.statistics.FinalizeConfigurationFusMetricActionKt: loaded 4 times (x 71B)
Class org.jetbrains.kotlin.gradle.plugin.mpp.compilationImpl.CreateCInteropTasksSideEffectKt$special$$inlined$KotlinCompilationSideEffect$1: loaded 4 times (x 74B)
Class org.jetbrains.kotlin.gradle.artifacts.KotlinJvmJarArtifactKt                    : loaded 4 times (x 71B)
Class org.jetbrains.kotlin.gradle.plugin.mpp.compilationImpl.KotlinCompilationImpl$Params: loaded 4 times (x 72B)
Class kotlin.io.FilesKt__FileTreeWalkKt                                               : loaded 4 times (x 71B)
Class kotlin.sequences.FilteringSequence$iterator$1                                   : loaded 4 times (x 79B)
Class kotlin.sequences.SequencesKt__SequenceBuilderKt                                 : loaded 4 times (x 71B)
Class org.jetbrains.kotlin.gradle.plugin.internal.CompatibilityConventionRegistrarKt  : loaded 4 times (x 71B)
Class org.jetbrains.kotlin.gradle.tasks.configuration.BaseKotlinCompileConfig$Companion: loaded 4 times (x 71B)
Class kotlin.collections.CollectionsKt__ReversedViewsKt                               : loaded 4 times (x 71B)
Class org.jetbrains.kotlin.gradle.plugin.AndroidGradlePluginVersion                   : loaded 4 times (x 75B)
Class org.jetbrains.kotlin.gradle.tooling.BuildKotlinToolingMetadataTask              : loaded 4 times (x 322B)
Class org.jetbrains.kotlin.gradle.plugin.internal.CompatibilityConventionRegistrar    : loaded 4 times (x 70B)
Class org.jetbrains.kotlin.konan.target.UtilsKt                                       : loaded 4 times (x 71B)
Class org.jetbrains.kotlin.gradle.tasks.CInteropProcess                               : loaded 4 times (x 352B)
Class org.jetbrains.kotlin.gradle.plugin.abi.AbiValidationTaskSet$addSingleJvmTarget$1: loaded 4 times (x 75B)
Class org.jetbrains.kotlin.gradle.plugin.mpp.AbstractKotlinNativeCompilation          : loaded 4 times (x 196B)
Class org.jetbrains.kotlin.gradle.plugin.mpp.compilationImpl.factory.KotlinCompilationImplFactory$create$1: loaded 4 times (x 75B)
Class org.jetbrains.kotlin.gradle.internal.KotlinDomApiDependencyManagementKt         : loaded 4 times (x 71B)
Class org.jetbrains.kotlin.gradle.targets.js.npm.NpmDependencyExtensionKt$defaultNpmDependencyDelegate$1: loaded 4 times (x 167B)
Class org.jetbrains.kotlin.gradle.plugin.mpp.KotlinVariantWithCoordinates             : loaded 4 times (x 108B)
Class org.jetbrains.kotlin.gradle.plugin.abi.UtilsKt$prepareAbiClasspath$1$1          : loaded 4 times (x 75B)
Class org.jetbrains.kotlin.gradle.plugin.KotlinPluginLifecycleImpl$launch$coroutine$1 : loaded 4 times (x 76B)
Class org.jetbrains.kotlin.gradle.plugin.internal.ConfigurationCacheStartParameterAccessorKt: loaded 4 times (x 71B)
Class org.jetbrains.kotlin.gradle.plugin.SubpluginEnvironment$Companion               : loaded 4 times (x 71B)
Class org.jetbrains.kotlin.gradle.plugin.diagnostics.checkers.MissingNativeStdlibChecker: loaded 4 times (x 74B)
Class org.jetbrains.kotlin.gradle.targets.ConfigureNonPackedKlibConsumingSideEffectKt : loaded 4 times (x 71B)
Class org.jetbrains.kotlin.gradle.targets.native.KotilnNativeConfigureBinariesSideEffectKt: loaded 4 times (x 71B)
Class org.jetbrains.kotlin.gradle.plugin.KotlinPlatformType$DisambiguationRule        : loaded 4 times (x 76B)
Class org.jetbrains.kotlin.gradle.plugin.KotlinPlatformType$Companion                 : loaded 4 times (x 71B)
Class org.jetbrains.kotlin.gradle.plugin.mpp.ApplyUserDefinedAttributesKt$UserDefinedAttributesSetupAction$1$1$3: loaded 4 times (x 75B)
Class org.jetbrains.kotlin.gradle.tasks.GradleCompileTaskProviderKt                   : loaded 4 times (x 71B)
Class org.jetbrains.kotlin.gradle.plugin.internal.JavaExecTaskParametersCompatibility : loaded 4 times (x 70B)
Class kotlin.text.StringsKt__RegexExtensionsKt                                        : loaded 4 times (x 71B)
Class org.jetbrains.kotlin.gradle.targets.ConfigureBuildSideEffectKt$ConfigureBuildSideEffect$1: loaded 4 times (x 74B)
Class org.jetbrains.kotlin.gradle.tasks.KotlinJavaToolchain                           : loaded 4 times (x 70B)
Class org.jetbrains.kotlin.statistics.metrics.BooleanMetrics$Companion                : loaded 4 times (x 71B)
Class org.jetbrains.kotlin.gradle.dsl.KotlinJvmCompile$DefaultImpls                   : loaded 4 times (x 71B)
Class org.jetbrains.kotlin.gradle.tasks.configuration.AbstractKotlinCompileConfig$getClasspathSnapshotDir$1: loaded 4 times (x 74B)
Class org.jetbrains.kotlin.gradle.tasks.configuration.AbstractKotlinCompileConfig$1$2 : loaded 4 times (x 74B)
Class [Lorg.jetbrains.kotlin.statistics.metrics.BooleanAnonymizationPolicy;           : loaded 4 times (x 69B)
Class org.jetbrains.kotlin.gradle.plugin.abi.UtilsKt                                  : loaded 4 times (x 71B)
Class org.jetbrains.kotlin.gradle.tasks.configuration.AbstractKotlinCompileConfigKt$explicitApiMode$1: loaded 4 times (x 75B)
Class org.jetbrains.kotlin.gradle.utils.GradleConfigurationUtilsKt$addGradlePluginMetadataAttributes$1: loaded 4 times (x 75B)
Class org.gradle.accessors.dm.LibrariesForLibs$KotlinLibraryAccessors                 : loaded 4 times (x 77B)
Class org.jetbrains.kotlin.gradle.plugin.internal.DefaultProjectIsolationStartParameterAccessor: loaded 4 times (x 77B)
Class org.jetbrains.kotlin.gradle.plugin.hierarchy.KotlinSourceSetTreeClassifierKt    : loaded 4 times (x 71B)
Class org.jetbrains.kotlin.gradle.dsl.KotlinAndroidExtension                          : loaded 4 times (x 70B)
Class org.jetbrains.kotlin.gradle.plugin.AbstractKotlinMultiplatformPluginWrapper     : loaded 4 times (x 86B)
Class org.jetbrains.kotlin.gradle.utils.ConfigurationCacheOpaqueValueSource           : loaded 4 times (x 79B)
Class org.jetbrains.kotlin.gradle.report.UsesBuildMetricsService                      : loaded 4 times (x 70B)
Class org.jetbrains.kotlin.gradle.utils.MutableObservableSet                          : loaded 4 times (x 70B)
Class org.jetbrains.kotlin.gradle.plugin.mpp.compilationImpl.factory.KotlinCompilationImplFactory$KotlinCompilationSourceSetsContainerFactory: loaded 4 times (x 70B)
Class org.jetbrains.kotlin.gradle.dsl.KotlinHierarchyDsl                              : loaded 4 times (x 70B)
Class org.jetbrains.kotlin.gradle.targets.native.KonanPropertiesBuildService$Companion$registerIfAbsent$2$1: loaded 4 times (x 79B)
Class org.jetbrains.kotlin.gradle.report.BuildReportType                              : loaded 4 times (x 79B)
Class org.jetbrains.kotlin.gradle.plugin.internal.CustomPropertiesFileValueSource$Parameters$Inject_: loaded 4 times (x 106B)
Class org.jetbrains.kotlin.gradle.targets.CreateArtifactsSideEffectKt                 : loaded 4 times (x 71B)
Class org.jetbrains.kotlin.gradle.plugin.diagnostics.checkers.PreHmppDependenciesUsageChecker: loaded 4 times (x 74B)
Class org.jetbrains.kotlin.gradle.targets.js.npm.DevNpmDependencyExtension            : loaded 4 times (x 70B)
Class com.google.common.collect.Iterators$MergingIterator                             : loaded 4 times (x 81B)
Class org.jetbrains.kotlin.konan.target.HostManager$Companion                         : loaded 4 times (x 71B)
Class org.jetbrains.kotlin.gradle.utils.StoredProperty                                : loaded 4 times (x 70B)
Class org.jetbrains.kotlin.gradle.plugin.KotlinGradleBuildServices$Companion$registerIfAbsent$1: loaded 4 times (x 75B)
Class org.jetbrains.kotlin.gradle.plugin.internal.ProjectIsolationStartParameterAccessor: loaded 4 times (x 70B)
Class org.jetbrains.kotlin.gradle.internal.ClassLoadersCachingBuildService$Parameters : loaded 4 times (x 70B)
Class org.jetbrains.kotlin.tooling.core.MutableExtrasImpl$Companion                   : loaded 4 times (x 71B)
Class org.jetbrains.kotlin.gradle.targets.js.dsl.KotlinJsSubTargetContainerDsl        : loaded 4 times (x 70B)
Class org.jetbrains.kotlin.gradle.plugin.mpp.KotlinTargetSoftwareComponentImplKt      : loaded 4 times (x 71B)
Class org.jetbrains.kotlin.gradle.internal.abi.AbiFiltersSpecImpl                     : loaded 4 times (x 86B)
Class org.jetbrains.kotlin.gradle.tasks.abi.KotlinLegacyAbiUpdateTask$Companion       : loaded 4 times (x 71B)
Class org.jetbrains.kotlin.gradle.plugin.attributes.KlibPackaging                     : loaded 4 times (x 70B)
Class org.gradle.accessors.dm.LibrariesForLibs$AndroidxActivityLibraryAccessors       : loaded 4 times (x 77B)
Class org.jetbrains.kotlin.gradle.tasks.KotlinCompile$androidLayoutResources$1        : loaded 4 times (x 74B)
Class org.jetbrains.kotlin.gradle.report.GradleBuildMetricsReporter                   : loaded 4 times (x 100B)
Class org.jetbrains.kotlin.gradle.plugin.mpp.KotlinMetadataCompilation                : loaded 4 times (x 70B)
Class org.jetbrains.kotlin.gradle.plugin.diagnostics.checkers.CommonMainOrTestWithDependsOnChecker: loaded 4 times (x 74B)
Class org.jetbrains.kotlin.gradle.plugin.sources.DefaultLanguageSettingsBuilder$freeCompilerArgsProvider$1: loaded 4 times (x 95B)
Class org.jetbrains.kotlin.gradle.plugin.sources.KotlinDependencyScope                : loaded 4 times (x 79B)
Class org.jetbrains.kotlin.konan.target.KonanTarget$ANDROID_ARM64                     : loaded 4 times (x 78B)
Class org.jetbrains.kotlin.gradle.utils.FutureKt$future$1                             : loaded 4 times (x 95B)
Class org.jetbrains.kotlin.gradle.tasks.configuration.AbstractKotlinCompileConfig$1   : loaded 4 times (x 79B)
Class org.jetbrains.kotlin.gradle.plugin.mpp.compilationImpl.KotlinCompilationFriendPathsResolver: loaded 4 times (x 70B)
Class org.jetbrains.kotlin.gradle.artifacts.KotlinNativeHostSpecificMetadataArtifactKt$KotlinNativeHostSpecificMetadataArtifact$1: loaded 4 times (x 74B)
Class org.jetbrains.kotlin.gradle.plugin.mpp.compilationImpl.KotlinCompilationSideEffect$Companion: loaded 4 times (x 71B)
Class org.jetbrains.kotlin.gradle.plugin.mpp.KotlinUsages$KotlinMetadataDisambiguation: loaded 4 times (x 76B)
Class org.jetbrains.kotlin.gradle.internal.properties.PropertiesBuildService$IntGradleProperty: loaded 4 times (x 76B)
Class org.jetbrains.kotlin.gradle.plugin.KotlinCompilationInfo$TCS$friendPaths$1      : loaded 4 times (x 79B)
Class org.jetbrains.kotlin.gradle.artifacts.KotlinNativeHostSpecificMetadataArtifactKt: loaded 4 times (x 71B)
Class org.jetbrains.kotlin.gradle.plugin.mpp.compilationImpl.KotlinCreateLifecycleTasksSideEffectKt: loaded 4 times (x 71B)
Class org.jetbrains.kotlin.gradle.utils.Future                                        : loaded 4 times (x 70B)
Class org.jetbrains.kotlin.gradle.plugin.diagnostics.checkers.UnusedSourceSetsChecker : loaded 4 times (x 74B)
Class org.jetbrains.kotlin.gradle.plugin.KotlinTarget                                 : loaded 4 times (x 70B)
Class org.jetbrains.kotlin.gradle.plugin.mpp.AbstractKotlinCompilation                : loaded 4 times (x 195B)
Class org.jetbrains.kotlin.gradle.plugin.mpp.KotlinCompilationFactory                 : loaded 4 times (x 70B)
Class org.jetbrains.kotlin.gradle.dsl.IosSourceSetConventionChecker$runChecks$1       : loaded 4 times (x 88B)
Class kotlin.sequences.TransformingSequence                                           : loaded 4 times (x 75B)
Class kotlin.jvm.internal.DefaultConstructorMarker                                    : loaded 4 times (x 71B)
Class org.jetbrains.kotlin.gradle.plugin.mpp.InternalKotlinTargetKt$isSourcesPublishableFuture$2: loaded 4 times (x 95B)
Class org.gradle.accessors.dm.LibrariesForLibs$KotlinxLibraryAccessors                : loaded 4 times (x 78B)
Class org.jetbrains.kotlin.gradle.utils.ConfigurationsKt$createResolvable$1           : loaded 4 times (x 78B)
Class org.gradle.accessors.dm.LibrariesForLibs$DatastoreLibraryAccessors              : loaded 4 times (x 77B)
Class org.jetbrains.kotlin.gradle.tasks.AbstractKotlinCompile$compilerRunner$1        : loaded 4 times (x 75B)
Class org.jetbrains.kotlin.gradle.tasks.CacheableTasksKt$cacheOnlyIfEnabledForKotlin$1: loaded 4 times (x 75B)
Class org.jetbrains.kotlin.gradle.utils.GradleAttributesContainerUtilsKt$setAttributeProvider$1: loaded 4 times (x 75B)
Class kotlin.io.FilePathComponents                                                    : loaded 4 times (x 72B)
Class org.jetbrains.kotlin.gradle.plugin.KotlinProjectSetupActionKt$KotlinProjectSetupCoroutine$1$1: loaded 4 times (x 95B)
Class org.jetbrains.kotlin.konan.target.KonanTarget$WATCHOS_ARM32                     : loaded 4 times (x 78B)
Class org.jetbrains.kotlin.gradle.plugin.diagnostics.checkers.DeprecatedKotlinNativeTargetsChecker$runChecks$1: loaded 4 times (x 88B)
Class org.jetbrains.kotlin.gradle.plugin.KotlinPluginLifecycleImplKt                  : loaded 4 times (x 71B)
Class org.jetbrains.kotlin.gradle.plugin.KotlinPluginLifecycleImpl$WhenMappings       : loaded 4 times (x 71B)
Class kotlin.sequences.SequencesKt__SequencesJVMKt                                    : loaded 4 times (x 71B)
Class org.jetbrains.kotlin.gradle.tasks.configuration.AbstractKotlinCompileConfig$2   : loaded 4 times (x 79B)
Class org.jetbrains.kotlin.gradle.dsl.KotlinCommonCompilerToolOptionsHelper           : loaded 4 times (x 71B)
Class org.jetbrains.kotlin.gradle.targets.js.dsl.KotlinJsTargetDsl                    : loaded 4 times (x 70B)
Class org.jetbrains.kotlin.gradle.plugin.mpp.compilationImpl.factory.KotlinCompilationImplFactory$PreConfigure: loaded 4 times (x 70B)
Class kotlin.collections.AbstractList                                                 : loaded 4 times (x 197B)
Class org.jetbrains.kotlin.gradle.plugin.KotlinTargetComponent                        : loaded 4 times (x 70B)
Class org.jetbrains.kotlin.gradle.plugin.KotlinGradlePluginExtensionPointInternal     : loaded 4 times (x 76B)
Class org.jetbrains.kotlin.gradle.plugin.VariantImplementationFactories$Companion$getProvider$1: loaded 4 times (x 75B)
Class org.jetbrains.kotlin.gradle.internal.properties.PropertiesBuildService$BooleanGradleProperty: loaded 4 times (x 76B)
Class kotlin.collections.CollectionsKt                                                : loaded 4 times (x 71B)
Class org.jetbrains.kotlin.gradle.dsl.KotlinProjectExtension                          : loaded 4 times (x 122B)
Class com.google.common.collect.UnmodifiableListIterator                              : loaded 4 times (x 95B)
Class kotlin.io.NoSuchFileException                                                   : loaded 4 times (x 82B)
Class kotlin.collections.AbstractCollection                                           : loaded 4 times (x 117B)
Class org.jetbrains.kotlin.gradle.plugin.KotlinProjectSetupActionKt$KotlinProjectSetupCoroutine$1: loaded 4 times (x 75B)
Class org.gradle.accessors.dm.LibrariesForLibs$AssetPackLibraryAccessors              : loaded 4 times (x 77B)
Class org.jetbrains.kotlin.gradle.internal.properties.NativePropertiesLoader$downloadFromMaven$1: loaded 4 times (x 75B)
Class org.jetbrains.kotlin.gradle.dsl.JvmTarget$Companion                             : loaded 4 times (x 71B)
Class org.jetbrains.kotlin.gradle.plugin.diagnostics.checkers.JsEnvironmentChecker$3  : loaded 4 times (x 78B)
Class org.jetbrains.kotlin.gradle.plugin.mpp.compilationImpl.DefaultKotlinCompilationFriendPathsResolver$DefaultFriendArtifactResolver: loaded 4 times (x 74B)
Class org.jetbrains.kotlin.gradle.utils.StringUtilsKt$lowerCamelCaseName$1            : loaded 4 times (x 125B)
Class org.jetbrains.kotlin.gradle.dsl.KotlinCompile                                   : loaded 4 times (x 70B)
Class org.jetbrains.kotlin.gradle.plugin.internal.DefaultConfigurationCacheStartParameterAccessor: loaded 4 times (x 77B)
Class org.jetbrains.kotlin.gradle.plugin.internal.DefaultConfigurationCacheStartParameterAccessor_Decorated: loaded 4 times (x 121B)
Class org.jetbrains.kotlin.gradle.plugin.diagnostics.checkers.InternalGradlePropertiesUsageChecker$runChecks$1: loaded 4 times (x 88B)
Class org.jetbrains.kotlin.gradle.internal.abi.AbiFiltersSpecImpl_Decorated           : loaded 4 times (x 132B)
Class org.jetbrains.kotlin.gradle.plugin.abi.JvmOrAndroidKt                           : loaded 4 times (x 71B)
Class org.jetbrains.kotlin.tooling.core.Extras$Type$Companion                         : loaded 4 times (x 71B)
Class org.jetbrains.kotlin.gradle.targets.native.internal.PlatformLibrariesGenerator  : loaded 4 times (x 72B)
Class [Lorg.jetbrains.kotlin.build.report.metrics.BuildAttributeKind;                 : loaded 4 times (x 69B)
Class org.jetbrains.kotlin.gradle.plugin.KotlinTargetConfiguratorKt                   : loaded 4 times (x 71B)
Class org.jetbrains.kotlin.gradle.plugin.KotlinCompilation                            : loaded 4 times (x 70B)
Class org.jetbrains.kotlin.gradle.plugin.mpp.compilationImpl.factory.KotlinCompilationImplFactory$KotlinCompilerOptionsFactory$Options: loaded 4 times (x 72B)
Class kotlin.io.FileSystemException                                                   : loaded 4 times (x 82B)
Class org.jetbrains.kotlin.gradle.plugin.KotlinPluginLifecycle$ProjectConfigurationResult$Failure: loaded 4 times (x 72B)
Class [Lorg.jetbrains.kotlin.statistics.ValueAnonymizer;                              : loaded 4 times (x 69B)
Class org.jetbrains.kotlin.gradle.internal.abi.ConfigsKt$configureLegacyTasks$1       : loaded 4 times (x 75B)
Class org.jetbrains.kotlin.gradle.tasks.DefaultKotlinJavaToolchain$Companion          : loaded 4 times (x 71B)
Class org.jetbrains.kotlin.gradle.tasks.DefaultKotlinJavaToolchain                    : loaded 4 times (x 77B)
Class org.jetbrains.kotlin.gradle.tasks.K2MultiplatformStructure                      : loaded 4 times (x 74B)
Class org.jetbrains.kotlin.gradle.internal.KotlinDependenciesManagementKt$allNonProjectDependencies$1: loaded 4 times (x 74B)
Class org.jetbrains.kotlin.gradle.plugin.diagnostics.KotlinToolingDiagnosticsCollector$Parameter: loaded 4 times (x 70B)
Class org.jetbrains.kotlin.gradle.targets.native.toolchain.KotlinNativeBundleBuildService: loaded 4 times (x 76B)
Class org.jetbrains.kotlin.gradle.internal.properties.PropertiesBuildService$MemoizedCallable$value$2: loaded 4 times (x 79B)
Class org.jetbrains.kotlin.gradle.plugin.KotlinGradleBuildServices                    : loaded 4 times (x 80B)
Class org.jetbrains.kotlin.gradle.plugin.diagnostics.KotlinToolingDiagnosticsCollectorKt$kotlinToolingDiagnosticsCollectorProvider$1: loaded 4 times (x 75B)
Class org.jetbrains.kotlin.compilerRunner.CompilerSystemPropertiesService$Parameters  : loaded 4 times (x 70B)
Class org.jetbrains.kotlin.gradle.plugin.mpp.compilationImpl.KotlinCompilationSourceSetsContainer: loaded 4 times (x 70B)
Class org.jetbrains.kotlin.gradle.artifacts.KotlinNativeKlibArtifactKt                : loaded 4 times (x 71B)
Class org.jetbrains.kotlin.gradle.plugin.sources.DefaultKotlinSourceSet$special$$inlined$Iterable$1: loaded 4 times (x 79B)
Class org.jetbrains.kotlin.gradle.plugin.diagnostics.ToolingDiagnosticRenderingOptionsKt: loaded 4 times (x 71B)
Class org.jetbrains.kotlin.gradle.plugin.mpp.InternalKotlinCompilationKt$awaitAllKotlinSourceSets$1: loaded 4 times (x 88B)
Class org.jetbrains.kotlin.gradle.plugin.statistics.FusMetrics                        : loaded 4 times (x 70B)
Class org.jetbrains.kotlin.gradle.tasks.KotlinCompilerExecutionStrategy               : loaded 4 times (x 79B)
Class org.jetbrains.kotlin.gradle.plugin.ProjectLocalConfigurations                   : loaded 4 times (x 71B)
Class org.jetbrains.kotlin.gradle.plugin.mpp.KotlinUsages$KotlinUsagesDisambiguation  : loaded 4 times (x 76B)
Class org.jetbrains.kotlin.tooling.core.Extras$Key$Companion                          : loaded 4 times (x 71B)
Class kotlin.sequences.SequencesKt___SequencesKt                                      : loaded 4 times (x 71B)
Class kotlin.collections.AbstractList$Companion                                       : loaded 4 times (x 71B)
Class org.gradle.accessors.dm.LibrariesForLibs$LifecycleVersionAccessors              : loaded 4 times (x 75B)
Class org.jetbrains.kotlin.tooling.core.Extras$Key                                    : loaded 4 times (x 72B)
Class org.jetbrains.kotlin.gradle.plugin.PropertiesProvider$kotlinCompilerArgumentsLogLevel$1: loaded 4 times (x 74B)
Class org.jetbrains.kotlin.gradle.internal.abi.ConfigsKt$configureLegacyTasks$2       : loaded 4 times (x 75B)
Class org.jetbrains.kotlin.gradle.dsl.abi.ExperimentalAbiValidation                   : loaded 4 times (x 70B)
Class org.jetbrains.kotlin.gradle.plugin.diagnostics.ToolingDiagnosticRenderingOptions: loaded 4 times (x 72B)
Class org.jetbrains.kotlin.compilerRunner.CompilerSystemPropertiesService$Parameters_Decorated: loaded 4 times (x 130B)
Class org.jetbrains.kotlin.gradle.plugin.diagnostics.UsesKotlinToolingDiagnosticsParameters: loaded 4 times (x 70B)
Class [Lorg.jetbrains.kotlin.gradle.dsl.KotlinVersion;                                : loaded 4 times (x 69B)
Class org.jetbrains.kotlin.gradle.plugin.KotlinTargetWithTests                        : loaded 4 times (x 70B)
Class org.jetbrains.kotlin.gradle.plugin.diagnostics.checkers.JsEnvironmentChecker    : loaded 4 times (x 76B)
Class org.jetbrains.kotlin.gradle.targets.js.npm.NpmDependencyExtensionKt             : loaded 4 times (x 71B)
Class org.jetbrains.kotlin.gradle.plugin.PropertiesProvider$classLoaderCacheTimeoutInSeconds$1: loaded 4 times (x 75B)
Class org.jetbrains.kotlin.gradle.report.BuildMetricsService                          : loaded 4 times (x 86B)
Class org.jetbrains.kotlin.gradle.tasks.AbstractKotlinCompileTool                     : loaded 4 times (x 371B)
Class org.jetbrains.kotlin.gradle.internal.properties.PropertiesBuildService$localProperties$2: loaded 4 times (x 79B)
Class [Lorg.jetbrains.kotlin.gradle.report.BuildReportType;                           : loaded 4 times (x 69B)
Class org.jetbrains.kotlin.gradle.utils.WhenPluginEnabledKt$whenPluginsEnabled$1      : loaded 4 times (x 75B)
Class org.jetbrains.kotlin.gradle.plugin.diagnostics.checkers.JsEnvironmentChecker$2  : loaded 4 times (x 78B)
Class org.jetbrains.kotlin.gradle.tasks.configuration.KaptGenerateStubsConfig         : loaded 4 times (x 72B)
Class org.jetbrains.kotlin.gradle.internal.properties.NativePropertiesLoader$konanDataDirProperty$1$1: loaded 4 times (x 74B)
Class org.jetbrains.kotlin.gradle.targets.js.npm.SemVer                               : loaded 4 times (x 75B)
Class org.jetbrains.kotlin.build.report.metrics.BuildMetricsReporterImpl              : loaded 4 times (x 100B)
Class kotlin.text.StringsKt__StringBuilderJVMKt                                       : loaded 4 times (x 71B)
Class org.jetbrains.kotlin.gradle.plugin.mpp.compilationImpl.DefaultKotlinCompilationFriendPathsResolver$resolveFriendPaths$1$1: loaded 4 times (x 79B)
Class kotlin.text.Regex                                                               : loaded 4 times (x 72B)
Class org.jetbrains.kotlin.gradle.plugin.diagnostics.CheckKotlinGradlePluginConfigurationErrors: loaded 4 times (x 324B)
Class org.jetbrains.kotlin.gradle.testing.internal.KotlinTestsRegistry                : loaded 4 times (x 72B)
Class org.jetbrains.kotlin.gradle.plugin.sources.DefaultKotlinSourceSetKt             : loaded 4 times (x 71B)
Class org.jetbrains.kotlin.gradle.plugin.internal.ProjectIsolationStartParameterAccessorKt: loaded 4 times (x 71B)
Class org.jetbrains.kotlin.gradle.plugin.mpp.HierarchyAttributeContainer$1            : loaded 4 times (x 78B)
Class org.jetbrains.kotlin.gradle.plugin.internal.DefaultProjectIsolationStartParameterAccessor_Decorated: loaded 4 times (x 121B)
Class org.jetbrains.kotlin.gradle.plugin.diagnostics.checkers.AndroidPluginWithoutAndroidTargetChecker: loaded 4 times (x 74B)
Class org.jetbrains.kotlin.build.report.metrics.BuildPerformanceMetrics               : loaded 4 times (x 72B)
Class org.jetbrains.kotlin.gradle.plugin.KotlinPluginLifecycleKt$await$1              : loaded 4 times (x 88B)
Class [Lorg.jetbrains.kotlin.gradle.plugin.KotlinCompilation;                         : loaded 4 times (x 69B)
Class org.jetbrains.kotlin.gradle.plugin.mpp.compilationImpl.KotlinCompilationLanguageSettingsConfigurator: loaded 4 times (x 74B)
Class org.jetbrains.kotlin.gradle.plugin.mpp.KotlinTargetComponentWithPublication     : loaded 4 times (x 70B)
Class org.jetbrains.kotlin.gradle.plugin.mpp.compilationImpl.KotlinCreateNativeCompileTasksSideEffectKt: loaded 4 times (x 71B)
Class org.jetbrains.kotlin.gradle.plugin.KotlinProjectSetupActionKt                   : loaded 4 times (x 71B)
Class org.jetbrains.kotlin.gradle.dsl.KotlinTargetContainerWithJsPresetFunctions      : loaded 4 times (x 70B)
Class org.jetbrains.kotlin.gradle.report.ReportingSettings$Companion                  : loaded 4 times (x 71B)
Class org.jetbrains.kotlin.gradle.report.ConfigureReporingKt                          : loaded 4 times (x 71B)
Class org.jetbrains.kotlin.gradle.plugin.diagnostics.checkers.WasmJsEnvironmentChecker: loaded 4 times (x 76B)
Class org.jetbrains.kotlin.tooling.core.TypeUtils                                     : loaded 4 times (x 71B)
Class org.jetbrains.kotlin.gradle.plugin.KotlinPluginLifecycle                        : loaded 4 times (x 70B)
Class org.jetbrains.kotlin.gradle.plugin.KotlinJsPluginWrapper                        : loaded 4 times (x 86B)
Class org.jetbrains.kotlin.gradle.plugin.diagnostics.DiagnosticGroup$Kgp$Misconfiguration: loaded 4 times (x 82B)
Class org.jetbrains.kotlin.compilerRunner.CompilerSystemPropertiesService$Companion$registerIfAbsent$1: loaded 4 times (x 75B)
Class org.jetbrains.kotlin.gradle.dsl.KotlinJvmOptions                                : loaded 4 times (x 70B)
Class org.jetbrains.kotlin.gradle.tasks.K2MultiplatformStructure$Fragment             : loaded 4 times (x 72B)
Class org.jetbrains.kotlin.gradle.tasks.KotlinCompile$scriptExtensions$1              : loaded 4 times (x 79B)
Class kotlin.text.StringsKt__AppendableKt                                             : loaded 4 times (x 71B)
Class org.gradle.accessors.dm.LibrariesForLibs                                        : loaded 4 times (x 93B)
Class org.jetbrains.kotlin.gradle.tasks.configuration.BaseKotlinCompileConfig$1$1$1   : loaded 4 times (x 75B)
Class org.jetbrains.kotlin.gradle.dsl.ToolchainSupport                                : loaded 4 times (x 70B)
Class org.jetbrains.kotlin.gradle.utils.StringUtilsKt                                 : loaded 4 times (x 71B)
Class org.jetbrains.kotlin.konan.target.KonanTarget$ANDROID_ARM32                     : loaded 4 times (x 78B)
Class org.jetbrains.kotlin.gradle.plugin.diagnostics.ToolingDiagnostic                : loaded 4 times (x 72B)
Class org.jetbrains.kotlin.gradle.plugin.mpp.InternalKotlinTarget                     : loaded 4 times (x 70B)
Class org.jetbrains.kotlin.gradle.tasks.TasksProviderKt                               : loaded 4 times (x 71B)
Class org.jetbrains.kotlin.gradle.plugin.mpp.compilationImpl.DefaultKotlinCompilationConfigurationsContainer: loaded 4 times (x 84B)
Class org.jetbrains.kotlin.gradle.plugin.PropertiesProvider$localProperties$2         : loaded 4 times (x 79B)
Class org.jetbrains.kotlin.gradle.plugin.sources.DefaultKotlinSourceSetFactory        : loaded 4 times (x 80B)
Class org.jetbrains.kotlin.gradle.utils.StoredLazyProperty$getValue$1                 : loaded 4 times (x 79B)
Class org.jetbrains.kotlin.gradle.plugin.diagnostics.KotlinToolingDiagnostics$JsLikeEnvironmentNotChosenExplicitly: loaded 4 times (x 73B)
Class org.jetbrains.kotlin.gradle.plugin.diagnostics.checkers.JsEnvironmentChecker$1  : loaded 4 times (x 78B)
Class org.jetbrains.kotlin.gradle.plugin.mpp.compilationImpl.factory.KotlinCompilationImplFactory: loaded 4 times (x 72B)
Class [Lorg.jetbrains.kotlin.gradle.plugin.KotlinSourceSet;                           : loaded 4 times (x 69B)
Class org.jetbrains.kotlin.gradle.plugin.ProjectLocalConfigurationsKt                 : loaded 4 times (x 71B)
Class org.jetbrains.kotlin.gradle.plugin.mpp.KotlinTargetWithBinaries                 : loaded 4 times (x 157B)
Class org.jetbrains.kotlin.gradle.plugin.diagnostics.checkers.KotlinTargetAlreadyDeclaredChecker$runChecks$1: loaded 4 times (x 88B)
Class com.google.common.collect.ImmutableList                                         : loaded 4 times (x 206B)
Class org.jetbrains.kotlin.gradle.plugin.KotlinPluginWrapperKt                        : loaded 4 times (x 71B)
Class org.jetbrains.kotlin.gradle.fus.BuildUidService                                 : loaded 4 times (x 80B)
Class org.jetbrains.kotlin.gradle.internal.KotlinDomApiDependencyManagementKt$addKotlinDomApiDependency$1: loaded 4 times (x 75B)
Class org.jetbrains.kotlin.gradle.internal.abi.ConfigsKt$configureLegacyTasks$dumpTaskProvider$1: loaded 4 times (x 75B)
Class org.jetbrains.kotlin.gradle.plugin.internal.MavenPublicationComponentAccessor   : loaded 4 times (x 70B)
Class org.jetbrains.kotlin.gradle.plugin.AbstractKotlinJsPluginWrapper                : loaded 4 times (x 86B)
Class org.jetbrains.kotlin.incremental.ClasspathChanges                               : loaded 4 times (x 71B)
Class org.jetbrains.kotlin.statistics.metrics.IMetricContainerFactory                 : loaded 4 times (x 70B)
Class org.jetbrains.kotlin.gradle.ExternalKotlinTargetApi                             : loaded 4 times (x 70B)
Class org.jetbrains.kotlin.statistics.metrics.BooleanAnonymizationPolicy              : loaded 4 times (x 85B)
Class org.jetbrains.kotlin.statistics.metrics.BooleanOverridePolicy$OVERRIDE          : loaded 4 times (x 85B)
Class org.jetbrains.kotlin.konan.target.KonanTarget                                   : loaded 4 times (x 78B)
Class org.jetbrains.kotlin.gradle.plugin.diagnostics.checkers.AndroidPluginWithoutAndroidTargetChecker$runChecks$1: loaded 4 times (x 88B)
Class org.jetbrains.kotlin.gradle.plugin.diagnostics.checkers.AndroidSourceSetLayoutV1SourceSetsNotFoundChecker$runChecks$1: loaded 4 times (x 88B)
Class org.jetbrains.kotlin.gradle.plugin.diagnostics.KotlinGradleProjectCheckersRunnerKt$launchKotlinGradleProjectCheckers$1$1: loaded 4 times (x 95B)
Class org.jetbrains.kotlin.gradle.plugin.internal.CustomPropertiesFileValueSource$Inject_: loaded 4 times (x 113B)
Class org.jetbrains.kotlin.gradle.targets.CreateDefaultTestRunSideEffectKt            : loaded 4 times (x 71B)
Class org.jetbrains.kotlin.gradle.utils.ProviderApiUtilsKt$mapOrNull$1                : loaded 4 times (x 75B)
Class org.jetbrains.kotlin.gradle.targets.native.toolchain.KotlinNativeBundleBuildService$Companion$registerIfAbsent$1: loaded 4 times (x 75B)
Class org.jetbrains.kotlin.gradle.plugin.PropertiesProvider$kotlinExperimentalTryNext$1: loaded 4 times (x 75B)
Class org.jetbrains.kotlin.gradle.fus.BuildUidService$Companion                       : loaded 4 times (x 71B)
Class org.jetbrains.kotlin.gradle.plugin.VariantImplementationFactoriesConfigurator$Companion$getProvider$1: loaded 4 times (x 74B)
Class org.jetbrains.kotlin.gradle.targets.native.internal.AddKotlinPlatformIntegersSupportLibraryKt: loaded 4 times (x 71B)
Class org.jetbrains.kotlin.gradle.utils.WhenEvaluatedKt                               : loaded 4 times (x 71B)
Class org.jetbrains.kotlin.gradle.plugin.diagnostics.CheckKotlinGradlePluginConfigurationErrorsKt$locateOrRegisterCheckKotlinGradlePluginErrorsTask$taskProvider$1$3: loaded 4 times (x 75B)
Class org.jetbrains.kotlin.gradle.plugin.mpp.InternalKotlinCompilation                : loaded 4 times (x 70B)
Class org.jetbrains.kotlin.gradle.tasks.configuration.BaseKotlinCompileConfig$2       : loaded 4 times (x 79B)
Class org.gradle.accessors.dm.LibrariesForLibs$DatastoreVersionAccessors              : loaded 4 times (x 81B)
Class org.jetbrains.kotlin.gradle.tasks.CompilerPluginOptions                         : loaded 4 times (x 72B)
Class org.jetbrains.kotlin.gradle.plugin.diagnostics.UsesKotlinToolingDiagnosticsKt   : loaded 4 times (x 71B)
Class org.jetbrains.kotlin.konan.target.KonanTarget$IOS_X64                           : loaded 4 times (x 78B)
Class org.jetbrains.kotlin.gradle.plugin.mpp.KotlinTargetSoftwareComponentImpl        : loaded 4 times (x 90B)
Class org.jetbrains.kotlin.build.report.metrics.GcMetrics                             : loaded 4 times (x 72B)
Class org.jetbrains.kotlin.gradle.tasks.DefaultKotlinJavaToolchain$getToolsJarFromJvm$1: loaded 4 times (x 75B)
Class org.jetbrains.kotlin.gradle.plugin.mpp.DefaultKotlinUsageContext$PublishOnlyIf  : loaded 4 times (x 70B)
Class org.jetbrains.kotlin.gradle.dsl.KotlinPublishingDsl                             : loaded 4 times (x 70B)
Class org.jetbrains.kotlin.gradle.plugin.UsesBuildFinishedListenerService             : loaded 4 times (x 70B)
Class org.jetbrains.kotlin.gradle.plugin.internal.CustomPropertiesFileValueSource$Parameters: loaded 4 times (x 70B)
Class kotlin.sequences.Sequence                                                       : loaded 4 times (x 70B)
Class kotlin.text.StringsKt__StringNumberConversionsJVMKt                             : loaded 4 times (x 71B)
Class org.jetbrains.kotlin.gradle.utils.GradleConfigurationUtilsKt                    : loaded 4 times (x 71B)
Class org.gradle.accessors.dm.LibrariesForLibs$AndroidxSecurityLibraryAccessors       : loaded 4 times (x 77B)
Class org.gradle.accessors.dm.LibrariesForLibs$BundleAccessors                        : loaded 4 times (x 73B)
Class org.jetbrains.kotlin.gradle.dsl.KotlinTargetContainerWithPresetFunctions        : loaded 4 times (x 70B)
Class org.jetbrains.kotlin.gradle.tasks.configuration.KaptGenerateStubsConfig$Companion$wireJavaAndKotlinOutputs$1: loaded 4 times (x 79B)
Class org.jetbrains.kotlin.gradle.dsl.KotlinCommonCompilerOptionsHelper               : loaded 4 times (x 71B)
Class org.jetbrains.kotlin.gradle.tasks.abi.AbiToolsTask                              : loaded 4 times (x 326B)
Class org.jetbrains.kotlin.gradle.plugin.KotlinPluginLifecycleCoroutineContextElement : loaded 4 times (x 84B)
Class org.jetbrains.kotlin.gradle.plugin.diagnostics.KotlinToolingDiagnostics         : loaded 4 times (x 71B)
Class org.jetbrains.kotlin.gradle.dsl.PlatformSourceSetConventionsChecker             : loaded 4 times (x 74B)
Class org.jetbrains.kotlin.gradle.plugin.diagnostics.checkers.KotlinSourceSetTreeDependsOnMismatchChecker: loaded 4 times (x 74B)
Class org.jetbrains.kotlin.gradle.targets.CreateDefaultCompilationsSideEffectKt       : loaded 4 times (x 71B)
Class org.jetbrains.kotlin.gradle.plugin.mpp.SyncLanguageSettingsWithKotlinExtensionSetupActionKt: loaded 4 times (x 71B)
Class org.jetbrains.kotlin.gradle.plugin.VariantImplementationFactories$Companion$getProvider$2$1: loaded 4 times (x 79B)
Class org.jetbrains.kotlin.gradle.targets.CreateTargetConfigurationsSideEffectKt$CreateTargetConfigurationsSideEffect$1: loaded 4 times (x 74B)
Class org.jetbrains.kotlin.gradle.artifacts.KotlinMetadataArtifactKt                  : loaded 4 times (x 71B)
Class org.jetbrains.kotlin.gradle.dsl.KotlinTopLevelExtension                         : loaded 4 times (x 70B)
Class org.jetbrains.kotlin.gradle.targets.jvm.KotlinJvmTarget                         : loaded 4 times (x 166B)
Class org.jetbrains.kotlin.gradle.dsl.KotlinSingleJavaTargetExtension                 : loaded 4 times (x 124B)
Class org.jetbrains.kotlin.gradle.plugin.mpp.compilationImpl.KotlinCompilationSourceSetInclusion: loaded 4 times (x 72B)
Class org.jetbrains.kotlin.gradle.plugin.sources.FragmentConsistencyChecks$languageVersionCheck$2: loaded 4 times (x 78B)
Class org.jetbrains.kotlin.gradle.plugin.sources.DefaultLanguageSettingsBuilder       : loaded 4 times (x 100B)
Class org.jetbrains.kotlin.gradle.targets.CreateArtifactsSideEffectKt$CreateArtifactsSideEffect$1: loaded 4 times (x 74B)
Class org.jetbrains.kotlin.gradle.plugin.KotlinGradleFinishBuildHandler               : loaded 4 times (x 72B)
Class org.jetbrains.kotlin.gradle.plugin.mpp.compilationImpl.factory.ConfigurationNaming$Default: loaded 4 times (x 75B)
Class org.jetbrains.kotlin.gradle.targets.js.dsl.KotlinWasmJsTargetDsl                : loaded 4 times (x 70B)
Class org.jetbrains.kotlin.gradle.tasks.configuration.BaseKotlinCompileConfig$1       : loaded 4 times (x 79B)
Class org.jetbrains.kotlin.gradle.plugin.diagnostics.ToolingDiagnosticRenderingOptionsKt$WhenMappings: loaded 4 times (x 71B)
Class org.jetbrains.kotlin.gradle.plugin.KotlinPluginLifecycleImpl$await$2$1          : loaded 4 times (x 79B)
Class org.jetbrains.kotlin.gradle.plugin.mpp.MppSourcesJarKt$sourcesJarTaskNamed$result$1: loaded 4 times (x 79B)
Class org.jetbrains.kotlin.gradle.plugin.diagnostics.checkers.DisabledNativeTargetsChecker$runChecks$1: loaded 4 times (x 88B)
Class [Lorg.jetbrains.kotlin.build.report.metrics.BuildPerformanceMetric;             : loaded 4 times (x 69B)
Class org.jetbrains.kotlin.gradle.internal.properties.NativePropertiesLoader$userProvidedNativeHome$1: loaded 4 times (x 75B)
Class org.jetbrains.kotlin.gradle.plugin.diagnostics.CheckKotlinGradlePluginConfigurationErrors$Companion: loaded 4 times (x 71B)
Class org.jetbrains.kotlin.gradle.tasks.KotlinJvmCompile$DefaultImpls                 : loaded 4 times (x 71B)
Class org.jetbrains.kotlin.gradle.tasks.CacheableTasksKt                              : loaded 4 times (x 71B)
Class org.jetbrains.kotlin.gradle.plugin.mpp.KotlinWithJavaTarget                     : loaded 4 times (x 160B)
Class org.jetbrains.kotlin.konan.target.HostManager$targetValues$2                    : loaded 4 times (x 78B)
Class [Lorg.jetbrains.kotlin.konan.target.Family;                                     : loaded 4 times (x 69B)
Class org.jetbrains.kotlin.gradle.plugin.diagnostics.checkers.UnusedSourceSetsChecker$runChecks$1: loaded 4 times (x 88B)
Class org.jetbrains.kotlin.gradle.targets.js.npm.PeerNpmDependencyExtension           : loaded 4 times (x 70B)
Class org.jetbrains.kotlin.gradle.dsl.AndroidMainSourceSetConventionsChecker          : loaded 4 times (x 74B)
Class org.jetbrains.kotlin.gradle.plugin.diagnostics.checkers.WasmJsEnvironmentChecker$1: loaded 4 times (x 78B)
Class org.jetbrains.kotlin.gradle.targets.js.npm.NpmDependencyExtensionKt$AddNpmDependencyExtensionProjectSetupAction$1: loaded 4 times (x 74B)
Class org.jetbrains.kotlin.build.report.metrics.GradleBuildPerformanceMetric          : loaded 4 times (x 97B)
Class org.jetbrains.kotlin.gradle.internal.properties.PropertiesBuildService$NullableBooleanGradleProperty: loaded 4 times (x 76B)
Class org.jetbrains.kotlin.gradle.plugin.KotlinPluginLifecycle$IllegalLifecycleException: loaded 4 times (x 82B)
Class org.jetbrains.kotlin.gradle.targets.KotlinTargetSideEffect$Companion            : loaded 4 times (x 71B)
Class org.jetbrains.kotlin.gradle.plugin.mpp.compilationImpl.KotlinCreateNativeCompileTasksSideEffectKt$special$$inlined$KotlinCompilationSideEffect$1: loaded 4 times (x 74B)
Class org.jetbrains.kotlin.gradle.utils.StoredPropertyKt$extrasStoredProperty$1       : loaded 4 times (x 78B)
Class org.gradle.accessors.dm.LibrariesForLibs$AssetVersionAccessors                  : loaded 4 times (x 75B)
Class org.jetbrains.kotlin.gradle.tasks.CompileUsingKotlinDaemon                      : loaded 4 times (x 70B)
Class org.jetbrains.kotlin.gradle.internal.abi.AbiFiltersSpecImplKt                   : loaded 4 times (x 71B)
Class org.jetbrains.kotlin.gradle.internal.ClassLoadersCachingBuildService$Companion$registerIfAbsent$2$1$1: loaded 4 times (x 75B)
Class org.jetbrains.kotlin.gradle.plugin.KotlinJvmPlugin$Companion                    : loaded 4 times (x 71B)
Class org.jetbrains.kotlin.gradle.plugin.diagnostics.CheckKotlinGradlePluginConfigurationErrorsKt$locateOrRegisterCheckKotlinGradlePluginErrorsTask$taskProvider$1$2: loaded 4 times (x 75B)
Class org.jetbrains.kotlin.gradle.internal.properties.PropertiesBuildService$property$1$valueFromGradleAndLocalProperties$1: loaded 4 times (x 75B)
Class org.jetbrains.kotlin.gradle.plugin.KotlinPluginWrapperKt$kotlinToolingVersion$2 : loaded 4 times (x 78B)
Class kotlin.jvm.internal.markers.KMappedMarker                                       : loaded 4 times (x 70B)
Class kotlin.comparisons.ComparisonsKt__ComparisonsKt                                 : loaded 4 times (x 71B)
Class kotlin.enums.EnumEntries                                                        : loaded 4 times (x 70B)
Class kotlin.ranges.RangesKt__RangesKt                                                : loaded 4 times (x 71B)
Class kotlin.sequences.SequencesKt__SequencesKt                                       : loaded 4 times (x 71B)
Class kotlin.collections.SetsKt___SetsKt                                              : loaded 4 times (x 71B)
Class org.gradle.accessors.dm.LibrariesForLibs$KspLibraryAccessors                    : loaded 4 times (x 77B)
Class [Lorg.jetbrains.kotlin.gradle.tasks.KotlinCompilerExecutionStrategy;            : loaded 4 times (x 69B)
Class org.jetbrains.kotlin.gradle.internal.diagnostics.GradleCompatibilityCheck$CurrentGradleVersionProvider: loaded 4 times (x 70B)
Class org.jetbrains.kotlin.gradle.tasks.FailedCompilationException                    : loaded 4 times (x 82B)
Class org.jetbrains.kotlin.gradle.plugin.hierarchy.KotlinSourceSetTreeClassifier      : loaded 4 times (x 70B)
Class org.jetbrains.kotlin.gradle.plugin.BuildFinishedListenerService$Companion$registerIfAbsent$1$1: loaded 4 times (x 79B)
Class [Lorg.jetbrains.kotlin.gradle.plugin.KotlinPlatformType;                        : loaded 4 times (x 69B)
Class [Lorg.jetbrains.kotlin.gradle.plugin.diagnostics.ToolingDiagnostic$Severity;    : loaded 4 times (x 69B)
Class org.jetbrains.kotlin.gradle.tasks.configuration.BaseKotlinCompileConfig$2$1$1$1 : loaded 4 times (x 74B)
Class org.jetbrains.kotlin.gradle.tasks.KotlinCompile$ScriptFilterSpec                : loaded 4 times (x 75B)
Class org.jetbrains.kotlin.gradle.internal.abi.AbiValidationLegacyDumpExtensionImpl   : loaded 4 times (x 82B)
Class org.jetbrains.kotlin.gradle.plugin.diagnostics.checkers.ComposePluginSuggestApplyChecker$runChecks$1: loaded 4 times (x 88B)
Class org.jetbrains.kotlin.konan.target.KonanTarget$TVOS_ARM64                        : loaded 4 times (x 78B)
Class org.jetbrains.kotlin.gradle.targets.js.npm.DefaultPeerNpmDependencyExtension    : loaded 4 times (x 141B)
Class org.jetbrains.kotlin.gradle.targets.android.internal.InternalKotlinTargetPreset : loaded 4 times (x 70B)
Class org.jetbrains.kotlin.gradle.plugin.KotlinPluginLifecycleKt                      : loaded 4 times (x 71B)
Class org.jetbrains.kotlin.gradle.plugin.diagnostics.checkers.WasmJsEnvironmentChecker$2: loaded 4 times (x 78B)
Class org.jetbrains.kotlin.gradle.plugin.mpp.AbstractKotlinTarget                     : loaded 4 times (x 150B)
Class org.jetbrains.kotlin.gradle.internal.properties.NativePropertiesLoader$kotlinNativeVersion$1: loaded 4 times (x 75B)
Class org.jetbrains.kotlin.gradle.dsl.KotlinSingleTargetExtension                     : loaded 4 times (x 124B)
Class org.jetbrains.kotlin.gradle.plugin.KotlinPluginWrapper                          : loaded 4 times (x 86B)
Class org.jetbrains.kotlin.gradle.plugin.diagnostics.checkers.ExperimentalTryNextUsageChecker: loaded 4 times (x 74B)
Class org.jetbrains.kotlin.gradle.plugin.KotlinSourceSetTree$Companion                : loaded 4 times (x 71B)
Class org.jetbrains.kotlin.gradle.plugin.mpp.DecoratedKotlinCompilation               : loaded 4 times (x 195B)
Class org.jetbrains.kotlin.gradle.plugin.sources.FragmentConsistencyChecks$languageVersionCheck$1: loaded 4 times (x 79B)
Class org.jetbrains.kotlin.gradle.utils.ConfigurationsKt$maybeCreateDependencyScope$1 : loaded 4 times (x 78B)
Class org.jetbrains.kotlin.gradle.plugin.statistics.UsesBuildFusService               : loaded 4 times (x 70B)
Class org.jetbrains.kotlin.gradle.tasks.K2MultiplatformCompilationTask                : loaded 4 times (x 70B)
Class org.jetbrains.kotlin.gradle.plugin.sources.KotlinDependencyScopeKt$WhenMappings : loaded 4 times (x 71B)
Class org.gradle.accessors.dm.LibrariesForLibs$KotlinxCoroutinesLibraryAccessors      : loaded 4 times (x 79B)
Class org.jetbrains.kotlin.konan.target.UtilsKt$evaluatePresetName$1                  : loaded 4 times (x 78B)
Class org.jetbrains.kotlin.gradle.plugin.diagnostics.checkers.KotlinSourceSetTreeDependsOnMismatchChecker$runChecks$1: loaded 4 times (x 88B)
Class org.jetbrains.kotlin.gradle.plugin.diagnostics.checkers.PreHmppDependenciesUsageChecker$runChecks$1: loaded 4 times (x 88B)
Class org.jetbrains.kotlin.gradle.plugin.mpp.DefaultKotlinUsageContext$1              : loaded 4 times (x 74B)
Class org.jetbrains.kotlin.gradle.plugin.mpp.compilationImpl.KotlinCompilationImpl$associateWith$2: loaded 4 times (x 79B)
Class org.gradle.accessors.dm.LibrariesForLibs$SerializationLibraryAccessors          : loaded 4 times (x 77B)
Class org.jetbrains.kotlin.gradle.plugin.KotlinGradleBuildServices$detectKotlinPluginLoadedInMultipleProjects$onRegister$1: loaded 4 times (x 79B)
Class org.jetbrains.kotlin.gradle.tasks.configuration.BaseKotlinCompileConfig$2$1$1$2 : loaded 4 times (x 74B)
Class org.jetbrains.kotlin.gradle.plugin.mpp.KotlinCompilationsKt$addSourcesToKotlinCompileTask$configureAction$2: loaded 4 times (x 79B)
Class org.jetbrains.kotlin.tooling.core.MutableExtras                                 : loaded 4 times (x 70B)
Class org.jetbrains.kotlin.gradle.internal.properties.PropertiesBuildServiceKt$propertyWithDeprecatedName$1: loaded 4 times (x 75B)
Class org.jetbrains.kotlin.gradle.targets.js.npm.NpmDependencyExtension               : loaded 4 times (x 70B)
Class org.jetbrains.kotlin.gradle.dsl.KotlinGradlePluginDsl                           : loaded 4 times (x 70B)
Class org.jetbrains.kotlin.gradle.plugin.mpp.compilationImpl.KotlinCreateLifecycleTasksSideEffectKt$KotlinCreateLifecycleTasksSideEffect$1: loaded 4 times (x 74B)
Class org.jetbrains.kotlin.gradle.plugin.mpp.compilationImpl.KotlinCompilationTaskNamesContainer: loaded 4 times (x 72B)
Class org.jetbrains.kotlin.gradle.plugin.LanguageSettingsBuilder                      : loaded 4 times (x 70B)
Class org.jetbrains.kotlin.gradle.plugin.mpp.compilationImpl.factory.KotlinCompilationImplFactory$KotlinCompilerOptionsFactory: loaded 4 times (x 70B)
Class org.jetbrains.kotlin.gradle.plugin.diagnostics.checkers.WasmWasiEnvironmentChecker: loaded 4 times (x 76B)
Class org.jetbrains.kotlin.gradle.plugin.diagnostics.checkers.WasmJsEnvironmentChecker$3: loaded 4 times (x 78B)
Class org.jetbrains.kotlin.gradle.targets.ConfigureBuildSideEffectKt                  : loaded 4 times (x 71B)
Class org.jetbrains.kotlin.gradle.artifacts.KotlinTargetArtifact$Companion            : loaded 4 times (x 71B)
Class org.jetbrains.kotlin.gradle.internal.diagnostics.GradleCompatibilityCheck       : loaded 4 times (x 71B)
Class org.jetbrains.kotlin.gradle.internal.properties.PropertiesBuildService$Params   : loaded 4 times (x 70B)
Class [Lorg.jetbrains.kotlin.gradle.plugin.KotlinPluginLifecycle$Stage;               : loaded 4 times (x 69B)
Class org.jetbrains.kotlin.gradle.internal.tasks.TaskWithLocalState                   : loaded 4 times (x 70B)
Class org.jetbrains.kotlin.gradle.utils.PersistentCachesKt                            : loaded 4 times (x 71B)
Class org.jetbrains.kotlin.gradle.internal.properties.NativePropertiesLoader$forceDisableRunningInProcess$1: loaded 4 times (x 75B)
Class org.jetbrains.kotlin.gradle.targets.native.UsesKonanPropertiesBuildService      : loaded 4 times (x 70B)
Class org.jetbrains.kotlin.gradle.utils.ProviderApiUtilsKt                            : loaded 4 times (x 71B)
Class org.jetbrains.kotlin.gradle.targets.CreateDefaultTestRunSideEffectKt$special$$inlined$KotlinTargetSideEffect$1: loaded 4 times (x 74B)
Class org.jetbrains.kotlin.gradle.plugin.mpp.compilationImpl.KotlinCompilationSourceSetInclusion$DefaultAddSourcesToCompileTask: loaded 4 times (x 74B)
Class org.jetbrains.kotlin.gradle.plugin.mpp.KotlinMetadataTarget                     : loaded 4 times (x 161B)
Class org.jetbrains.kotlin.gradle.plugin.mpp.InternalKotlinCompilation$DefaultImpls   : loaded 4 times (x 71B)
Class org.jetbrains.kotlin.gradle.targets.CreateNonPackedKlibVariantsSideEffectKt     : loaded 4 times (x 71B)
Class org.jetbrains.kotlin.gradle.plugin.mpp.InternalKotlinTargetComponent            : loaded 4 times (x 93B)
Class org.jetbrains.kotlin.gradle.plugin.sources.FragmentConsistencyChecks            : loaded 4 times (x 72B)
Class org.jetbrains.kotlin.gradle.tasks.configuration.BaseKotlinCompileConfig$1$jvmToolchain$1: loaded 4 times (x 74B)
Class org.jetbrains.kotlin.gradle.plugin.diagnostics.IsAttachedToTerminalValueSource  : loaded 4 times (x 80B)
Class kotlin.text.StringsKt__RegexExtensionsJVMKt                                     : loaded 4 times (x 71B)
Class kotlin.collections.ArraysKt___ArraysJvmKt                                       : loaded 4 times (x 71B)
Class kotlin.collections.CollectionsKt__CollectionsKt                                 : loaded 4 times (x 71B)
Class org.jetbrains.kotlin.gradle.dsl.PlatformSourceSetConventionsChecker$runChecks$$inlined$CheckedPlatformInfo$default$1: loaded 4 times (x 78B)
Class org.gradle.accessors.dm.LibrariesForLibs$AndroidxComposeLibraryAccessors        : loaded 4 times (x 82B)
Class org.jetbrains.kotlin.gradle.dsl.AndroidMainSourceSetConventionsChecker$runChecks$1: loaded 4 times (x 88B)
Class org.jetbrains.kotlin.gradle.internal.KotlinTestDependencyManagementKt$configureKotlinTestDependency$2: loaded 4 times (x 75B)
Class org.jetbrains.kotlin.statistics.metrics.BooleanMetrics                          : loaded 4 times (x 80B)
Class org.jetbrains.kotlin.compilerRunner.GradleCompilerRunner                        : loaded 4 times (x 73B)
Class org.jetbrains.kotlin.gradle.tasks.KotlinJavaToolchain$JdkSetter                 : loaded 4 times (x 70B)
Class org.jetbrains.kotlin.gradle.plugin.KotlinPluginLifecycle$ProjectConfigurationResult$Success: loaded 4 times (x 71B)
Class org.jetbrains.kotlin.gradle.tasks.K2MultiplatformStructure_Decorated            : loaded 4 times (x 131B)
Class org.jetbrains.kotlin.gradle.internal.abi.AbiValidationExtensionImpl$variants$1  : loaded 4 times (x 75B)
Class org.jetbrains.kotlin.gradle.internal.abi.AbiValidationVariantSpecImpl           : loaded 4 times (x 86B)
Class org.jetbrains.kotlin.gradle.internal.StdlibDependencyManagementKt$configureStdlibVersionAlignment$1: loaded 4 times (x 75B)
Class org.gradle.accessors.dm.LibrariesForLibs$AndroidxNavigationLibraryAccessors     : loaded 4 times (x 77B)
Class org.jetbrains.kotlin.gradle.plugin.diagnostics.checkers.OverriddenKotlinNativeHomeChecker$StdlibExistenceCheckerValueSource$Params$Inject_: loaded 4 times (x 106B)
Class org.jetbrains.kotlin.gradle.plugin.diagnostics.checkers.OverriddenKotlinNativeHomeChecker$allKonanMainSubdirectoriesExist$1$1: loaded 4 times (x 75B)
Class org.jetbrains.kotlin.gradle.dsl.PlatformSourceSetConventionsChecker$CheckedPlatformInfo: loaded 4 times (x 72B)
Class org.jetbrains.kotlin.gradle.plugin.diagnostics.checkers.WasmJsEnvironmentChecker$4: loaded 4 times (x 78B)
Class org.jetbrains.kotlin.gradle.plugin.mpp.KotlinUsages$KotlinCinteropDisambiguation: loaded 4 times (x 76B)
Class org.jetbrains.kotlin.gradle.report.BuildReportType$Companion                    : loaded 4 times (x 71B)
Class org.jetbrains.kotlin.gradle.plugin.KotlinPluginInMultipleProjectsHolder         : loaded 4 times (x 72B)
Class org.jetbrains.kotlin.gradle.plugin.mpp.KotlinNativeTarget                       : loaded 4 times (x 167B)
Class org.jetbrains.kotlin.gradle.plugin.mpp.compilationImpl.KotlinCompilationAssociator: loaded 4 times (x 70B)
Class org.jetbrains.kotlin.gradle.targets.native.KonanPropertiesBuildService$Companion$registerIfAbsent$1: loaded 4 times (x 75B)
Class org.jetbrains.kotlin.gradle.utils.ProjectExtensionsKt                           : loaded 4 times (x 71B)
Class org.jetbrains.kotlin.gradle.plugin.diagnostics.KotlinGradleProjectChecker$Companion: loaded 4 times (x 71B)
Class org.jetbrains.kotlin.gradle.plugin.KotlinGradleBuildServices$Parameters         : loaded 4 times (x 70B)
Class kotlin.text.CharsKt__CharJVMKt                                                  : loaded 4 times (x 71B)
Class org.jetbrains.kotlin.gradle.utils.StoredLazyProperty                            : loaded 4 times (x 75B)
Class org.jetbrains.kotlin.gradle.internal.CompilerArgumentAware                      : loaded 4 times (x 70B)
Class org.jetbrains.kotlin.gradle.plugin.mpp.compilationImpl.KotlinCreateSourcesJarTaskSideEffectKt$KotlinCreateSourcesJarTaskSideEffect$1: loaded 4 times (x 74B)
Class kotlin.comparisons.ComparisonsKt                                                : loaded 4 times (x 71B)
Class kotlin.text.Regex$Companion                                                     : loaded 4 times (x 71B)
Class org.gradle.accessors.dm.LibrariesForLibs$AndroidxHiltNavigationLibraryAccessors : loaded 4 times (x 77B)
Class org.jetbrains.kotlin.gradle.plugin.internal.CompatibilityConventionRegistrar$Factory: loaded 4 times (x 70B)
Class org.jetbrains.kotlin.gradle.plugin.diagnostics.checkers.DisabledNativeTargetsChecker: loaded 4 times (x 74B)
Class org.jetbrains.kotlin.gradle.tasks.KotlinCompilerPluginData$InputsOutputsState   : loaded 4 times (x 72B)
Class org.jetbrains.kotlin.gradle.targets.js.dsl.KotlinWasmWasiTargetDsl              : loaded 4 times (x 70B)
Class org.jetbrains.kotlin.gradle.plugin.SubpluginEnvironmentKt$sam$org_gradle_api_Action$0: loaded 4 times (x 75B)
Class org.jetbrains.kotlin.gradle.internal.IsInIdeaSyncValueSource$Inject_            : loaded 4 times (x 109B)
Class org.jetbrains.kotlin.gradle.targets.native.KonanPropertiesBuildService$Parameters: loaded 4 times (x 70B)
Class org.jetbrains.kotlin.gradle.plugin.KotlinPluginLifecycleKt$kotlinPluginLifecycle$2: loaded 4 times (x 78B)
Class org.jetbrains.kotlin.gradle.plugin.sources.FragmentConsistencyChecks$optInAnnotationsCheck$1: loaded 4 times (x 79B)
Class org.jetbrains.kotlin.gradle.plugin.mpp.compilationImpl.DefaultKotlinCompilationFriendPathsResolver$CompositeFriendArtifactResolver: loaded 4 times (x 75B)
Class org.jetbrains.kotlin.gradle.plugin.mpp.AbstractKotlinCompilationToRunnableFiles : loaded 4 times (x 200B)
Class org.jetbrains.kotlin.gradle.artifacts.KotlinMetadataArtifactKt$KotlinMetadataArtifact$1: loaded 4 times (x 74B)
Class org.jetbrains.kotlin.gradle.plugin.mpp.KotlinUsages$KotlinMetadataCompatibility : loaded 4 times (x 76B)
Class [Lorg.jetbrains.kotlin.gradle.dsl.JvmTarget;                                    : loaded 4 times (x 69B)
Class org.jetbrains.kotlin.gradle.internal.properties.PropertiesBuildService$property$1$1: loaded 4 times (x 75B)
Class org.jetbrains.kotlin.gradle.utils.ConfigurationsKt$maybeCreateResolvable$1      : loaded 4 times (x 78B)
Class org.jetbrains.kotlin.tooling.core.Extras$Type                                   : loaded 4 times (x 72B)
Class org.jetbrains.kotlin.tooling.core.Extras$Entry$Companion                        : loaded 4 times (x 71B)
Class kotlin.NoWhenBranchMatchedException                                             : loaded 4 times (x 82B)
Class org.jetbrains.kotlin.project.model.LanguageSettings                             : loaded 4 times (x 70B)
Class org.jetbrains.kotlin.gradle.plugin.KotlinTargetConfiguratorKt$WhenMappings      : loaded 4 times (x 71B)
Class org.jetbrains.kotlin.gradle.plugin.diagnostics.checkers.OverriddenKotlinNativeHomeChecker$StdlibExistenceCheckerValueSource$Params_Decorated: loaded 4 times (x 130B)
Class org.jetbrains.kotlin.gradle.internal.KotlinTestDependencyManagementKt$configureKotlinTestDependency$1: loaded 4 times (x 79B)
Class org.jetbrains.kotlin.gradle.dsl.jvm.JvmTargetValidationMode                     : loaded 4 times (x 79B)
Class kotlin.comparisons.ComparisonsKt___ComparisonsKt                                : loaded 4 times (x 71B)
Class org.jetbrains.kotlin.gradle.internal.diagnostics.KotlinCompilerEmbeddableCheck  : loaded 4 times (x 71B)
Class org.jetbrains.kotlin.gradle.plugin.VariantImplementationFactories               : loaded 4 times (x 75B)
Class kotlin.jvm.internal.CallableReference                                           : loaded 4 times (x 106B)
Class org.jetbrains.kotlin.gradle.utils.WhenPluginEnabledKt                           : loaded 4 times (x 71B)
Class kotlin.enums.EnumEntriesList                                                    : loaded 4 times (x 223B)
Class kotlin.jvm.internal.FunctionReference                                           : loaded 4 times (x 122B)
Class kotlin.jvm.internal.FunctionBase                                                : loaded 4 times (x 70B)
Class kotlin.sequences.FilteringSequence                                              : loaded 4 times (x 75B)
Class org.jetbrains.kotlin.gradle.plugin.diagnostics.checkers.AndroidPublicationNotConfiguredChecker: loaded 4 times (x 74B)
Class org.gradle.accessors.dm.LibrariesForLibs$ComposeUiVersionAccessors              : loaded 4 times (x 75B)
Class org.jetbrains.kotlin.gradle.plugin.DefaultKotlinBasePlugin$addKotlinCompilerConfiguration$2$1$1: loaded 4 times (x 75B)
Class org.jetbrains.kotlin.gradle.targets.native.ConfigureFrameworkExportSideEffectKt : loaded 4 times (x 71B)
Class org.jetbrains.kotlin.gradle.plugin.mpp.KotlinSoftwareComponentKt                : loaded 4 times (x 71B)
Class org.jetbrains.kotlin.gradle.plugin.sources.FragmentConsistencyChecks$optInAnnotationsCheck$2: loaded 4 times (x 78B)
Class org.jetbrains.kotlin.gradle.targets.NativeForwardImplementationToApiElementsSideEffectKt$special$$inlined$KotlinTargetSideEffect$1: loaded 4 times (x 74B)
Class org.jetbrains.kotlin.gradle.plugin.mpp.KotlinVariant                            : loaded 4 times (x 101B)
Class org.jetbrains.kotlin.gradle.plugin.statistics.BuildFusServiceKt                 : loaded 4 times (x 71B)
Class org.jetbrains.kotlin.gradle.plugin.BuildFinishedListenerService$Companion       : loaded 4 times (x 71B)
Class org.jetbrains.kotlin.gradle.plugin.BuildFinishedListenerService                 : loaded 4 times (x 80B)
Class com.google.common.collect.Iterators$ArrayItr                                    : loaded 4 times (x 97B)
Class org.jetbrains.kotlin.gradle.plugin.mpp.KotlinTargetSoftwareComponent            : loaded 4 times (x 89B)
Class org.jetbrains.kotlin.konan.target.Architecture                                  : loaded 4 times (x 79B)
Class [Lorg.jetbrains.kotlin.gradle.plugin.HasProject;                                : loaded 4 times (x 69B)
Class org.jetbrains.kotlin.gradle.internal.diagnostics.AgpCompatibilityCheck          : loaded 4 times (x 71B)
Class [Lorg.jetbrains.kotlin.build.report.metrics.ValueType;                          : loaded 4 times (x 69B)
Class org.jetbrains.kotlin.gradle.internal.properties.NativePropertiesLoader$nativeCacheKind$1: loaded 4 times (x 75B)
Class org.jetbrains.kotlin.gradle.plugin.mpp.compilationImpl.KotlinCompilationSourceSetInclusion$Companion: loaded 4 times (x 71B)
Class org.jetbrains.kotlin.compilerRunner.UsesCompilerSystemPropertiesService         : loaded 4 times (x 70B)
Class org.jetbrains.kotlin.compilerRunner.GradleCliCommonizerKt$maybeCreateCommonizerClasspathConfiguration$1$1: loaded 4 times (x 75B)
Class org.jetbrains.kotlin.gradle.plugin.diagnostics.KotlinToolingDiagnosticsCollector$Parameter$Inject_: loaded 4 times (x 106B)
Class kotlin.comparisons.ComparisonsKt___ComparisonsJvmKt                             : loaded 4 times (x 71B)
Class org.jetbrains.kotlin.gradle.plugin.diagnostics.checkers.MissingNativeStdlibChecker$runChecks$1: loaded 4 times (x 88B)
Class kotlin.collections.CollectionsKt__IteratorsJVMKt                                : loaded 4 times (x 71B)
Class org.gradle.accessors.dm.LibrariesForLibs$AndroidxRoomLibraryAccessors           : loaded 4 times (x 80B)
Class org.gradle.accessors.dm.LibrariesForLibs$AndroidxComposeMaterialLibraryAccessors: loaded 4 times (x 77B)
Class org.gradle.accessors.dm.LibrariesForLibs$PlayLibraryAccessors                   : loaded 4 times (x 77B)
Class org.jetbrains.kotlin.gradle.tooling.BuildKotlinToolingMetadataTaskKt$RegisterBuildKotlinToolingMetadataTask$1: loaded 4 times (x 74B)
Class org.jetbrains.kotlin.konan.target.KonanTarget$WATCHOS_DEVICE_ARM64              : loaded 4 times (x 78B)
Class org.jetbrains.kotlin.gradle.tasks.AbstractKotlinCompileTool$sources$1           : loaded 4 times (x 79B)
Class org.jetbrains.kotlin.gradle.plugin.KotlinSourceSetTree                          : loaded 4 times (x 72B)
Class org.jetbrains.kotlin.gradle.plugin.sources.android.AndroidVariantType           : loaded 4 times (x 79B)
Class [Lorg.jetbrains.kotlin.gradle.plugin.sources.android.AndroidVariantType;        : loaded 4 times (x 69B)
Class org.jetbrains.kotlin.gradle.plugin.diagnostics.checkers.OverriddenKotlinNativeHomeChecker$allKonanMainSubdirectoriesExist$1: loaded 4 times (x 75B)
Class org.jetbrains.kotlin.gradle.plugin.sources.AbstractKotlinSourceSet              : loaded 4 times (x 139B)
Class org.jetbrains.kotlin.gradle.tasks.configuration.TaskConfigAction                : loaded 4 times (x 72B)
Class org.jetbrains.kotlin.gradle.internal.StdlibDependencyManagementKt$addStdlibDependency$1$1$1: loaded 4 times (x 75B)
Class org.jetbrains.kotlin.gradle.plugin.KotlinPluginLifecycle$Stage                  : loaded 4 times (x 79B)
Class [Lorg.jetbrains.kotlin.gradle.plugin.diagnostics.checkers.GradleDeprecatedPropertyChecker$DeprecatedProperty;: loaded 4 times (x 69B)
Class org.jetbrains.kotlin.gradle.plugin.mpp.compilationImpl.KotlinCreateResourcesTaskSideEffectKt$KotlinCreateResourcesTaskSideEffect$1: loaded 4 times (x 74B)
Class org.jetbrains.kotlin.gradle.targets.jvm.KotlinJvmTargetTestFixturesSideEffectKt : loaded 4 times (x 71B)
Class org.jetbrains.kotlin.gradle.plugin.AbstractKotlinPlugin$Companion               : loaded 4 times (x 71B)
Class org.jetbrains.kotlin.gradle.plugin.sources.KotlinSourceSetFactory               : loaded 4 times (x 80B)
Class org.jetbrains.kotlin.gradle.plugin.SubpluginEnvironment                         : loaded 4 times (x 72B)
Class org.jetbrains.kotlin.gradle.plugin.diagnostics.ProblemsReporterKt               : loaded 4 times (x 71B)
Class org.jetbrains.kotlin.gradle.internal.ClassLoadersCachingBuildService$Companion  : loaded 4 times (x 71B)
Class org.jetbrains.kotlin.gradle.internal.IdeaKt$isInIdeaSync$1                      : loaded 4 times (x 74B)
Class org.jetbrains.kotlin.gradle.plugin.mpp.InternalKotlinTargetKt$special$$inlined$extrasStoredFuture$1: loaded 4 times (x 79B)
Class org.jetbrains.kotlin.tooling.core.ExtrasProperty                                : loaded 4 times (x 70B)
Class kotlin.jvm.internal.CallableReference$NoReceiver                                : loaded 4 times (x 71B)
Class org.jetbrains.kotlin.gradle.tasks.DefaultKotlinJavaToolchain$currentJvmJdkToolsJar$1: loaded 4 times (x 74B)
Class org.gradle.accessors.dm.LibrariesForLibs$MoshiLibraryAccessors                  : loaded 4 times (x 79B)
Class org.gradle.accessors.dm.LibrariesForLibs$AndroidxHiltLibraryAccessors           : loaded 4 times (x 79B)
Class org.jetbrains.kotlin.gradle.utils.MutableObservableSetImpl                      : loaded 4 times (x 163B)
Class kotlin.text.StringsKt__StringBuilderKt                                          : loaded 4 times (x 71B)
Class org.jetbrains.kotlin.gradle.plugin.mpp.compilationImpl.KotlinCompilationSourceSetInclusion$AddSourcesToCompileTask: loaded 4 times (x 70B)
Class org.jetbrains.kotlin.gradle.tasks.KotlinTasksProvider                           : loaded 4 times (x 72B)
Class org.jetbrains.kotlin.gradle.dsl.DefaultToolchainSupport$wireToolchainToTasks$1  : loaded 4 times (x 75B)
Class org.jetbrains.kotlin.gradle.dsl.KotlinCommonCompilerOptions                     : loaded 4 times (x 70B)
Class org.jetbrains.kotlin.gradle.plugin.KotlinJsCompilerTypeHolder                   : loaded 4 times (x 70B)
Class org.jetbrains.kotlin.gradle.targets.native.internal.PlatformLibrariesGenerator$Companion: loaded 4 times (x 71B)
Class org.jetbrains.kotlin.gradle.plugin.DefaultKotlinBasePlugin$setupAttributeMatchingStrategy$1$2: loaded 4 times (x 79B)
Class org.jetbrains.kotlin.compilerRunner.CompilerSystemPropertiesService$Companion   : loaded 4 times (x 71B)
Class org.jetbrains.kotlin.gradle.internal.properties.PropertiesBuildService$MemoizedCallable: loaded 4 times (x 75B)
Class org.jetbrains.kotlin.gradle.internal.KotlinDependenciesManagementKt             : loaded 4 times (x 71B)
Class org.jetbrains.kotlin.gradle.utils.ProviderApiUtilsKt$mapOrNull$1$1              : loaded 4 times (x 75B)
Class [Lorg.jetbrains.kotlin.build.report.metrics.BuildAttribute;                     : loaded 4 times (x 69B)
Class org.jetbrains.kotlin.gradle.plugin.hierarchy.KotlinSourceSetTreeClassifier$Default: loaded 4 times (x 71B)
Class org.jetbrains.kotlin.gradle.plugin.internal.DefaultMavenPublicationComponentAccessorFactory: loaded 4 times (x 76B)
Class org.jetbrains.kotlin.gradle.plugin.diagnostics.checkers.OverriddenKotlinNativeHomeChecker$StdlibExistenceCheckerValueSource: loaded 4 times (x 78B)
Class org.jetbrains.kotlin.gradle.plugin.KotlinProjectSetupAction$Companion           : loaded 4 times (x 71B)
Class org.jetbrains.kotlin.gradle.tasks.configuration.AbstractKotlinCompileConfig     : loaded 4 times (x 72B)
Class org.jetbrains.kotlin.gradle.targets.native.KotilnNativeConfigureBinariesSideEffectKt$special$$inlined$KotlinTargetSideEffect$1: loaded 4 times (x 74B)
Class org.jetbrains.kotlin.gradle.plugin.mpp.InternalKotlinCompilationKt              : loaded 4 times (x 71B)
Class org.jetbrains.kotlin.gradle.plugin.mpp.compilationImpl.KotlinCompilationImpl$attributes$2: loaded 4 times (x 79B)
Class org.jetbrains.kotlin.gradle.utils.IsolatedKotlinClasspathClassCastException     : loaded 4 times (x 82B)
Class com.google.common.collect.UnmodifiableIterator                                  : loaded 4 times (x 80B)
Class org.jetbrains.kotlin.gradle.plugin.mpp.compilationImpl.factory.KotlinCompilationImplFactory$ProcessResourcesTaskNameFactory: loaded 4 times (x 70B)
Class org.jetbrains.kotlin.gradle.plugin.mpp.KotlinUsageContext$MavenScope            : loaded 4 times (x 79B)
Class org.jetbrains.kotlin.gradle.internal.IsInIdeaEnvironmentValueSource$Inject_     : loaded 4 times (x 100B)
Class org.jetbrains.kotlin.gradle.targets.js.npm.NpmDirectoryDependencyExtension      : loaded 4 times (x 70B)
Class org.jetbrains.kotlin.gradle.tasks.KotlinCompilationTask                         : loaded 4 times (x 70B)
Class org.jetbrains.kotlin.konan.target.HostManager                                   : loaded 4 times (x 72B)
Class org.jetbrains.kotlin.gradle.internal.properties.PropertiesBuildService$property$2: loaded 4 times (x 79B)
Class org.jetbrains.kotlin.gradle.plugin.hierarchy.KotlinSourceSetTreeClassifierKt$sourceSetTreeClassifier$2: loaded 4 times (x 78B)
Class org.jetbrains.kotlin.build.report.metrics.BuildAttributes$Companion             : loaded 4 times (x 71B)
Class org.jetbrains.kotlin.gradle.tasks.configuration.AbstractKotlinCompileConfig$2$2$1: loaded 4 times (x 75B)
Class org.gradle.accessors.dm.LibrariesForLibs$ComposeLibraryAccessors                : loaded 4 times (x 77B)
Class org.jetbrains.kotlin.gradle.utils.Completable$await$1                           : loaded 4 times (x 88B)
Class kotlin.collections.ArraysKt__ArraysJVMKt                                        : loaded 4 times (x 71B)
Class org.jetbrains.kotlin.gradle.internal.StdlibDependencyManagementKt$isStdlibAddedByUser$2: loaded 4 times (x 78B)
Class org.jetbrains.kotlin.gradle.tasks.GradleCompileTaskProvider_Decorated           : loaded 4 times (x 117B)
Class org.gradle.accessors.dm.LibrariesForLibs$HiltLibraryAccessors                   : loaded 4 times (x 79B)
Class kotlin.Pair                                                                     : loaded 4 times (x 72B)
Class org.gradle.accessors.dm.LibrariesForLibs$KotlinxVersionAccessors                : loaded 4 times (x 75B)
Class org.jetbrains.kotlin.gradle.tasks.AbstractKotlinCompile$friendPathsSet$1        : loaded 4 times (x 75B)
Class org.jetbrains.kotlin.build.report.metrics.BuildAttributes                       : loaded 4 times (x 72B)
Class org.jetbrains.kotlin.statistics.metrics.BooleanOverridePolicy                   : loaded 4 times (x 85B)
Class org.jetbrains.kotlin.gradle.tasks.DefaultKotlinJavaToolchain$DefaultJavaToolchainSetter$useAsConvention$1: loaded 4 times (x 75B)
Class org.jetbrains.kotlin.gradle.plugin.KotlinCompilerArgumentsProducer$CreateCompilerArgumentsContext: loaded 4 times (x 70B)
Class org.jetbrains.kotlin.gradle.plugin.abi.AbiValidationTaskSet$setClasspath$1      : loaded 4 times (x 75B)
Class org.jetbrains.kotlin.gradle.utils.GradleAttributesContainerUtilsKt$copyAttributeTo$1: loaded 4 times (x 79B)
Class org.jetbrains.kotlin.gradle.plugin.hierarchy.KotlinSourceSetTreeClassifierKt$classify$1: loaded 4 times (x 88B)
Class org.jetbrains.kotlin.gradle.plugin.AbstractKotlinAndroidPluginWrapper           : loaded 4 times (x 86B)
Class [Lorg.jetbrains.kotlin.konan.target.KonanTarget;                                : loaded 4 times (x 69B)
Class org.jetbrains.kotlin.konan.target.KonanTarget$MACOS_X64                         : loaded 4 times (x 78B)
Class org.jetbrains.kotlin.gradle.plugin.diagnostics.checkers.WasmSourceSetsNotFoundChecker: loaded 4 times (x 74B)
Class org.jetbrains.kotlin.gradle.plugin.diagnostics.checkers.AndroidSourceSetLayoutV1SourceSetsNotFoundChecker$androidSourceSetRegex$2: loaded 4 times (x 78B)
Class org.jetbrains.kotlin.gradle.plugin.KotlinSourceSet$Companion                    : loaded 4 times (x 71B)
Class com.google.common.collect.Iterators$SingletonIterator                           : loaded 4 times (x 81B)
Class org.jetbrains.kotlin.gradle.plugin.mpp.compilationImpl.KotlinCompilationImpl    : loaded 4 times (x 145B)
Class org.jetbrains.kotlin.gradle.internal.IdeaKt                                     : loaded 4 times (x 71B)
Class org.jetbrains.kotlin.gradle.plugin.DefaultKotlinBasePlugin$addKotlinCompilerConfiguration$3: loaded 4 times (x 75B)
Class org.jetbrains.kotlin.gradle.plugin.KotlinGradleBuildServices$Parameters_Decorated: loaded 4 times (x 130B)
Class org.jetbrains.kotlin.gradle.plugin.UsesKotlinGradleBuildServices                : loaded 4 times (x 70B)
Class com.google.common.collect.PeekingIterator                                       : loaded 4 times (x 70B)
Class org.jetbrains.kotlin.gradle.internal.properties.PropertiesBuildService$property$1: loaded 4 times (x 79B)
Class org.jetbrains.kotlin.gradle.plugin.DefaultKotlinBasePlugin$setupAttributeMatchingStrategy$1$1: loaded 4 times (x 79B)
Class org.jetbrains.kotlin.gradle.targets.KotlinTargetSideEffect                      : loaded 4 times (x 70B)
Class org.jetbrains.kotlin.gradle.plugin.diagnostics.ToolingDiagnosticFactory         : loaded 4 times (x 73B)
Class org.jetbrains.kotlin.gradle.internal.ClassLoadersCachingBuildService$Companion$registerIfAbsent$1: loaded 4 times (x 75B)
Class org.jetbrains.kotlin.gradle.plugin.diagnostics.checkers.DuplicateSourceSetChecker: loaded 4 times (x 74B)
Class kotlin.collections.CollectionsKt__MutableCollectionsKt                          : loaded 4 times (x 71B)
Class org.jetbrains.kotlin.gradle.dsl.KotlinProjectExtensionKt                        : loaded 4 times (x 71B)
Class org.jetbrains.kotlin.gradle.plugin.diagnostics.KotlinToolingDiagnosticsSetupActionKt$KotlinToolingDiagnosticsSetupAction$1: loaded 4 times (x 74B)
Class org.jetbrains.kotlin.gradle.plugin.diagnostics.KotlinGradleProjectCheckerContext: loaded 4 times (x 72B)
Class [Lorg.jetbrains.kotlin.gradle.dsl.PlatformSourceSetConventionsChecker$CheckedPlatformInfo;: loaded 4 times (x 69B)
Class org.jetbrains.kotlin.gradle.plugin.abi.AbiValidationTaskSet$setClasspath$2      : loaded 4 times (x 75B)
Class org.jetbrains.kotlin.compilerRunner.GradleCompilerRunner$Companion              : loaded 4 times (x 71B)
Class org.jetbrains.kotlin.gradle.plugin.diagnostics.checkers.OverriddenKotlinNativeHomeChecker$StdlibExistenceCheckerValueSource$Inject_: loaded 4 times (x 109B)
Class org.jetbrains.kotlin.gradle.plugin.mpp.compilationImpl.factory.KotlinCompilationImplFactory$KotlinCompilationDependencyConfigurationsFactory: loaded 4 times (x 70B)
Class [Lorg.jetbrains.kotlin.gradle.plugin.mpp.compilationImpl.factory.KotlinCompilationImplFactory$PostConfigure;: loaded 4 times (x 69B)
Class org.jetbrains.kotlin.gradle.plugin.KotlinCompilationWithResources               : loaded 4 times (x 70B)
Class org.jetbrains.kotlin.gradle.plugin.KotlinTargetPreset                           : loaded 4 times (x 70B)
Class org.jetbrains.kotlin.gradle.plugin.diagnostics.checkers.KotlinTargetAlreadyDeclaredChecker: loaded 4 times (x 74B)
Class org.jetbrains.kotlin.gradle.plugin.mpp.compilationImpl.KotlinCompilationProcessorSideEffectKt: loaded 4 times (x 71B)
Class org.jetbrains.kotlin.gradle.utils.FileUtilsKt$localProperties$1                 : loaded 4 times (x 75B)
Class org.gradle.accessors.dm.LibrariesForLibs$SqlcipherLibraryAccessors              : loaded 4 times (x 77B)
Class org.jetbrains.kotlin.gradle.dsl.HasConfigurableKotlinCompilerOptions            : loaded 4 times (x 70B)
Class org.gradle.accessors.dm.LibrariesForLibs$AndroidxLifecycleLibraryAccessors      : loaded 4 times (x 78B)
Class org.jetbrains.kotlin.gradle.plugin.mpp.compilationImpl.KotlinCompilationSourceSetInclusion$include$1: loaded 4 times (x 79B)
Class org.gradle.accessors.dm.LibrariesForLibs$ComposeCompilerLibraryAccessors        : loaded 4 times (x 77B)
Class org.jetbrains.kotlin.gradle.plugin.internal.UsesBuildIdProviderService          : loaded 4 times (x 70B)
Class org.gradle.accessors.dm.LibrariesForLibs$KotlinxSerializationLibraryAccessors   : loaded 4 times (x 77B)
Class org.jetbrains.kotlin.gradle.tasks.BaseKotlinCompile                             : loaded 4 times (x 70B)
Class org.jetbrains.kotlin.gradle.plugin.KotlinCompilationInfo                        : loaded 4 times (x 88B)
Class kotlin.collections.SetsKt__SetsKt                                               : loaded 4 times (x 71B)
Class org.jetbrains.kotlin.compilerRunner.CompilerSystemPropertiesService$Companion$registerIfAbsent$2$1$1: loaded 4 times (x 75B)
Class com.google.common.base.Preconditions                                            : loaded 4 times (x 71B)
Class org.jetbrains.kotlin.gradle.logging.GradleLoggingUtilsKt                        : loaded 4 times (x 71B)
Class org.jetbrains.kotlin.gradle.targets.native.internal.PlatformLibrariesGenerator$GeneratedPlatformLibrariesService: loaded 4 times (x 76B)
Class kotlin.io.TerminateException                                                    : loaded 4 times (x 82B)
Class kotlin.io.FilesKt__FilePathComponentsKt                                         : loaded 4 times (x 71B)
Class org.jetbrains.kotlin.gradle.utils.FutureKt                                      : loaded 4 times (x 71B)
Class kotlin.reflect.KCallable                                                        : loaded 4 times (x 70B)
Class org.jetbrains.kotlin.gradle.plugin.KotlinPluginLifecycleCoroutineContextElement$Key: loaded 4 times (x 71B)
Class org.jetbrains.kotlin.gradle.tasks.configuration.AbstractKotlinCompileConfig$2$1 : loaded 4 times (x 79B)
Class org.jetbrains.kotlin.gradle.tasks.DefaultKotlinJavaToolchain_Decorated          : loaded 4 times (x 122B)
Class org.jetbrains.kotlin.gradle.plugin.mpp.KotlinJsCompilation                      : loaded 4 times (x 207B)
Class org.jetbrains.kotlin.gradle.tasks.abi.KotlinLegacyAbiCheckTaskImpl              : loaded 4 times (x 335B)
Class org.jetbrains.kotlin.gradle.plugin.KotlinCompilationInfo$TCS                    : loaded 4 times (x 89B)
Class org.jetbrains.kotlin.gradle.plugin.mpp.HasBinaries                              : loaded 4 times (x 70B)
Class org.jetbrains.kotlin.gradle.dsl.abi.AbiFiltersSpec                              : loaded 4 times (x 70B)
Class org.jetbrains.kotlin.gradle.plugin.mpp.compilationImpl.KotlinCreateSourcesJarTaskSideEffectKt: loaded 4 times (x 71B)
Class org.jetbrains.kotlin.gradle.plugin.KotlinGradlePluginExtensionPointInternalKt   : loaded 4 times (x 71B)
Class org.jetbrains.kotlin.gradle.dsl.KotlinCommonOptions                             : loaded 4 times (x 70B)
Class org.jetbrains.kotlin.gradle.targets.native.toolchain.UsesKotlinNativeBundleBuildService: loaded 4 times (x 70B)
Class org.jetbrains.kotlin.build.report.metrics.ValueType                             : loaded 4 times (x 79B)
Class org.jetbrains.kotlin.gradle.plugin.KotlinCompilerArgumentsProducer              : loaded 4 times (x 70B)
Class org.jetbrains.kotlin.gradle.dsl.KotlinJvmProjectExtension                       : loaded 4 times (x 147B)
Class org.jetbrains.kotlin.gradle.tasks.abi.KotlinLegacyAbiDumpTaskImpl$Companion     : loaded 4 times (x 71B)
Class org.jetbrains.kotlin.gradle.plugin.KotlinAndroidPluginWrapper                   : loaded 4 times (x 86B)
Class org.jetbrains.kotlin.gradle.internal.abi.AbiValidationLegacyDumpExtensionImpl_Decorated: loaded 4 times (x 127B)
Class org.jetbrains.kotlin.gradle.tasks.internal.KotlinJvmOptionsCompat               : loaded 4 times (x 101B)
Class org.jetbrains.kotlin.gradle.plugin.mpp.MppSourcesJarKt                          : loaded 4 times (x 71B)
Class org.jetbrains.kotlin.gradle.internal.abi.AbiValidationExtensionImpl_Decorated   : loaded 4 times (x 137B)
Class org.jetbrains.kotlin.gradle.tasks.abi.KotlinLegacyAbiCheckTask                  : loaded 4 times (x 70B)
Class [Lorg.jetbrains.kotlin.statistics.metrics.IMetricContainerFactory;              : loaded 4 times (x 69B)
Class kotlin.collections.ArraysKt                                                     : loaded 4 times (x 71B)
Class kotlin.text.CharsKt                                                             : loaded 4 times (x 71B)
Class org.jetbrains.kotlin.tooling.core.ExtrasPropertyKt                              : loaded 4 times (x 71B)
Class org.jetbrains.kotlin.gradle.internal.StdlibDependencyManagementKt$isStdlibAddedByUser$1: loaded 4 times (x 79B)
Class org.jetbrains.kotlin.gradle.targets.js.npm.SemverKt                             : loaded 4 times (x 71B)
Class kotlin.text.CharsKt__CharKt                                                     : loaded 4 times (x 71B)
Class org.jetbrains.kotlin.gradle.tasks.KotlinCompilerPluginData                      : loaded 4 times (x 72B)
Class org.jetbrains.kotlin.gradle.plugin.mpp.KotlinCompilationsKt$sam$java_util_concurrent_Callable$0: loaded 4 times (x 75B)
Class org.jetbrains.kotlin.konan.util.Named                                           : loaded 4 times (x 70B)
Class org.jetbrains.kotlin.gradle.plugin.KotlinBasePlugin                             : loaded 4 times (x 70B)
Class org.jetbrains.kotlin.build.report.metrics.BuildTimes$Companion                  : loaded 4 times (x 71B)
Class org.jetbrains.kotlin.gradle.internal.tasks.ProducesKlib                         : loaded 4 times (x 70B)
Class org.jetbrains.kotlin.gradle.utils.AndroidPluginIdsKt                            : loaded 4 times (x 71B)
Class org.jetbrains.kotlin.gradle.plugin.SubpluginEnvironment$configurePluginOptionsForKapt$1: loaded 4 times (x 79B)
Class org.jetbrains.kotlin.gradle.tasks.abi.KotlinLegacyAbiUpdateTask                 : loaded 4 times (x 323B)
Class org.jetbrains.kotlin.gradle.targets.js.npm.NpmDependencyExtensionDelegate       : loaded 4 times (x 167B)
Class org.jetbrains.kotlin.gradle.tasks.configuration.BaseKotlinCompileConfig$1$classpathConfiguration$1: loaded 4 times (x 75B)
Class org.jetbrains.kotlin.gradle.plugin.sources.FragmentConsistencyChecker           : loaded 4 times (x 72B)
Class org.jetbrains.kotlin.gradle.dsl.DefaultToolchainSupport_Decorated               : loaded 4 times (x 120B)
Class org.jetbrains.kotlin.gradle.internal.properties.NativePropertiesLoader$jvmArgs$1: loaded 4 times (x 75B)
Class org.jetbrains.kotlin.gradle.report.BuildMetricsService$Companion                : loaded 4 times (x 71B)
Class org.jetbrains.kotlin.gradle.plugin.VariantImplementationFactories$Parameters_Decorated: loaded 4 times (x 130B)
Class org.jetbrains.kotlin.gradle.plugin.PropertiesProvider$PropertyNames             : loaded 4 times (x 71B)
Class org.jetbrains.kotlin.gradle.tasks.KotlinCompileTool                             : loaded 4 times (x 70B)
Class org.jetbrains.kotlin.gradle.utils.SingleAction$PerformedActions                 : loaded 4 times (x 72B)
Class org.jetbrains.kotlin.gradle.utils.GradleUtilsKt                                 : loaded 4 times (x 71B)
Class org.jetbrains.kotlin.gradle.plugin.HasProject                                   : loaded 4 times (x 70B)
Class com.google.common.collect.Iterators                                             : loaded 4 times (x 71B)
Class org.jetbrains.kotlin.gradle.internal.diagnostics.AgpCompatibilityCheck$runAgpCompatibilityCheckIfAgpIsApplied$1$1: loaded 4 times (x 75B)
Class org.jetbrains.kotlin.gradle.plugin.KotlinGradleBuildServices$Companion$registerIfAbsent$2$1$1: loaded 4 times (x 75B)
Class kotlin.text.StringsKt__StringNumberConversionsKt                                : loaded 4 times (x 71B)
Class org.jetbrains.kotlin.gradle.plugin.mpp.KotlinUsages$setupAttributesMatchingStrategy$1: loaded 4 times (x 74B)
Class org.jetbrains.kotlin.gradle.targets.CreateNonPackedKlibVariantsSideEffectKt$CreateNonPackedKlibVariantsSideEffect$1: loaded 4 times (x 74B)
Class org.jetbrains.kotlin.gradle.plugin.mpp.AbstractKotlinTarget$components$2        : loaded 4 times (x 79B)
Class org.jetbrains.kotlin.gradle.plugin.mpp.compilationImpl.DefaultKotlinCompilationFriendPathsResolver$FriendArtifactResolver$Companion: loaded 4 times (x 71B)
Class org.jetbrains.kotlin.gradle.plugin.mpp.compilationImpl.KotlinCompilationRegisterInSourceSetsConfigurator: loaded 4 times (x 74B)
Class org.jetbrains.kotlin.gradle.plugin.mpp.compilationImpl.factory.DefaultKotlinCompilationTaskNamesContainerFactory: loaded 4 times (x 74B)
Class org.jetbrains.kotlin.gradle.plugin.KotlinCompilerPluginSupportPlugin            : loaded 4 times (x 70B)
Class kotlin.io.FilesKt__FileReadWriteKt                                              : loaded 4 times (x 71B)
Class [Lorg.jetbrains.kotlin.gradle.targets.js.npm.NpmDependency$Scope;               : loaded 4 times (x 69B)
Class org.jetbrains.kotlin.gradle.targets.native.internal.CommonizerTasksKt           : loaded 4 times (x 71B)
Class org.jetbrains.kotlin.build.report.metrics.BuildAttribute                        : loaded 4 times (x 79B)
Class org.jetbrains.kotlin.gradle.targets.js.ir.KotlinJsIrCompilation                 : loaded 4 times (x 207B)
Class org.gradle.accessors.dm.LibrariesForLibs$ActivityVersionAccessors               : loaded 4 times (x 75B)
Class [Lorg.jetbrains.kotlin.gradle.report.BuildReportMode;                           : loaded 4 times (x 69B)
Class kotlin.collections.CollectionsKt___CollectionsJvmKt                             : loaded 4 times (x 71B)
Class org.jetbrains.kotlin.gradle.tasks.DefaultKotlinJavaToolchain$javaExecutable$1   : loaded 4 times (x 75B)
Class org.jetbrains.kotlin.gradle.tasks.configuration.AbstractKotlinCompileConfig$2$3 : loaded 4 times (x 75B)
Class org.jetbrains.kotlin.tooling.core.KotlinToolingVersion                          : loaded 4 times (x 75B)
Class org.gradle.accessors.dm.LibrariesForLibs$AndroidLibraryAccessors                : loaded 4 times (x 77B)
Class org.jetbrains.kotlin.gradle.plugin.SubpluginEnvironment$addSubpluginOptions$compilerOptions$1: loaded 4 times (x 75B)
Class org.jetbrains.kotlin.gradle.internal.KotlinDependenciesManagementKt$CustomizeKotlinDependenciesSetupAction$1$coreLibrariesVersion$1: loaded 4 times (x 79B)
Class org.jetbrains.kotlin.gradle.plugin.diagnostics.checkers.AndroidPublicationNotConfiguredChecker$runChecks$1: loaded 4 times (x 88B)
Class org.jetbrains.kotlin.gradle.plugin.diagnostics.checkers.CInteropInputChecker$runChecks$1: loaded 4 times (x 88B)
Class org.jetbrains.kotlin.gradle.plugin.diagnostics.ToolingDiagnosticRenderingOptionsKt$isAttachedToTerminal$1: loaded 4 times (x 74B)
Class org.jetbrains.kotlin.gradle.tasks.configuration.BaseKotlinCompileConfig         : loaded 4 times (x 72B)
Class org.jetbrains.kotlin.gradle.plugin.mpp.compilationImpl.factory.KotlinCompilationImplFactory$KotlinCompilationTaskNamesContainerFactory: loaded 4 times (x 70B)
Class org.jetbrains.kotlin.gradle.ExperimentalKotlinGradlePluginApi                   : loaded 4 times (x 70B)
Class org.jetbrains.kotlin.gradle.dsl.KotlinAndroidProjectExtension                   : loaded 4 times (x 139B)
Class org.jetbrains.kotlin.gradle.internal.properties.NativePropertiesLoader          : loaded 4 times (x 85B)
Class org.jetbrains.kotlin.gradle.plugin.KotlinGradleBuildServices$Parameters$Inject_ : loaded 4 times (x 106B)
Class org.jetbrains.kotlin.gradle.plugin.statistics.BuildFusService                   : loaded 4 times (x 84B)
Class com.google.common.collect.Lists$StringAsImmutableList                           : loaded 4 times (x 207B)
Class org.gradle.accessors.dm.LibrariesForLibs$KotlinPluginAccessors                  : loaded 4 times (x 75B)
Class org.gradle.accessors.dm.LibrariesForLibs$AndroidxEspressoLibraryAccessors       : loaded 4 times (x 77B)
Class kotlin.ranges.RangesKt___RangesKt                                               : loaded 4 times (x 71B)
Class org.gradle.accessors.dm.LibrariesForLibs$VersionAccessors                       : loaded 4 times (x 98B)
Class org.jetbrains.kotlin.gradle.tasks.DefaultKotlinJavaToolchain$DefaultJavaToolchainSetter: loaded 4 times (x 75B)
Class org.jetbrains.kotlin.build.report.metrics.BuildAttributeKind                    : loaded 4 times (x 79B)
Class org.jetbrains.kotlin.gradle.internal.KotlinDependenciesManagementKt$configureDefaultVersionsResolutionStrategy$1$1: loaded 4 times (x 75B)
Class org.jetbrains.kotlin.gradle.plugin.sources.KotlinDependencyScopeKt              : loaded 4 times (x 71B)
Class org.jetbrains.kotlin.gradle.plugin.diagnostics.ProblemsReporter$Factory         : loaded 4 times (x 70B)
Class org.jetbrains.kotlin.gradle.plugin.internal.ProjectIsolationStartParameterAccessor$Factory: loaded 4 times (x 70B)
Class org.jetbrains.kotlin.gradle.plugin.VariantImplementationFactories$Companion$getProvider$2$1$1: loaded 4 times (x 75B)
Class org.jetbrains.kotlin.gradle.report.BuildReportMode                              : loaded 4 times (x 79B)
Class org.jetbrains.kotlin.gradle.targets.native.toolchain.KotlinNativeBundleBuildService$Companion$registerIfAbsent$2$1$1: loaded 4 times (x 75B)
Class org.jetbrains.kotlin.gradle.internal.properties.NativePropertiesLoader$actualNativeHomeDirectory$3: loaded 4 times (x 75B)
Class org.gradle.accessors.dm.LibrariesForLibs_Decorated                              : loaded 4 times (x 137B)
Class org.jetbrains.kotlin.gradle.targets.NativeForwardImplementationToApiElementsSideEffectKt: loaded 4 times (x 71B)
Class org.jetbrains.kotlin.gradle.plugin.mpp.compilationImpl.KotlinCompilationSourceSetsContainerKt: loaded 4 times (x 71B)
Class org.jetbrains.kotlin.gradle.tasks.configuration.AbstractKotlinCompileConfig$2$4 : loaded 4 times (x 75B)
Class org.jetbrains.kotlin.gradle.tasks.KotlinCompile$scriptSources$1                 : loaded 4 times (x 75B)
Class org.jetbrains.kotlin.build.report.metrics.BuildAttribute$Companion              : loaded 4 times (x 71B)
Class org.jetbrains.kotlin.gradle.plugin.diagnostics.checkers.CInteropInputChecker$runChecks$2: loaded 4 times (x 75B)
Class org.jetbrains.kotlin.gradle.tasks.KotlinJvmCompile                              : loaded 4 times (x 70B)
Class org.jetbrains.kotlin.gradle.dsl.abi.AbiValidationLegacyDumpExtension            : loaded 4 times (x 70B)
Class org.jetbrains.kotlin.gradle.internal.KotlinTestDependencyManagementKt$maybeAddTestDependencyCapability$1: loaded 4 times (x 75B)
Class org.jetbrains.kotlin.gradle.plugin.diagnostics.CheckKotlinGradlePluginConfigurationErrorsKt: loaded 4 times (x 71B)
Class org.jetbrains.kotlin.gradle.targets.js.npm.NpmDependencyExtensionKt$AddNpmDependencyExtensionProjectSetupAction$1$WhenMappings: loaded 4 times (x 71B)
Class org.jetbrains.kotlin.gradle.tasks.configuration.KaptGenerateStubsConfig$Companion: loaded 4 times (x 71B)
Class org.jetbrains.kotlin.gradle.plugin.diagnostics.IsAttachedToTerminalValueSource$Inject_: loaded 4 times (x 100B)
Class org.jetbrains.kotlin.gradle.plugin.diagnostics.ToolingDiagnosticRenderingOptionsKt$isAttachedToTerminal$2: loaded 4 times (x 74B)
Class org.jetbrains.kotlin.gradle.plugin.mpp.KotlinJvmAndroidCompilation              : loaded 4 times (x 202B)
Class org.jetbrains.kotlin.gradle.targets.CreateDefaultCompilationsSideEffectKt$CreateDefaultCompilationsSideEffect$1: loaded 4 times (x 74B)
Class org.jetbrains.kotlin.gradle.targets.native.internal.AddKotlinPlatformIntegersSupportLibraryKt$AddKotlinPlatformIntegersSupportLibrary$1: loaded 4 times (x 95B)
Class org.jetbrains.kotlin.gradle.plugin.mpp.ApplyUserDefinedAttributesKt             : loaded 4 times (x 71B)
Class org.jetbrains.kotlin.gradle.utils.FutureImpl                                    : loaded 4 times (x 80B)
Class org.jetbrains.kotlin.gradle.internal.properties.NativePropertiesLoader$isToolchainEnabled$1: loaded 4 times (x 75B)
Class org.jetbrains.kotlin.gradle.tasks.configuration.BaseKotlinCompileConfig$registerBuildToolsApiTransformations$2: loaded 4 times (x 79B)
Class org.jetbrains.kotlin.gradle.plugin.KotlinPluginLifecycleKt$launchInStage$1      : loaded 4 times (x 95B)
Class org.jetbrains.kotlin.gradle.plugin.sources.KotlinDependencyScope$Companion      : loaded 4 times (x 71B)
Class org.jetbrains.kotlin.statistics.ValueAnonymizer                                 : loaded 4 times (x 70B)
Class org.jetbrains.kotlin.gradle.internal.build.SourcesUtilsKt                       : loaded 4 times (x 71B)
Class org.jetbrains.kotlin.gradle.plugin.ProjectLocalConfigurations$setupAttributesMatchingStrategy$1$1: loaded 4 times (x 74B)
Class org.jetbrains.kotlin.gradle.tooling.BuildKotlinToolingMetadataTaskKt            : loaded 4 times (x 71B)
Class kotlin.KotlinNullPointerException                                               : loaded 4 times (x 83B)
Class kotlin.collections.EmptyList                                                    : loaded 4 times (x 174B)
Class kotlin.collections.MapsKt__MapsJVMKt                                            : loaded 4 times (x 71B)
Class org.jetbrains.kotlin.gradle.plugin.KotlinCompilationToRunnableFiles             : loaded 4 times (x 70B)
Class org.jetbrains.kotlin.gradle.plugin.mpp.compilationImpl.factory.KotlinCompilationImplFactory$KotlinCompilationOutputFactory: loaded 4 times (x 70B)
Class org.jetbrains.kotlin.gradle.internal.IsInIdeaEnvironmentValueSource             : loaded 4 times (x 80B)
Class org.jetbrains.kotlin.gradle.utils.StoredPropertyKt                              : loaded 4 times (x 71B)
Class org.jetbrains.kotlin.gradle.internal.properties.NativePropertiesLoader$actualNativeHomeDirectory$2: loaded 4 times (x 74B)
Class org.jetbrains.kotlin.gradle.internal.KotlinDomApiDependencyManagementKt$configureKotlinDomApiDefaultDependency$1: loaded 4 times (x 79B)
Class org.jetbrains.kotlin.gradle.targets.js.npm.DefaultDevNpmDependencyExtension     : loaded 4 times (x 145B)
Class org.jetbrains.kotlin.gradle.tasks.DefaultKotlinJavaToolchain$Companion$wireJvmTargetToToolchain$1: loaded 4 times (x 75B)
Class org.jetbrains.kotlin.gradle.tasks.CompileUsingKotlinDaemonWithNormalization     : loaded 4 times (x 70B)
Class [Lorg.jetbrains.kotlin.gradle.plugin.HasKotlinDependencies;                     : loaded 4 times (x 69B)
Class org.jetbrains.kotlin.gradle.plugin.mpp.compilationImpl.factory.KotlinCompilationImplFactory$PostConfigure$Companion: loaded 4 times (x 71B)
Class org.jetbrains.kotlin.gradle.plugin.mpp.MppSourcesJarKt$sourcesJarTask$1         : loaded 4 times (x 95B)
Class org.jetbrains.kotlin.gradle.plugin.diagnostics.checkers.JsLikeEnvironmentChecker: loaded 4 times (x 76B)
Class org.jetbrains.kotlin.gradle.plugin.KotlinPlatformType                           : loaded 4 times (x 82B)
Class org.jetbrains.kotlin.gradle.internal.properties.PropertiesBuildServiceKt        : loaded 4 times (x 71B)
Class org.jetbrains.kotlin.gradle.plugin.KotlinGradleBuildServices$Companion          : loaded 4 times (x 71B)
Class org.jetbrains.kotlin.gradle.dsl.KotlinVersion                                   : loaded 4 times (x 79B)
Class org.jetbrains.kotlin.gradle.plugin.mpp.compilationImpl.KotlinCreateCompilationArchiveTaskKt$KotlinCreateCompilationArchivesTask$1: loaded 4 times (x 74B)
Class org.jetbrains.kotlin.gradle.targets.jvm.KotlinJvmCompilationWireJavaSourcesSideEffectKt: loaded 4 times (x 71B)
Class org.jetbrains.kotlin.gradle.plugin.mpp.compilationImpl.DefaultKotlinCompilationFriendPathsResolver: loaded 4 times (x 75B)
Class org.jetbrains.kotlin.gradle.plugin.mpp.compilationImpl.factory.KotlinCompilationDependencyConfigurationsFactoriesKt: loaded 4 times (x 71B)
Class org.jetbrains.kotlin.konan.target.TargetSupportException                        : loaded 4 times (x 82B)
Class org.jetbrains.kotlin.gradle.plugin.internal.BuildIdService                      : loaded 4 times (x 76B)
Class org.jetbrains.kotlin.gradle.tasks.configuration.AbstractKotlinCompileConfigKt$sam$org_gradle_api_Action$0: loaded 4 times (x 75B)
Class org.jetbrains.kotlin.gradle.tasks.configuration.BaseKotlinCompileConfig$registerBuildToolsApiTransformations$1: loaded 4 times (x 79B)
Class org.jetbrains.kotlin.gradle.plugin.mpp.KotlinTargetSoftwareComponentImplKt$KotlinTargetSoftwareComponent$1: loaded 4 times (x 95B)
Class org.jetbrains.kotlin.konan.target.KonanTarget$IOS_SIMULATOR_ARM64               : loaded 4 times (x 78B)
Class org.jetbrains.kotlin.gradle.plugin.diagnostics.checkers.WasmSourceSetsNotFoundChecker$runChecks$1: loaded 4 times (x 88B)
Class org.jetbrains.kotlin.gradle.plugin.SubpluginArtifact                            : loaded 4 times (x 72B)
Class org.jetbrains.kotlin.gradle.utils.KotlinExtensionUtilsKt$forAllTargets$1        : loaded 4 times (x 95B)
Class org.jetbrains.kotlin.gradle.tasks.GradleCompileTaskProvider                     : loaded 4 times (x 72B)
Class org.jetbrains.kotlin.gradle.tasks.DefaultKotlinJavaToolchain$javaVersion$1      : loaded 4 times (x 74B)
Class org.jetbrains.kotlin.gradle.dsl.ToolchainSupport$Companion                      : loaded 4 times (x 71B)
Class org.gradle.accessors.dm.LibrariesForLibs$AndroidxLibraryAccessors               : loaded 4 times (x 89B)
Class [Lorg.jetbrains.kotlin.gradle.dsl.jvm.JvmTargetValidationMode;                  : loaded 4 times (x 69B)
Class kotlin.collections.CollectionsKt__IterablesKt                                   : loaded 4 times (x 71B)
Class org.jetbrains.kotlin.gradle.tasks.DefaultKotlinJavaToolchain$Companion$wireJvmTargetToToolchain$2: loaded 4 times (x 75B)
Class org.jetbrains.kotlin.gradle.plugin.diagnostics.ToolingDiagnosticRenderingOptions$Companion: loaded 4 times (x 71B)
Class org.jetbrains.kotlin.gradle.dsl.KotlinJvmCompilerOptionsHelper                  : loaded 4 times (x 71B)
Class org.jetbrains.kotlin.gradle.plugin.diagnostics.DiagnosticGroup$KotlinDiagnosticGroup: loaded 4 times (x 81B)
Class org.jetbrains.kotlin.gradle.plugin.ProjectLocalConfigurations$ProjectLocalDisambiguation: loaded 4 times (x 76B)
Class org.jetbrains.kotlin.gradle.internal.properties.PropertiesBuildService$NullableStringGradleProperty: loaded 4 times (x 76B)
Class org.jetbrains.kotlin.gradle.targets.native.KonanPropertiesBuildService          : loaded 4 times (x 76B)
Class org.jetbrains.kotlin.gradle.plugin.diagnostics.CheckKotlinGradlePluginConfigurationErrorsKt$locateOrRegisterCheckKotlinGradlePluginErrorsTask$taskProvider$1: loaded 4 times (x 75B)
Class org.jetbrains.kotlin.gradle.internal.properties.PropertiesBuildService$Inject_  : loaded 4 times (x 96B)
Class org.jetbrains.kotlin.gradle.plugin.internal.ConfigurationCacheStartParameterAccessor$Factory: loaded 4 times (x 70B)
Class kotlin.collections.MapsKt                                                       : loaded 4 times (x 71B)
Class org.jetbrains.kotlin.gradle.plugin.diagnostics.checkers.OverriddenKotlinNativeHomeChecker$StdlibExistenceCheckerValueSource$Params: loaded 4 times (x 70B)
Class org.jetbrains.kotlin.gradle.dsl.PlatformSourceSetConventionsChecker$nativeTargetPresets$1$1: loaded 4 times (x 79B)
Class org.jetbrains.kotlin.gradle.tooling.BuildKotlinToolingMetadataTaskKt$buildKotlinToolingMetadataTask$1: loaded 4 times (x 78B)
Class org.gradle.kotlin.dsl.Accessors7t09xqv4rp34sow31xff10e9cKt                      : loaded 4 times (x 71B)
Class org.jetbrains.kotlin.gradle.plugin.diagnostics.TransformActionUsingKotlinToolingDiagnostics$Parameters: loaded 4 times (x 70B)
Class org.jetbrains.kotlin.compilerRunner.CompilerSystemPropertiesService$Companion$registerIfAbsent$2$1: loaded 4 times (x 79B)
Class org.jetbrains.kotlin.gradle.plugin.mpp.KotlinCompilationsKt$moduleNameForCompilation$1: loaded 4 times (x 75B)
Class com.google.common.collect.Iterators$9                                           : loaded 4 times (x 81B)
Class org.jetbrains.kotlin.gradle.internal.Kapt3GradleSubplugin$Companion             : loaded 4 times (x 71B)
Class org.jetbrains.kotlin.gradle.plugin.DefaultKotlinBasePlugin$addKotlinCompilerConfiguration$1: loaded 4 times (x 75B)
Class org.jetbrains.kotlin.gradle.plugin.PropertiesProvider                           : loaded 4 times (x 73B)
Class org.jetbrains.kotlin.gradle.plugin.internal.DefaultCompatibilityConventionRegistrar: loaded 4 times (x 74B)
Class org.jetbrains.kotlin.gradle.internal.properties.NativePropertiesKt              : loaded 4 times (x 71B)
Class org.jetbrains.kotlin.gradle.internal.properties.NativePropertiesLoader$actualNativeHomeDirectory$1: loaded 4 times (x 75B)
Class org.jetbrains.kotlin.gradle.plugin.mpp.ApplyUserDefinedAttributesKt$UserDefinedAttributesSetupAction$1: loaded 4 times (x 95B)
Class org.jetbrains.kotlin.gradle.plugin.diagnostics.CheckKotlinGradlePluginConfigurationErrors_Decorated: loaded 4 times (x 371B)
Class org.jetbrains.kotlin.gradle.plugin.diagnostics.KotlinToolingDiagnosticsCollector$Inject_: loaded 4 times (x 96B)
Class org.jetbrains.kotlin.gradle.plugin.mpp.compilationImpl.KotlinCompilationSourceSetInclusion$DefaultAddSourcesToCompileTask$addSources$1: loaded 4 times (x 79B)
Class org.jetbrains.kotlin.gradle.plugin.diagnostics.checkers.WasmSourceSetsNotFoundChecker$wasmSourceSetRegex$2: loaded 4 times (x 78B)
Class org.jetbrains.kotlin.gradle.plugin.mpp.compilationImpl.KotlinCompilationSideEffect: loaded 4 times (x 70B)
Class org.jetbrains.kotlin.gradle.plugin.KotlinGradlePluginExtensionPoint             : loaded 4 times (x 70B)
Class org.jetbrains.kotlin.tooling.core.ExtrasUtilsKt                                 : loaded 4 times (x 71B)
Class org.jetbrains.kotlin.buildtools.api.ExperimentalBuildToolsApi                   : loaded 4 times (x 70B)
Class org.jetbrains.kotlin.gradle.targets.native.KonanPropertiesBuildService$Companion$registerIfAbsent$2$1$1: loaded 4 times (x 75B)
Class org.jetbrains.kotlin.gradle.utils.ResourceUtilsKt                               : loaded 4 times (x 71B)
Class org.jetbrains.kotlin.gradle.plugin.KotlinPluginWrapperKt$kotlinPluginVersionFromResources$1: loaded 4 times (x 78B)
Class com.google.common.collect.AbstractIterator                                      : loaded 4 times (x 82B)
Class org.jetbrains.kotlin.gradle.targets.CreateTargetConfigurationsSideEffectKt      : loaded 4 times (x 71B)
Class org.jetbrains.kotlin.gradle.plugin.KotlinPlatformType$CompatibilityRule         : loaded 4 times (x 76B)
Class org.jetbrains.kotlin.gradle.artifacts.KotlinJsKlibArtifactKt$KotlinJsKlibArtifact$1: loaded 4 times (x 74B)
Class org.jetbrains.kotlin.gradle.plugin.mpp.AbstractKotlinTarget$kotlinComponents$2  : loaded 4 times (x 79B)
Class org.jetbrains.kotlin.gradle.plugin.mpp.compilationImpl.factory.KotlinCompilationImplFactory$PostConfigure: loaded 4 times (x 70B)
Class org.jetbrains.kotlin.gradle.plugin.diagnostics.checkers.GradleDeprecatedPropertyChecker: loaded 4 times (x 74B)
Class org.jetbrains.kotlin.gradle.tasks.configuration.BaseKotlinCompileConfig$1$1     : loaded 4 times (x 75B)
Class [Lorg.jetbrains.kotlin.tooling.core.HasMutableExtras;                           : loaded 4 times (x 69B)
Class org.jetbrains.kotlin.gradle.plugin.diagnostics.checkers.NoKotlinTargetsDeclaredChecker$runChecks$1: loaded 4 times (x 88B)
Class [Lorg.jetbrains.kotlin.konan.util.Named;                                        : loaded 4 times (x 69B)
Class org.jetbrains.kotlin.gradle.plugin.diagnostics.KotlinToolingDiagnosticsSetupActionKt$KotlinToolingDiagnosticsSetupAction$1$reporterProvider$2: loaded 4 times (x 75B)
Class org.jetbrains.kotlin.gradle.utils.KotlinExtensionUtilsKt                        : loaded 4 times (x 71B)
Class org.jetbrains.kotlin.gradle.tasks.abi.KotlinLegacyAbiDumpTask                   : loaded 4 times (x 70B)
Class [Lorg.jetbrains.kotlin.statistics.metrics.BooleanOverridePolicy;                : loaded 4 times (x 69B)
Class org.jetbrains.kotlin.gradle.plugin.diagnostics.DefaultProblemsReporter_Decorated: loaded 4 times (x 119B)
Class org.jetbrains.kotlin.gradle.plugin.mpp.KotlinAndroidTarget                      : loaded 4 times (x 159B)
Class kotlin.collections.ArraysKt__ArraysKt                                           : loaded 4 times (x 71B)
Class kotlin.jvm.internal.Intrinsics                                                  : loaded 4 times (x 71B)
Class org.jetbrains.kotlin.gradle.tasks.UsesKotlinJavaToolchain$DefaultImpls          : loaded 4 times (x 71B)
Class org.jetbrains.kotlin.build.report.metrics.BuildAttributeKind$Companion          : loaded 4 times (x 71B)
Class org.jetbrains.kotlin.gradle.plugin.mpp.KotlinTargetSoftwareComponentImplKt$KotlinTargetSoftwareComponent$1$1$1: loaded 4 times (x 75B)
Class org.jetbrains.kotlin.gradle.plugin.diagnostics.CheckKotlinGradlePluginConfigurationErrorsKt$addDependsOnFromTasksThatShouldFailWhenErrorsReported$1: loaded 4 times (x 75B)
Class org.jetbrains.kotlin.konan.target.KonanTarget$TVOS_X64                          : loaded 4 times (x 78B)
Class org.jetbrains.kotlin.gradle.tasks.configuration.KaptGenerateStubsConfig$Companion$configureLibraries$1: loaded 4 times (x 79B)
Class org.jetbrains.kotlin.gradle.plugin.mpp.compilationImpl.KotlinCompilationSourceSetInclusion$DefaultAddSourcesToCompileTask$addSources$2: loaded 4 times (x 79B)
Class org.jetbrains.kotlin.gradle.tasks.AbstractKotlinCompile                         : loaded 4 times (x 466B)
Class org.jetbrains.kotlin.gradle.plugin.KotlinCompilationOutput                      : loaded 4 times (x 70B)
Class org.jetbrains.kotlin.gradle.plugin.diagnostics.KotlinToolingDiagnosticsSetupActionKt: loaded 4 times (x 71B)
Class org.jetbrains.kotlin.gradle.targets.native.KonanPropertiesBuildService$Parameters_Decorated: loaded 4 times (x 130B)
Class org.jetbrains.kotlin.gradle.plugin.KotlinPluginWrapperKt$kotlinPluginVersionFromResources$1$1: loaded 4 times (x 71B)
Class com.google.common.collect.AbstractIndexedListIterator                           : loaded 4 times (x 96B)
Class kotlin.reflect.KAnnotatedElement                                                : loaded 4 times (x 70B)
Class org.jetbrains.kotlin.gradle.plugin.CompilerPluginConfig                         : loaded 4 times (x 72B)
Class org.jetbrains.kotlin.gradle.tasks.KotlinCompilerExecutionStrategy$Companion     : loaded 4 times (x 71B)
Class org.jetbrains.kotlin.gradle.plugin.DefaultKotlinBasePlugin$addKotlinCompilerConfiguration$2$1$1$1: loaded 4 times (x 75B)
Class org.jetbrains.kotlin.gradle.plugin.mpp.KotlinCompilationsKt$addSourcesToKotlinCompileTask$1: loaded 4 times (x 75B)
Class org.jetbrains.kotlin.gradle.plugin.mpp.compilationImpl.KotlinCreateCompilationArchiveTaskKt$KotlinRegisterCompilationArchiveTasksExtension$1: loaded 4 times (x 74B)
Class kotlin.text.StringsKt                                                           : loaded 4 times (x 71B)
Class org.jetbrains.kotlin.gradle.internal.properties.PropertiesBuildService$GradleProperty: loaded 4 times (x 70B)
Class org.jetbrains.kotlin.gradle.plugin.UsesVariantImplementationFactories           : loaded 4 times (x 70B)
Class org.jetbrains.kotlin.gradle.plugin.KotlinGradlePluginExtensionPointInternal$registeredExtensions$2: loaded 4 times (x 78B)
Class org.jetbrains.kotlin.gradle.internal.KotlinDependenciesManagementKt$CustomizeKotlinDependenciesSetupAction$1: loaded 4 times (x 74B)
Class org.jetbrains.kotlin.gradle.plugin.statistics.FinalizeConfigurationFusMetricActionKt$FinalizeConfigurationFusMetricAction$1: loaded 4 times (x 95B)
Class kotlin.collections.SetsKt__SetsJVMKt                                            : loaded 4 times (x 71B)
Class org.jetbrains.kotlin.gradle.targets.native.internal.CInteropConfigurationsKt$special$$inlined$KotlinTargetSideEffect$2: loaded 4 times (x 74B)
Class org.jetbrains.kotlin.gradle.plugin.diagnostics.checkers.CInteropInputChecker    : loaded 4 times (x 74B)
Class kotlin.Function                                                                 : loaded 4 times (x 70B)
Class org.gradle.accessors.dm.LibrariesForLibs$PluginAccessors                        : loaded 4 times (x 79B)
Class org.jetbrains.kotlin.gradle.internal.Kapt3GradleSubplugin                       : loaded 4 times (x 82B)
Class org.jetbrains.kotlin.gradle.dsl.KotlinJvmCompile                                : loaded 4 times (x 70B)
Class org.jetbrains.kotlin.gradle.utils.StoredPropertyKt$projectStoredProperty$1      : loaded 4 times (x 78B)
Class org.jetbrains.kotlin.gradle.plugin.attributes.KlibPackaging$Companion           : loaded 4 times (x 71B)
Class org.jetbrains.kotlin.konan.target.KonanTarget$LINUX_ARM32_HFP                   : loaded 4 times (x 78B)
Class org.jetbrains.kotlin.gradle.internal.Kapt3GradleSubplugin$Kapt3SubpluginContext : loaded 4 times (x 72B)
Class org.jetbrains.kotlin.tooling.core.Extras$Entry                                  : loaded 4 times (x 72B)
Class org.jetbrains.kotlin.gradle.plugin.sources.InternalKotlinSourceSetKt            : loaded 4 times (x 71B)
Class kotlin.Unit                                                                     : loaded 4 times (x 71B)
Class org.jetbrains.kotlin.gradle.artifacts.KotlinTargetArtifact                      : loaded 4 times (x 70B)
Class org.jetbrains.kotlin.gradle.dsl.KotlinJvmCompilerOptionsDefault_Decorated       : loaded 4 times (x 164B)
Class org.jetbrains.kotlin.gradle.plugin.HasKotlinDependencies                        : loaded 4 times (x 70B)
Class org.jetbrains.kotlin.gradle.internal.ClassLoadersCachingBuildService$Parameters_Decorated: loaded 4 times (x 130B)
Class org.jetbrains.kotlin.gradle.targets.native.toolchain.KotlinNativeBundleBuildService$Companion: loaded 4 times (x 71B)
Class org.jetbrains.kotlin.gradle.plugin.VariantImplementationFactoriesConfigurator   : loaded 4 times (x 76B)
Class kotlin.sequences.SequencesKt___SequencesJvmKt                                   : loaded 4 times (x 71B)
Class org.jetbrains.kotlin.statistics.metrics.BooleanOverridePolicy$OR                : loaded 4 times (x 85B)
Class org.jetbrains.kotlin.gradle.internal.Kapt3KotlinGradleSubpluginKt               : loaded 4 times (x 71B)
Class com.google.common.collect.Lists                                                 : loaded 4 times (x 71B)
Class org.jetbrains.kotlin.gradle.plugin.AndroidGradlePluginVersion$Companion         : loaded 4 times (x 71B)
Class kotlin.TuplesKt                                                                 : loaded 4 times (x 71B)
Class org.jetbrains.kotlin.gradle.targets.native.internal.CInteropConfigurationsKt    : loaded 4 times (x 71B)
Class org.jetbrains.kotlin.gradle.plugin.mpp.compilationImpl.factory.CompositePostConfigure: loaded 4 times (x 75B)
Class org.gradle.accessors.dm.LibrariesForLibs$NavigationVersionAccessors             : loaded 4 times (x 75B)
Class org.jetbrains.kotlin.gradle.plugin.diagnostics.KotlinToolingDiagnosticsSetupActionKt$KotlinToolingDiagnosticsSetupAction$1$reporterProvider$1: loaded 4 times (x 74B)
Class kotlin.io.FileAlreadyExistsException                                            : loaded 4 times (x 82B)
Class org.jetbrains.kotlin.compilerRunner.KotlinCompilerArgumentsLogLevel             : loaded 4 times (x 79B)
Class org.gradle.accessors.dm.LibrariesForLibs$AndroidxBenchmarkLibraryAccessors      : loaded 4 times (x 77B)
Class org.jetbrains.kotlin.gradle.tasks.KotlinCompile$kotlinOptions$1                 : loaded 4 times (x 79B)
Class org.jetbrains.kotlin.gradle.tasks.DefaultKotlinJavaToolchain$getToolsJarFromJvm$1$1: loaded 4 times (x 79B)
Class org.jetbrains.kotlin.gradle.tasks.KotlinCompile$ClasspathSnapshotProperties_Decorated: loaded 4 times (x 129B)
Class org.jetbrains.kotlin.gradle.plugin.diagnostics.KotlinToolingDiagnosticsSetupActionKt$KotlinToolingDiagnosticsSetupAction$1$1: loaded 4 times (x 75B)
Class org.jetbrains.kotlin.gradle.targets.js.npm.NpmDirectoryDependencyWithExternalsExtension: loaded 4 times (x 70B)
Class org.jetbrains.kotlin.gradle.plugin.mpp.compilationImpl.KotlinCompilationSourceSetInclusion$Companion$includedSourceSets$2: loaded 4 times (x 78B)
Class org.jetbrains.kotlin.gradle.tasks.K2MultiplatformStructure$RefinesEdge          : loaded 4 times (x 72B)
Class org.jetbrains.kotlin.gradle.plugin.KotlinProjectSetupAction                     : loaded 4 times (x 70B)
Class org.jetbrains.kotlin.gradle.plugin.KotlinGradleFinishBuildHandler$Companion     : loaded 4 times (x 71B)
Class org.jetbrains.kotlin.gradle.internal.IsInIdeaSyncValueSource                    : loaded 4 times (x 78B)
Class org.gradle.accessors.dm.LibrariesForLibs$AndroidxComposeUiLibraryAccessors      : loaded 4 times (x 79B)
Class org.gradle.accessors.dm.LibrariesForLibs$ComposeVersionAccessors                : loaded 4 times (x 76B)
Class kotlin.collections.CollectionsKt__IteratorsKt                                   : loaded 4 times (x 71B)
Class org.jetbrains.kotlin.gradle.plugin.mpp.SyncLanguageSettingsWithKotlinExtensionSetupActionKt$SyncLanguageSettingsWithKotlinExtensionSetupAction$1$1: loaded 4 times (x 75B)
Class org.jetbrains.kotlin.gradle.plugin.KotlinSourceSet                              : loaded 4 times (x 70B)
Class kotlin.sequences.SequencesKt                                                    : loaded 4 times (x 71B)
Class org.jetbrains.kotlin.gradle.dsl.abi.AbiValidationExtension                      : loaded 4 times (x 70B)
Class org.jetbrains.kotlin.cli.common.arguments.CommonCompilerArgumentsConfigurator   : loaded 4 times (x 74B)
Class org.jetbrains.kotlin.gradle.plugin.diagnostics.checkers.DuplicateSourceSetChecker$runChecks$1: loaded 4 times (x 88B)
Class org.jetbrains.kotlin.gradle.tasks.configuration.TaskConfigAction$configureTask$1: loaded 4 times (x 79B)
Class org.gradle.accessors.dm.LibrariesForLibs$ComposePluginAccessors                 : loaded 4 times (x 74B)
Class org.gradle.accessors.dm.LibrariesForLibs$AndroidxWorkLibraryAccessors           : loaded 4 times (x 77B)
Class org.jetbrains.kotlin.gradle.plugin.diagnostics.ToolingDiagnostic$Severity       : loaded 4 times (x 79B)
Class org.jetbrains.kotlin.gradle.dsl.JvmTarget                                       : loaded 4 times (x 79B)
Class org.jetbrains.kotlin.gradle.plugin.statistics.BuildFusService$Parameters        : loaded 4 times (x 70B)
Class org.jetbrains.kotlin.gradle.internal.properties.NativeProperties$Companion      : loaded 4 times (x 71B)
Class org.jetbrains.kotlin.gradle.plugin.KotlinPluginLifecycleImpl$executeCurrentStageAndScheduleNext$3: loaded 4 times (x 75B)
Class org.jetbrains.kotlin.gradle.plugin.mpp.InternalKotlinTargetComponentKt          : loaded 4 times (x 71B)
Class org.jetbrains.kotlin.gradle.plugin.diagnostics.KotlinToolingDiagnosticsSetupActionKt$KotlinToolingDiagnosticsSetupAction$1$2: loaded 4 times (x 95B)
Class org.jetbrains.kotlin.gradle.targets.js.npm.NpmDependencyWithExternalsExtension  : loaded 4 times (x 70B)
Class org.jetbrains.kotlin.gradle.plugin.mpp.InternalKotlinTarget$DefaultImpls        : loaded 4 times (x 71B)
Class org.jetbrains.kotlin.gradle.plugin.mpp.compilationImpl.KotlinCompilationRegisterInSourceSetsConfigurator$configure$1: loaded 4 times (x 79B)
Class org.jetbrains.kotlin.gradle.plugin.mpp.KotlinUsageContext                       : loaded 4 times (x 70B)
Class org.jetbrains.kotlin.gradle.plugin.KotlinTargetsContainer                       : loaded 4 times (x 70B)
Class org.jetbrains.kotlin.compilerRunner.GradleCliCommonizerKt                       : loaded 4 times (x 71B)
Class org.jetbrains.kotlin.gradle.utils.ConfigurationsKt                              : loaded 4 times (x 71B)
Class org.jetbrains.kotlin.gradle.plugin.diagnostics.DefaultProblemsReporter$Factory  : loaded 4 times (x 76B)
Class org.jetbrains.kotlin.gradle.plugin.PluginWrappersKt                             : loaded 4 times (x 71B)
Class org.jetbrains.kotlin.gradle.internal.ClassLoadersCachingBuildService            : loaded 4 times (x 76B)
Class org.jetbrains.kotlin.gradle.plugin.internal.DefaultJavaExecTaskParametersCompatibility$Factory: loaded 4 times (x 76B)
Class com.google.common.collect.ImmutableCollection                                   : loaded 4 times (x 125B)
Class org.jetbrains.kotlin.gradle.plugin.VariantImplementationFactoriesConfigurator$Inject_: loaded 4 times (x 96B)
Class org.jetbrains.kotlin.gradle.plugin.KotlinGradleBuildServices$Companion$registerIfAbsent$2$1: loaded 4 times (x 79B)
Class org.jetbrains.kotlin.gradle.plugin.KotlinGradleBuildServices$Inject_            : loaded 4 times (x 100B)
Class org.jetbrains.kotlin.gradle.internal.properties.NativePropertiesLoader$konanDataDirProperty$1: loaded 4 times (x 75B)
Class org.jetbrains.kotlin.gradle.dsl.KotlinMultiplatformSourceSetConventions         : loaded 4 times (x 70B)
Class org.jetbrains.kotlin.gradle.targets.native.internal.CInteropConfigurationsKt$special$$inlined$KotlinTargetSideEffect$1: loaded 4 times (x 74B)
Class kotlin.NotImplementedError                                                      : loaded 4 times (x 82B)
Class org.jetbrains.kotlin.gradle.plugin.diagnostics.DiagnosticGroup                  : loaded 4 times (x 70B)
Class org.jetbrains.kotlin.gradle.plugin.mpp.InternalKotlinTargetKt                   : loaded 4 times (x 71B)
Class org.jetbrains.kotlin.gradle.plugin.diagnostics.KotlinToolingDiagnosticsSetupActionKt$KotlinToolingDiagnosticsSetupAction$1$3: loaded 4 times (x 75B)
Class org.jetbrains.kotlin.gradle.targets.js.dsl.KotlinTargetWithNodeJsDsl            : loaded 4 times (x 70B)
Class org.jetbrains.kotlin.gradle.plugin.sources.DefaultKotlinSourceSetKt$defaultSourceSetLanguageSettingsChecker$1: loaded 4 times (x 78B)
Class org.jetbrains.kotlin.gradle.plugin.sources.InternalKotlinSourceSet              : loaded 4 times (x 70B)
Class org.jetbrains.kotlin.gradle.plugin.mpp.SyncLanguageSettingsWithKotlinExtensionSetupActionKt$SyncLanguageSettingsWithKotlinExtensionSetupAction$1: loaded 4 times (x 95B)
Class org.jetbrains.kotlin.gradle.plugin.KotlinJvmPlugin                              : loaded 4 times (x 79B)
Class org.jetbrains.kotlin.gradle.dsl.KotlinGradlePluginPublicDsl                     : loaded 4 times (x 70B)
Class org.jetbrains.kotlin.gradle.internal.properties.NativeProperties                : loaded 4 times (x 70B)
Class org.jetbrains.kotlin.gradle.plugin.internal.ConfigurationCacheStartParameterAccessor: loaded 4 times (x 70B)
Class org.jetbrains.kotlin.gradle.internal.diagnostics.GradleCompatibilityCheck$DefaultCurrentGradleVersionProvider: loaded 4 times (x 74B)
Class org.jetbrains.kotlin.gradle.dsl.KotlinBaseExtension                             : loaded 4 times (x 70B)
Class org.jetbrains.kotlin.gradle.internal.CompilerOptionsDslHelpersKt                : loaded 4 times (x 71B)
Class org.jetbrains.kotlin.gradle.tasks.configuration.AbstractKotlinCompileConfigKt   : loaded 4 times (x 71B)
Class org.jetbrains.kotlin.gradle.plugin.sources.KotlinSourceSetFactory$Companion     : loaded 4 times (x 71B)
Class org.jetbrains.kotlin.gradle.plugin.diagnostics.KotlinGradleProjectChecker       : loaded 4 times (x 70B)
Class org.jetbrains.kotlin.gradle.dsl.IosSourceSetConventionChecker                   : loaded 4 times (x 74B)
Class org.jetbrains.kotlin.gradle.plugin.KotlinPluginLifecycle$CoroutineStart         : loaded 4 times (x 79B)
Class org.jetbrains.kotlin.gradle.tasks.TasksProviderKt$sam$org_gradle_api_Action$0   : loaded 4 times (x 75B)
Class org.jetbrains.kotlin.gradle.tooling.BuildKotlinToolingMetadataTask$FromKotlinExtension: loaded 4 times (x 322B)
Class org.jetbrains.kotlin.konan.target.Family                                        : loaded 4 times (x 79B)
Class org.jetbrains.kotlin.gradle.plugin.mpp.compilationImpl.KotlinCompilationConfigurationsContainer: loaded 4 times (x 70B)
Class org.jetbrains.kotlin.gradle.dsl.KotlinProjectExtension$awaitSourceSets$1        : loaded 4 times (x 88B)
Class [Lorg.jetbrains.kotlin.gradle.plugin.KotlinPluginLifecycle$CoroutineStart;      : loaded 4 times (x 69B)
Class org.jetbrains.kotlin.gradle.internal.StdlibDependencyManagementKt$configureStdlibVersionAlignment$1$1: loaded 4 times (x 75B)
Class org.jetbrains.kotlin.gradle.utils.FailuresKt                                    : loaded 4 times (x 71B)
Class org.jetbrains.kotlin.gradle.tasks.TaskOutputsBackup                             : loaded 4 times (x 72B)
Class kotlin.enums.EnumEntriesKt                                                      : loaded 4 times (x 71B)
Class org.jetbrains.kotlin.gradle.internal.StdlibDependencyManagementKt$addStdlibDependency$1: loaded 4 times (x 75B)
Class org.gradle.accessors.dm.LibrariesForLibs$AssetLibraryAccessors                  : loaded 4 times (x 77B)
Class org.jetbrains.kotlin.gradle.plugin.SubpluginOption                              : loaded 4 times (x 72B)
Class org.jetbrains.kotlin.gradle.plugin.diagnostics.DefaultProblemsReporter$logger$2 : loaded 4 times (x 79B)
Class org.jetbrains.kotlin.gradle.plugin.diagnostics.DefaultProblemsReporter          : loaded 4 times (x 76B)
Class org.jetbrains.kotlin.gradle.internal.abi.AbiValidationExtensionImpl             : loaded 4 times (x 90B)
Class org.jetbrains.kotlin.konan.target.KonanTarget$IOS_ARM64                         : loaded 4 times (x 78B)
Class org.jetbrains.kotlin.gradle.plugin.diagnostics.checkers.DisabledCinteropCommonizationInHmppProjectChecker$runChecks$1: loaded 4 times (x 88B)
Class org.jetbrains.kotlin.gradle.tasks.DefaultKotlinJavaToolchain$Companion$wireJvmTargetToJvm$1: loaded 4 times (x 75B)
Class org.jetbrains.kotlin.gradle.utils.FutureKt$future$2$1                           : loaded 4 times (x 95B)
Class org.jetbrains.kotlin.gradle.plugin.diagnostics.KotlinToolingDiagnosticsCollectorKt$kotlinToolingDiagnosticsCollectorProvider$1$execute$$inlined$variantImplementationFactoryProvider$1: loaded 4 times (x 74B)
Class org.jetbrains.kotlin.gradle.plugin.internal.BuildIdService$Companion$registerIfAbsent$1$1: loaded 4 times (x 75B)
Class org.jetbrains.kotlin.gradle.targets.js.dsl.KotlinWasmTargetDsl                  : loaded 4 times (x 70B)
Class org.jetbrains.kotlin.gradle.plugin.sources.ConsistencyCheck                     : loaded 4 times (x 72B)
Class org.jetbrains.kotlin.gradle.plugin.sources.DefaultKotlinSourceSetKt$defaultSourceSetLanguageSettingsChecker$2: loaded 4 times (x 78B)
Class org.jetbrains.kotlin.gradle.plugin.diagnostics.checkers.ComposePluginSuggestApplyChecker: loaded 4 times (x 74B)
Class org.jetbrains.kotlin.gradle.plugin.AbstractKotlinPlugin                         : loaded 4 times (x 78B)
Class org.jetbrains.kotlin.gradle.dsl.KotlinCommonToolOptions                         : loaded 4 times (x 70B)
Class org.jetbrains.kotlin.gradle.dsl.KotlinMultiplatformExtension                    : loaded 4 times (x 607B)
Class org.jetbrains.kotlin.gradle.plugin.PropertiesProvider$booleanProvider$1         : loaded 4 times (x 74B)
Class kotlin.collections.CollectionsKt__MutableCollectionsJVMKt                       : loaded 4 times (x 71B)
Class org.jetbrains.kotlin.gradle.plugin.VariantImplementationFactoriesConfigurator$Companion: loaded 4 times (x 71B)
Class org.gradle.accessors.dm.LibrariesForLibs$AndroidxVersionAccessors               : loaded 4 times (x 77B)
Class kotlin.collections.CollectionsKt__CollectionsJVMKt                              : loaded 4 times (x 71B)
Class kotlin.io.FilesKt__UtilsKt                                                      : loaded 4 times (x 71B)
Class kotlin.ranges.RangesKt                                                          : loaded 4 times (x 71B)
Class kotlin.text.StringsKt___StringsKt                                               : loaded 4 times (x 71B)
Class org.jetbrains.kotlin.gradle.dsl.KotlinJvmExtension                              : loaded 4 times (x 70B)
Class org.jetbrains.kotlin.gradle.internal.properties.PropertiesBuildService$Companion: loaded 4 times (x 71B)
Class org.jetbrains.kotlin.gradle.plugin.internal.CustomPropertiesFileValueSource     : loaded 4 times (x 82B)
Class org.jetbrains.kotlin.gradle.plugin.VariantImplementationFactories$Inject_       : loaded 4 times (x 106B)
Class org.jetbrains.kotlin.gradle.plugin.KotlinMultiplatformPluginWrapper             : loaded 4 times (x 86B)
Class org.jetbrains.kotlin.gradle.plugin.abi.AbiValidationActionKt$AbiValidationSetupAction$1: loaded 4 times (x 95B)
Class org.jetbrains.kotlin.gradle.plugin.KotlinPluginLifecycleImpl$start$3            : loaded 4 times (x 79B)
Class org.jetbrains.kotlin.gradle.plugin.mpp.KotlinTargetSoftwareComponentImplKt$KotlinTargetSoftwareComponent$1$1$configuration$1: loaded 4 times (x 79B)
Class org.jetbrains.kotlin.gradle.internal.abi.AbiValidationExtensionKt               : loaded 4 times (x 71B)
Class org.jetbrains.kotlin.gradle.targets.js.npm.DefaultPeerNpmDependencyExtension$delegate$1: loaded 4 times (x 167B)
Class org.jetbrains.kotlin.gradle.targets.js.npm.NpmDependency                        : loaded 4 times (x 86B)
Class org.jetbrains.kotlin.gradle.targets.js.npm.DefaultNpmDependencyExtension        : loaded 4 times (x 152B)
Class org.jetbrains.kotlin.gradle.targets.js.npm.NpmDependency$Scope                  : loaded 4 times (x 79B)
Class org.jetbrains.kotlin.gradle.plugin.diagnostics.KotlinToolingDiagnosticsCollector$Parameter_Decorated: loaded 4 times (x 130B)
Class org.jetbrains.kotlin.gradle.plugin.sources.FragmentConsistencyChecks$unstableFeaturesCheck$1: loaded 4 times (x 79B)
Class org.jetbrains.kotlin.gradle.plugin.sources.DefaultKotlinSourceSet               : loaded 4 times (x 139B)
Class org.jetbrains.kotlin.gradle.plugin.mpp.DefaultKotlinUsageContext                : loaded 4 times (x 93B)
Class org.jetbrains.kotlin.gradle.plugin.diagnostics.checkers.AndroidSourceSetLayoutV1SourceSetsNotFoundChecker: loaded 4 times (x 74B)
Class org.jetbrains.kotlin.gradle.plugin.diagnostics.ProblemsReporter                 : loaded 4 times (x 70B)
Class org.jetbrains.kotlin.gradle.plugin.VariantImplementationFactories$Parameters    : loaded 4 times (x 70B)
Class org.jetbrains.kotlin.gradle.utils.ConfigurationsKt$sam$org_gradle_api_Action$0  : loaded 4 times (x 75B)
Class org.jetbrains.kotlin.gradle.plugin.internal.JavaExecTaskParametersCompatibility$Factory: loaded 4 times (x 70B)
Class org.jetbrains.kotlin.gradle.dsl.DefaultToolchainSupport                         : loaded 4 times (x 76B)
Class org.jetbrains.kotlin.gradle.targets.ConfigureNonPackedKlibConsumingSideEffectKt$ConfigureNonPackedKlibConsumingSideEffect$1: loaded 4 times (x 74B)
Class org.jetbrains.kotlin.gradle.plugin.HasCompilerOptions                           : loaded 4 times (x 70B)
Class org.jetbrains.kotlin.gradle.plugin.diagnostics.DiagnosticGroup$Base             : loaded 4 times (x 81B)
Class org.jetbrains.kotlin.gradle.plugin.mpp.compilationImpl.DefaultKotlinCompilationFriendPathsResolver$FriendArtifactResolver: loaded 4 times (x 70B)
Class org.jetbrains.kotlin.gradle.InternalKotlinGradlePluginApi                       : loaded 4 times (x 70B)
Class org.jetbrains.kotlin.gradle.targets.js.ir.KotlinJsIrTarget                      : loaded 4 times (x 254B)
Class org.jetbrains.kotlin.gradle.plugin.mpp.KotlinOnlyTarget                         : loaded 4 times (x 153B)
Class org.jetbrains.kotlin.gradle.dsl.KotlinVersion$Companion                         : loaded 4 times (x 71B)
Class org.jetbrains.kotlin.gradle.targets.js.npm.BaseNpmDependencyExtension           : loaded 4 times (x 70B)
Class org.jetbrains.kotlin.gradle.plugin.diagnostics.checkers.IncorrectCompileOnlyDependenciesChecker$runChecks$1: loaded 4 times (x 88B)
Class kotlin.text.StringsKt__StringsKt                                                : loaded 4 times (x 71B)
Class org.jetbrains.kotlin.gradle.tasks.DefaultKotlinJavaToolchain$DefaultJdkSetter   : loaded 4 times (x 76B)
Class org.gradle.accessors.dm.LibrariesForLibs$AndroidPluginAccessors                 : loaded 4 times (x 75B)
Class kotlin.collections.MapsKt__MapWithDefaultKt                                     : loaded 4 times (x 71B)
Class org.jetbrains.kotlin.konan.target.KonanTarget$WATCHOS_SIMULATOR_ARM64           : loaded 4 times (x 78B)
Class org.jetbrains.kotlin.gradle.dsl.abi.AbiFilterSetSpec_Decorated                  : loaded 4 times (x 133B)
Class [Lorg.jetbrains.kotlin.statistics.metrics.BooleanMetrics;                       : loaded 4 times (x 69B)
Class kotlin.text.StringsKt__StringsJVMKt                                             : loaded 4 times (x 71B)
Class [Lorg.jetbrains.kotlin.compilerRunner.KotlinCompilerArgumentsLogLevel;          : loaded 4 times (x 69B)
Class org.jetbrains.kotlin.gradle.tasks.KotlinCompile_Decorated                       : loaded 4 times (x 613B)
Class org.jetbrains.kotlin.gradle.plugin.mpp.SyncLanguageSettingsWithKotlinExtensionSetupActionKt$SyncLanguageSettingsWithKotlinExtensionSetupAction$1$2: loaded 4 times (x 75B)
Class org.jetbrains.kotlin.gradle.plugin.diagnostics.checkers.OverriddenKotlinNativeHomeChecker$StdlibExistenceCheckerValueSource$Companion: loaded 4 times (x 71B)
Class org.jetbrains.kotlin.gradle.plugin.internal.BuildIdService$Companion            : loaded 4 times (x 71B)
Class org.jetbrains.kotlin.gradle.plugin.internal.DefaultCompatibilityConventionRegistrar$Factory: loaded 4 times (x 76B)
Class org.jetbrains.kotlin.gradle.utils.ProviderApiUtilsKt$providerWithLazyConvention$1: loaded 4 times (x 74B)
Class org.jetbrains.kotlin.konan.target.KonanTarget$Companion$predefinedTargets$2     : loaded 4 times (x 78B)
Class org.jetbrains.kotlin.gradle.plugin.KotlinCompilation$DefaultImpls               : loaded 4 times (x 71B)
Class org.jetbrains.kotlin.gradle.plugin.sources.FragmentConsistencyChecks$unstableFeaturesCheck$2: loaded 4 times (x 78B)
Class org.jetbrains.kotlin.gradle.targets.js.dsl.KotlinWasmSubTargetContainerDsl      : loaded 4 times (x 70B)
Class org.jetbrains.kotlin.gradle.plugin.diagnostics.checkers.WasmWasiEnvironmentChecker$1: loaded 4 times (x 78B)
Class org.jetbrains.kotlin.gradle.plugin.KotlinPluginLifecycleImpl                    : loaded 4 times (x 80B)
Class org.jetbrains.kotlin.gradle.plugin.diagnostics.KotlinToolingDiagnostics$WasmWasiEnvironmentNotChosenExplicitly: loaded 4 times (x 73B)
Class org.jetbrains.kotlin.gradle.plugin.diagnostics.DiagnosticGroup$Kgp              : loaded 4 times (x 82B)
Class org.jetbrains.kotlin.gradle.artifacts.KotlinNativeKlibArtifactKt$KotlinNativeKlibArtifact$1: loaded 4 times (x 74B)
Class org.jetbrains.kotlin.gradle.dsl.KotlinCommonCompilerOptionsDefault              : loaded 4 times (x 94B)
Class org.jetbrains.kotlin.gradle.dsl.KotlinCommonCompilerToolOptionsDefault          : loaded 4 times (x 84B)
Class org.jetbrains.kotlin.gradle.plugin.DefaultKotlinBasePlugin$addKotlinCompilerConfiguration$2$1: loaded 4 times (x 75B)
Class org.jetbrains.kotlin.gradle.internal.properties.NativePropertiesLoader$isUseXcodeMessageStyleEnabled$1: loaded 4 times (x 75B)
Class org.jetbrains.kotlin.gradle.internal.ClassLoadersCachingBuildService$Companion$registerIfAbsent$2$1: loaded 4 times (x 79B)
Class org.jetbrains.kotlin.gradle.report.BuildReportMode$Companion                    : loaded 4 times (x 71B)
Class org.jetbrains.kotlin.gradle.utils.Completable                                   : loaded 4 times (x 72B)
Class org.jetbrains.kotlin.gradle.plugin.VariantImplementationFactories$VariantImplementationFactory: loaded 4 times (x 70B)
Class org.jetbrains.kotlin.gradle.plugin.diagnostics.checkers.GradleDeprecatedPropertyChecker$DeprecatedProperty: loaded 4 times (x 72B)
Class org.jetbrains.kotlin.gradle.plugin.diagnostics.checkers.DisabledCinteropCommonizationInHmppProjectChecker: loaded 4 times (x 74B)
Class org.jetbrains.kotlin.gradle.plugin.diagnostics.checkers.NoKotlinTargetsDeclaredChecker: loaded 4 times (x 74B)
Class org.jetbrains.kotlin.gradle.targets.jvm.KotlinJvmTargetTestFixturesSideEffectKt$ConfigureJavaTestFixturesSideEffect$1: loaded 4 times (x 74B)
Class org.jetbrains.kotlin.gradle.utils.StoredPropertyStorage                         : loaded 4 times (x 72B)
Class org.jetbrains.kotlin.gradle.plugin.KotlinSourceSetContainer                     : loaded 4 times (x 70B)
Class org.jetbrains.kotlin.gradle.plugin.KotlinPluginLifecycleImpl$launch$1           : loaded 4 times (x 79B)
Class kotlin.collections.ArraysUtilJVM                                                : loaded 4 times (x 71B)
Class kotlin.jvm.functions.Function0                                                  : loaded 4 times (x 70B)
Class org.jetbrains.kotlin.gradle.plugin.sources.InternalKotlinSourceSetKt$awaitPlatformCompilations$1: loaded 4 times (x 88B)
Class org.jetbrains.kotlin.konan.target.HostManager$Companion$targetAliases$2         : loaded 4 times (x 78B)
Class org.jetbrains.kotlin.buildtools.api.SourcesChanges                              : loaded 4 times (x 70B)
Class kotlin.collections.ArraysKt___ArraysKt                                          : loaded 4 times (x 71B)
Class [Lorg.jetbrains.kotlin.gradle.plugin.sources.KotlinDependencyScope;             : loaded 4 times (x 69B)
Class kotlin.collections.MapsKt___MapsKt                                              : loaded 4 times (x 71B)
Class org.jetbrains.kotlin.konan.target.KonanTarget$WATCHOS_X64                       : loaded 4 times (x 78B)
Class kotlin.io.FilesKt                                                               : loaded 4 times (x 71B)
Class kotlin.text.StringsKt__IndentKt                                                 : loaded 4 times (x 71B)
Class kotlin.collections.SetsKt                                                       : loaded 4 times (x 71B)
Class org.jetbrains.kotlin.tooling.core.ExtrasLazyProperty                            : loaded 4 times (x 70B)
Class org.jetbrains.kotlin.gradle.plugin.diagnostics.KotlinGradleProjectCheckersRunnerKt: loaded 4 times (x 71B)
Class com.google.common.collect.Iterators$5                                           : loaded 4 times (x 82B)
Class org.jetbrains.kotlin.gradle.tasks.configuration.BaseKotlinCompileConfig$1$1$classpathEntrySnapshotFiles$1: loaded 4 times (x 74B)
Class org.jetbrains.kotlin.gradle.utils.GradleAttributesContainerUtilsKt              : loaded 4 times (x 71B)
Class org.jetbrains.kotlin.gradle.plugin.mpp.ApplyUserDefinedAttributesKt$UserDefinedAttributesSetupAction$1$1: loaded 4 times (x 79B)
Class org.jetbrains.kotlin.gradle.targets.js.npm.SemVer$Companion                     : loaded 4 times (x 71B)
Class org.jetbrains.kotlin.konan.target.KonanTarget$LINUX_ARM64                       : loaded 4 times (x 78B)
Class org.jetbrains.kotlin.konan.target.KonanTarget$LINUX_X64                         : loaded 4 times (x 78B)
Class [Lorg.jetbrains.kotlin.konan.target.Architecture;                               : loaded 4 times (x 69B)
Class org.jetbrains.kotlin.gradle.internal.IdeaKt$isInIdeaEnvironment$1               : loaded 4 times (x 74B)
Class org.jetbrains.kotlin.compilerRunner.CompilerSystemPropertiesService             : loaded 4 times (x 80B)
Class org.jetbrains.kotlin.gradle.plugin.mpp.compilationImpl.KotlinCompilationImpl$1  : loaded 4 times (x 79B)
Class org.jetbrains.kotlin.gradle.tasks.configuration.BaseKotlinCompileConfig$configureCommonParameters$1: loaded 4 times (x 74B)
Class org.jetbrains.kotlin.gradle.targets.native.SetupEmbedAndSignAppleFrameworkTaskSideEffectKt$special$$inlined$KotlinTargetSideEffect$1: loaded 4 times (x 74B)
Class org.jetbrains.kotlin.gradle.plugin.mpp.KotlinUsages$KotlinCinteropCompatibility : loaded 4 times (x 77B)
Class org.jetbrains.kotlin.gradle.plugin.mpp.KotlinUsages$KotlinUsagesCompatibility   : loaded 4 times (x 76B)
Class org.jetbrains.kotlin.gradle.dsl.ExplicitApiMode                                 : loaded 4 times (x 79B)
Class org.jetbrains.kotlin.gradle.plugin.internal.DefaultProjectIsolationStartParameterAccessor$Factory: loaded 4 times (x 76B)
Class org.jetbrains.kotlin.gradle.plugin.VariantImplementationFactories$Parameters$Inject_: loaded 4 times (x 106B)
Class org.jetbrains.kotlin.gradle.plugin.VariantImplementationFactories$Companion     : loaded 4 times (x 71B)
Class org.jetbrains.kotlin.gradle.plugin.internal.CustomPropertiesFileValueSource$Parameters_Decorated: loaded 4 times (x 130B)
Class org.jetbrains.kotlin.gradle.dsl.KotlinTopLevelExtensionConfig                   : loaded 4 times (x 70B)
Class org.jetbrains.kotlin.gradle.plugin.internal.DefaultMavenPublicationComponentAccessor: loaded 4 times (x 75B)
Class org.jetbrains.kotlin.gradle.dsl.KotlinJvmCompilerOptions                        : loaded 4 times (x 70B)
Class org.jetbrains.kotlin.gradle.plugin.statistics.BuildFusService$Companion         : loaded 4 times (x 71B)
Class org.jetbrains.kotlin.gradle.dsl.JvmDefaultMode                                  : loaded 4 times (x 79B)
Class org.jetbrains.kotlin.gradle.plugin.ProjectLocalConfigurations$ProjectLocalCompatibility: loaded 4 times (x 76B)
Class org.jetbrains.kotlin.cli.common.arguments.K2JVMCompilerArgumentsConfigurator    : loaded 4 times (x 74B)
Class org.jetbrains.kotlin.gradle.plugin.diagnostics.KotlinToolingDiagnostics$JsEnvironmentNotChosenExplicitly: loaded 4 times (x 73B)
Class [Lorg.jetbrains.kotlin.build.report.metrics.GradleBuildPerformanceMetric;       : loaded 4 times (x 69B)
Class org.jetbrains.kotlin.gradle.internal.properties.NativePropertiesLoader$Companion: loaded 4 times (x 71B)
Class org.jetbrains.kotlin.gradle.plugin.mpp.KotlinUsages                             : loaded 4 times (x 71B)
Class org.gradle.accessors.dm.LibrariesForLibs$AndroidxComposeUiTestLibraryAccessors  : loaded 4 times (x 78B)
Class org.gradle.accessors.dm.LibrariesForLibs$PlayVersionAccessors                   : loaded 4 times (x 75B)
Class kotlin.reflect.KDeclarationContainer                                            : loaded 4 times (x 70B)
Class org.jetbrains.kotlin.gradle.plugin.mpp.compilationImpl.KotlinCreateResourcesTaskSideEffectKt: loaded 4 times (x 71B)
Class kotlin.text.StringsKt___StringsJvmKt                                            : loaded 4 times (x 71B)
Class kotlin.reflect.KFunction                                                        : loaded 4 times (x 70B)
Class org.jetbrains.kotlin.gradle.utils.ConfigurationCacheOpaqueValue                 : loaded 4 times (x 72B)
Class org.jetbrains.kotlin.gradle.internal.StdlibDependencyManagementKt$configureStdlibDefaultDependency$1: loaded 4 times (x 79B)
Class org.jetbrains.kotlin.gradle.internal.KotlinDependenciesManagementKt$configureDefaultVersionsResolutionStrategy$1: loaded 4 times (x 75B)
Class org.jetbrains.kotlin.gradle.incremental.IncrementalModuleInfoProvider           : loaded 4 times (x 70B)
Class org.jetbrains.kotlin.gradle.tasks.abi.KotlinLegacyAbiCheckTaskImpl$Companion    : loaded 4 times (x 71B)
Class org.jetbrains.kotlin.gradle.dsl.PlatformSourceSetConventionsChecker$runChecks$1 : loaded 4 times (x 88B)
Class org.jetbrains.kotlin.gradle.plugin.mpp.compilationImpl.KotlinCompilationImpl$2  : loaded 4 times (x 79B)
Class org.jetbrains.kotlin.gradle.plugin.mpp.compilationImpl.factory.ConfigurationNaming: loaded 4 times (x 70B)
Class org.jetbrains.kotlin.gradle.plugin.KotlinPluginLifecycle$ProjectConfigurationResult: loaded 4 times (x 71B)
Class org.jetbrains.kotlin.gradle.plugin.mpp.compilationImpl.KotlinCompilationProcessorSideEffectKt$KotlinCompilationProcessorSideEffect$1: loaded 4 times (x 74B)
Class org.jetbrains.kotlin.gradle.dsl.KotlinJvmCompilerOptionsDefault                 : loaded 4 times (x 106B)
Class org.jetbrains.kotlin.gradle.internal.UsesClassLoadersCachingBuildService        : loaded 4 times (x 70B)
Class [Lorg.jetbrains.kotlin.tooling.core.HasExtras;                                  : loaded 4 times (x 69B)
Class org.jetbrains.kotlin.gradle.plugin.mpp.compilationImpl.DefaultKotlinCompilationPostConfigureKt: loaded 4 times (x 71B)
Class org.jetbrains.kotlin.gradle.plugin.diagnostics.checkers.IncorrectCompileOnlyDependenciesChecker: loaded 4 times (x 74B)
Class org.jetbrains.kotlin.gradle.plugin.diagnostics.checkers.WasmWasiEnvironmentChecker$2: loaded 4 times (x 78B)
Class org.jetbrains.kotlin.gradle.plugin.abi.AbiValidationActionKt                    : loaded 4 times (x 71B)
Class org.jetbrains.kotlin.gradle.dsl.DefaultToolchainSupport$wireToolchainToTasks$1$1: loaded 4 times (x 75B)
Class org.jetbrains.kotlin.gradle.utils.SingleActionPerProject                        : loaded 4 times (x 73B)
Class org.jetbrains.kotlin.gradle.plugin.KotlinBasePluginWrapper                      : loaded 4 times (x 86B)
Class org.jetbrains.kotlin.gradle.report.ReportingSettings                            : loaded 4 times (x 72B)
Class [Lorg.jetbrains.kotlin.gradle.plugin.sources.ConsistencyCheck;                  : loaded 4 times (x 69B)
Class org.jetbrains.kotlin.gradle.plugin.mpp.compilationImpl.DefaultKotlinCompilationSourceSetsContainer$source$1: loaded 4 times (x 79B)
Class kotlin.collections.MapsKt__MapsKt                                               : loaded 4 times (x 71B)
Class org.jetbrains.kotlin.gradle.plugin.DefaultKotlinBasePlugin                      : loaded 4 times (x 82B)
Class kotlin.jvm.functions.Function1                                                  : loaded 4 times (x 70B)
Class com.google.common.collect.Iterators$4                                           : loaded 4 times (x 82B)
Class org.jetbrains.kotlin.compilerRunner.KotlinCompilerArgumentsLogLevel$Companion   : loaded 4 times (x 71B)
Class org.jetbrains.kotlin.gradle.plugin.DefaultKotlinBasePlugin$addKotlinCompilerConfiguration$3$1: loaded 4 times (x 79B)
Class org.jetbrains.kotlin.gradle.tasks.AbstractKotlinCompile$defaultKotlinJavaToolchain$1: loaded 4 times (x 78B)
Class org.jetbrains.kotlin.daemon.common.MultiModuleICSettings                        : loaded 4 times (x 72B)
Class kotlin.sequences.TransformingSequence$iterator$1                                : loaded 4 times (x 79B)
Class org.jetbrains.kotlin.gradle.internal.StdlibDependencyManagementKt               : loaded 4 times (x 71B)
Class org.jetbrains.kotlin.konan.target.KonanTarget$MINGW_X64                         : loaded 4 times (x 78B)
Class org.jetbrains.kotlin.gradle.dsl.PlatformSourceSetConventionsChecker$runChecks$2 : loaded 4 times (x 78B)
Class org.jetbrains.kotlin.gradle.plugin.diagnostics.KotlinToolingDiagnosticsCollectorKt: loaded 4 times (x 71B)
Class org.jetbrains.kotlin.gradle.tasks.KotlinCompile                                 : loaded 4 times (x 511B)
Class org.jetbrains.kotlin.gradle.plugin.KotlinCompilationInfoKt                      : loaded 4 times (x 71B)
Class org.jetbrains.kotlin.gradle.utils.ObservableSet                                 : loaded 4 times (x 70B)
Class org.jetbrains.kotlin.gradle.utils.FailuresKt$ideaSyncClasspathModeUtil$1        : loaded 4 times (x 72B)
Class org.jetbrains.kotlin.gradle.plugin.mpp.HierarchyAttributeContainer              : loaded 4 times (x 87B)
Class org.jetbrains.kotlin.gradle.tasks.UsesKotlinJavaToolchain                       : loaded 4 times (x 70B)
Class org.jetbrains.kotlin.gradle.plugin.DefaultKotlinBasePlugin$apply$1              : loaded 4 times (x 75B)
Class org.jetbrains.kotlin.gradle.internal.properties.PropertiesBuildService$Params_Decorated: loaded 4 times (x 130B)
Class org.jetbrains.kotlin.gradle.plugin.AbstractKotlinPluginWrapper                  : loaded 4 times (x 86B)
Class org.jetbrains.kotlin.gradle.internal.diagnostics.AgpCompatibilityCheck$AndroidGradlePluginVersionProvider$Default: loaded 4 times (x 74B)
Class org.jetbrains.kotlin.gradle.utils.GradleUtilsKt$registerClassLoaderScopedBuildService$1: loaded 4 times (x 74B)
Class org.jetbrains.kotlin.gradle.targets.native.KonanPropertiesBuildService$Companion: loaded 4 times (x 71B)
Class org.jetbrains.kotlin.konan.target.KonanTarget$ANDROID_X64                       : loaded 4 times (x 78B)
Class org.jetbrains.kotlin.gradle.plugin.mpp.KotlinWithJavaCompilation                : loaded 4 times (x 203B)
Class org.jetbrains.kotlin.gradle.internal.KotlinTestDependencyManagementKt           : loaded 4 times (x 71B)
Class org.jetbrains.kotlin.gradle.internal.abi.ConfigsKt                              : loaded 4 times (x 71B)
Class org.jetbrains.kotlin.gradle.plugin.sources.DefaultKotlinSourceSet_Decorated     : loaded 4 times (x 186B)
Class org.jetbrains.kotlin.gradle.tasks.configuration.AbstractKotlinCompileConfig$1$1 : loaded 4 times (x 74B)
Class org.jetbrains.kotlin.build.report.metrics.BuildPerformanceMetrics$Companion     : loaded 4 times (x 71B)
Class org.jetbrains.kotlin.gradle.plugin.sources.SourceSetsVisibilityInferenceKt      : loaded 4 times (x 71B)
Class kotlin.collections.CollectionsKt___CollectionsKt                                : loaded 4 times (x 71B)
Class kotlin.jvm.functions.Function4                                                  : loaded 4 times (x 70B)
Class org.jetbrains.kotlin.gradle.plugin.mpp.KotlinCompilationsKt                     : loaded 4 times (x 71B)
Class org.jetbrains.kotlin.gradle.plugin.diagnostics.TransformActionUsingKotlinToolingDiagnostics: loaded 4 times (x 70B)
Class org.jetbrains.kotlin.gradle.tasks.configuration.BaseKotlinCompileConfig$2$1     : loaded 4 times (x 75B)
Class org.jetbrains.kotlin.gradle.dsl.PlatformSourceSetConventionsChecker$runChecks$6 : loaded 4 times (x 88B)
Class org.jetbrains.kotlin.gradle.plugin.internal.DefaultConfigurationCacheStartParameterAccessorVariantFactory: loaded 4 times (x 76B)
Class org.gradle.accessors.dm.LibrariesForLibs$AndroidxDatastoreLibraryAccessors      : loaded 4 times (x 77B)
Class org.jetbrains.kotlin.gradle.internal.StdlibDependencyManagementKt$addStdlibDependency$1$1: loaded 4 times (x 79B)
Class org.jetbrains.kotlin.konan.target.KonanTarget$ANDROID_X86                       : loaded 4 times (x 78B)
Class org.jetbrains.kotlin.gradle.dsl.PlatformSourceSetConventionsChecker$runChecks$3 : loaded 4 times (x 78B)
Class org.jetbrains.kotlin.gradle.plugin.mpp.KotlinTargetComponentWithCoordinatesAndPublication: loaded 4 times (x 70B)
Class org.jetbrains.kotlin.gradle.incremental.UsesIncrementalModuleInfoBuildService   : loaded 4 times (x 70B)
Class org.jetbrains.kotlin.gradle.dsl.abi.AbiValidationVariantSpec                    : loaded 4 times (x 70B)
Class org.jetbrains.kotlin.gradle.plugin.RegisterKotlinPluginExtensionsKt             : loaded 4 times (x 71B)
Class org.jetbrains.kotlin.gradle.utils.CompilerOptionsKt$configureExperimentalTryNext$1$1: loaded 4 times (x 78B)
Class org.jetbrains.kotlin.gradle.utils.CompilerOptionsKt                             : loaded 4 times (x 71B)
Class org.jetbrains.kotlin.gradle.plugin.PropertiesProvider$Companion                 : loaded 4 times (x 71B)
Class org.jetbrains.kotlin.gradle.utils.SingleAction                                  : loaded 4 times (x 73B)
Class com.google.common.collect.Iterators$1                                           : loaded 4 times (x 81B)
Class org.jetbrains.kotlin.gradle.internal.properties.PropertiesBuildService$Companion$registerIfAbsent$1: loaded 4 times (x 75B)
Class org.jetbrains.kotlin.gradle.dsl.KotlinCommonCompilerToolOptions                 : loaded 4 times (x 70B)
Class org.jetbrains.kotlin.gradle.testing.internal.KotlinTestsRegistry$Companion      : loaded 4 times (x 71B)
Class org.jetbrains.kotlin.gradle.plugin.mpp.compilationImpl.CreateCInteropTasksSideEffectKt: loaded 4 times (x 71B)
Class org.jetbrains.kotlin.gradle.dsl.abi.AbiValidationVariantSpec$Companion          : loaded 4 times (x 71B)
Class org.jetbrains.kotlin.gradle.plugin.diagnostics.checkers.InternalGradlePropertiesUsageChecker: loaded 4 times (x 74B)
Class org.jetbrains.kotlin.gradle.plugin.mpp.KotlinCompilationFactory$DefaultImpls    : loaded 4 times (x 71B)
Class org.jetbrains.kotlin.gradle.tasks.abi.AbiToolsTask$Companion                    : loaded 4 times (x 71B)
Class kotlin.UninitializedPropertyAccessException                                     : loaded 4 times (x 82B)
Class org.gradle.accessors.dm.LibrariesForLibs$SecurityVersionAccessors               : loaded 4 times (x 75B)
Class org.jetbrains.kotlin.gradle.tasks.KotlinCompile$defaultKotlinJavaToolchain$1    : loaded 4 times (x 79B)
Class org.jetbrains.kotlin.gradle.tasks.KotlinJavaToolchain$JavaToolchainSetter       : loaded 4 times (x 70B)
Class org.jetbrains.kotlin.gradle.plugin.diagnostics.KotlinToolingDiagnosticsSetupActionKt$KotlinToolingDiagnosticsSetupAction$1$2$diagnostics$1: loaded 4 times (x 75B)
Class org.jetbrains.kotlin.tooling.core.ExtrasPropertyKt$extrasLazyProperty$1         : loaded 4 times (x 94B)
Class org.jetbrains.kotlin.statistics.metrics.BooleanAnonymizationPolicy$SAFE         : loaded 4 times (x 85B)
Class org.jetbrains.kotlin.gradle.plugin.SubpluginEnvironment$addSubpluginOptions$configureKotlinTask$1: loaded 4 times (x 79B)
Class org.jetbrains.kotlin.gradle.dsl.abi.AbiFilterSetSpec                            : loaded 4 times (x 70B)
Class org.jetbrains.kotlin.gradle.dsl.PlatformSourceSetConventionsChecker$runChecks$4 : loaded 4 times (x 78B)
Class org.jetbrains.kotlin.gradle.plugin.diagnostics.checkers.JsLikeEnvironmentChecker$runChecks$1: loaded 4 times (x 88B)
Class org.jetbrains.kotlin.gradle.internal.utils.CollectionsKt                        : loaded 4 times (x 71B)
Class [Lorg.jetbrains.kotlin.gradle.plugin.mpp.KotlinUsageContext$MavenScope;         : loaded 4 times (x 69B)
Class org.jetbrains.kotlin.gradle.plugin.diagnostics.UsesKotlinToolingDiagnostics     : loaded 4 times (x 70B)
Class org.jetbrains.kotlin.gradle.plugin.diagnostics.checkers.KonanHomeConflictDeclarationChecker: loaded 4 times (x 74B)
Class org.jetbrains.kotlin.gradle.plugin.diagnostics.KotlinToolingDiagnostics$WasmJsEnvironmentNotChosenExplicitly: loaded 4 times (x 73B)
Class kotlin.collections.MapsKt___MapsJvmKt                                           : loaded 4 times (x 71B)
Class org.jetbrains.kotlin.gradle.internal.IdeaKt$isInIdeaEnvironment$2               : loaded 4 times (x 74B)
Class org.jetbrains.kotlin.gradle.tasks.KotlinCompile$ClasspathSnapshotProperties     : loaded 4 times (x 73B)
Class org.jetbrains.kotlin.build.report.metrics.BuildTimes                            : loaded 4 times (x 72B)
Class org.jetbrains.kotlin.gradle.tasks.configuration.BaseKotlinCompileConfig$configureCommonParameters$2: loaded 4 times (x 75B)
Class org.jetbrains.kotlin.gradle.plugin.mpp.compilationImpl.KotlinCompilationCompilerOptionsFromTargetConfigurator: loaded 4 times (x 74B)
Class org.gradle.accessors.dm.LibrariesForLibs$AndroidxComposeUiToolingLibraryAccessors: loaded 4 times (x 78B)
Class [Lorg.jetbrains.kotlin.gradle.plugin.mpp.compilationImpl.DefaultKotlinCompilationFriendPathsResolver$FriendArtifactResolver;: loaded 4 times (x 69B)
Class org.jetbrains.kotlin.gradle.utils.FileUtilsKt                                   : loaded 4 times (x 71B)
Class org.jetbrains.kotlin.tooling.core.MutableExtrasImpl                             : loaded 4 times (x 165B)
Class org.jetbrains.kotlin.gradle.plugin.mpp.compilationImpl.KotlinCreateCompilationArchiveTaskKt: loaded 4 times (x 71B)
Class org.jetbrains.kotlin.gradle.artifacts.KotlinJsKlibArtifactKt                    : loaded 4 times (x 71B)
Class org.jetbrains.kotlin.gradle.plugin.KotlinTarget$DefaultImpls                    : loaded 4 times (x 71B)
Class org.jetbrains.kotlin.gradle.plugin.diagnostics.KotlinToolingDiagnosticsCollector: loaded 4 times (x 76B)
Class org.jetbrains.kotlin.gradle.tasks.abi.KotlinLegacyAbiDumpTaskImpl               : loaded 4 times (x 353B)
Class org.jetbrains.kotlin.gradle.dsl.KotlinTargetContainerWithWasmPresetFunctions    : loaded 4 times (x 70B)
Class org.gradle.accessors.dm.LibrariesForLibs$AssetPluginAccessors                   : loaded 4 times (x 74B)
Class org.jetbrains.kotlin.gradle.plugin.GradleUtilsKt                                : loaded 4 times (x 71B)
Class org.jetbrains.kotlin.gradle.internal.properties.PropertiesBuildService$Params$Inject_: loaded 4 times (x 106B)
Class org.jetbrains.kotlin.gradle.plugin.abi.AbiValidationTaskSet                     : loaded 4 times (x 72B)
Class org.jetbrains.kotlin.konan.target.KonanTarget$TVOS_SIMULATOR_ARM64              : loaded 4 times (x 78B)
Class org.jetbrains.kotlin.konan.target.KonanTarget$Companion                         : loaded 4 times (x 71B)
Class org.jetbrains.kotlin.gradle.internal.properties.PropertiesBuildService          : loaded 4 times (x 76B)
Class org.jetbrains.kotlin.incremental.IncrementalCompilationFeatures                 : loaded 4 times (x 71B)
Class org.jetbrains.kotlin.gradle.plugin.mpp.compilationImpl.DefaultKotlinCompilationSourceSetsContainer$allKotlinSourceSetsImpl$1$1: loaded 4 times (x 80B)
Class org.jetbrains.kotlin.gradle.plugin.mpp.compilationImpl.DefaultKotlinCompilationSourceSetsContainer: loaded 4 times (x 78B)
Class org.jetbrains.kotlin.gradle.plugin.KotlinPluginLifecycle$Stage$Companion        : loaded 4 times (x 71B)
Class org.jetbrains.kotlin.gradle.plugin.diagnostics.checkers.DeprecatedKotlinNativeTargetsChecker: loaded 4 times (x 74B)
Class org.jetbrains.kotlin.gradle.targets.jvm.KotlinJvmCompilationWireJavaSourcesSideEffectKt$KotlinJvmCompilationWireJavaSourcesSideEffect$1: loaded 4 times (x 74B)
Class org.jetbrains.kotlin.gradle.targets.native.ConfigureFrameworkExportSideEffectKt$special$$inlined$KotlinTargetSideEffect$1: loaded 4 times (x 74B)
Class org.jetbrains.kotlin.tooling.core.AbstractExtras                                : loaded 4 times (x 141B)
Class org.jetbrains.kotlin.gradle.fus.BuildUidService$Companion$registerIfAbsent$1    : loaded 4 times (x 74B)
Class org.jetbrains.kotlin.gradle.internal.diagnostics.AgpCompatibilityCheck$AndroidGradlePluginVersionProvider: loaded 4 times (x 70B)
Class org.jetbrains.kotlin.gradle.tasks.KotlinCompile$javaSources$1                   : loaded 4 times (x 75B)
Class kotlin.jvm.functions.Function2                                                  : loaded 4 times (x 70B)
Class org.jetbrains.kotlin.gradle.plugin.BuildFinishedListenerService$Companion$registerIfAbsent$1$1$1: loaded 4 times (x 75B)
Class com.google.common.base.CharMatcher$FastMatcher                                  : loaded 3 times (x 112B)
Class kotlinx.coroutines.CompletedExceptionally                                       : loaded 3 times (x 72B)
Class kotlin.collections.AbstractMutableList                                          : loaded 3 times (x 206B)
Class org.jetbrains.kotlin.statistics.metrics.StatisticsValuesConsumer$DefaultImpls   : loaded 3 times (x 71B)
Class org.jetbrains.kotlin.gradle.plugin.KotlinSourceSetProcessor$sam$java_util_function_Function$0: loaded 3 times (x 79B)
Class [Lorg.jetbrains.kotlin.buildtools.api.jvm.ClassSnapshotGranularity;             : loaded 3 times (x 69B)
Class jdk.internal.jimage.ImageReader                                                 : loaded 3 times (x 75B)
Class kotlin.reflect.KProperty$Getter                                                 : loaded 3 times (x 70B)
Class kotlin.SafePublicationLazyImpl                                                  : loaded 3 times (x 76B)
Class org.jetbrains.kotlin.gradle.plugin.mpp.KotlinWithJavaTargetKt$KotlinWithJavaTargetForJvm$1$1: loaded 3 times (x 77B)
Class kotlin.KotlinNothingValueException                                              : loaded 3 times (x 82B)
Class com.google.common.collect.SingletonImmutableSet                                 : loaded 3 times (x 146B)
Class jdk.internal.jimage.ImageReader$SharedImageReader                               : loaded 3 times (x 95B)
Class org.jetbrains.kotlin.gradle.plugin.mpp.compilationImpl.factory.DefaultKotlinCompilationSourceSetsContainerFactory$DefaultDefaultSourceSetNaming: loaded 3 times (x 74B)
Class com.google.common.base.Predicate                                                : loaded 3 times (x 70B)
Class org.jetbrains.kotlin.gradle.plugin.statistics.KotlinBuildStatsMXBean            : loaded 3 times (x 70B)
Class kotlin.io.FileTreeWalk$WalkState                                                : loaded 3 times (x 73B)
Class kotlin.jvm.functions.Function3                                                  : loaded 3 times (x 70B)
Class kotlin.Metadata                                                                 : loaded 3 times (x 70B)
Class org.jetbrains.kotlin.gradle.plugin.KotlinSourceSetProcessor$applyStandardTaskConfiguration$1: loaded 3 times (x 79B)
Class org.jetbrains.kotlin.statistics.metrics.IMetricContainer                        : loaded 3 times (x 70B)
Class org.jetbrains.kotlin.gradle.plugin.mpp.KotlinWithJavaCompilationFactory$create$compilationImplFactory$4: loaded 3 times (x 75B)
Class jdk.internal.jimage.ImageStringsReader                                          : loaded 3 times (x 80B)
Class org.jetbrains.org.objectweb.asm.ClassWriter                                     : loaded 3 times (x 106B)
Class kotlinx.coroutines.CoroutineStart                                               : loaded 3 times (x 79B)
Class com.google.common.base.CharMatcher$NegatedFastMatcher                           : loaded 3 times (x 114B)
Class com.google.common.collect.AbstractRangeSet                                      : loaded 3 times (x 114B)
Class org.jetbrains.kotlin.statistics.metrics.StringOverridePolicy$OVERRIDE           : loaded 3 times (x 85B)
Class org.jetbrains.kotlin.gradle.plugin.ide.IdeMultiplatformImport                   : loaded 3 times (x 70B)
Class kotlinx.coroutines.CoroutineDispatcher$Key                                      : loaded 3 times (x 72B)
Class [Lkotlinx.coroutines.CoroutineStart;                                            : loaded 3 times (x 69B)
Class org.jetbrains.kotlin.gradle.plugin.Kotlin2JvmSourceSetProcessor$doRegisterTask$1$1: loaded 3 times (x 79B)
Class org.jetbrains.kotlin.gradle.plugin.mpp.KotlinWithJavaCompilationFactory$create$compilationImplFactory$3: loaded 3 times (x 75B)
Class org.jetbrains.kotlin.gradle.plugin.KotlinCompilationProcessor                   : loaded 3 times (x 74B)
Class jdk.internal.jimage.decompressor.ZipDecompressor                                : loaded 3 times (x 75B)
Class com.google.common.collect.SortedIterable                                        : loaded 3 times (x 70B)
Class [Lkotlin.reflect.KDeclarationContainer;                                         : loaded 3 times (x 69B)
Class org.jetbrains.kotlin.gradle.plugin.KotlinCompilerArgumentsProducer$ArgumentType$Companion: loaded 3 times (x 71B)
Class org.jetbrains.kotlin.gradle.plugin.statistics.KotlinBuildStatsLoggerService$initSessionLogger$1: loaded 3 times (x 79B)
Class org.jetbrains.kotlin.statistics.metrics.StringOverridePolicy                    : loaded 3 times (x 85B)
Class org.jetbrains.kotlin.gradle.plugin.statistics.DefaultKotlinBuildStatsBeanService: loaded 3 times (x 92B)
Class Settings_gradle                                                                 : loaded 3 times (x 124B)
Class org.jetbrains.kotlin.gradle.plugin.statistics.plugins.ObservablePlugins         : loaded 3 times (x 79B)
Class org.gradle.api.Action                                                           : loaded 3 times (x 70B)
Class org.gradle.internal.Cast                                                        : loaded 3 times (x 71B)
Class kotlin.sequences.FlatteningSequence$iterator$1                                  : loaded 3 times (x 79B)
Class kotlin.jvm.internal.Lambda                                                      : loaded 3 times (x 75B)
Class kotlin.annotation.Target                                                        : loaded 3 times (x 70B)
Class kotlinx.coroutines.CoroutineId                                                  : loaded 3 times (x 93B)
Class kotlinx.coroutines.EventLoopImplBase                                            : loaded 3 times (x 117B)
Class kotlin.collections.EmptySet                                                     : loaded 3 times (x 122B)
Class org.jetbrains.org.objectweb.asm.AnnotationVisitor                               : loaded 3 times (x 78B)
Class com.google.common.collect.ImmutableList$ReverseImmutableList                    : loaded 3 times (x 207B)
Class kotlin.collections.ArrayDeque                                                   : loaded 3 times (x 207B)
Class jdk.internal.jimage.decompressor.ResourceDecompressorFactory                    : loaded 3 times (x 74B)
Class org.gradle.api.GradleException                                                  : loaded 3 times (x 82B)
Class org.jetbrains.kotlin.gradle.plugin.mpp.KotlinWithJavaCompilationFactory$create$compilationImplFactory$2: loaded 3 times (x 75B)
Class org.jetbrains.kotlin.gradle.plugin.mpp.compilationImpl.factory.JvmWithJavaCompilationDependencyConfigurationsFactory: loaded 3 times (x 75B)
Class org.jetbrains.kotlin.gradle.plugin.statistics.FlowActionBuildFusService$Companion: loaded 3 times (x 71B)
Class org.jetbrains.kotlin.statistics.metrics.StringAnonymizationPolicy$ComponentVersionAnonymizer: loaded 3 times (x 78B)
Class org.jetbrains.org.objectweb.asm.SymbolTable$Entry                               : loaded 3 times (x 74B)
Class kotlin.jvm.functions.Function5                                                  : loaded 3 times (x 70B)
Class Settings_gradle$1                                                               : loaded 3 times (x 75B)
Class org.jetbrains.kotlin.gradle.dsl.KotlinJvmPublishingDsl                          : loaded 3 times (x 77B)
Class jdk.internal.jimage.ImageStrings                                                : loaded 3 times (x 70B)
Class org.jetbrains.kotlin.gradle.plugin.mpp.compilationImpl.factory.KotlinCompilationImplFactoryKt: loaded 3 times (x 71B)
Class com.google.common.collect.SingletonImmutableList                                : loaded 3 times (x 207B)
Class org.jetbrains.kotlin.gradle.plugin.mpp.KotlinWithJavaCompilationFactory$create$compilationImplFactory$1: loaded 3 times (x 75B)
Class org.jetbrains.kotlin.gradle.scripting.internal.ScriptingGradleSubplugin$Companion$configureForSourceSet$discoveryConfiguration$1: loaded 3 times (x 78B)
Class kotlin.annotation.Retention                                                     : loaded 3 times (x 70B)
Class org.jetbrains.kotlin.gradle.plugin.statistics.NonSynchronizedMetricsContainer$MetricDescriptor: loaded 3 times (x 75B)
Class kotlin.jvm.functions.Function6                                                  : loaded 3 times (x 70B)
Class [Lorg.jetbrains.org.objectweb.asm.AnnotationWriter;                             : loaded 3 times (x 69B)
Class org.jetbrains.kotlin.gradle.plugin.StatisticsBuildFlowManager_Decorated         : loaded 3 times (x 115B)
Class org.jetbrains.kotlin.gradle.plugin.KotlinCompilerArgumentsProducer$CreateCompilerArgumentsContext$Companion: loaded 3 times (x 71B)
Class org.jetbrains.kotlin.gradle.plugin.statistics.KotlinBuildStatisticsUtilsKt$collectGeneralConfigurationTimeMetrics$statisticOverhead$1$2: loaded 3 times (x 75B)
Class org.jetbrains.kotlin.gradle.plugin.internal.state.TaskLoggers                   : loaded 3 times (x 71B)
Class org.jetbrains.kotlin.gradle.plugin.statistics.KotlinBuildStatsBeanService$Companion: loaded 3 times (x 71B)
Class com.google.common.collect.NullnessCasts                                         : loaded 3 times (x 71B)
Class kotlinx.coroutines.ThreadContextElement                                         : loaded 3 times (x 70B)
Class kotlinx.coroutines.internal.SystemPropsKt__SystemProps_commonKt                 : loaded 3 times (x 71B)
Class kotlinx.coroutines.DispatchedTaskKt                                             : loaded 3 times (x 71B)
Class kotlin.collections.IntIterator                                                  : loaded 3 times (x 82B)
Class org.jetbrains.kotlin.gradle.plugin.mpp.KotlinWithJavaTargetKt                   : loaded 3 times (x 71B)
Class org.jetbrains.kotlin.gradle.plugin.mpp.compilationImpl.factory.CompositePreConfigure: loaded 3 times (x 75B)
Class kotlinx.coroutines.Unconfined                                                   : loaded 3 times (x 99B)
Class kotlinx.coroutines.GlobalScope                                                  : loaded 3 times (x 74B)
Class org.jetbrains.kotlin.gradle.tasks.CompilerPluginOptionsKt                       : loaded 3 times (x 71B)
Class org.jetbrains.kotlin.gradle.plugin.statistics.KotlinBuildStatsServicesRegistry$Companion: loaded 3 times (x 71B)
Class jdk.internal.jimage.decompressor.ResourceDecompressor                           : loaded 3 times (x 70B)
Class [Lorg.jetbrains.org.objectweb.asm.Symbol;                                       : loaded 3 times (x 69B)
Class org.jetbrains.org.objectweb.asm.ByteVector                                      : loaded 3 times (x 78B)
Class kotlin.jvm.functions.Function7                                                  : loaded 3 times (x 70B)
Class org.jetbrains.kotlin.gradle.plugin.mpp.KotlinWithJavaTarget_Decorated           : loaded 3 times (x 211B)
Class org.jetbrains.kotlin.gradle.tasks.KotlinCompile$createCompilerArguments$1$4     : loaded 3 times (x 79B)
Class kotlin.ranges.ClosedRange                                                       : loaded 3 times (x 70B)
Class org.jetbrains.kotlin.gradle.plugin.mpp.KotlinWithJavaTargetKt$KotlinWithJavaTargetForJvm$2$1: loaded 3 times (x 101B)
Class kotlin.jvm.internal.Reflection                                                  : loaded 3 times (x 71B)
Class kotlin.reflect.KProperty                                                        : loaded 3 times (x 70B)
Class kotlin.jvm.JvmClassMappingKt                                                    : loaded 3 times (x 71B)
Class kotlinx.coroutines.AbstractCoroutine                                            : loaded 3 times (x 144B)
Class org.jetbrains.kotlin.gradle.plugin.ide.IdeCompilerArgumentsResolver             : loaded 3 times (x 70B)
Class kotlin.text.RegexKt                                                             : loaded 3 times (x 71B)
Class org.jetbrains.kotlin.gradle.plugin.Kotlin2JvmSourceSetProcessor$doTargetSpecificProcessing$2$2$2$1: loaded 3 times (x 74B)
Class org.jetbrains.kotlin.gradle.plugin.mpp.compilationImpl.DefaultKotlinCompilationFriendPathsResolver$AdditionalJvmFriendArtifactResolver$resolveFriendArtifacts$1: loaded 3 times (x 79B)
Class kotlin.coroutines.intrinsics.IntrinsicsKt__IntrinsicsKt                         : loaded 3 times (x 71B)
Class kotlinx.coroutines.Job$Key                                                      : loaded 3 times (x 71B)
Class com.google.common.base.CharMatcher$ForPredicate                                 : loaded 3 times (x 113B)
Class kotlin.jvm.functions.Function8                                                  : loaded 3 times (x 70B)
Class com.google.common.collect.ImmutableSortedAsList                                 : loaded 3 times (x 221B)
Class Settings_gradle$1$1                                                             : loaded 3 times (x 74B)
Class org.jetbrains.kotlin.statistics.BuildSessionLogger$Companion$listProfileFiles$lambda$4$$inlined$sortedBy$1: loaded 3 times (x 89B)
Class com.google.common.base.CharMatcher$Or                                           : loaded 3 times (x 113B)
Class kotlinx.coroutines.CoroutineStart$WhenMappings                                  : loaded 3 times (x 71B)
Class kotlin.jvm.internal.markers.KMutableIterable                                    : loaded 3 times (x 70B)
Class org.jetbrains.kotlin.gradle.plugin.BuildFinishAndConfigurationTimeMetricsFlowAction: loaded 3 times (x 74B)
Class org.jetbrains.kotlin.gradle.plugin.statistics.FlowActionBuildFusService$Inject_ : loaded 3 times (x 104B)
Class [Lorg.jetbrains.kotlin.gradle.plugin.statistics.plugins.ObservablePlugins;      : loaded 3 times (x 69B)
Class jdk.internal.jimage.ImageReader$Node                                            : loaded 3 times (x 84B)
Class org.jetbrains.kotlin.gradle.tasks.KotlinCompile$createCompilerArguments$1$3     : loaded 3 times (x 79B)
Class [Lkotlin.reflect.KAnnotatedElement;                                             : loaded 3 times (x 69B)
Class org.jetbrains.org.objectweb.asm.MethodVisitor                                   : loaded 3 times (x 105B)
Class org.jetbrains.org.objectweb.asm.FieldWriter                                     : loaded 3 times (x 78B)
Class org.jetbrains.kotlin.statistics.BuildSessionLogger                              : loaded 3 times (x 77B)
Class org.jetbrains.kotlin.gradle.fus.internal.SynchronizedConfigurationMetrics       : loaded 3 times (x 72B)
Class org.jetbrains.kotlin.gradle.tasks.KotlinCompile$createCompilerArguments$1$2     : loaded 3 times (x 79B)
Class org.jetbrains.kotlin.gradle.plugin.KotlinPublishing                             : loaded 3 times (x 70B)
Class org.jetbrains.kotlin.gradle.plugin.StatisticsBuildFlowManager                   : loaded 3 times (x 72B)
Class com.google.common.base.CharMatcher$AnyOf                                        : loaded 3 times (x 113B)
Class org.jetbrains.kotlin.gradle.tasks.KotlinCompile$createCompilerArguments$1$1     : loaded 3 times (x 79B)
Class kotlinx.coroutines.internal.LockFreeTaskQueueCore                               : loaded 3 times (x 72B)
Class org.jetbrains.kotlin.statistics.metrics.NumberOverridePolicy$SUM                : loaded 3 times (x 85B)
Class com.google.common.collect.NullsLastOrdering                                     : loaded 3 times (x 115B)
Class jdk.internal.jimage.ImageHeader                                                 : loaded 3 times (x 71B)
Class kotlin.jvm.internal.PropertyReference                                           : loaded 3 times (x 115B)
Class org.jetbrains.kotlin.gradle.plugin.KotlinSourceSetProcessor$addKotlinDirectoriesToJavaSourceSet$1: loaded 3 times (x 88B)
Class org.gradle.internal.IoActions                                                   : loaded 3 times (x 71B)
Class org.jetbrains.org.objectweb.asm.AnnotationWriter                                : loaded 3 times (x 79B)
Class org.jetbrains.kotlin.gradle.plugin.cocoapods.KotlinCocoapodsPlugin              : loaded 3 times (x 76B)
Class org.jetbrains.kotlin.gradle.plugin.statistics.BuildFusService$Parameters_Decorated: loaded 3 times (x 139B)
Class org.jetbrains.org.objectweb.asm.Attribute                                       : loaded 3 times (x 75B)
Class org.jetbrains.org.objectweb.asm.Label                                           : loaded 3 times (x 72B)
Class kotlin.internal.ProgressionUtilKt                                               : loaded 3 times (x 71B)
Class kotlinx.coroutines.internal.DispatchedContinuationKt                            : loaded 3 times (x 71B)
Class kotlin.jvm.functions.Function10                                                 : loaded 3 times (x 70B)
Class jdk.internal.jimage.BasicImageReader$1                                          : loaded 3 times (x 77B)
Class org.jetbrains.kotlin.gradle.utils.WhenEvaluatedKt$whenEvaluated$4               : loaded 3 times (x 75B)
Class [Lkotlin.LazyThreadSafetyMode;                                                  : loaded 3 times (x 69B)
Class org.jetbrains.kotlin.gradle.internal.KaptGenerateStubsTask                      : loaded 3 times (x 521B)
Class kotlin.reflect.KMutableProperty                                                 : loaded 3 times (x 70B)
Class [Lkotlin.reflect.KClassifier;                                                   : loaded 3 times (x 69B)
Class org.jetbrains.kotlin.gradle.plugin.statistics.KotlinBuildStatsServicesRegistry  : loaded 3 times (x 78B)
Class org.jetbrains.kotlin.gradle.plugin.statistics.old.Pre232IdeaKotlinBuildStatsMXBean: loaded 3 times (x 70B)
Class org.jetbrains.kotlin.gradle.plugin.statistics.MetricContainer                   : loaded 3 times (x 72B)
Class org.jetbrains.kotlin.gradle.plugin.StatisticsBuildFlowManager$subscribeForBuildResultAndConfigurationTimeMetrics$1: loaded 3 times (x 75B)
Class org.jetbrains.kotlin.gradle.plugin.BuildEventsListenerRegistryHolder_Decorated  : loaded 3 times (x 115B)
Class kotlinx.coroutines.Job                                                          : loaded 3 times (x 70B)
Class org.jetbrains.kotlin.gradle.utils.WhenEvaluatedKt$whenEvaluated$3               : loaded 3 times (x 79B)
Class [Lorg.jetbrains.kotlin.statistics.metrics.NumberOverridePolicy;                 : loaded 3 times (x 69B)
Class org.jetbrains.kotlin.gradle.plugin.statistics.DaemonReuseCounter$Companion      : loaded 3 times (x 71B)
Class kotlinx.coroutines.EventLoop                                                    : loaded 3 times (x 105B)
Class [Lorg.jetbrains.kotlin.gradle.dsl.ExplicitApiMode;                              : loaded 3 times (x 69B)
Class com.google.common.collect.ImmutableSet$CachingAsList                            : loaded 3 times (x 148B)
Class org.jetbrains.kotlin.gradle.dsl.KotlinProjectExtensionKt$WhenMappings           : loaded 3 times (x 71B)
Class org.jetbrains.kotlin.gradle.plugin.ide.IdeCompilerArgumentsResolverImpl         : loaded 3 times (x 74B)
Class org.jetbrains.kotlin.gradle.plugin.internal.state.TaskExecutionResults          : loaded 3 times (x 71B)
Class org.jetbrains.kotlin.statistics.metrics.StatisticsValuesConsumer                : loaded 3 times (x 70B)
Class kotlin.jvm.internal.FunctionReferenceImpl                                       : loaded 3 times (x 122B)
Class org.jetbrains.kotlin.gradle.plugin.abi.AbiValidationActionKt$AbiValidationSetupAction$1$1: loaded 3 times (x 75B)
Class com.google.common.collect.ImmutableSet$RegularSetBuilderImpl                    : loaded 3 times (x 77B)
Class org.jetbrains.kotlin.gradle.scripting.internal.ScriptingGradleSubpluginKt       : loaded 3 times (x 71B)
Class com.google.common.collect.ImmutableRangeSet$ComplementRanges                    : loaded 3 times (x 207B)
Class org.jetbrains.kotlin.statistics.BuildSession                                    : loaded 3 times (x 72B)
Class org.jetbrains.org.objectweb.asm.Frame                                           : loaded 3 times (x 73B)
Class kotlin.jvm.functions.Function11                                                 : loaded 3 times (x 70B)
Class kotlinx.coroutines.ExecutorCoroutineDispatcher                                  : loaded 3 times (x 107B)
Class kotlin.Result$Failure                                                           : loaded 3 times (x 72B)
Class org.jetbrains.org.objectweb.asm.FieldVisitor                                    : loaded 3 times (x 77B)
Class kotlin.collections.IndexingIterable                                             : loaded 3 times (x 79B)
Class org.jetbrains.kotlin.gradle.scripting.internal.DiscoverScriptExtensionsTransformAction$Inject_1: loaded 3 times (x 109B)
Class org.jetbrains.kotlin.gradle.plugin.KotlinSourceSetProcessor$createAdditionalClassesTaskForIdeRunner$IDEClassesTask: loaded 3 times (x 320B)
Class org.jetbrains.kotlin.gradle.plugin.mpp.compilationImpl.factory.JvmWithJavaCompilationTaskNamesContainerFactory: loaded 3 times (x 75B)
Class org.jetbrains.kotlin.gradle.plugin.statistics.BuildFinishMetrics$reportGlobalMetrics$1: loaded 3 times (x 79B)
Class com.google.common.collect.NullsFirstOrdering                                    : loaded 3 times (x 115B)
Class kotlin.ResultKt                                                                 : loaded 3 times (x 71B)
Class org.jetbrains.kotlin.buildtools.api.KotlinLogger                                : loaded 3 times (x 70B)
Class kotlin.text.MatcherMatchResult$groups$1                                         : loaded 3 times (x 151B)
Class kotlinx.coroutines.internal.LockFreeLinkedListNode                              : loaded 3 times (x 75B)
Class kotlin.jvm.internal.markers.KMutableCollection                                  : loaded 3 times (x 70B)
Class kotlin.coroutines.intrinsics.IntrinsicsKt                                       : loaded 3 times (x 71B)
Class kotlin.ranges.IntRange$Companion                                                : loaded 3 times (x 71B)
Class kotlin.collections.EmptyMap                                                     : loaded 3 times (x 108B)
Class org.jetbrains.kotlin.gradle.tasks.CacheableTasksKt$cacheOnlyIfEnabledForKotlin$1$1: loaded 3 times (x 74B)
Class org.jetbrains.kotlin.compilerRunner.ArgumentsToStrings                          : loaded 3 times (x 71B)
Class com.google.common.collect.ImmutableAsList                                       : loaded 3 times (x 209B)
Class org.jetbrains.kotlin.gradle.utils.CompilerArgsUtilsKt                           : loaded 3 times (x 71B)
Class org.jetbrains.kotlin.gradle.plugin.BuildEventsListenerRegistryHolder            : loaded 3 times (x 72B)
Class org.jetbrains.kotlin.gradle.plugin.statistics.NonSynchronizedMetricsContainer   : loaded 3 times (x 82B)
Class kotlinx.coroutines.JobSupport                                                   : loaded 3 times (x 133B)
Class kotlin.jvm.functions.Function12                                                 : loaded 3 times (x 70B)
Class org.jetbrains.kotlin.gradle.plugin.KotlinGradleBuildServices$detectKotlinPluginLoadedInMultipleProjects$onRegister$1$1: loaded 3 times (x 75B)
Class kotlin.LazyKt__LazyJVMKt                                                        : loaded 3 times (x 71B)
Class jdk.internal.jimage.ImageBufferCache$2                                          : loaded 3 times (x 91B)
Class jdk.internal.jrtfs.JrtFileSystem                                                : loaded 3 times (x 102B)
Class org.jetbrains.kotlin.gradle.plugin.KotlinCompilerPluginSupportPlugin$DefaultImpls: loaded 3 times (x 71B)
Class com.google.common.base.CharMatcher$And                                          : loaded 3 times (x 113B)
Class org.jetbrains.kotlin.gradle.targets.jvm.KotlinJvmCompilationWireJavaSourcesSideEffectKt$WhenMappings: loaded 3 times (x 71B)
Class jdk.internal.jimage.ImageBufferCache$1                                          : loaded 3 times (x 83B)
Class kotlin.coroutines.intrinsics.CoroutineSingletons                                : loaded 3 times (x 79B)
Class kotlin.jvm.functions.Function13                                                 : loaded 3 times (x 70B)
Class org.jetbrains.kotlin.gradle.plugin.mpp.KotlinWithJavaTargetKt$KotlinWithJavaTargetForJvm$1: loaded 3 times (x 79B)
Class jdk.internal.jimage.decompressor.CompressedResourceHeader                       : loaded 3 times (x 71B)
Class [Lorg.jetbrains.kotlin.statistics.metrics.NumericalMetrics;                     : loaded 3 times (x 69B)
Class org.jetbrains.org.objectweb.asm.ClassTooLargeException                          : loaded 3 times (x 83B)
Class kotlin.sequences.SequenceBuilderIterator                                        : loaded 3 times (x 85B)
Class org.jetbrains.kotlin.statistics.metrics.NumberAnonymizationPolicy$SAFE          : loaded 3 times (x 85B)
Class kotlin.coroutines.jvm.internal.RestrictedContinuationImpl                       : loaded 3 times (x 87B)
Class com.google.common.collect.ExplicitOrdering                                      : loaded 3 times (x 115B)
Class kotlinx.coroutines.internal.LockFreeTaskQueueCore$Companion                     : loaded 3 times (x 71B)
Class kotlin.ranges.OpenEndRange                                                      : loaded 3 times (x 70B)
Class org.jetbrains.kotlin.statistics.metrics.StringAnonymizationPolicy$RegexControlled: loaded 3 times (x 79B)
Class org.jetbrains.kotlin.statistics.BuildSessionLogger$Companion                    : loaded 3 times (x 71B)
Class kotlin.jvm.functions.Function14                                                 : loaded 3 times (x 70B)
Class jdk.internal.jrtfs.JrtDirectoryStream$1                                         : loaded 3 times (x 83B)
Class org.jetbrains.kotlin.gradle.plugin.cocoapods.KotlinCocoapodsPlugin$Companion    : loaded 3 times (x 71B)
Class org.jetbrains.kotlin.statistics.metrics.OrMetricContainer                       : loaded 3 times (x 80B)
Class com.google.common.collect.ImmutableSet                                          : loaded 3 times (x 145B)
Class com.google.common.base.CharMatcher$BitSetMatcher                                : loaded 3 times (x 113B)
Class jdk.internal.jimage.ImageLocation                                               : loaded 3 times (x 90B)
Class org.jetbrains.kotlin.gradle.plugin.mpp.KotlinWithJavaCompilationFactory$create$compilationImplFactory$4$1: loaded 3 times (x 79B)
Class com.google.common.collect.Range                                                 : loaded 3 times (x 86B)
Class jdk.internal.jimage.decompressor.Decompressor                                   : loaded 3 times (x 72B)
Class jdk.internal.jimage.ImageReader$Resource                                        : loaded 3 times (x 84B)
Class com.google.common.base.CharMatcher$Negated                                      : loaded 3 times (x 114B)
Class com.google.common.base.CharMatcher$Is                                           : loaded 3 times (x 112B)
Class org.jetbrains.kotlin.gradle.plugin.statistics.KotlinBuildStatsLoggerService$reportBuildFinished$1: loaded 3 times (x 79B)
Class [Lorg.jetbrains.org.objectweb.asm.AnnotationVisitor;                            : loaded 3 times (x 69B)
Class kotlin.jvm.functions.Function15                                                 : loaded 3 times (x 70B)
Class kotlin.collections.AbstractIterator                                             : loaded 3 times (x 83B)
Class org.jetbrains.kotlin.gradle.plugin.statistics.KotlinProjectConfigurationMetrics : loaded 3 times (x 71B)
Class org.jetbrains.kotlin.gradle.scripting.internal.ScriptingKotlinGradleSubplugin$applyToCompilation$1: loaded 3 times (x 75B)
Class org.jetbrains.kotlin.gradle.plugin.mpp.MppSourcesJarKt$sourcesJarTaskNamed$result$1$1: loaded 3 times (x 95B)
Class com.google.common.collect.ImmutableRangeSet$1                                   : loaded 3 times (x 210B)
Class com.google.common.collect.RegularImmutableAsList                                : loaded 3 times (x 217B)
Class org.jetbrains.kotlin.gradle.plugin.mpp.KotlinWithJavaCompilationFactory$create$compilationImplFactory$4$2: loaded 3 times (x 79B)
Class kotlin.collections.ArrayDeque$Companion                                         : loaded 3 times (x 71B)
Class kotlin.jvm.functions.Function16                                                 : loaded 3 times (x 70B)
Class kotlin.LazyKt                                                                   : loaded 3 times (x 71B)
Class com.google.common.collect.ImmutableList$Builder                                 : loaded 3 times (x 77B)
Class kotlinx.coroutines.scheduling.GlobalQueue                                       : loaded 3 times (x 72B)
Class org.jetbrains.kotlin.gradle.plugin.mpp.KotlinWithJavaTarget$defaultArtifactClassesListFile$1: loaded 3 times (x 75B)
Class org.jetbrains.kotlin.gradle.plugin.AbstractKotlinPlugin$Companion$setUpJavaSourceSets$4: loaded 3 times (x 79B)
Class org.jetbrains.kotlin.gradle.plugin.mpp.KotlinWithJavaTargetKt$KotlinWithJavaTargetForJvm$2: loaded 3 times (x 78B)
Class org.jetbrains.kotlin.buildtools.api.SharedApiClassesClassLoader                 : loaded 3 times (x 71B)
Class kotlin.reflect.KProperty2                                                       : loaded 3 times (x 70B)
Class kotlin.io.CloseableKt                                                           : loaded 3 times (x 71B)
Class kotlin.coroutines.EmptyCoroutineContext                                         : loaded 3 times (x 77B)
Class com.google.common.base.CharMatcher                                              : loaded 3 times (x 112B)
Class org.jetbrains.kotlin.gradle.plugin.statistics.KotlinBuildStatsLoggerService$Companion: loaded 3 times (x 71B)
Class com.google.common.base.Joiner$1                                                 : loaded 3 times (x 81B)
Class com.google.common.collect.ByFunctionOrdering                                    : loaded 3 times (x 115B)
Class com.intellij.gradle.toolingExtension.util.GradleVersionUtil                     : loaded 3 times (x 71B)
Class kotlin.text.MatchNamedGroupCollection                                           : loaded 3 times (x 70B)
Class [Lkotlin.Pair;                                                                  : loaded 3 times (x 69B)
Class kotlin.jvm.internal.markers.KMutableList                                        : loaded 3 times (x 70B)
Class kotlinx.coroutines.ChildJob                                                     : loaded 3 times (x 70B)
Class kotlinx.coroutines.scheduling.TasksKt                                           : loaded 3 times (x 71B)
Class kotlinx.coroutines.internal.SystemPropsKt__SystemPropsKt                        : loaded 3 times (x 71B)
Class com.google.common.collect.UsingToStringOrdering                                 : loaded 3 times (x 114B)
Class org.jetbrains.kotlin.gradle.targets.jvm.KotlinJvmTargetTestFixturesSideEffectKt$ConfigureJavaTestFixturesSideEffect$1$1: loaded 3 times (x 75B)
Class org.jetbrains.kotlin.gradle.scripting.ScriptingExtension_Decorated              : loaded 3 times (x 124B)
Class org.jetbrains.kotlin.statistics.metrics.NumericalMetrics$Companion              : loaded 3 times (x 71B)
Class jdk.internal.jrtfs.JrtFileSystemProvider                                        : loaded 3 times (x 101B)
Class [Lorg.jetbrains.kotlin.statistics.metrics.NumberAnonymizationPolicy;            : loaded 3 times (x 69B)
Class kotlin.reflect.KClass                                                           : loaded 3 times (x 70B)
Class kotlin.ranges.IntProgression                                                    : loaded 3 times (x 81B)
Class kotlin.reflect.KProperty1                                                       : loaded 3 times (x 70B)
Class kotlin.reflect.KType                                                            : loaded 3 times (x 70B)
Class org.jetbrains.kotlin.statistics.metrics.NumberOverridePolicy$OVERRIDE           : loaded 3 times (x 85B)
Class jdk.internal.jrtfs.JrtFileAttributes                                            : loaded 3 times (x 83B)
Class org.jetbrains.kotlin.gradle.tasks.KaptGenerateStubs                             : loaded 3 times (x 70B)
Class org.jetbrains.org.objectweb.asm.RecordComponentWriter                           : loaded 3 times (x 78B)
Class kotlin.jvm.functions.Function17                                                 : loaded 3 times (x 70B)
Class org.jetbrains.kotlin.gradle.scripting.ScriptingExtension                        : loaded 3 times (x 80B)
Class org.jetbrains.kotlin.gradle.plugin.statistics.BuildFinishMetrics                : loaded 3 times (x 71B)
Class kotlin.coroutines.jvm.internal.BaseContinuationImpl                             : loaded 3 times (x 87B)
Class org.jetbrains.kotlin.gradle.plugin.StatisticsBuildFlowManager$subscribeForBuildResultAndConfigurationTimeMetrics$1$1: loaded 3 times (x 74B)
Class kotlinx.coroutines.BuildersKt__BuildersKt                                       : loaded 3 times (x 71B)
Class org.jetbrains.kotlin.gradle.plugin.KotlinSourceSetProcessor$addKotlinDirectoriesToJavaSourceSet$kotlinSrcDirsToAdd$1: loaded 3 times (x 75B)
Class kotlinx.coroutines.scheduling.NanoTimeSource                                    : loaded 3 times (x 72B)
Class kotlin.Result                                                                   : loaded 3 times (x 72B)
Class org.jetbrains.kotlin.gradle.plugin.AbstractKotlinPlugin$Companion$setUpJavaSourceSets$2: loaded 3 times (x 74B)
Class org.jetbrains.kotlin.gradle.scripting.internal.DiscoverScriptExtensionsTransformAction$Parameters: loaded 3 times (x 70B)
Class kotlin.sequences.SequencesKt___SequencesKt$sortedWith$1                         : loaded 3 times (x 75B)
Class kotlin.Result$Companion                                                         : loaded 3 times (x 71B)
Class org.jetbrains.kotlin.gradle.scripting.internal.ScriptingKotlinGradleSubplugin$Companion: loaded 3 times (x 71B)
Class kotlinx.coroutines.ChildHandleNode                                              : loaded 3 times (x 94B)
Class kotlinx.coroutines.scheduling.SchedulerCoroutineDispatcher                      : loaded 3 times (x 108B)
Class kotlin.reflect.KProperty0                                                       : loaded 3 times (x 70B)
Class com.google.common.collect.Lists$ReverseList                                     : loaded 3 times (x 200B)
Class com.google.common.collect.ImmutableSortedSet                                    : loaded 3 times (x 300B)
Class org.jetbrains.kotlin.gradle.plugin.ide.IdeCompilerArgumentsResolver$Companion   : loaded 3 times (x 71B)
Class com.google.common.base.CharMatcher$NamedFastMatcher                             : loaded 3 times (x 113B)
Class com.google.common.base.CharMatcher$1                                            : loaded 3 times (x 114B)
Class com.google.common.base.Joiner$2                                                 : loaded 3 times (x 80B)
Class org.jetbrains.kotlin.gradle.plugin.statistics.KotlinBuildStatsLoggerService     : loaded 3 times (x 72B)
Class org.jetbrains.kotlin.gradle.plugin.mpp.compilationImpl.DefaultKotlinCompilationFriendPathsResolver$AdditionalJvmFriendArtifactResolver: loaded 3 times (x 74B)
Class org.jetbrains.org.objectweb.asm.MethodWriter                                    : loaded 3 times (x 106B)
Class org.jetbrains.kotlin.gradle.plugin.statistics.BuildFusService$onFinish$2        : loaded 3 times (x 79B)
Class kotlin.jvm.functions.Function18                                                 : loaded 3 times (x 70B)
Class com.google.common.base.Joiner                                                   : loaded 3 times (x 80B)
Class kotlinx.coroutines.scheduling.CoroutineScheduler$Companion                      : loaded 3 times (x 71B)
Class org.jetbrains.kotlin.gradle.targets.native.toolchain.KotlinNativeBundleBuildService$Parameters_Decorated: loaded 3 times (x 139B)
Class org.jetbrains.kotlin.gradle.dsl.KotlinJvmProjectExtension_Decorated             : loaded 3 times (x 194B)
Class org.jetbrains.kotlin.gradle.plugin.AbstractKotlinPlugin$Companion$setUpJavaSourceSets$1: loaded 3 times (x 75B)
Class org.jetbrains.kotlin.gradle.plugin.KotlinSourceSetProcessor$prepareKotlinCompileTask$1$3: loaded 3 times (x 75B)
Class jdk.internal.jrtfs.SystemImage$2                                                : loaded 3 times (x 76B)
Class org.jetbrains.kotlin.gradle.plugin.AbstractKotlinPlugin$Companion$setUpJavaSourceSets$1$2$1: loaded 3 times (x 75B)
Class org.jetbrains.kotlin.gradle.plugin.AbstractKotlinPlugin$apply$1                 : loaded 3 times (x 79B)
Class com.google.common.collect.ImmutableRangeSet$AsSet                               : loaded 3 times (x 300B)
Class com.google.common.collect.ImmutableCollection$Builder                           : loaded 3 times (x 76B)
Class kotlinx.coroutines.DisposableHandle                                             : loaded 3 times (x 70B)
Class com.google.common.base.CharMatcher$IsNot                                        : loaded 3 times (x 112B)
Class org.jetbrains.kotlin.gradle.scripting.internal.DiscoverScriptExtensionsTransformAction$Parameters_Decorated: loaded 3 times (x 133B)
Class org.jetbrains.kotlin.cli.common.arguments.ArgumentParseErrors                   : loaded 3 times (x 72B)
Class [Lkotlin.coroutines.intrinsics.CoroutineSingletons;                             : loaded 3 times (x 69B)
Class org.jetbrains.kotlin.gradle.plugin.KotlinSourceSetProcessor$prepareKotlinCompileTask$1$2: loaded 3 times (x 127B)
Class org.jetbrains.kotlin.gradle.plugin.FilesSubpluginOption                         : loaded 3 times (x 72B)
Class jdk.internal.jimage.decompressor.ZipDecompressorFactory                         : loaded 3 times (x 74B)
Class org.jetbrains.kotlin.com.google.common.base.Preconditions                       : loaded 3 times (x 71B)
Class org.jetbrains.kotlin.buildtools.api.jvm.ClasspathEntrySnapshot                  : loaded 3 times (x 70B)
Class jdk.internal.jrtfs.SystemImage$1                                                : loaded 3 times (x 78B)
Class [Lorg.jetbrains.org.objectweb.asm.SymbolTable$Entry;                            : loaded 3 times (x 69B)
Class com.google.common.collect.RangeSet                                              : loaded 3 times (x 70B)
Class kotlin.jvm.functions.Function19                                                 : loaded 3 times (x 70B)
Class kotlin.Lazy                                                                     : loaded 3 times (x 70B)
Class org.jetbrains.kotlin.statistics.metrics.StringMetrics$Companion                 : loaded 3 times (x 71B)
Class org.jetbrains.kotlin.gradle.plugin.StatisticsBuildFlowManager$Companion         : loaded 3 times (x 71B)
Class org.jetbrains.kotlin.gradle.targets.native.internal.KotlinNativePlatformDependenciesKt: loaded 3 times (x 71B)
Class org.jetbrains.kotlin.gradle.plugin.AbstractKotlinPlugin$Companion$configureSourceSetDefaults$1: loaded 3 times (x 75B)
Class org.jetbrains.kotlin.gradle.plugin.KotlinSourceSetProcessor$prepareKotlinCompileTask$1$1: loaded 3 times (x 75B)
Class org.jetbrains.kotlin.gradle.plugin.KotlinSourceSetProcessor$run$1               : loaded 3 times (x 95B)
Class jdk.internal.jimage.ImageReader$LinkNode                                        : loaded 3 times (x 84B)
Class kotlin.jvm.internal.Intrinsics$Kotlin                                           : loaded 3 times (x 71B)
Class kotlin._Assertions                                                              : loaded 3 times (x 71B)
Class org.jetbrains.kotlin.gradle.plugin.statistics.BuildFusService$Parameters$Inject_: loaded 3 times (x 112B)
Class com.google.common.collect.RegularImmutableSortedSet                             : loaded 3 times (x 300B)
Class org.jetbrains.kotlin.statistics.fileloggers.MetricsContainer$Companion          : loaded 3 times (x 71B)
Class org.jetbrains.kotlin.gradle.plugin.statistics.BuildFusService$Companion$registerIfAbsent$1$1$1: loaded 3 times (x 75B)
Class org.jetbrains.kotlin.gradle.plugin.statistics.BuildFusService$Companion$registerIfAbsent$1$1: loaded 3 times (x 79B)
Class kotlin.coroutines.Continuation                                                  : loaded 3 times (x 70B)
Class kotlinx.coroutines.Job$DefaultImpls                                             : loaded 3 times (x 71B)
Class org.jetbrains.kotlin.gradle.utils.ReportUtilsKt                                 : loaded 3 times (x 71B)
Class org.jetbrains.kotlin.statistics.fileloggers.MetricsContainer$MetricDescriptor   : loaded 3 times (x 75B)
Class org.jetbrains.kotlin.gradle.utils.WhenEvaluatedKt$whenEvaluated$afterAndroidDispatchQueue$1$1$1: loaded 3 times (x 75B)
Class com.google.common.collect.AllEqualOrdering                                      : loaded 3 times (x 114B)
Class com.google.common.collect.ComparisonChain$1                                     : loaded 3 times (x 81B)
Class org.jetbrains.org.objectweb.asm.RecordComponentVisitor                          : loaded 3 times (x 77B)
Class kotlinx.coroutines.DispatchedTask                                               : loaded 3 times (x 81B)
Class org.jetbrains.kotlin.gradle.scripting.internal.ScriptingGradleSubplugin$apply$1 : loaded 3 times (x 75B)
Class kotlin.reflect.KTypeParameter                                                   : loaded 3 times (x 70B)
Class org.jetbrains.kotlin.gradle.plugin.mpp.KotlinWithJavaCompilation_Decorated      : loaded 3 times (x 251B)
Class [Lorg.jetbrains.kotlin.statistics.metrics.StringMetrics;                        : loaded 3 times (x 69B)
Class org.jetbrains.kotlin.gradle.plugin.statistics.BuildFusService$Companion$registerIfAbsentImpl$generalConfigurationMetricsProvider$1: loaded 3 times (x 75B)
Class org.jetbrains.kotlin.gradle.plugin.BuildEventsListenerRegistryHolder$Companion  : loaded 3 times (x 71B)
Class kotlinx.coroutines.internal.SystemPropsKt                                       : loaded 3 times (x 71B)
Class kotlinx.coroutines.Incomplete                                                   : loaded 3 times (x 70B)
Class org.jetbrains.kotlin.gradle.plugin.KotlinSourceSetProcessor$javaSourceSet$1     : loaded 3 times (x 95B)
Class org.jetbrains.kotlin.gradle.plugin.AbstractKotlinPlugin$rewriteMppDependenciesInPom$1: loaded 3 times (x 75B)
Class com.google.common.base.CharMatcher$InRange                                      : loaded 3 times (x 112B)
Class org.jetbrains.kotlin.gradle.plugin.KotlinCompilerArgumentsProducerKt            : loaded 3 times (x 71B)
Class kotlin.jvm.functions.Function22                                                 : loaded 3 times (x 70B)
Class org.jetbrains.kotlin.gradle.plugin.statistics.KotlinBuildStatisticsUtilsKt      : loaded 3 times (x 71B)
Class kotlinx.coroutines.BlockingEventLoop                                            : loaded 3 times (x 117B)
Class org.jetbrains.org.objectweb.asm.MethodTooLargeException                         : loaded 3 times (x 83B)
Class kotlinx.coroutines.ThreadLocalEventLoop                                         : loaded 3 times (x 71B)
Class kotlin.ranges.IntRange                                                          : loaded 3 times (x 93B)
Class org.jetbrains.org.objectweb.asm.Context                                         : loaded 3 times (x 72B)
Class kotlin.sequences.ConstrainedOnceSequence                                        : loaded 3 times (x 75B)
Class kotlinx.coroutines.IncompleteStateBox                                           : loaded 3 times (x 72B)
Class kotlin.jvm.functions.Function21                                                 : loaded 3 times (x 70B)
Class [Lorg.jetbrains.org.objectweb.asm.Attribute;                                    : loaded 3 times (x 69B)
Class org.jetbrains.kotlin.gradle.plugin.BuildFinishAndConfigurationTimeMetricsFlowAction$Parameters_Decorated: loaded 3 times (x 139B)
Class org.jetbrains.kotlin.gradle.plugin.BuildFinishAndConfigurationTimeMetricsFlowAction$Parameters: loaded 3 times (x 70B)
Class kotlinx.coroutines.AbstractTimeSourceKt                                         : loaded 3 times (x 71B)
Class com.google.common.collect.ReverseOrdering                                       : loaded 3 times (x 115B)
Class kotlin.jvm.internal.ClassBasedDeclarationContainer                              : loaded 3 times (x 70B)
Class org.jetbrains.kotlin.gradle.dsl.KotlinCommonCompilerOptionsExtensionsKt         : loaded 3 times (x 71B)
Class org.jetbrains.org.objectweb.asm.Type                                            : loaded 3 times (x 72B)
Class org.jetbrains.kotlin.gradle.plugin.ide.IdeCompilerArgumentsResolverKt$kotlinIdeCompilerArgumentsResolver$2: loaded 3 times (x 78B)
Class org.jetbrains.kotlin.build.report.metrics.DoNothingBuildMetricsReporter         : loaded 3 times (x 87B)
Class org.jetbrains.kotlin.gradle.plugin.statistics.old.Pre232IdeaKotlinBuildStatsBeanService: loaded 3 times (x 95B)
Class org.jetbrains.kotlin.statistics.metrics.NumberOverridePolicy$AVERAGE            : loaded 3 times (x 85B)
Class org.jetbrains.org.objectweb.asm.CurrentFrame                                    : loaded 3 times (x 73B)
Class org.jetbrains.kotlin.gradle.plugin.statistics.FlowActionBuildFusService         : loaded 3 times (x 84B)
Class [Lkotlin.reflect.KProperty;                                                     : loaded 3 times (x 69B)
Class org.jetbrains.kotlin.gradle.plugin.statistics.ExecutedTaskMetrics               : loaded 3 times (x 71B)
Class org.jetbrains.kotlin.gradle.plugin.statistics.BuildFinishMetrics$reportBuildFinished$1: loaded 3 times (x 79B)
Class org.jetbrains.kotlin.gradle.plugin.CreateCompilerArgumentsContextImpl           : loaded 3 times (x 75B)
Class org.jetbrains.kotlin.cli.common.arguments.Argument                              : loaded 3 times (x 70B)
Class kotlinx.coroutines.Delay                                                        : loaded 3 times (x 70B)
Class kotlinx.coroutines.ParentJob                                                    : loaded 3 times (x 70B)
Class kotlinx.coroutines.JobNode                                                      : loaded 3 times (x 90B)
Class kotlin.collections.CollectionsKt___CollectionsKt$asSequence$$inlined$Sequence$1 : loaded 3 times (x 75B)
Class org.jetbrains.kotlin.gradle.plugin.KotlinBaseApiPlugin                          : loaded 3 times (x 118B)
Class jdk.internal.jrtfs.SystemImage                                                  : loaded 3 times (x 74B)
Class kotlin.jvm.functions.Function20                                                 : loaded 3 times (x 70B)
Class org.jetbrains.kotlin.statistics.metrics.NumericalMetrics                        : loaded 3 times (x 80B)
Class org.jetbrains.kotlin.statistics.metrics.OverrideMetricContainer                 : loaded 3 times (x 80B)
Class com.google.common.collect.NaturalOrdering                                       : loaded 3 times (x 115B)
Class kotlin.sequences.SequenceScope                                                  : loaded 3 times (x 73B)
Class kotlinx.coroutines.CompletionStateKt                                            : loaded 3 times (x 71B)
Class kotlin.text.MatchResult                                                         : loaded 3 times (x 70B)
Class com.google.common.base.Function                                                 : loaded 3 times (x 70B)
Class org.jetbrains.kotlin.gradle.plugin.Kotlin2JvmSourceSetProcessor                 : loaded 3 times (x 76B)
Class org.jetbrains.kotlin.gradle.scripting.internal.ScriptingKotlinGradleSubplugin   : loaded 3 times (x 82B)
Class org.jetbrains.kotlin.statistics.metrics.StringOverridePolicy$CONCAT             : loaded 3 times (x 85B)
Class [Lkotlin.io.FileWalkDirection;                                                  : loaded 3 times (x 69B)
Class org.jetbrains.kotlin.gradle.plugin.KotlinJvmFactory                             : loaded 3 times (x 70B)
Class org.jetbrains.kotlin.gradle.scripting.internal.ScriptingGradleSubplugin$configureForKotlinJvmPlugin$1: loaded 3 times (x 75B)
Class org.jetbrains.kotlin.gradle.scripting.internal.ScriptingGradleSubplugin$apply$1$2: loaded 3 times (x 75B)
Class org.jetbrains.kotlin.gradle.tasks.KotlinCompile$createCompilerArguments$1$2$1   : loaded 3 times (x 79B)
Class org.jetbrains.kotlin.gradle.plugin.CompositeSubpluginOption                     : loaded 3 times (x 72B)
Class kotlin.UNINITIALIZED_VALUE                                                      : loaded 3 times (x 71B)
Class kotlin.jvm.internal.ReflectionFactory                                           : loaded 3 times (x 91B)
Class org.jetbrains.org.objectweb.asm.TypePath                                        : loaded 3 times (x 72B)
Class org.jetbrains.kotlin.statistics.metrics.StringMetrics                           : loaded 3 times (x 80B)
Class org.jetbrains.kotlin.statistics.metrics.NumberAnonymizationPolicy$RANDOM_10_PERCENT: loaded 3 times (x 85B)
Class org.jetbrains.kotlin.gradle.fus.BuildUidService$Inject_                         : loaded 3 times (x 100B)
Class com.google.common.collect.ComparatorOrdering                                    : loaded 3 times (x 115B)
Class com.google.common.collect.ImmutableRangeSet$Builder                             : loaded 3 times (x 77B)
Class com.google.common.collect.Lists$ReverseList$1                                   : loaded 3 times (x 99B)
Class kotlinx.coroutines.EventLoopKt                                                  : loaded 3 times (x 71B)
Class kotlinx.coroutines.EventLoop_commonKt                                           : loaded 3 times (x 71B)
Class org.jetbrains.kotlin.gradle.plugin.Kotlin2JvmSourceSetProcessor$doTargetSpecificProcessing$2$2$1$1: loaded 3 times (x 74B)
Class kotlin.sequences.SequencesKt__SequenceBuilderKt$sequence$$inlined$Sequence$1    : loaded 3 times (x 75B)
Class [Lkotlin.reflect.KCallable;                                                     : loaded 3 times (x 69B)
Class kotlin.reflect.KProperty$Accessor                                               : loaded 3 times (x 70B)
Class kotlinx.coroutines.Empty                                                        : loaded 3 times (x 75B)
Class org.jetbrains.kotlin.gradle.plugin.statistics.IDaemonReuseCounterMXBean         : loaded 3 times (x 70B)
Class org.jetbrains.kotlin.statistics.metrics.SumMetricContainer                      : loaded 3 times (x 80B)
Class kotlin.io.FileTreeWalk                                                          : loaded 3 times (x 75B)
Class com.google.common.collect.ImmutableRangeSet                                     : loaded 3 times (x 115B)
Class org.jetbrains.org.objectweb.asm.SymbolTable                                     : loaded 3 times (x 72B)
Class kotlinx.coroutines.DebugKt                                                      : loaded 3 times (x 71B)
Class kotlin.reflect.KMutableProperty0                                                : loaded 3 times (x 70B)
Class org.jetbrains.kotlin.gradle.plugin.mpp.compilationImpl.KotlinJvmCompilationAssociator: loaded 3 times (x 74B)
Class kotlin.Triple                                                                   : loaded 3 times (x 72B)
Class kotlin.reflect.KClassifier                                                      : loaded 3 times (x 70B)
Class kotlinx.coroutines.CoroutineDispatcher                                          : loaded 3 times (x 99B)
Class org.jetbrains.kotlin.gradle.plugin.InternalSubpluginOption                      : loaded 3 times (x 72B)
Class com.google.common.collect.RegularImmutableList                                  : loaded 3 times (x 207B)
Class jdk.internal.jrtfs.JrtDirectoryStream                                           : loaded 3 times (x 89B)
Class org.jetbrains.kotlin.gradle.plugin.KotlinSourceSetProcessor$createAdditionalClassesTaskForIdeRunner$1$1: loaded 3 times (x 79B)
Class org.jetbrains.kotlin.gradle.plugin.ide.IdeCompilerArgumentsResolverKt           : loaded 3 times (x 71B)
Class org.jetbrains.kotlin.statistics.MetricValueValidationFailed                     : loaded 3 times (x 82B)
Class com.google.common.collect.Ordering                                              : loaded 3 times (x 114B)
Class org.jetbrains.kotlin.gradle.scripting.internal.ScriptingGradleSubpluginKt$ScriptingGradleSubpluginSetupAction$1: loaded 3 times (x 74B)
Class kotlin.sequences.SequencesKt___SequencesKt$flatMap$2                            : loaded 3 times (x 125B)
Class org.jetbrains.org.objectweb.asm.ClassReader                                     : loaded 3 times (x 92B)
Class kotlin.io.FileTreeWalk$FileTreeWalkIterator                                     : loaded 3 times (x 83B)
Class org.jetbrains.kotlin.gradle.plugin.KotlinSourceSetProcessor                     : loaded 3 times (x 76B)
Class kotlin.coroutines.jvm.internal.SuspendFunction                                  : loaded 3 times (x 70B)
Class org.jetbrains.kotlin.gradle.scripting.internal.ScriptingGradleSubplugin$apply$1$1: loaded 3 times (x 75B)
Class org.jetbrains.kotlin.com.google.common.base.Function                            : loaded 3 times (x 70B)
Class jdk.internal.jimage.ImageBufferCache                                            : loaded 3 times (x 71B)
Class jdk.internal.jrtfs.JrtPath                                                      : loaded 3 times (x 118B)
Class kotlin.LazyKt__LazyKt                                                           : loaded 3 times (x 71B)
Class com.google.common.collect.ComparisonChain$InactiveComparisonChain               : loaded 3 times (x 80B)
Class com.google.common.collect.ImmutableSet$SetBuilderImpl                           : loaded 3 times (x 76B)
Class org.jetbrains.kotlin.statistics.metrics.StringAnonymizationPolicy               : loaded 3 times (x 78B)
Class org.jetbrains.kotlin.statistics.metrics.NumberAnonymizationPolicy               : loaded 3 times (x 85B)
Class org.jetbrains.kotlin.gradle.plugin.CreateCompilerArgumentsContextImpl$ContributeCompilerArgumentsContextImpl: loaded 3 times (x 79B)
Class org.jetbrains.kotlin.gradle.plugin.KotlinCompilerArgumentsProducer$ArgumentType : loaded 3 times (x 79B)
Class com.google.common.collect.ReverseNaturalOrdering                                : loaded 3 times (x 114B)
Class kotlinx.coroutines.CopyableThreadContextElement                                 : loaded 3 times (x 70B)
Class org.jetbrains.kotlin.gradle.plugin.statistics.FlowActionBuildFusService$getConfigurationTimeMetrics$1: loaded 3 times (x 75B)
Class org.jetbrains.kotlin.gradle.plugin.statistics.SynchronizedMetricsContainer      : loaded 3 times (x 82B)
Class org.jetbrains.kotlin.statistics.metrics.NumberOverridePolicy                    : loaded 3 times (x 85B)
Class kotlin.text.MatcherMatchResult$groupValues$1                                    : loaded 3 times (x 198B)
Class com.google.common.collect.CompoundOrdering                                      : loaded 3 times (x 115B)
Class kotlin.coroutines.jvm.internal.RestrictedSuspendLambda                          : loaded 3 times (x 91B)
Class org.jetbrains.kotlin.statistics.metrics.StringAnonymizationPolicy$AllowedListAnonymizer$Companion: loaded 3 times (x 71B)
Class org.jetbrains.org.objectweb.asm.ClassVisitor                                    : loaded 3 times (x 88B)
Class org.jetbrains.org.objectweb.asm.ModuleWriter                                    : loaded 3 times (x 82B)
Class org.jetbrains.kotlin.gradle.internal.report.BuildScanApi                        : loaded 3 times (x 70B)
Class org.jetbrains.kotlin.gradle.plugin.statistics.FlowActionBuildFusService$Companion$registerIfAbsentImpl$1$1: loaded 3 times (x 74B)
Class org.jetbrains.kotlin.gradle.plugin.statistics.KotlinBuildStatsConfiguration     : loaded 3 times (x 72B)
Class kotlin.reflect.KMutableProperty1                                                : loaded 3 times (x 70B)
Class kotlinx.coroutines.EventLoopImplPlatform                                        : loaded 3 times (x 107B)
Class kotlinx.coroutines.scheduling.SchedulerTimeSource                               : loaded 3 times (x 72B)
Class kotlinx.coroutines.scheduling.CoroutineScheduler                                : loaded 3 times (x 81B)
Class org.jetbrains.kotlin.gradle.plugin.mpp.KotlinWithJavaCompilationOutput          : loaded 3 times (x 82B)
Class org.jetbrains.kotlin.gradle.targets.native.toolchain.KotlinNativeBundleBuildService$Parameters: loaded 3 times (x 70B)
Class org.jetbrains.kotlin.gradle.plugin.mpp.compilationImpl.factory.DefaultKotlinCompilationSourceSetsContainerFactory$DefaultSourceSetNaming: loaded 3 times (x 70B)
Class org.jetbrains.kotlin.gradle.plugin.Kotlin2JvmSourceSetProcessor$doTargetSpecificProcessing$2: loaded 3 times (x 95B)
Class org.jetbrains.kotlin.gradle.plugin.KotlinSourceSetProcessor$applyStandardTaskConfiguration$1$1: loaded 3 times (x 79B)
Class kotlin.jvm.internal.PropertyReference0                                          : loaded 3 times (x 127B)
Class [Lkotlin.reflect.KClass;                                                        : loaded 3 times (x 69B)
Class kotlin.jvm.internal.Ref$BooleanRef                                              : loaded 3 times (x 71B)
Class kotlin.jvm.internal.StringCompanionObject                                       : loaded 3 times (x 71B)
Class jdk.internal.jimage.ImageReader$Directory                                       : loaded 3 times (x 84B)
Class org.jetbrains.kotlin.gradle.plugin.statistics.KotlinBuildStatsBeanService$Companion$initStatsService$1: loaded 3 times (x 79B)
Class org.jetbrains.kotlin.statistics.metrics.StringOverridePolicy$OVERRIDE_VERSION_IF_NOT_SET: loaded 3 times (x 85B)
Class kotlinx.coroutines.scheduling.Task                                              : loaded 3 times (x 76B)
Class org.jetbrains.kotlin.statistics.AnonymizerUtilsKt$salt$2                        : loaded 3 times (x 78B)
Class kotlin.coroutines.intrinsics.IntrinsicsKt__IntrinsicsJvmKt                      : loaded 3 times (x 71B)
Class kotlinx.coroutines.BlockingCoroutine                                            : loaded 3 times (x 144B)
Class kotlin.coroutines.jvm.internal.CoroutineStackFrame                              : loaded 3 times (x 70B)
Class com.google.common.collect.ForwardingObject                                      : loaded 3 times (x 72B)
Class com.google.common.collect.ImmutableList$SubList                                 : loaded 3 times (x 207B)
Class [Lorg.jetbrains.org.objectweb.asm.Label;                                        : loaded 3 times (x 69B)
Class kotlinx.coroutines.CoroutineScope                                               : loaded 3 times (x 70B)
Class kotlinx.coroutines.ChildHandle                                                  : loaded 3 times (x 70B)
Class org.jetbrains.kotlin.gradle.plugin.mpp.KotlinWithJavaCompilationFactory         : loaded 3 times (x 81B)
Class kotlinx.coroutines.NonDisposableHandle                                          : loaded 3 times (x 78B)
Class org.jetbrains.kotlin.gradle.plugin.Kotlin2JvmSourceSetProcessor$doTargetSpecificProcessing$1: loaded 3 times (x 79B)
Class kotlin.reflect.KMutableProperty2                                                : loaded 3 times (x 70B)
Class org.jetbrains.kotlin.gradle.plugin.statistics.ConfigurationMetricsBuildFusParameters: loaded 3 times (x 70B)
Class com.google.common.collect.ComparisonChain                                       : loaded 3 times (x 80B)
Class org.jetbrains.kotlin.cli.common.arguments.ParseCommandLineArgumentsKt           : loaded 3 times (x 71B)
Class org.jetbrains.kotlin.gradle.dsl.KotlinCommonCompilerOptionsExtensionsKt$usesK2$1: loaded 3 times (x 74B)
Class kotlinx.coroutines.internal.Symbol                                              : loaded 3 times (x 72B)
Class kotlinx.coroutines.internal.DispatchedContinuation                              : loaded 3 times (x 90B)
Class kotlin.collections.EmptyIterator                                                : loaded 3 times (x 89B)
Class org.jetbrains.org.objectweb.asm.ModuleVisitor                                   : loaded 3 times (x 81B)
Class jdk.internal.jimage.decompressor.StringSharingDecompressorFactory               : loaded 3 times (x 74B)
Class org.jetbrains.kotlin.gradle.plugin.Kotlin2JvmSourceSetProcessor$doTargetSpecificProcessing$2$2$1: loaded 3 times (x 75B)
Class kotlin.jvm.internal.PropertyReference1                                          : loaded 3 times (x 127B)
Class org.jetbrains.kotlin.gradle.plugin.statistics.FlowActionBuildFusService$Companion$registerIfAbsentImpl$1: loaded 3 times (x 75B)
Class kotlinx.coroutines.internal.LockFreeTaskQueue                                   : loaded 3 times (x 72B)
Class kotlin.ranges.IntProgression$Companion                                          : loaded 3 times (x 71B)
Class kotlinx.coroutines.scheduling.DefaultScheduler                                  : loaded 3 times (x 108B)
Class kotlinx.coroutines.Dispatchers                                                  : loaded 3 times (x 71B)
Class org.jetbrains.kotlin.gradle.plugin.statistics.KotlinBuildStatsConfiguration$Companion: loaded 3 times (x 71B)
Class org.jetbrains.kotlin.gradle.plugin.Kotlin2JvmSourceSetProcessor$doTargetSpecificProcessing$2$2$2: loaded 3 times (x 75B)
Class org.jetbrains.kotlin.statistics.metrics.StringAnonymizationPolicy$AllowedListAnonymizer: loaded 3 times (x 79B)
Class kotlin.ranges.IntProgressionIterator                                            : loaded 3 times (x 82B)
Class kotlin.coroutines.jvm.internal.DebugProbesKt                                    : loaded 3 times (x 71B)
Class com.google.common.collect.ImmutableList$1                                       : loaded 3 times (x 97B)
Class kotlinx.coroutines.intrinsics.CancellableKt                                     : loaded 3 times (x 71B)
Class org.jetbrains.kotlin.gradle.plugin.JetBrainsSubpluginArtifact                   : loaded 3 times (x 72B)
Class kotlin.coroutines.CoroutineContext                                              : loaded 3 times (x 70B)
Class kotlin.jvm.internal.MutablePropertyReference1                                   : loaded 3 times (x 137B)
Class kotlin.jvm.internal.PropertyReference1Impl                                      : loaded 3 times (x 127B)
Class kotlin.SafePublicationLazyImpl$Companion                                        : loaded 3 times (x 71B)
Class com.google.common.collect.RegularImmutableSet                                   : loaded 3 times (x 149B)
Class org.jetbrains.kotlin.gradle.plugin.mpp.MppSourcesJarKt$includeSources$3         : loaded 3 times (x 75B)
Class org.jetbrains.kotlin.gradle.fus.internal.SynchronizedConfigurationMetrics$add$1 : loaded 3 times (x 79B)
Class org.jetbrains.kotlin.statistics.fileloggers.MetricsContainer                    : loaded 3 times (x 77B)
Class jdk.internal.jimage.decompressor.ResourceDecompressor$StringsProvider           : loaded 3 times (x 70B)
Class jdk.internal.jimage.decompressor.ResourceDecompressorRepository                 : loaded 3 times (x 71B)
Class com.google.common.base.CharMatcher$IsEither                                     : loaded 3 times (x 112B)
Class kotlin.SynchronizedLazyImpl                                                     : loaded 3 times (x 76B)
Class kotlinx.coroutines.BuildersKt                                                   : loaded 3 times (x 71B)
Class [Lorg.jetbrains.kotlin.statistics.metrics.StringOverridePolicy;                 : loaded 3 times (x 69B)
Class kotlin.LazyKt__LazyJVMKt$WhenMappings                                           : loaded 3 times (x 71B)
Class kotlin.jvm.internal.MutablePropertyReference                                    : loaded 3 times (x 119B)
Class org.jetbrains.kotlin.gradle.plugin.statistics.DaemonReuseCounter                : loaded 3 times (x 76B)
Class jdk.internal.jimage.ImageReader$SharedImageReader$LocationVisitor               : loaded 3 times (x 70B)
Class kotlinx.coroutines.CoroutineContextKt                                           : loaded 3 times (x 71B)
Class kotlinx.coroutines.internal.ThreadContextKt                                     : loaded 3 times (x 71B)
Class kotlin.jvm.internal.CollectionToArray                                           : loaded 3 times (x 71B)
Class org.jetbrains.kotlin.gradle.scripting.internal.ScriptingGradleSubpluginKt$registerDiscoverScriptExtensionsTransform$1: loaded 3 times (x 79B)
Class org.jetbrains.kotlin.gradle.plugin.mpp.compilationImpl.factory.DefaultKotlinCompilationSourceSetsContainerFactory: loaded 3 times (x 75B)
Class org.jetbrains.kotlin.gradle.plugin.mpp.AbstractKotlinTargetKt                   : loaded 3 times (x 71B)
Class org.jetbrains.kotlin.gradle.plugin.KotlinCompilationInfo$TCS$compileDependencyFiles$1: loaded 3 times (x 79B)
Class jdk.internal.jimage.BasicImageReader                                            : loaded 3 times (x 95B)
Class org.jetbrains.kotlin.gradle.scripting.internal.ScriptingGradleSubplugin$Companion: loaded 3 times (x 71B)
Class org.jetbrains.kotlin.gradle.scripting.internal.ScriptingGradleSubplugin         : loaded 3 times (x 74B)
Class com.google.common.collect.ForwardingCollection                                  : loaded 3 times (x 130B)
Class com.google.common.collect.LexicographicalOrdering                               : loaded 3 times (x 115B)
Class org.jetbrains.kotlin.gradle.tasks.KotlinCompile$createCompilerArguments$1       : loaded 3 times (x 79B)
Class org.jetbrains.org.objectweb.asm.TypeReference                                   : loaded 3 times (x 80B)
Class [Lorg.jetbrains.kotlin.gradle.plugin.KotlinCompilerArgumentsProducer$ArgumentType;: loaded 3 times (x 69B)
Class kotlin.io.FileWalkDirection                                                     : loaded 3 times (x 79B)
Class org.jetbrains.kotlin.gradle.scripting.internal.ScriptingGradleSubpluginKt$registerDiscoverScriptExtensionsTransform$2: loaded 3 times (x 79B)
Class org.jetbrains.kotlin.gradle.fus.internal.SynchronizedConfigurationMetrics$Companion: loaded 3 times (x 71B)
Class org.jetbrains.kotlin.statistics.AnonymizerUtilsKt                               : loaded 3 times (x 71B)
Class org.jetbrains.kotlin.gradle.plugin.KotlinCompilerArgumentsProducer$ContributeCompilerArgumentsContext: loaded 3 times (x 70B)
Class kotlinx.coroutines.internal.ResizableAtomicArray                                : loaded 3 times (x 72B)
Class kotlin.sequences.FlatteningSequence                                             : loaded 3 times (x 75B)
Class org.jetbrains.kotlin.gradle.plugin.statistics.KotlinBuildStatsBeanService       : loaded 3 times (x 87B)
Class kotlin.text.MatcherMatchResult                                                  : loaded 3 times (x 80B)
Class kotlin.text.MatchGroupCollection                                                : loaded 3 times (x 70B)
Class org.jetbrains.kotlin.gradle.scripting.internal.DiscoverScriptExtensionsTransformAction: loaded 3 times (x 78B)
Class org.jetbrains.org.objectweb.asm.Symbol                                          : loaded 3 times (x 73B)
Class kotlinx.coroutines.JobSupportKt                                                 : loaded 3 times (x 71B)
Class kotlin.LazyThreadSafetyMode                                                     : loaded 3 times (x 79B)
Class kotlinx.coroutines.ExecutorCoroutineDispatcher$Key                              : loaded 3 times (x 72B)
Class kotlin.jvm.functions.Function9                                                  : loaded 3 times (x 70B)
Class com.google.common.collect.Lists$RandomAccessReverseList                         : loaded 3 times (x 200B)
Class org.jetbrains.kotlin.com.google.common.base.Suppliers$SupplierOfInstance        : loaded 2 times (x 79B)
Class kotlin.reflect.full.IllegalPropertyDelegateAccessException                      : loaded 2 times (x 82B)
Class [Lkotlin.reflect.jvm.internal.impl.builtins.jvm.JavaToKotlinClassMap$PlatformMutabilityMapping;: loaded 2 times (x 69B)
Class org.jetbrains.kotlin.metadata.ProtoBuf$TypeTable$1                              : loaded 2 times (x 144B)
Class [Lcom.google.common.collect.ImmutableEntry;                                     : loaded 2 times (x 69B)
Class com.google.common.reflect.Types$JavaVersion                                     : loaded 2 times (x 83B)
Class org.jetbrains.kotlin.gradle.tasks.KotlinCompile$disableMultiModuleIC$2          : loaded 2 times (x 79B)
Class org.jetbrains.kotlin.gradle.fus.internal.SynchronizedConfigurationMetrics$add$2 : loaded 2 times (x 79B)
Class kotlin.UnsafeLazyImpl                                                           : loaded 2 times (x 76B)
Class org.jetbrains.kotlin.gradle.tasks.KotlinCompilationTask$DefaultImpls            : loaded 2 times (x 71B)
Class kotlin.jvm.internal.ArrayIterator                                               : loaded 2 times (x 79B)
Class org.jetbrains.kotlin.com.google.common.util.concurrent.AbstractFuture$SetFuture : loaded 2 times (x 75B)
Class com.android.build.gradle.api.AndroidBasePlugin                                  : loaded 2 times (x 74B)
Class kotlin.jvm.internal.PropertyReference2                                          : loaded 2 times (x 127B)
Class org.jetbrains.kotlin.name.Name                                                  : loaded 2 times (x 75B)
Class com.google.common.cache.LocalCache$LoadingValueReference                        : loaded 2 times (x 96B)
Class org.jetbrains.kotlin.metadata.ProtoBuf$Function                                 : loaded 2 times (x 161B)
Class org.jetbrains.kotlin.incremental.classpathDiff.impl.BasicClassInfoClassVisitor  : loaded 2 times (x 88B)
Class org.jetbrains.kotlin.load.kotlin.header.KotlinClassHeader                       : loaded 2 times (x 72B)
Class org.gradle.api.specs.Spec                                                       : loaded 2 times (x 70B)
Class com.google.common.collect.Maps                                                  : loaded 2 times (x 71B)
Class com.google.common.util.concurrent.LazyLogger                                    : loaded 2 times (x 72B)
Class com.google.common.io.CharSource                                                 : loaded 2 times (x 85B)
Class com.google.common.collect.AbstractMapBasedMultimap$WrappedSet                   : loaded 2 times (x 142B)
Class org.gradle.internal.time.TimeSource$1                                           : loaded 2 times (x 77B)
Class com.android.builder.model.v2.dsl.BaseConfig                                     : loaded 2 times (x 70B)
Class org.jetbrains.kotlin.gradle.internal.transforms.ClasspathEntrySnapshotTransform : loaded 2 times (x 82B)
Class org.jetbrains.kotlin.gradle.plugin.internal.BuildIdentifierAccessor$Factory     : loaded 2 times (x 70B)
Class org.jetbrains.kotlin.gradle.plugin.KaptExtension                                : loaded 2 times (x 136B)
Class org.jetbrains.kotlin.com.google.common.cache.RemovalListener                    : loaded 2 times (x 70B)
Class org.jetbrains.kotlin.com.google.common.util.concurrent.internal.InternalFutureFailureAccess: loaded 2 times (x 72B)
Class Build_gradle$$$result$1                                                         : loaded 2 times (x 75B)
Class kotlin.reflect.full.IllegalCallableAccessException                              : loaded 2 times (x 82B)
Class com.intellij.gradle.toolingExtension.impl.model.utilDummyModel.DummyModel       : loaded 2 times (x 70B)
Class kotlin.jvm.internal.SpreadBuilder                                               : loaded 2 times (x 76B)
Class org.jetbrains.kotlin.metadata.jvm.JvmProtoBuf$JvmFieldSignatureOrBuilder        : loaded 2 times (x 70B)
Class org.jetbrains.kotlin.metadata.ProtoBuf$VersionRequirementTableOrBuilder         : loaded 2 times (x 70B)
Class com.google.common.util.concurrent.Uninterruptibles                              : loaded 2 times (x 71B)
Class org.gradle.internal.time.Clock                                                  : loaded 2 times (x 70B)
Class com.android.builder.model.v2.ide.ProjectType                                    : loaded 2 times (x 79B)
Class com.google.common.io.LineReader$1                                               : loaded 2 times (x 75B)
Class com.google.common.collect.CollectSpliterators                                   : loaded 2 times (x 71B)
Class com.google.common.reflect.Invokable$MethodInvokable                             : loaded 2 times (x 107B)
Class com.google.common.base.Platform                                                 : loaded 2 times (x 71B)
Class org.jetbrains.kotlin.metadata.ProtoBuf$VersionRequirementTable                  : loaded 2 times (x 107B)
Class com.android.builder.model.v2.ide.ComponentInfo                                  : loaded 2 times (x 70B)
Class org.jetbrains.kotlin.protobuf.LazyField                                         : loaded 2 times (x 83B)
Class org.jetbrains.kotlin.load.kotlin.header.ReadKotlinClassHeaderAnnotationVisitor  : loaded 2 times (x 80B)
Class org.gradle.api.attributes.java.TargetJvmEnvironment                             : loaded 2 times (x 70B)
Class kotlin.collections.builders.SetBuilder                                          : loaded 2 times (x 143B)
Class kotlin.sequences.EmptySequence                                                  : loaded 2 times (x 78B)
Class org.jetbrains.kotlin.buildtools.internal.BaseOptionWithDefault                  : loaded 2 times (x 73B)
Class org.jetbrains.kotlin.compilerRunner.btapi.BuildSessionService$Companion$registerIfAbsent$1$1$1: loaded 2 times (x 75B)
Class org.jetbrains.kotlin.gradle.plugin.statistics.KotlinSourceSetMetrics$collectMetrics$1: loaded 2 times (x 95B)
Class org.jetbrains.kotlin.com.google.common.cache.LocalCache$AccessQueue             : loaded 2 times (x 143B)
Class org.jetbrains.kotlin.gradle.plugin.diagnostics.CheckKotlinGradlePluginConfigurationErrorsKt$locateOrRegisterCheckKotlinGradlePluginErrorsTask$taskProvider$1$5: loaded 2 times (x 74B)
Class org.jetbrains.kotlin.load.kotlin.KotlinJvmBinaryClass$AnnotationArgumentVisitor : loaded 2 times (x 70B)
Class org.jetbrains.kotlin.load.kotlin.header.KotlinClassHeader$Kind                  : loaded 2 times (x 79B)
Class org.gradle.kotlin.dsl.plugins.precompiled.PrecompiledScriptPlugins$registerCompileKotlinPluginsBlocks$pluginClasspath$1: loaded 2 times (x 75B)
Class org.gradle.kotlin.dsl.plugins.precompiled.PrecompiledScriptPlugins_Decorated    : loaded 2 times (x 130B)
Class org.jetbrains.kotlin.metadata.jvm.deserialization.JvmMemberSignature            : loaded 2 times (x 74B)
Class org.jetbrains.kotlin.metadata.ProtoBuf$Constructor                              : loaded 2 times (x 130B)
Class org.gradle.internal.classloader.ClasspathUtil                                   : loaded 2 times (x 71B)
Class com.google.common.reflect.Types$ClassOwnership$1LocalClass                      : loaded 2 times (x 71B)
Class com.google.common.collect.ImmutableSortedMap                                    : loaded 2 times (x 217B)
Class com.android.Version                                                             : loaded 2 times (x 71B)
Class org.gradle.kotlin.dsl.TestImplementationConfigurationAccessorsKt                : loaded 2 times (x 71B)
Class org.gradle.tooling.model.ProjectIdentifier                                      : loaded 2 times (x 70B)
Class org.gradle.tooling.model.idea.IdeaCompilerOutput                                : loaded 2 times (x 70B)
Class kotlin.jvm.internal.CharCompanionObject                                         : loaded 2 times (x 71B)
Class kotlin.text.MatchResult$DefaultImpls                                            : loaded 2 times (x 71B)
Class com.google.devtools.ksp.processing.KspGradleLogger$Companion                    : loaded 2 times (x 71B)
Class [Lcom.android.builder.model.v2.ide.TestInfo$Execution;                          : loaded 2 times (x 69B)
Class com.android.builder.model.v2.dsl.ProductFlavor                                  : loaded 2 times (x 70B)
Class kotlin.text.StringsKt__StringsKt$lineSequence$$inlined$Sequence$1               : loaded 2 times (x 75B)
Class org.gradle.tooling.internal.adapter.TypeInspector                               : loaded 2 times (x 73B)
Class org.gradle.tooling.internal.adapter.ProtocolToModelAdapter$NoOpDecoration       : loaded 2 times (x 79B)
Class org.gradle.tooling.model.Element                                                : loaded 2 times (x 70B)
Class com.google.common.collect.AbstractMapBasedMultimap$WrappedList                  : loaded 2 times (x 205B)
Class [Lorg.objectweb.asm.AnnotationWriter;                                           : loaded 2 times (x 69B)
Class com.google.common.collect.Maps$8                                                : loaded 2 times (x 82B)
Class org.jetbrains.org.objectweb.asm.tree.LineNumberNode                             : loaded 2 times (x 79B)
Class org.jetbrains.kotlin.gradle.plugin.diagnostics.CheckKotlinGradlePluginConfigurationErrorsKt$locateOrRegisterCheckKotlinGradlePluginErrorsTask$taskProvider$1$4: loaded 2 times (x 74B)
Class org.jetbrains.kotlin.com.google.common.cache.LocalCache$AbstractReferenceEntry  : loaded 2 times (x 107B)
Class org.jetbrains.kotlin.com.google.common.util.concurrent.AbstractFuture$TrustedFuture: loaded 2 times (x 114B)
Class Build_gradle$3                                                                  : loaded 2 times (x 74B)
Class kotlin.reflect.jvm.internal.KDeclarationContainerImpl$Companion                 : loaded 2 times (x 71B)
Class org.jetbrains.kotlin.load.kotlin.FileBasedKotlinClass                           : loaded 2 times (x 90B)
Class org.jetbrains.kotlin.buildtools.internal.ClasspathEntrySnapshotImpl             : loaded 2 times (x 78B)
Class org.jetbrains.kotlin.com.intellij.openapi.diagnostic.Logger$Factory             : loaded 2 times (x 70B)
Class org.jetbrains.kotlin.protobuf.WireFormat$FieldType                              : loaded 2 times (x 83B)
Class org.jetbrains.kotlin.metadata.ProtoBuf$AnnotationOrBuilder                      : loaded 2 times (x 70B)
Class com.google.common.cache.CacheBuilder$OneWeigher                                 : loaded 2 times (x 82B)
Class com.google.common.collect.IndexedImmutableSet$1                                 : loaded 2 times (x 213B)
Class [Lorg.jetbrains.kotlin.cli.common.CompilerSystemProperties;                     : loaded 2 times (x 69B)
Class org.gradle.internal.exceptions.ResolutionProvider                               : loaded 2 times (x 70B)
Class org.gradle.tooling.internal.adapter.ProtocolToModelAdapter$MixInMappingAction   : loaded 2 times (x 80B)
Class com.android.builder.model.v2.ide.JavaCompileOptions                             : loaded 2 times (x 70B)
Class kotlin.jvm.internal.markers.KMutableListIterator                                : loaded 2 times (x 70B)
Class kotlin.collections.MutableMapWithDefaultImpl                                    : loaded 2 times (x 144B)
Class org.gradle.kotlin.dsl.plugins.embedded.EmbeddedKotlinPlugin_Decorated           : loaded 2 times (x 120B)
Class org.gradle.kotlin.dsl.plugins.dsl.KotlinDslPluginOptions_Decorated              : loaded 2 times (x 125B)
Class org.jetbrains.kotlin.com.google.common.cache.LocalCache$2                       : loaded 2 times (x 142B)
Class kotlin.collections.ArrayAsCollection                                            : loaded 2 times (x 105B)
Class org.jetbrains.kotlin.com.google.common.cache.LocalCache$LoadingValueReference   : loaded 2 times (x 96B)
Class org.jetbrains.kotlin.com.google.common.cache.LocalCache$SoftValueReference      : loaded 2 times (x 97B)
Class org.jetbrains.kotlin.gradle.tasks.configuration.AbstractKotlinCompileConfig$1$4 : loaded 2 times (x 75B)
Class org.jetbrains.kotlin.name.ClassId$Companion                                     : loaded 2 times (x 71B)
Class org.jetbrains.kotlin.load.kotlin.header.ReadKotlinClassHeaderAnnotationVisitor$KotlinMetadataArgumentVisitor: loaded 2 times (x 86B)
Class org.jetbrains.kotlin.protobuf.MessageLiteOrBuilder                              : loaded 2 times (x 70B)
Class [Lcom.google.common.collect.Iterators$EmptyModifiableIterator;                  : loaded 2 times (x 69B)
Class com.google.common.collect.Sets$SetView                                          : loaded 2 times (x 138B)
Class com.google.common.cache.LocalCache$StrongValueReference                         : loaded 2 times (x 90B)
Class org.jetbrains.kotlin.metadata.deserialization.BinaryVersion$Companion           : loaded 2 times (x 71B)
Class org.jetbrains.kotlin.metadata.jvm.JvmProtoBuf$JvmMethodSignature                : loaded 2 times (x 108B)
Class org.jetbrains.kotlin.metadata.ProtoBuf$TypeTable                                : loaded 2 times (x 109B)
Class org.jetbrains.kotlin.com.google.common.cache.Cache                              : loaded 2 times (x 70B)
Class org.jetbrains.kotlin.metadata.jvm.JvmProtoBuf$JvmFieldSignature$1               : loaded 2 times (x 144B)
Class org.jetbrains.kotlin.metadata.jvm.deserialization.UtfEncodingKt                 : loaded 2 times (x 71B)
Class com.google.common.collect.ImmutableMapEntry$NonTerminalImmutableMapEntry        : loaded 2 times (x 85B)
Class com.google.common.base.Equivalence                                              : loaded 2 times (x 82B)
Class com.google.common.base.Predicates                                               : loaded 2 times (x 71B)
Class com.google.common.collect.ImmutableMultimap                                     : loaded 2 times (x 147B)
Class com.android.build.gradle.internal.tasks.BuildAnalyzer                           : loaded 2 times (x 70B)
Class org.gradle.tooling.internal.gradle.GradleBuildIdentity                          : loaded 2 times (x 70B)
Class com.android.builder.model.v2.ide.TestInfo                                       : loaded 2 times (x 70B)
Class org.jetbrains.kotlin.gradle.plugin.internal.DefaultProjectDependencyAccessor$Factory: loaded 2 times (x 76B)
Class org.gradle.kotlin.dsl.plugins.precompiled.PrecompiledScriptPlugins              : loaded 2 times (x 76B)
Class org.jetbrains.kotlin.com.google.common.cache.LocalCache$1                       : loaded 2 times (x 89B)
Class org.jetbrains.kotlin.buildtools.api.ProjectId                                   : loaded 2 times (x 70B)
Class kotlin.jvm.internal.Ref$ObjectRef                                               : loaded 2 times (x 72B)
Class org.gradle.tooling.model.internal.ImmutableDomainObjectSet                      : loaded 2 times (x 155B)
Class org.jetbrains.kotlin.gradle.tasks.configuration.AbstractKotlinCompileConfig$1$5 : loaded 2 times (x 76B)
Class com.google.common.graph.SuccessorsFunction                                      : loaded 2 times (x 70B)
Class org.objectweb.asm.Type                                                          : loaded 2 times (x 72B)
Class org.gradle.internal.classloader.VisitableURLClassLoader$InstrumentingVisitableURLClassLoader: loaded 2 times (x 123B)
Class org.jetbrains.kotlin.metadata.ProtoBuf$ClassOrBuilder                           : loaded 2 times (x 70B)
Class org.jetbrains.kotlin.metadata.ProtoBuf$ValueParameter                           : loaded 2 times (x 133B)
Class org.jetbrains.kotlin.buildtools.api.ProjectId$Companion                         : loaded 2 times (x 71B)
Class org.jetbrains.kotlin.buildtools.internal.trackers.BuildMetricsReporterAdapterKt : loaded 2 times (x 71B)
Class org.jetbrains.kotlin.name.FqName                                                : loaded 2 times (x 72B)
Class [Lkotlin.reflect.jvm.internal.impl.resolve.jvm.JvmPrimitiveType;                : loaded 2 times (x 69B)
Class org.jetbrains.kotlin.metadata.ProtoBuf$Property                                 : loaded 2 times (x 176B)
Class com.google.common.collect.ImmutableMapEntry                                     : loaded 2 times (x 85B)
Class [Lcom.google.common.collect.HashBiMap$BiEntry;                                  : loaded 2 times (x 69B)
Class org.jetbrains.kotlin.buildtools.api.internal.BaseOption                         : loaded 2 times (x 72B)
Class com.google.common.reflect.Types$TypeVariableInvocationHandler                   : loaded 2 times (x 75B)
Class org.jetbrains.kotlin.gradle.plugin.diagnostics.CheckKotlinGradlePluginConfigurationErrorsKt$locateOrRegisterCheckKotlinGradlePluginErrorsTask$taskProvider$1$1: loaded 2 times (x 75B)
Class org.gradle.tooling.model.kotlin.dsl.KotlinDslScriptsModel                       : loaded 2 times (x 70B)
Class org.gradle.internal.time.TimeSource                                             : loaded 2 times (x 70B)
Class org.gradle.kotlin.dsl.plugins.dsl.KotlinDslCompilerPlugins$apply$1$1            : loaded 2 times (x 74B)
Class org.gradle.tooling.model.idea.IdeaDependencyScope                               : loaded 2 times (x 70B)
Class [Lorg.gradle.api.JavaVersion;                                                   : loaded 2 times (x 69B)
Class kotlin.coroutines.AbstractCoroutineContextElement                               : loaded 2 times (x 89B)
Class kotlin.jvm.internal.markers.KMutableMap                                         : loaded 2 times (x 70B)
Class kotlin.properties.ReadOnlyProperty                                              : loaded 2 times (x 70B)
Class org.jetbrains.kotlin.com.google.common.cache.ReferenceEntry                     : loaded 2 times (x 70B)
Class kotlin.reflect.jvm.internal.impl.descriptors.runtime.structure.ReflectClassUtilKt: loaded 2 times (x 71B)
Class org.jetbrains.kotlin.incremental.classpathDiff.ClassSnapshot                    : loaded 2 times (x 71B)
Class org.jetbrains.org.objectweb.asm.tree.AnnotationNode                             : loaded 2 times (x 80B)
Class org.jetbrains.kotlin.load.kotlin.header.ReadKotlinClassHeaderAnnotationVisitor$KotlinMetadataArgumentVisitor$2: loaded 2 times (x 85B)
Class com.google.common.math.IntMath                                                  : loaded 2 times (x 71B)
Class kotlin.collections.ReversedListReadOnly$listIterator$1                          : loaded 2 times (x 90B)
Class com.google.common.collect.AbstractMapBasedMultimap$KeySet                       : loaded 2 times (x 137B)
Class kotlin.coroutines.CoroutineContext$Element$DefaultImpls                         : loaded 2 times (x 71B)
Class com.google.common.collect.Streams                                               : loaded 2 times (x 71B)
Class com.android.ide.common.gradle.DEV                                               : loaded 2 times (x 77B)
Class [Lcom.android.builder.model.v2.ide.AndroidGradlePluginProjectFlags$BooleanFlag; : loaded 2 times (x 69B)
Class com.android.builder.model.v2.ide.AndroidGradlePluginProjectFlags                : loaded 2 times (x 70B)
Class com.android.builder.model.v2.ide.BasicVariant                                   : loaded 2 times (x 70B)
Class org.jetbrains.kotlin.gradle.tasks.configuration.AbstractKotlinCompileConfig$1$6 : loaded 2 times (x 75B)
Class [Lcom.android.buildanalyzer.common.TaskCategory;                                : loaded 2 times (x 69B)
Class kotlin.collections.AbstractList$SubList                                         : loaded 2 times (x 198B)
Class org.gradle.kotlin.dsl.AndroidTestImplementationConfigurationAccessorsKt         : loaded 2 times (x 71B)
Class com.google.common.io.Files$FileByteSink                                         : loaded 2 times (x 77B)
Class com.google.common.math.IntMath$1                                                : loaded 2 times (x 71B)
Class org.objectweb.asm.ByteVector                                                    : loaded 2 times (x 79B)
Class [Lcom.google.common.cache.CacheBuilder$NullListener;                            : loaded 2 times (x 69B)
Class org.gradle.internal.classloader.VisitableURLClassLoader$Spec                    : loaded 2 times (x 74B)
Class org.gradle.internal.classpath.DefaultClassPath                                  : loaded 2 times (x 90B)
Class org.jetbrains.kotlin.metadata.ProtoBuf$Annotation$Argument$ValueOrBuilder       : loaded 2 times (x 70B)
Class kotlin.collections.AbstractList$IteratorImpl                                    : loaded 2 times (x 82B)
Class kotlin.collections.AbstractMap                                                  : loaded 2 times (x 122B)
Class org.jetbrains.kotlin.gradle.plugin.PropertiesProvider$booleanPropertyWithValueReporting$1: loaded 2 times (x 78B)
Class org.jetbrains.kotlin.load.kotlin.header.ReadKotlinClassHeaderAnnotationVisitor$KotlinMetadataArgumentVisitor$1: loaded 2 times (x 85B)
Class org.jetbrains.kotlin.metadata.ProtoBuf$Class$1                                  : loaded 2 times (x 144B)
Class org.jetbrains.kotlin.protobuf.ExtensionRegistryLite$ObjectIntPair               : loaded 2 times (x 72B)
Class org.gradle.internal.service.CachingServiceLocator                               : loaded 2 times (x 82B)
Class com.google.common.cache.LocalCache$LocalManualCache                             : loaded 2 times (x 99B)
Class org.jetbrains.kotlin.gradle.plugin.statistics.KotlinSourceSetMetrics$reportSourceSetSourcesUsage$1: loaded 2 times (x 88B)
Class com.google.common.base.CommonPattern                                            : loaded 2 times (x 74B)
Class org.gradle.kotlin.dsl.plugins.dsl.KotlinDslCompilerPlugins$apply$1$2            : loaded 2 times (x 74B)
Class com.google.common.collect.ImmutableMap$SerializedForm                           : loaded 2 times (x 73B)
Class com.android.builder.model.v2.ide.LibraryInfo                                    : loaded 2 times (x 70B)
Class kotlin.jvm.internal.EnumCompanionObject                                         : loaded 2 times (x 71B)
Class kotlin.reflect.jvm.internal.impl.builtins.PrimitiveType                         : loaded 2 times (x 79B)
Class org.jetbrains.kotlin.incremental.classpathDiff.impl.ClassListSnapshotterWithInlinedClassSupport$ClassDescriptorForProcessing: loaded 2 times (x 72B)
Class org.jetbrains.kotlin.incremental.classpathDiff.impl.PrefixBasedSnapshotter      : loaded 2 times (x 72B)
Class org.jetbrains.org.objectweb.asm.tree.ParameterNode                              : loaded 2 times (x 73B)
Class org.gradle.internal.classloader.ClassLoaderFactory                              : loaded 2 times (x 70B)
Class [Lcom.google.common.cache.LocalCache$EntryFactory;                              : loaded 2 times (x 69B)
Class com.google.common.collect.StandardTable                                         : loaded 2 times (x 124B)
Class com.android.builder.model.v2.models.ndk.NativeAbi                               : loaded 2 times (x 70B)
Class kotlin.jvm.internal.MutablePropertyReference1Impl                               : loaded 2 times (x 137B)
Class org.jetbrains.plugins.gradle.model.GradleBuildScriptClasspathModel              : loaded 2 times (x 70B)
Class [Lkotlin.sequences.Sequence;                                                    : loaded 2 times (x 69B)
Class org.gradle.kotlin.dsl.plugins.dsl.KotlinDslPlugin$apply$lambda$0$$inlined$apply$3: loaded 2 times (x 74B)
Class com.google.devtools.ksp.processing.KspGradleLogger                              : loaded 2 times (x 79B)
Class com.android.builder.model.v2.ide.BundleInfo                                     : loaded 2 times (x 70B)
Class com.android.builder.model.v2.ide.SourceProvider                                 : loaded 2 times (x 70B)
Class org.gradle.util.internal.DefaultGradleVersion                                   : loaded 2 times (x 82B)
Class org.gradle.kotlin.dsl.plugins.precompiled.PrecompiledScriptPlugins$apply$1$1    : loaded 2 times (x 75B)
Class com.google.common.collect.ImmutableSortedMap$1EntrySet$1                        : loaded 2 times (x 213B)
Class com.google.common.reflect.Types$ClassOwnership                                  : loaded 2 times (x 80B)
Class com.google.common.base.AbstractIterator                                         : loaded 2 times (x 80B)
Class org.objectweb.asm.Symbol                                                        : loaded 2 times (x 73B)
Class org.jetbrains.kotlin.metadata.ProtoBuf$ConstructorOrBuilder                     : loaded 2 times (x 70B)
Class org.jetbrains.kotlin.metadata.jvm.JvmProtoBuf                                   : loaded 2 times (x 71B)
Class org.jetbrains.kotlin.metadata.jvm.deserialization.JvmMemberSignature$Field      : loaded 2 times (x 75B)
Class org.jetbrains.kotlin.buildtools.internal.KotlinToolchainsImpl$BuildSessionImpl  : loaded 2 times (x 82B)
Class org.jetbrains.kotlin.incremental.classpathDiff.InaccessibleClassSnapshot        : loaded 2 times (x 71B)
Class org.jetbrains.kotlin.com.google.common.cache.CacheBuilder                       : loaded 2 times (x 72B)
Class [Lorg.jetbrains.kotlin.protobuf.Internal$EnumLite;                              : loaded 2 times (x 69B)
Class org.gradle.internal.service.ServiceLookupException                              : loaded 2 times (x 82B)
Class org.jetbrains.kotlin.gradle.plugin.statistics.KotlinSourceSetMetrics$reportSourceSetSourcesUsage$2: loaded 2 times (x 75B)
Class com.google.common.collect.Maps$EntryTransformer                                 : loaded 2 times (x 70B)
Class com.google.common.reflect.TypeResolver$TypeTable$1                              : loaded 2 times (x 73B)
Class org.jetbrains.kotlin.cli.common.CompilerSystemProperties$value$1                : loaded 2 times (x 125B)
Class org.gradle.kotlin.dsl.plugins.dsl.KotlinDslCompilerPlugins$apply$1$3            : loaded 2 times (x 74B)
Class org.gradle.internal.time.MonotonicClock                                         : loaded 2 times (x 77B)
Class org.gradle.kotlin.dsl.plugins.dsl.KotlinDslPlugin$apply$lambda$0$$inlined$apply$2: loaded 2 times (x 74B)
Class org.jetbrains.kotlin.gradle.plugin.internal.DefaultBuildIdentifierAccessor$Factory: loaded 2 times (x 76B)
Class org.jetbrains.kotlin.gradle.plugin.sources.DefaultKotlinSourceSetFactory$setUpSourceSetDefaults$1: loaded 2 times (x 79B)
Class org.jetbrains.kotlin.com.google.common.cache.LocalCache                         : loaded 2 times (x 187B)
Class org.jetbrains.kotlin.protobuf.AbstractParser                                    : loaded 2 times (x 144B)
Class kotlin.UInt$Companion                                                           : loaded 2 times (x 71B)
Class kotlin.UInt                                                                     : loaded 2 times (x 74B)
Class org.gradle.tooling.model.GradleModuleVersion                                    : loaded 2 times (x 70B)
Class org.jetbrains.kotlin.metadata.ProtoBuf$Annotation$1                             : loaded 2 times (x 144B)
Class com.android.builder.model.v2.models.ndk.NativeBuildSystem                       : loaded 2 times (x 79B)
Class com.google.common.cache.CacheLoader$SupplierToCacheLoader                       : loaded 2 times (x 75B)
Class org.objectweb.asm.RecordComponentVisitor                                        : loaded 2 times (x 77B)
Class com.google.common.reflect.TypeResolver$TypeTable                                : loaded 2 times (x 73B)
Class com.google.common.io.Java8Compatibility                                         : loaded 2 times (x 71B)
Class com.google.common.io.Closer                                                     : loaded 2 times (x 78B)
Class org.jetbrains.kotlin.config.ApiVersion$Companion                                : loaded 2 times (x 71B)
Class com.google.common.collect.RegularImmutableMap$Values                            : loaded 2 times (x 207B)
Class org.gradle.internal.classloader.ClassLoaderSpec                                 : loaded 2 times (x 71B)
Class org.jetbrains.kotlin.protobuf.SmallSortedMap                                    : loaded 2 times (x 130B)
Class org.jetbrains.org.objectweb.asm.tree.AbstractInsnNode                           : loaded 2 times (x 78B)
Class org.jetbrains.org.objectweb.asm.tree.InnerClassNode                             : loaded 2 times (x 73B)
Class com.google.common.collect.ImmutableMultiset                                     : loaded 2 times (x 163B)
Class kotlin.reflect.jvm.internal.ReflectProperties$Val$1                             : loaded 2 times (x 71B)
Class org.jetbrains.kotlin.buildtools.internal.BuildOperationImpl$Companion           : loaded 2 times (x 71B)
Class com.google.common.io.CharStreams                                                : loaded 2 times (x 71B)
Class com.android.build.gradle.internal.profile.AnalyticsServiceApi                   : loaded 2 times (x 70B)
Class org.jetbrains.kotlin.buildtools.api.jvm.JvmPlatformToolchain                    : loaded 2 times (x 70B)
Class com.android.build.gradle.internal.testing.TestData                              : loaded 2 times (x 70B)
Class org.gradle.util.internal.DefaultGradleVersion$Stage                             : loaded 2 times (x 75B)
Class kotlin.coroutines.CoroutineContext$Key                                          : loaded 2 times (x 70B)
Class org.gradle.kotlin.dsl.plugins.dsl.KotlinDslPlugin$apply$lambda$0$$inlined$apply$1: loaded 2 times (x 74B)
Class org.jetbrains.kotlin.assignment.plugin.gradle.AssignmentSubplugin$Companion     : loaded 2 times (x 71B)
Class com.google.common.base.FunctionalEquivalence                                    : loaded 2 times (x 83B)
Class org.jetbrains.kotlin.gradle.plugin.diagnostics.checkers.KmpPartiallyResolvedDependenciesChecker$runChecks$1: loaded 2 times (x 88B)
Class com.google.common.util.concurrent.AbstractFuture                                : loaded 2 times (x 106B)
Class com.google.common.collect.AbstractMapBasedMultimap                              : loaded 2 times (x 139B)
Class org.jetbrains.kotlin.gradle.model.builder.KotlinModelBuilder                    : loaded 2 times (x 76B)
Class [Lcom.android.builder.model.v2.ide.CodeShrinker;                                : loaded 2 times (x 69B)
Class kotlin.jvm.internal.markers.KMutableSet                                         : loaded 2 times (x 70B)
Class kotlin.properties.NotNullVar                                                    : loaded 2 times (x 79B)
Class org.gradle.kotlin.dsl.plugins.embedded.EmbeddedKotlinPlugin                     : loaded 2 times (x 77B)
Class org.jetbrains.kotlin.com.google.common.cache.LocalCache$AccessQueue$1           : loaded 2 times (x 108B)
Class jdk.internal.jimage.BasicImageReader$2                                          : loaded 2 times (x 77B)
Class org.jetbrains.kotlin.com.intellij.openapi.diagnostic.Logger$DefaultFactory      : loaded 2 times (x 74B)
Class com.google.common.base.Converter                                                : loaded 2 times (x 90B)
Class org.jetbrains.kotlin.gradle.plugin.statistics.BuildFinishBuildService$Companion : loaded 2 times (x 71B)
Class com.google.common.cache.ReferenceEntry                                          : loaded 2 times (x 70B)
Class kotlin.jvm.internal.LongCompanionObject                                         : loaded 2 times (x 71B)
Class kotlin.collections.ReversedListReadOnly                                         : loaded 2 times (x 198B)
Class com.google.common.util.concurrent.ListenableFuture                              : loaded 2 times (x 70B)
Class kotlin.text.DelimitedRangesSequence                                             : loaded 2 times (x 75B)
Class kotlin.collections.AbstractSet                                                  : loaded 2 times (x 135B)
Class org.jetbrains.kotlin.gradle.plugin.statistics.KotlinStdlibConfigurationMetrics  : loaded 2 times (x 71B)
Class kotlin.collections.builders.MapBuilder$Itr                                      : loaded 2 times (x 72B)
Class kotlin.KotlinVersionCurrentValue                                                : loaded 2 times (x 71B)
Class com.google.common.io.ByteSource$EmptyByteSource                                 : loaded 2 times (x 85B)
Class org.objectweb.asm.AnnotationWriter                                              : loaded 2 times (x 79B)
Class com.google.common.cache.CacheStats                                              : loaded 2 times (x 71B)
Class org.jetbrains.kotlin.protobuf.SmallSortedMap$EmptySet                           : loaded 2 times (x 71B)
Class org.jetbrains.kotlin.protobuf.MessageLite                                       : loaded 2 times (x 70B)
Class kotlin.collections.IndexedValue                                                 : loaded 2 times (x 72B)
Class org.jetbrains.kotlin.incremental.IncrementalJvmCacheKt                          : loaded 2 times (x 71B)
Class org.jetbrains.kotlin.load.kotlin.header.KotlinClassHeader$Kind$Companion        : loaded 2 times (x 71B)
Class org.jetbrains.kotlin.incremental.classpathDiff.impl.InlinedClassSnapshotter     : loaded 2 times (x 75B)
Class kotlin.collections.AbstractMutableMap                                           : loaded 2 times (x 128B)
Class org.jetbrains.kotlin.gradle.plugin.statistics.ConfigurationTimeFusMetricsCollectorActionKt: loaded 2 times (x 71B)
Class org.jetbrains.kotlin.com.google.common.util.concurrent.AbstractFuture           : loaded 2 times (x 106B)
Class org.jetbrains.kotlin.com.google.common.util.concurrent.AbstractFuture$Listener  : loaded 2 times (x 72B)
Class org.jetbrains.kotlin.gradle.plugin.statistics.KotlinSourceSetMetrics$reportSourceSetDependenciesUsage$1: loaded 2 times (x 88B)
Class kotlin.reflect.jvm.internal.impl.name.SpecialNames                              : loaded 2 times (x 71B)
Class org.jetbrains.kotlin.load.kotlin.KotlinJvmBinaryClass$AnnotationVisitor         : loaded 2 times (x 70B)
Class org.jetbrains.kotlin.metadata.jvm.deserialization.JvmProtoBufUtil               : loaded 2 times (x 71B)
Class org.jetbrains.kotlin.metadata.ProtoBuf$Function$1                               : loaded 2 times (x 144B)
Class org.gradle.api.internal.classpath.DefaultModuleRegistry                         : loaded 2 times (x 84B)
Class com.google.common.collect.Multimaps$CustomSetMultimap                           : loaded 2 times (x 178B)
Class com.google.common.collect.ImmutableSortedMap$1EntrySet                          : loaded 2 times (x 155B)
Class com.google.common.collect.Lists$TransformingRandomAccessList                    : loaded 2 times (x 199B)
Class com.android.builder.model.v2.models.ModelBuilderParameter                       : loaded 2 times (x 70B)
Class org.jetbrains.kotlin.samWithReceiver.gradle.SamWithReceiverExtension_Decorated  : loaded 2 times (x 118B)
Class kotlin.jdk7.AutoCloseableKt                                                     : loaded 2 times (x 71B)
Class kotlin.time.DurationKt                                                          : loaded 2 times (x 71B)
Class com.google.common.cache.LocalCache$LocalManualCache$1                           : loaded 2 times (x 75B)
Class com.google.common.collect.HashBiMap$Inverse                                     : loaded 2 times (x 142B)
Class com.google.common.collect.ImmutableMultimap$Values                              : loaded 2 times (x 126B)
Class [Lcom.android.builder.model.v2.models.ndk.NativeBuildSystem;                    : loaded 2 times (x 69B)
Class [Lcom.android.builder.model.v2.ide.ProjectType;                                 : loaded 2 times (x 69B)
Class org.gradle.tooling.internal.adapter.ProtocolToModelAdapter$DefaultViewBuilder   : loaded 2 times (x 80B)
Class [Lorg.jetbrains.org.objectweb.asm.Type;                                         : loaded 2 times (x 69B)
Class com.google.common.collect.ImmutableMultisetGwtSerializationDependencies         : loaded 2 times (x 125B)
Class com.google.common.io.Closer$Suppressor                                          : loaded 2 times (x 70B)
Class com.google.common.io.LineProcessor                                              : loaded 2 times (x 70B)
Class org.objectweb.asm.RecordComponentWriter                                         : loaded 2 times (x 78B)
Class com.google.common.util.concurrent.AbstractFuture$Listener                       : loaded 2 times (x 72B)
Class org.jetbrains.kotlin.gradle.internal.transforms.BuildToolsApiClasspathEntrySnapshotTransform$Parameters$Inject_: loaded 2 times (x 119B)
Class org.gradle.api.internal.classpath.Module$ModuleAlias                            : loaded 2 times (x 70B)
Class kotlin.io.FileTreeWalk$DirectoryState                                           : loaded 2 times (x 73B)
Class org.jetbrains.kotlin.incremental.classpathDiff.impl.PrefixBasedSnapshotter$special$$inlined$sortedBy$1: loaded 2 times (x 89B)
Class com.android.builder.model.v2.ide.Installation                                   : loaded 2 times (x 70B)
Class kotlin.time.Duration$Companion                                                  : loaded 2 times (x 71B)
Class [Lkotlin.jvm.internal.markers.KMappedMarker;                                    : loaded 2 times (x 69B)
Class org.jetbrains.kotlin.buildtools.internal.BuildOperationImpl                     : loaded 2 times (x 79B)
Class kotlin.reflect.jvm.internal.KDeclarationContainerImpl                           : loaded 2 times (x 84B)
Class org.jetbrains.kotlin.gradle.plugin.statistics.KotlinSourceSetMetrics$reportSourceSetDependenciesUsage$2: loaded 2 times (x 75B)
Class org.jetbrains.kotlin.name.FqNameUnsafe                                          : loaded 2 times (x 72B)
Class org.jetbrains.kotlin.samWithReceiver.gradle.SamWithReceiverGradleSubplugin      : loaded 2 times (x 82B)
Class org.jetbrains.kotlin.load.kotlin.FileBasedKotlinClass$3$1                       : loaded 2 times (x 78B)
Class org.jetbrains.kotlin.metadata.jvm.JvmProtoBuf$JvmMethodSignature$1              : loaded 2 times (x 144B)
Class org.jetbrains.kotlin.protobuf.WireFormat$FieldType$4                            : loaded 2 times (x 83B)
Class org.jetbrains.kotlin.metadata.ProtoBuf$Type$1                                   : loaded 2 times (x 144B)
Class org.jetbrains.kotlin.metadata.ProtoBuf$Contract$1                               : loaded 2 times (x 144B)
Class [Lorg.jetbrains.kotlin.metadata.ProtoBuf$Annotation$Argument$Value$Type;        : loaded 2 times (x 69B)
Class com.google.common.util.concurrent.internal.InternalFutureFailureAccess          : loaded 2 times (x 72B)
Class com.google.common.collect.ImmutableSet$JdkBackedSetBuilderImpl                  : loaded 2 times (x 76B)
Class com.google.common.base.Splitter$SplittingIterator                               : loaded 2 times (x 84B)
Class kotlin.collections.AbstractSet$Companion                                        : loaded 2 times (x 71B)
Class com.android.ide.common.gradle.Version$Companion$ParseState                      : loaded 2 times (x 70B)
Class [Lcom.android.builder.model.v2.ide.AaptOptions$Namespacing;                     : loaded 2 times (x 69B)
Class org.gradle.tooling.internal.adapter.ProtocolToModelAdapter$ViewGraphDetails$1   : loaded 2 times (x 77B)
Class [Lorg.objectweb.asm.Label;                                                      : loaded 2 times (x 69B)
Class org.jetbrains.kotlin.cli.common.messages.CompilerMessageLocationWithRange       : loaded 2 times (x 80B)
Class [Lorg.jetbrains.kotlin.gradle.dsl.JvmDefaultMode;                               : loaded 2 times (x 69B)
Class com.google.common.collect.ForwardingSet                                         : loaded 2 times (x 151B)
Class org.objectweb.asm.Attribute                                                     : loaded 2 times (x 77B)
Class com.google.common.base.Supplier                                                 : loaded 2 times (x 70B)
Class Settings_gradle$1$2                                                             : loaded 2 times (x 75B)
Class org.gradle.internal.classloader.VisitableURLClassLoader                         : loaded 2 times (x 117B)
Class org.jetbrains.kotlin.gradle.targets.native.internal.SetupKotlinNativePlatformDependenciesAndStdlibKt: loaded 2 times (x 71B)
Class kotlin.reflect.jvm.internal.KClassImpl                                          : loaded 2 times (x 115B)
Class org.jetbrains.kotlin.gradle.model.builder.KotlinModelBuilder$Companion          : loaded 2 times (x 71B)
Class org.gradle.tooling.internal.adapter.ObjectGraphAdapter                          : loaded 2 times (x 70B)
Class com.android.ide.common.repository.AgpVersion$PreviewKind$Companion              : loaded 2 times (x 71B)
Class com.google.devtools.ksp.processing.KSPLogger                                    : loaded 2 times (x 70B)
Class kotlin.jvm.internal.DoubleCompanionObject                                       : loaded 2 times (x 71B)
Class org.gradle.kotlin.dsl.plugins.dsl.KotlinDslPlugin                               : loaded 2 times (x 76B)
Class org.jetbrains.kotlin.compilerRunner.btapi.BuildSessionService$Companion         : loaded 2 times (x 71B)
Class org.jetbrains.kotlin.gradle.plugin.statistics.KotlinSourceSetMetrics$reportGeneratedSourcesUsage$2: loaded 2 times (x 75B)
Class org.jetbrains.kotlin.com.google.common.cache.CacheStats                         : loaded 2 times (x 71B)
Class org.jetbrains.kotlin.buildtools.internal.jvm.operations.JvmClasspathSnapshottingOperationImpl: loaded 2 times (x 83B)
Class org.jetbrains.kotlin.buildtools.internal.jvm.operations.JvmClasspathSnapshottingOperationImpl$Companion: loaded 2 times (x 71B)
Class org.jetbrains.kotlin.protobuf.WireFormat$FieldType$3                            : loaded 2 times (x 83B)
Class org.gradle.internal.installation.GradleInstallation$1                           : loaded 2 times (x 75B)
Class org.gradle.api.internal.classpath.ModuleRegistry                                : loaded 2 times (x 70B)
Class com.google.common.collect.ImmutableBiMap                                        : loaded 2 times (x 143B)
Class org.jetbrains.kotlin.gradle.plugin.internal.ProjectDependencyAccessor$Factory   : loaded 2 times (x 70B)
Class com.google.common.cache.CacheLoader                                             : loaded 2 times (x 74B)
Class sync_studio_tooling2250_9yv0h6cdcbyoddm40fv5388dh$_run_closure1                 : loaded 2 times (x 139B)
Class [Lkotlin.DeprecationLevel;                                                      : loaded 2 times (x 69B)
Class kotlin.sequences.GeneratorSequence                                              : loaded 2 times (x 75B)
Class [Lorg.objectweb.asm.SymbolTable$Entry;                                          : loaded 2 times (x 69B)
Class com.android.ide.common.repository.AgpVersion$Companion                          : loaded 2 times (x 71B)
Class com.google.common.collect.AbstractListMultimap                                  : loaded 2 times (x 172B)
Class [Lcom.google.common.base.Supplier;                                              : loaded 2 times (x 69B)
Class org.gradle.tooling.model.idea.IdeaDependency                                    : loaded 2 times (x 70B)
Class org.gradle.kotlin.dsl.Accessors7un1k8mtklqdc1zhu0wdlzdjiKt                      : loaded 2 times (x 71B)
Class com.google.common.io.CharSource$AsByteSource                                    : loaded 2 times (x 85B)
Class com.google.common.collect.ImmutableList$SerializedForm                          : loaded 2 times (x 73B)
Class org.jetbrains.kotlin.gradle.plugin.PropertiesProvider$propertyWithDeprecatedValues$1: loaded 2 times (x 75B)
Class org.jetbrains.kotlin.metadata.ProtoBuf$Annotation                               : loaded 2 times (x 109B)
Class org.jetbrains.org.objectweb.asm.tree.TypeInsnNode                               : loaded 2 times (x 78B)
Class com.android.builder.model.v2.models.ndk.NativeModule                            : loaded 2 times (x 70B)
Class kotlin.time.DurationJvmKt                                                       : loaded 2 times (x 71B)
Class org.jetbrains.kotlin.buildtools.api.ExecutionPolicy                             : loaded 2 times (x 70B)
Class org.jetbrains.kotlin.com.google.common.cache.LocalCache$LocalManualCache        : loaded 2 times (x 99B)
Class org.jetbrains.kotlin.com.google.common.base.Suppliers                           : loaded 2 times (x 71B)
Class com.intellij.openapi.externalSystem.model.project.dependencies.AbstractDependencyNode: loaded 2 times (x 87B)
Class org.jetbrains.kotlin.gradle.plugin.statistics.KotlinSourceSetMetrics$reportGeneratedSourcesUsage$1: loaded 2 times (x 88B)
Class org.jetbrains.kotlin.gradle.plugin.diagnostics.KotlinToolingDiagnostics$CompilationDependenciesPair: loaded 2 times (x 72B)
Class org.jetbrains.kotlin.gradle.tasks.DefaultKotlinJavaToolchain$Companion$WhenMappings: loaded 2 times (x 71B)
Class org.jetbrains.kotlin.buildtools.api.NoImplementationFoundException              : loaded 2 times (x 82B)
Class org.jetbrains.kotlin.buildtools.api.ExecutionPolicy$InProcess                   : loaded 2 times (x 70B)
Class org.jetbrains.kotlin.buildtools.internal.KotlinToolchainsImpl                   : loaded 2 times (x 79B)
Class kotlin.reflect.jvm.internal.ReflectProperties                                   : loaded 2 times (x 71B)
Class org.jetbrains.kotlin.protobuf.WireFormat$FieldType$2                            : loaded 2 times (x 83B)
Class [Lorg.jetbrains.kotlin.protobuf.WireFormat$FieldType;                           : loaded 2 times (x 69B)
Class org.jetbrains.kotlin.metadata.ProtoBuf$ValueParameter$1                         : loaded 2 times (x 144B)
Class com.google.common.cache.LocalCache$Segment                                      : loaded 2 times (x 154B)
Class com.google.common.reflect.TypeToken$2                                           : loaded 2 times (x 110B)
Class kotlin.properties.ReadWriteProperty                                             : loaded 2 times (x 70B)
Class [Lorg.jetbrains.kotlin.cli.common.messages.CompilerMessageSeverity;             : loaded 2 times (x 69B)
Class org.jetbrains.kotlin.gradle.internal.properties.NativePropertiesLoader$shouldUseEmbeddableCompilerJar$1: loaded 2 times (x 75B)
Class kotlin.coroutines.AbstractCoroutineContextKey                                   : loaded 2 times (x 72B)
Class org.gradle.tooling.internal.adapter.ProtocolToModelAdapter$MethodInvocationCache: loaded 2 times (x 73B)
Class com.android.ide.common.gradle.Version$Companion                                 : loaded 2 times (x 71B)
Class [Lcom.android.builder.model.v2.ide.BytecodeTransformation;                      : loaded 2 times (x 69B)
Class com.android.builder.model.v2.ide.AaptOptions                                    : loaded 2 times (x 70B)
Class com.android.builder.testing.api.DeviceProvider                                  : loaded 2 times (x 77B)
Class com.android.builder.model.v2.models.Versions                                    : loaded 2 times (x 70B)
Class com.google.common.collect.HashBiMap                                             : loaded 2 times (x 143B)
Class com.google.common.base.Strings                                                  : loaded 2 times (x 71B)
Class com.google.common.collect.Sets                                                  : loaded 2 times (x 71B)
Class org.objectweb.asm.Handler                                                       : loaded 2 times (x 72B)
Class com.google.common.base.Ticker                                                   : loaded 2 times (x 72B)
Class [Lorg.jetbrains.kotlin.load.kotlin.header.KotlinClassHeader$Kind;               : loaded 2 times (x 69B)
Class com.android.builder.model.v2.ide.ArtifactDependenciesAdjacencyList              : loaded 2 times (x 70B)
Class org.jetbrains.kotlin.buildtools.internal.jvm.JvmPlatformToolchainImpl           : loaded 2 times (x 76B)
Class org.jetbrains.kotlin.com.google.common.cache.LocalCache$ValueReference          : loaded 2 times (x 70B)
Class com.android.builder.model.v2.ide.Library                                        : loaded 2 times (x 70B)
Class org.jetbrains.kotlin.gradle.internal.transforms.ClasspathEntrySnapshotTransform$Parameters: loaded 2 times (x 89B)
Class org.jetbrains.kotlin.protobuf.ByteString                                        : loaded 2 times (x 108B)
Class org.jetbrains.kotlin.metadata.jvm.JvmProtoBuf$JvmMethodSignatureOrBuilder       : loaded 2 times (x 70B)
Class org.jetbrains.kotlin.protobuf.WireFormat$FieldType$1                            : loaded 2 times (x 83B)
Class com.google.common.collect.ImmutableMap$IteratorBasedImmutableMap                : loaded 2 times (x 126B)
Class com.google.common.cache.LocalCache$ComputingValueReference                      : loaded 2 times (x 96B)
Class com.google.common.reflect.TypeToken$1                                           : loaded 2 times (x 110B)
Class com.android.build.gradle.internal.tasks.AndroidTestTask                         : loaded 2 times (x 70B)
Class kotlin.jvm.internal.markers.KMutableIterator                                    : loaded 2 times (x 70B)
Class kotlin.text.MatchResult$Destructured                                            : loaded 2 times (x 72B)
Class com.google.devtools.ksp.processing.KSPConfig                                    : loaded 2 times (x 72B)
Class ijKotlinCoroutineJvmDebugInit2_8d5ef5i84wkht7ty3400srlfa$_run_closure1          : loaded 2 times (x 139B)
Class com.android.builder.model.v2.models.ndk.NativeModelBuilderParameter             : loaded 2 times (x 70B)
Class com.android.ide.common.repository.AgpVersion$PreviewKind$WhenMappings           : loaded 2 times (x 71B)
Class com.android.builder.model.v2.ide.SyncIssue                                      : loaded 2 times (x 70B)
Class com.google.common.collect.ImmutableSortedSet$Builder                            : loaded 2 times (x 86B)
Class [Lcom.google.common.cache.LocalCache$Segment;                                   : loaded 2 times (x 69B)
Class [Lcom.google.common.cache.LocalCache$Strength;                                  : loaded 2 times (x 69B)
Class com.google.common.cache.CacheBuilder$1                                          : loaded 2 times (x 85B)
Class com.google.common.collect.ImmutableMap                                          : loaded 2 times (x 120B)
Class org.gradle.internal.classpath.DefaultClassPath$ImmutableUniqueList$Builder      : loaded 2 times (x 75B)
Class org.jetbrains.kotlin.protobuf.Internal$EnumLite                                 : loaded 2 times (x 70B)
Class com.google.devtools.ksp.processing.KSPJvmConfig                                 : loaded 2 times (x 72B)
Class org.jetbrains.kotlin.incremental.classpathDiff.impl.ClassListSnapshotterWithInlinedClassSupport: loaded 2 times (x 75B)
Class kotlin.collections.AbstractMutableSet                                           : loaded 2 times (x 142B)
Class kotlin.properties.Delegates                                                     : loaded 2 times (x 71B)
Class kotlin.reflect.jvm.internal.KDeclarationContainerImpl$Data                      : loaded 2 times (x 72B)
Class org.jetbrains.kotlin.gradle.plugin.PropertiesProvider$propertyWithValueReporting$1: loaded 2 times (x 75B)
Class org.jetbrains.kotlin.load.kotlin.FileBasedKotlinClass$4                         : loaded 2 times (x 88B)
Class org.jetbrains.kotlin.gradle.utils.RegisterTransformForArtifactTypeKt            : loaded 2 times (x 71B)
Class com.google.common.base.Suppliers$SupplierOfInstance                             : loaded 2 times (x 79B)
Class org.objectweb.asm.Edge                                                          : loaded 2 times (x 72B)
Class com.android.build.gradle.internal.tasks.DeviceProviderInstrumentTestTask$TestRunnerFactory: loaded 2 times (x 89B)
Class org.gradle.tooling.model.Model                                                  : loaded 2 times (x 70B)
Class com.android.builder.model.v2.ide.Variant                                        : loaded 2 times (x 70B)
Class kotlin.jvm.internal.markers.KMutableMap$Entry                                   : loaded 2 times (x 70B)
Class org.jetbrains.kotlin.load.kotlin.FileBasedKotlinClass$3                         : loaded 2 times (x 78B)
Class org.jetbrains.kotlin.metadata.ProtoBuf$Type                                     : loaded 2 times (x 148B)
Class org.jetbrains.kotlin.metadata.ProtoBuf$Property$1                               : loaded 2 times (x 144B)
Class org.jetbrains.kotlin.metadata.ProtoBuf$Class                                    : loaded 2 times (x 177B)
Class org.gradle.tooling.internal.adapter.WeakIdentityHashMap$AbsentValueProvider     : loaded 2 times (x 70B)
Class com.android.build.gradle.internal.tasks.DeviceProviderInstrumentTestTask$DeviceProviderFactory: loaded 2 times (x 74B)
Class com.google.common.cache.LocalCache                                              : loaded 2 times (x 187B)
Class com.google.common.cache.CacheBuilder$2                                          : loaded 2 times (x 79B)
Class org.jetbrains.kotlin.metadata.jvm.deserialization.JvmNameResolverBase           : loaded 2 times (x 80B)
Class org.jetbrains.org.objectweb.asm.tree.IincInsnNode                               : loaded 2 times (x 78B)
Class org.jetbrains.org.objectweb.asm.tree.MultiANewArrayInsnNode                     : loaded 2 times (x 79B)
Class org.jetbrains.kotlin.incremental.classpathDiff.impl.BasicClassInfo$Companion    : loaded 2 times (x 71B)
Class org.jetbrains.kotlin.incremental.classpathDiff.impl.ClassMultiHashProvider      : loaded 2 times (x 70B)
Class kotlin.reflect.jvm.internal.impl.builtins.PrimitiveType$Companion               : loaded 2 times (x 71B)
Class org.gradle.internal.Factory                                                     : loaded 2 times (x 70B)
Class org.gradle.api.internal.classpath.DefaultModuleRegistry$DefaultModuleAlias      : loaded 2 times (x 80B)
Class kotlin.reflect.jvm.internal.KClassImpl$Data                                     : loaded 2 times (x 72B)
Class org.jetbrains.kotlin.buildtools.api.BuildOperation                              : loaded 2 times (x 70B)
Class org.jetbrains.kotlin.com.google.common.cache.CacheLoader                        : loaded 2 times (x 74B)
Class org.jetbrains.kotlin.com.google.common.cache.AbstractCache$StatsCounter         : loaded 2 times (x 70B)
Class org.jetbrains.kotlin.gradle.internal.ClassLoadersCachingBuildService$Parameters$Inject_: loaded 2 times (x 106B)
Class org.objectweb.asm.SymbolTable$Entry                                             : loaded 2 times (x 74B)
Class com.google.common.io.CharSource$CharSequenceCharSource                          : loaded 2 times (x 86B)
Class com.google.common.io.CharStreams$NullWriter                                     : loaded 2 times (x 99B)
Class org.jetbrains.kotlin.gradle.internal.transforms.BuildToolsApiClasspathEntrySnapshotTransform$Parameters: loaded 2 times (x 88B)
Class org.jetbrains.kotlin.gradle.plugin.statistics.KotlinStdlibConfigurationMetrics$collectMetrics$1: loaded 2 times (x 79B)
Class com.android.build.gradle.internal.testing.StaticTestData                        : loaded 2 times (x 87B)
Class kotlin.time.DurationUnitKt__DurationUnitKt                                      : loaded 2 times (x 71B)
Class [Lorg.jetbrains.kotlin.com.google.common.cache.CacheBuilder$OneWeigher;         : loaded 2 times (x 69B)
Class org.jetbrains.kotlin.incremental.classpathDiff.ClasspathEntrySnapshotter$Settings: loaded 2 times (x 72B)
Class org.jetbrains.kotlin.load.kotlin.FileBasedKotlinClass$2                         : loaded 2 times (x 88B)
Class org.jetbrains.kotlin.com.intellij.openapi.diagnostic.Logger                     : loaded 2 times (x 99B)
Class org.jetbrains.kotlin.protobuf.GeneratedMessageLite$GeneratedExtension           : loaded 2 times (x 79B)
Class com.google.common.base.JdkPattern                                               : loaded 2 times (x 75B)
Class com.google.common.io.Files$FileByteSource                                       : loaded 2 times (x 85B)
Class [Lcom.google.common.reflect.Types$JavaVersion;                                  : loaded 2 times (x 69B)
Class com.android.build.gradle.internal.UsesSdkComponentsBuildService                 : loaded 2 times (x 70B)
Class kotlin.sequences.TakeWhileSequence$iterator$1                                   : loaded 2 times (x 79B)
Class org.gradle.internal.exceptions.NonGradleCauseExceptionsHolder                   : loaded 2 times (x 70B)
Class org.gradle.tooling.model.idea.IdeaModuleDependency                              : loaded 2 times (x 70B)
Class org.gradle.tooling.internal.adapter.ViewBuilder                                 : loaded 2 times (x 70B)
Class org.jetbrains.kotlin.com.google.common.cache.CacheLoader$InvalidCacheLoadException: loaded 2 times (x 82B)
Class org.jetbrains.kotlin.com.google.common.util.concurrent.LazyLogger               : loaded 2 times (x 72B)
Class com.google.common.collect.ArrayListMultimap                                     : loaded 2 times (x 172B)
Class com.google.common.cache.CacheBuilder$3                                          : loaded 2 times (x 72B)
Class [Lcom.google.common.collect.AbstractMapEntry;                                   : loaded 2 times (x 69B)
Class com.google.common.collect.ImmutableEntry                                        : loaded 2 times (x 82B)
Class org.jetbrains.kotlin.buildtools.api.KotlinToolchains$Companion                  : loaded 2 times (x 71B)
Class org.jetbrains.org.objectweb.asm.tree.LocalVariableAnnotationNode                : loaded 2 times (x 82B)
Class org.jetbrains.kotlin.metadata.deserialization.BinaryVersion                     : loaded 2 times (x 74B)
Class [Lkotlin.reflect.jvm.internal.impl.name.FqName;                                 : loaded 2 times (x 69B)
Class kotlin.sequences.SequencesKt__SequencesKt$asSequence$$inlined$Sequence$1        : loaded 2 times (x 75B)
Class org.jetbrains.kotlin.incremental.classpathDiff.impl.InnerClassesClassVisitor    : loaded 2 times (x 88B)
Class org.jetbrains.kotlin.load.kotlin.FileBasedKotlinClass$1                         : loaded 2 times (x 88B)
Class org.gradle.internal.classpath.ClassPath                                         : loaded 2 times (x 70B)
Class com.google.common.cache.CacheBuilder                                            : loaded 2 times (x 72B)
Class com.google.common.io.ByteSink                                                   : loaded 2 times (x 76B)
Class org.jetbrains.kotlin.cli.common.messages.CompilerMessageSourceLocation          : loaded 2 times (x 70B)
Class com.android.builder.model.v2.AndroidModel                                       : loaded 2 times (x 70B)
Class com.android.builder.model.v2.models.AndroidProject                              : loaded 2 times (x 70B)
Class com.android.builder.model.v2.dsl.SigningConfig                                  : loaded 2 times (x 70B)
Class kotlin.time.DurationUnit                                                        : loaded 2 times (x 79B)
Class org.jetbrains.kotlin.gradle.plugin.statistics.BuildFinishBuildService           : loaded 2 times (x 84B)
Class org.jetbrains.kotlin.gradle.tasks.publishing.HelpersKt$addSigningValidationHelpers$1: loaded 2 times (x 75B)
Class org.jetbrains.kotlin.com.google.common.base.Predicate                           : loaded 2 times (x 70B)
Class kotlin.collections.AbstractMap$Companion                                        : loaded 2 times (x 71B)
Class com.android.ide.common.gradle.Version                                           : loaded 2 times (x 75B)
Class com.android.builder.model.v2.ide.AndroidLibraryData                             : loaded 2 times (x 70B)
Class com.android.builder.model.v2.ide.ApiVersion                                     : loaded 2 times (x 70B)
Class org.jetbrains.kotlin.com.google.common.util.concurrent.Uninterruptibles         : loaded 2 times (x 71B)
Class com.google.common.base.Suppliers$MemoizingSupplier                              : loaded 2 times (x 79B)
Class com.google.common.io.CharSource$EmptyCharSource                                 : loaded 2 times (x 86B)
Class com.google.common.collect.ForwardingMap                                         : loaded 2 times (x 132B)
Class com.google.common.collect.CollectPreconditions                                  : loaded 2 times (x 71B)
Class org.jetbrains.org.objectweb.asm.tree.InvokeDynamicInsnNode                      : loaded 2 times (x 78B)
Class org.jetbrains.kotlin.name.FqNameUnsafe$Companion                                : loaded 2 times (x 71B)
Class org.jetbrains.org.objectweb.asm.tree.FieldNode                                  : loaded 2 times (x 80B)
Class org.jetbrains.org.objectweb.asm.tree.LookupSwitchInsnNode                       : loaded 2 times (x 78B)
Class org.jetbrains.kotlin.load.kotlin.KotlinJvmBinaryClass$AnnotationArrayArgumentVisitor: loaded 2 times (x 70B)
Class kotlin.reflect.jvm.internal.KTypeParameterOwnerImpl                             : loaded 2 times (x 70B)
Class com.google.common.base.ExtraObjectsMethodsForWeb                                : loaded 2 times (x 71B)
Class com.google.common.reflect.TypeToken                                             : loaded 2 times (x 73B)
Class com.android.build.gradle.internal.tasks.DeviceProviderInstrumentTestTask        : loaded 2 times (x 362B)
Class org.jetbrains.kotlin.gradle.internal.transforms.ClasspathEntrySnapshotTransform$Parameters_Decorated: loaded 2 times (x 155B)
Class kotlin.jvm.internal.TypeIntrinsics                                              : loaded 2 times (x 71B)
Class org.jetbrains.kotlin.gradle.plugin.internal.CopySpecAccessor$Factory            : loaded 2 times (x 70B)
Class org.jetbrains.kotlin.gradle.tasks.publishing.HelpersKt$addPomValidationHelpers$1: loaded 2 times (x 75B)
Class org.gradle.kotlin.dsl.plugins.dsl.KotlinDslPluginOptions                        : loaded 2 times (x 71B)
Class org.jetbrains.plugins.gradle.tooling.ModelBuilderService$Parameter              : loaded 2 times (x 70B)
Class org.jetbrains.kotlin.gradle.internal.transforms.ClasspathEntrySnapshotTransform$Parameters$Inject_: loaded 2 times (x 120B)
Class org.jetbrains.kotlin.com.google.common.cache.Weigher                            : loaded 2 times (x 70B)
Class com.android.builder.model.v2.models.Versions$Version                            : loaded 2 times (x 70B)
Class org.jetbrains.kotlin.gradle.internal.ClassLoaderCacheKey                        : loaded 2 times (x 72B)
Class [Lorg.jetbrains.kotlin.com.google.common.cache.ReferenceEntry;                  : loaded 2 times (x 69B)
Class [Lcom.google.common.io.FileWriteMode;                                           : loaded 2 times (x 69B)
Class com.google.common.collect.SortedMapDifference                                   : loaded 2 times (x 70B)
Class kotlin.reflect.jvm.internal.impl.resolve.jvm.JvmPrimitiveType                   : loaded 2 times (x 79B)
Class org.jetbrains.kotlin.protobuf.SmallSortedMap$EmptySet$2                         : loaded 2 times (x 78B)
Class org.jetbrains.kotlin.metadata.ProtoBuf$ValueParameterOrBuilder                  : loaded 2 times (x 70B)
Class kotlin.reflect.jvm.internal.impl.name.Name                                      : loaded 2 times (x 75B)
Class org.jetbrains.kotlin.buildtools.internal.jvm.operations.JvmClasspathSnapshottingOperationImpl$Option: loaded 2 times (x 73B)
Class org.jetbrains.kotlin.metadata.jvm.JvmProtoBuf$JvmPropertySignature              : loaded 2 times (x 114B)
Class org.jetbrains.kotlin.buildtools.api.jvm.operations.JvmClasspathSnapshottingOperation$Companion: loaded 2 times (x 71B)
Class org.jetbrains.kotlin.metadata.ProtoBuf$PackageOrBuilder                         : loaded 2 times (x 70B)
Class org.gradle.api.internal.ClassPathRegistry                                       : loaded 2 times (x 70B)
Class org.gradle.internal.classpath.DefaultClassPath$ImmutableUniqueList              : loaded 2 times (x 199B)
Class com.google.common.collect.Multimap                                              : loaded 2 times (x 70B)
Class com.google.common.primitives.IntsMethodsForWeb                                  : loaded 2 times (x 71B)
Class com.google.common.reflect.Invokable$ConstructorInvokable                        : loaded 2 times (x 107B)
Class com.google.common.collect.ImmutableMultimap$Keys                                : loaded 2 times (x 166B)
Class org.jetbrains.kotlin.cli.common.messages.MessageCollector                       : loaded 2 times (x 70B)
Class com.android.builder.model.v2.ide.JavaArtifact                                   : loaded 2 times (x 70B)
Class kotlin.jvm.internal.ShortCompanionObject                                        : loaded 2 times (x 71B)
Class kotlin.annotation.AnnotationTarget                                              : loaded 2 times (x 79B)
Class org.jetbrains.kotlin.protobuf.AbstractMessageLite$Builder$LimitedInputStream    : loaded 2 times (x 92B)
Class org.jetbrains.kotlin.protobuf.SmallSortedMap$EmptySet$1                         : loaded 2 times (x 78B)
Class [Lkotlin.time.DurationUnit;                                                     : loaded 2 times (x 69B)
Class kotlin.collections.builders.MapBuilder$KeysItr                                  : loaded 2 times (x 81B)
Class kotlin.sequences.SequencesKt___SequencesKt$asIterable$$inlined$Iterable$1       : loaded 2 times (x 79B)
Class org.gradle.api.internal.DefaultClassPathRegistry                                : loaded 2 times (x 76B)
Class org.gradle.tooling.internal.adapter.ProtocolToModelAdapter$ReflectionMethodInvoker: loaded 2 times (x 76B)
Class com.google.common.cache.RemovalListener                                         : loaded 2 times (x 70B)
Class com.google.common.io.Files                                                      : loaded 2 times (x 71B)
Class com.google.common.cache.LocalCache$WriteThroughEntry                            : loaded 2 times (x 79B)
Class com.google.common.cache.LocalCache$HashIterator                                 : loaded 2 times (x 86B)
Class com.google.common.cache.LocalCache$EntryFactory                                 : loaded 2 times (x 83B)
Class org.jetbrains.kotlin.metadata.ProtoBuf$VersionRequirementTable$1                : loaded 2 times (x 144B)
Class org.jetbrains.kotlin.metadata.ProtoBuf$Contract                                 : loaded 2 times (x 107B)
Class com.google.common.collect.AbstractMapBasedMultimap$WrappedCollection$WrappedIterator: loaded 2 times (x 84B)
Class com.google.common.base.Present                                                  : loaded 2 times (x 81B)
Class org.gradle.tooling.internal.gradle.GradleProjectIdentity                        : loaded 2 times (x 70B)
Class kotlin.reflect.jvm.internal.impl.name.FqNameUnsafe                              : loaded 2 times (x 72B)
Class kotlin.reflect.jvm.internal.ReflectProperties$LazySoftVal                       : loaded 2 times (x 78B)
Class org.jetbrains.kotlin.com.google.common.base.Supplier                            : loaded 2 times (x 70B)
Class kotlin.reflect.jvm.internal.impl.builtins.StandardNames                         : loaded 2 times (x 71B)
Class [Lkotlin.reflect.jvm.internal.impl.builtins.PrimitiveType;                      : loaded 2 times (x 69B)
Class kotlin.io.ByteStreamsKt                                                         : loaded 2 times (x 71B)
Class org.jetbrains.org.objectweb.asm.tree.VarInsnNode                                : loaded 2 times (x 78B)
Class com.google.common.collect.ImmutableMap$Builder                                  : loaded 2 times (x 82B)
Class com.google.common.util.concurrent.AbstractFuture$Cancellation                   : loaded 2 times (x 72B)
Class com.google.common.base.NullnessCasts                                            : loaded 2 times (x 71B)
Class com.google.common.io.AppendableWriter                                           : loaded 2 times (x 100B)
Class kotlin.coroutines.CombinedContext                                               : loaded 2 times (x 78B)
Class kotlin.collections.IndexingIterator                                             : loaded 2 times (x 79B)
Class org.jetbrains.kotlin.gradle.plugin.diagnostics.checkers.ConfigurationOnDemandSupportChecker: loaded 2 times (x 74B)
Class org.jetbrains.kotlin.com.google.common.util.concurrent.AbstractFuture$SafeAtomicHelper: loaded 2 times (x 79B)
Class org.jetbrains.kotlin.protobuf.LazyFieldLite                                     : loaded 2 times (x 82B)
Class org.jetbrains.kotlin.protobuf.LiteralByteString                                 : loaded 2 times (x 112B)
Class com.google.common.cache.Cache                                                   : loaded 2 times (x 70B)
Class com.google.common.cache.LocalCache$Strength                                     : loaded 2 times (x 81B)
Class com.google.common.base.Stopwatch                                                : loaded 2 times (x 72B)
Class org.jetbrains.kotlin.config.ApiVersion                                          : loaded 2 times (x 86B)
Class org.jetbrains.kotlin.gradle.plugin.diagnostics.checkers.TestApiDependenciesChecker$runChecks$kotlinTargets$1: loaded 2 times (x 95B)
Class com.intellij.openapi.externalSystem.model.project.dependencies.ComponentDependencies: loaded 2 times (x 70B)
Class [Lkotlin.annotation.AnnotationRetention;                                        : loaded 2 times (x 69B)
Class kotlin.collections.builders.MapBuilder$Companion                                : loaded 2 times (x 71B)
Class [Lcom.android.ide.common.gradle.Separator;                                      : loaded 2 times (x 69B)
Class [Lorg.jetbrains.kotlin.com.google.common.cache.Weigher;                         : loaded 2 times (x 69B)
Class org.jetbrains.kotlin.buildtools.internal.InProcessExecutionPolicyImpl           : loaded 2 times (x 73B)
Class org.jetbrains.kotlin.incremental.classpathDiff.AccessibleClassSnapshot          : loaded 2 times (x 73B)
Class org.gradle.api.internal.classpath.UnknownModuleException                        : loaded 2 times (x 82B)
Class org.jetbrains.kotlin.gradle.internal.transforms.BuildToolsApiClasspathEntrySnapshotTransform$Inject_1: loaded 2 times (x 113B)
Class com.google.common.cache.Weigher                                                 : loaded 2 times (x 70B)
Class org.jetbrains.kotlin.gradle.plugin.PropertiesProvider$keepIncrementalCompilationCachesInMemory$1: loaded 2 times (x 79B)
Class com.google.common.base.CharMatcher$Whitespace                                   : loaded 2 times (x 112B)
Class com.google.common.reflect.Types$NativeTypeVariableEquals                        : loaded 2 times (x 71B)
Class com.google.common.reflect.TypeParameter                                         : loaded 2 times (x 72B)
Class com.google.common.cache.LocalCache$AbstractReferenceEntry                       : loaded 2 times (x 107B)
Class org.jetbrains.kotlin.metadata.jvm.deserialization.BitEncoding                   : loaded 2 times (x 71B)
Class org.jetbrains.kotlin.cli.common.messages.CompilerMessageLocationWithRange$Companion: loaded 2 times (x 71B)
Class org.jetbrains.kotlin.gradle.internal.transforms.BuildToolsApiClasspathEntrySnapshotTransform$Parameters_Decorated: loaded 2 times (x 153B)
Class kotlin.KotlinVersion                                                            : loaded 2 times (x 74B)
Class org.jetbrains.kotlin.buildtools.internal.ClassLoaderUtilsKt                     : loaded 2 times (x 71B)
Class Build_gradle$3$1$6                                                              : loaded 2 times (x 74B)
Class org.gradle.api.internal.classpath.Module                                        : loaded 2 times (x 70B)
Class kotlin.reflect.jvm.internal.EmptyContainerForLocal                              : loaded 2 times (x 84B)
Class com.google.common.collect.ImmutableMapEntrySet                                  : loaded 2 times (x 152B)
Class org.jetbrains.kotlin.com.google.common.util.concurrent.AbstractFuture$Failure   : loaded 2 times (x 72B)
Class org.jetbrains.kotlin.com.google.common.cache.LocalCache$NullEntry               : loaded 2 times (x 98B)
Class org.jetbrains.kotlin.com.google.common.cache.CacheLoader$1                      : loaded 2 times (x 75B)
Class org.jetbrains.kotlin.com.google.common.cache.LocalCache$EntryFactory$1          : loaded 2 times (x 83B)
Class org.jetbrains.kotlin.com.google.common.util.concurrent.UncheckedExecutionException: loaded 2 times (x 82B)
Class org.jetbrains.kotlin.com.google.common.cache.CacheBuilder$1                     : loaded 2 times (x 85B)
Class org.gradle.tooling.internal.gradle.DefaultBuildIdentifier                       : loaded 2 times (x 79B)
Class org.gradle.tooling.internal.adapter.ProtocolToModelAdapter$AdaptingMethodInvoker: loaded 2 times (x 76B)
Class org.jetbrains.kotlin.assignment.plugin.gradle.AssignmentExtension               : loaded 2 times (x 75B)
Class org.jetbrains.kotlin.gradle.plugin.statistics.KotlinSourceSetMetrics            : loaded 2 times (x 71B)
Class org.jetbrains.kotlin.com.google.common.base.Equivalence                         : loaded 2 times (x 82B)
Class Build_gradle$3$1$5                                                              : loaded 2 times (x 74B)
Class kotlin.reflect.jvm.internal.KotlinReflectionInternalError                       : loaded 2 times (x 82B)
Class kotlin.reflect.jvm.internal.impl.builtins.jvm.JavaToKotlinClassMap              : loaded 2 times (x 71B)
Class org.jetbrains.kotlin.incremental.classpathDiff.impl.ClassFileWithContents       : loaded 2 times (x 72B)
Class org.jetbrains.kotlin.gradle.plugin.statistics.ConfigurationTimeFusMetricsCollectorActionKt$ConfigurationTimeFusMetricsCollectorAction$1: loaded 2 times (x 95B)
Class org.jetbrains.kotlin.protobuf.ByteString$ByteIterator                           : loaded 2 times (x 70B)
Class com.google.common.collect.ArrayListMultimapGwtSerializationDependencies         : loaded 2 times (x 172B)
Class com.google.common.collect.Multiset                                              : loaded 2 times (x 70B)
Class kotlin.annotation.MustBeDocumented                                              : loaded 2 times (x 70B)
Class org.gradle.api.Named                                                            : loaded 2 times (x 70B)
Class com.google.common.math.MathPreconditions                                        : loaded 2 times (x 71B)
Class com.google.common.collect.ObjectArrays                                          : loaded 2 times (x 71B)
Class com.android.builder.model.v2.models.VariantDependencies                         : loaded 2 times (x 70B)
Class com.android.builder.testing.api.DeviceException                                 : loaded 2 times (x 82B)
Class org.jetbrains.kotlin.cli.common.arguments.InternalArgument                      : loaded 2 times (x 70B)
Class org.gradle.internal.time.DefaultCountdownTimer                                  : loaded 2 times (x 88B)
Class com.google.common.collect.ImmutableMapKeySet                                    : loaded 2 times (x 152B)
Class com.google.common.collect.StandardTable$RowMap                                  : loaded 2 times (x 127B)
Class org.objectweb.asm.SymbolTable                                                   : loaded 2 times (x 72B)
Class com.google.common.cache.CacheLoader$InvalidCacheLoadException                   : loaded 2 times (x 82B)
Class com.android.builder.model.v2.models.ProjectSyncIssues                           : loaded 2 times (x 70B)
Class org.jetbrains.kotlin.incremental.classpathDiff.DirectoryOrJarReader$Companion   : loaded 2 times (x 71B)
Class ijKotlinCoroutineJvmDebugInit2_8d5ef5i84wkht7ty3400srlfa                        : loaded 2 times (x 171B)
Class kotlin.Deprecated                                                               : loaded 2 times (x 70B)
Class Build_gradle$3$1$4                                                              : loaded 2 times (x 74B)
Class org.jetbrains.kotlin.com.google.common.cache.LocalCache$EntryFactory$2          : loaded 2 times (x 83B)
Class org.jetbrains.kotlin.com.google.common.cache.CacheBuilder$2                     : loaded 2 times (x 79B)
Class org.jetbrains.org.objectweb.asm.tree.JumpInsnNode                               : loaded 2 times (x 78B)
Class org.jetbrains.kotlin.protobuf.InvalidProtocolBufferException                    : loaded 2 times (x 84B)
Class org.gradle.kotlin.dsl.plugins.dsl.KotlinDslCompilerPlugins_Decorated            : loaded 2 times (x 130B)
Class org.jetbrains.kotlin.protobuf.GeneratedMessageLite$ExtensionDescriptor          : loaded 2 times (x 84B)
Class org.jetbrains.kotlin.metadata.deserialization.NameResolver                      : loaded 2 times (x 70B)
Class com.google.common.primitives.Ints                                               : loaded 2 times (x 71B)
Class com.google.common.base.Absent                                                   : loaded 2 times (x 80B)
Class com.google.common.reflect.Reflection                                            : loaded 2 times (x 71B)
Class com.android.build.gradle.LibraryPlugin                                          : loaded 2 times (x 76B)
Class org.gradle.tooling.internal.adapter.ProtocolToModelAdapter$PropertyCachingMethodInvoker: loaded 2 times (x 76B)
Class com.android.ide.common.repository.AgpVersion                                    : loaded 2 times (x 75B)
Class com.android.builder.model.v2.CustomSourceDirectory                              : loaded 2 times (x 70B)
Class Build_gradle$3$1$3                                                              : loaded 2 times (x 74B)
Class org.jetbrains.kotlin.name.ClassId                                               : loaded 2 times (x 72B)
Class org.jetbrains.kotlin.incremental.impl.SelectiveClassVisitor                     : loaded 2 times (x 88B)
Class kotlin.jvm.internal.PropertyReference0Impl                                      : loaded 2 times (x 127B)
Class org.jetbrains.kotlin.metadata.ProtoBuf$Annotation$Argument$Value$1              : loaded 2 times (x 144B)
Class org.gradle.api.internal.classpath.DefaultModuleRegistry$DefaultModule           : loaded 2 times (x 82B)
Class com.google.common.collect.BiMap                                                 : loaded 2 times (x 70B)
Class kotlin.coroutines.CoroutineContext$DefaultImpls                                 : loaded 2 times (x 71B)
Class com.google.common.collect.ImmutableMap$1                                        : loaded 2 times (x 81B)
Class com.google.common.collect.IndexedImmutableSet                                   : loaded 2 times (x 152B)
Class com.android.builder.model.v2.ide.TestedTargetVariant                            : loaded 2 times (x 70B)
Class org.gradle.internal.exceptions.MultiCauseException                              : loaded 2 times (x 70B)
Class org.gradle.internal.time.CountdownTimer                                         : loaded 2 times (x 70B)
Class org.objectweb.asm.FieldVisitor                                                  : loaded 2 times (x 77B)
Class com.google.common.base.Objects                                                  : loaded 2 times (x 71B)
Class org.jetbrains.kotlin.gradle.plugin.mpp.apple.swiftexport.internal.SwiftExportInitKt: loaded 2 times (x 71B)
Class org.gradle.tooling.internal.adapter.ProtocolToModelAdapter$ViewKey              : loaded 2 times (x 72B)
Class com.google.common.cache.LocalCache$StrongEntry                                  : loaded 2 times (x 108B)
Class com.google.common.util.concurrent.AbstractFuture$TrustedFuture                  : loaded 2 times (x 114B)
Class com.google.common.cache.LoadingCache                                            : loaded 2 times (x 70B)
Class kotlin.io.FileTreeWalk$FileTreeWalkIterator$TopDownDirectoryState               : loaded 2 times (x 74B)
Class org.jetbrains.org.objectweb.asm.tree.ClassNode                                  : loaded 2 times (x 91B)
Class org.jetbrains.kotlin.load.kotlin.FileBasedKotlinClass$InnerClassesInfo          : loaded 2 times (x 74B)
Class kotlin.collections.builders.ListBuilderKt                                       : loaded 2 times (x 71B)
Class kotlin.text.LinesIterator$State                                                 : loaded 2 times (x 71B)
Class org.jetbrains.kotlin.com.google.common.base.FunctionalEquivalence               : loaded 2 times (x 83B)
Class Build_gradle$3$1$2                                                              : loaded 2 times (x 74B)
Class kotlin.reflect.jvm.internal.impl.builtins.StandardNames$FqNames                 : loaded 2 times (x 71B)
Class org.jetbrains.kotlin.protobuf.BoundedByteString                                 : loaded 2 times (x 112B)
Class org.jetbrains.kotlin.com.google.common.util.concurrent.AbstractFuture$UnsafeAtomicHelper$1: loaded 2 times (x 76B)
Class org.jetbrains.kotlin.com.google.common.cache.LocalCache$EntryFactory$3          : loaded 2 times (x 83B)
Class org.jetbrains.kotlin.com.google.common.cache.CacheBuilder$3                     : loaded 2 times (x 72B)
Class com.google.common.cache.CacheLoader$UnsupportedLoadingOperationException        : loaded 2 times (x 82B)
Class org.jetbrains.kotlin.gradle.plugin.abi.JvmOrAndroidKt$finalizeVariant$$inlined$withCompilationIfExists$1: loaded 2 times (x 75B)
Class org.objectweb.asm.ClassWriter                                                   : loaded 2 times (x 106B)
Class com.google.common.collect.AbstractMapBasedMultimap$KeySet$1                     : loaded 2 times (x 82B)
Class org.jetbrains.kotlin.gradle.plugin.diagnostics.checkers.KmpPartiallyResolvedDependenciesCheckerKt: loaded 2 times (x 71B)
Class com.google.common.collect.HashMultimapGwtSerializationDependencies              : loaded 2 times (x 174B)
Class kotlinx.coroutines.internal.ThreadLocalKt                                       : loaded 2 times (x 71B)
Class com.google.common.collect.ImmutableBiMap$Builder                                : loaded 2 times (x 82B)
Class org.jetbrains.kotlin.gradle.internal.transforms.ClasspathEntrySnapshotTransform$Inject_1: loaded 2 times (x 113B)
Class org.gradle.internal.time.DefaultTimer                                           : loaded 2 times (x 80B)
Class com.android.builder.model.v2.ide.AndroidGradlePluginProjectFlags$BooleanFlag    : loaded 2 times (x 79B)
Class com.android.ide.common.gradle.Separator                                         : loaded 2 times (x 79B)
Class kotlin.collections.builders.SetBuilder$Companion                                : loaded 2 times (x 71B)
Class kotlin.jvm.JvmStatic                                                            : loaded 2 times (x 70B)
Class kotlin.time.DurationUnitKt__DurationUnitJvmKt                                   : loaded 2 times (x 71B)
Class kotlin.collections.ArraysKt___ArraysKt$asSequence$$inlined$Sequence$1           : loaded 2 times (x 75B)
Class kotlin.DeprecationLevel                                                         : loaded 2 times (x 79B)
Class org.jetbrains.kotlin.com.google.common.cache.CacheLoader$SupplierToCacheLoader  : loaded 2 times (x 75B)
Class org.jetbrains.kotlin.com.google.common.util.concurrent.ListenableFuture         : loaded 2 times (x 70B)
Class org.gradle.kotlin.dsl.plugins.base.KotlinDslBasePlugin_Decorated                : loaded 2 times (x 130B)
Class org.gradle.kotlin.dsl.plugins.VersionKt                                         : loaded 2 times (x 71B)
Class kotlin.sequences.TakeWhileSequence                                              : loaded 2 times (x 75B)
Class Build_gradle$3$1$1                                                              : loaded 2 times (x 74B)
Class org.gradle.api.attributes.Attribute                                             : loaded 2 times (x 77B)
Class org.gradle.tooling.model.ProjectModel                                           : loaded 2 times (x 70B)
Class org.gradle.kotlin.dsl.KspConfigurationAccessorsKt                               : loaded 2 times (x 71B)
Class com.google.common.base.Suppliers$NonSerializableMemoizingSupplier               : loaded 2 times (x 79B)
Class com.google.common.io.ByteStreams$LimitedInputStream                             : loaded 2 times (x 92B)
Class org.objectweb.asm.MethodWriter                                                  : loaded 2 times (x 106B)
Class [Lcom.google.common.cache.Weigher;                                              : loaded 2 times (x 69B)
Class com.google.common.collect.RegularImmutableMap$BucketOverflowException           : loaded 2 times (x 82B)
Class org.jetbrains.org.objectweb.asm.tree.TypeAnnotationNode                         : loaded 2 times (x 81B)
Class kotlin.reflect.jvm.internal.ReflectionFactoryImpl                               : loaded 2 times (x 91B)
Class org.jetbrains.org.objectweb.asm.tree.IntInsnNode                                : loaded 2 times (x 78B)
Class org.jetbrains.kotlin.protobuf.SmallSortedMap$1                                  : loaded 2 times (x 130B)
Class [Lorg.jetbrains.kotlin.com.google.common.cache.LocalCache$EntryFactory;         : loaded 2 times (x 69B)
Class org.jetbrains.kotlin.com.google.common.cache.LocalCache$EntryFactory$4          : loaded 2 times (x 83B)
Class org.jetbrains.kotlin.com.google.common.base.PairwiseEquivalence                 : loaded 2 times (x 83B)
Class org.jetbrains.kotlin.gradle.utils.ReportUtilsKt$addConfigurationMetrics$1       : loaded 2 times (x 75B)
Class org.gradle.tooling.internal.adapter.ProtocolToModelAdapter                      : loaded 2 times (x 80B)
Class kotlin.jvm.internal.Ref$IntRef                                                  : loaded 2 times (x 71B)
Class kotlin.collections.builders.MapBuilder$EntriesItr                               : loaded 2 times (x 81B)
Class ijInit2_2697twlk2x6v9ctgkyq5dm2bs$_run_closure1                                 : loaded 2 times (x 140B)
Class org.gradle.kotlin.dsl.plugins.embedded.EmbeddedKotlinPluginKt                   : loaded 2 times (x 71B)
Class org.jetbrains.kotlin.com.google.common.cache.LocalCache$Strength                : loaded 2 times (x 81B)
Class org.jetbrains.kotlin.com.google.common.cache.LocalCache$Segment                 : loaded 2 times (x 154B)
Class org.jetbrains.kotlin.gradle.tasks.publishing.HelpersKt$addPgpSignatureHelpers$1 : loaded 2 times (x 75B)
Class org.jetbrains.kotlin.metadata.jvm.deserialization.JvmMemberSignature$Method     : loaded 2 times (x 75B)
Class kotlin.io.FileTreeWalk$FileTreeWalkIterator$WhenMappings                        : loaded 2 times (x 71B)
Class org.jetbrains.kotlin.protobuf.WireFormat$JavaType                               : loaded 2 times (x 79B)
Class com.google.common.util.concurrent.UncheckedExecutionException                   : loaded 2 times (x 82B)
Class org.gradle.kotlin.dsl.plugins.base.KotlinDslBasePlugin$apply$lambda$0$$inlined$apply$1: loaded 2 times (x 74B)
Class kotlin.text.Charsets                                                            : loaded 2 times (x 71B)
Class com.google.common.io.ByteSink$AsCharSink                                        : loaded 2 times (x 80B)
Class com.android.builder.model.v2.ide.LibraryType                                    : loaded 2 times (x 79B)
Class [Lcom.android.builder.model.v2.ide.LibraryType;                                 : loaded 2 times (x 69B)
Class com.android.ide.common.gradle.Version$Companion$ParseState$EMPTY                : loaded 2 times (x 74B)
Class kotlin.text.DelimitedRangesSequence$iterator$1                                  : loaded 2 times (x 79B)
Class org.jetbrains.kotlin.cli.common.CompilerSystemProperties$Companion              : loaded 2 times (x 71B)
Class com.google.common.collect.ImmutableMultimap$1                                   : loaded 2 times (x 82B)
Class com.google.common.collect.AbstractMapBasedMultimap$RandomAccessWrappedList      : loaded 2 times (x 205B)
Class kotlin.coroutines.ContinuationInterceptor$Key                                   : loaded 2 times (x 71B)
Class kotlin.jvm.internal.IntCompanionObject                                          : loaded 2 times (x 71B)
Class kotlin.collections.MutableMapWithDefault                                        : loaded 2 times (x 70B)
Class org.gradle.kotlin.dsl.plugins.embedded.EmbeddedKotlinPlugin$workAroundKgpEagerConfigurations$1$2: loaded 2 times (x 74B)
Class [Lorg.jetbrains.kotlin.com.google.common.cache.LocalCache$NullEntry;            : loaded 2 times (x 69B)
Class org.jetbrains.kotlin.com.google.common.cache.LocalCache$EntryFactory$5          : loaded 2 times (x 83B)
Class org.jetbrains.kotlin.com.google.common.cache.CacheBuilder$OneWeigher            : loaded 2 times (x 82B)
Class org.jetbrains.kotlin.buildtools.api.jvm.operations.JvmClasspathSnapshottingOperation$Option: loaded 2 times (x 72B)
Class org.jetbrains.kotlin.load.kotlin.KotlinJvmBinaryClass                           : loaded 2 times (x 70B)
Class org.jetbrains.kotlin.gradle.plugin.KotlinBaseApiPlugin_Decorated                : loaded 2 times (x 163B)
Class org.jetbrains.kotlin.assignment.plugin.gradle.AssignmentSubplugin               : loaded 2 times (x 82B)
Class org.gradle.kotlin.dsl.plugins.base.KotlinDslBasePlugin$apply$lambda$0$$inlined$apply$2: loaded 2 times (x 74B)
Class org.jetbrains.org.objectweb.asm.tree.MethodNode                                 : loaded 2 times (x 110B)
Class org.jetbrains.org.objectweb.asm.tree.MethodInsnNode                             : loaded 2 times (x 79B)
Class org.jetbrains.kotlin.protobuf.Parser                                            : loaded 2 times (x 70B)
Class com.google.common.util.concurrent.AbstractFuture$Trusted                        : loaded 2 times (x 70B)
Class com.google.common.base.Optional                                                 : loaded 2 times (x 80B)
Class org.jetbrains.kotlin.cli.common.messages.MessageCollector$Companion             : loaded 2 times (x 71B)
Class org.jetbrains.kotlin.gradle.targets.native.internal.SetupKotlinNativePlatformDependenciesAndStdlibKt$SetupKotlinNativePlatformDependenciesAndStdlib$1: loaded 2 times (x 74B)
Class com.android.build.api.instrumentation.StaticTestData                            : loaded 2 times (x 70B)
Class org.gradle.tooling.internal.adapter.CollectionMapper                            : loaded 2 times (x 73B)
Class org.gradle.tooling.model.kotlin.dsl.KotlinDslScriptModel                        : loaded 2 times (x 70B)
Class kotlin.io.LinesSequence$iterator$1                                              : loaded 2 times (x 79B)
Class sync_studio_tooling2250_9yv0h6cdcbyoddm40fv5388dh                               : loaded 2 times (x 171B)
Class org.gradle.kotlin.dsl.plugins.embedded.EmbeddedKotlinPlugin$workAroundKgpEagerConfigurations$1$1: loaded 2 times (x 74B)
Class [Lorg.jetbrains.kotlin.com.google.common.cache.CacheBuilder$NullListener;       : loaded 2 times (x 69B)
Class org.jetbrains.kotlin.buildtools.api.jvm.operations.JvmClasspathSnapshottingOperation: loaded 2 times (x 70B)
Class org.jetbrains.kotlin.incremental.classpathDiff.impl.InstanceBasedSnapshotter    : loaded 2 times (x 72B)
Class com.android.ide.common.repository.AgpVersion$Companion$WhenMappings             : loaded 2 times (x 71B)
Class org.gradle.tooling.model.idea.IdeaLanguageLevel                                 : loaded 2 times (x 70B)
Class org.gradle.tooling.internal.adapter.ProtocolToModelAdapter$SafeMethodInvoker    : loaded 2 times (x 76B)
Class org.gradle.tooling.internal.adapter.WeakIdentityHashMap$WeakKey                 : loaded 2 times (x 79B)
Class org.gradle.internal.exceptions.DefaultMultiCauseException                       : loaded 2 times (x 95B)
Class org.jetbrains.kotlin.gradle.tasks.KotlinCompile$disableMultiModuleIC$2$1        : loaded 2 times (x 75B)
Class org.jetbrains.kotlin.metadata.deserialization.MetadataVersion                   : loaded 2 times (x 74B)
Class org.jetbrains.kotlin.gradle.plugin.PropertiesProvider$preciseCompilationResultsBackup$1: loaded 2 times (x 79B)
Class com.google.common.collect.AbstractIterator$State                                : loaded 2 times (x 79B)
Class com.google.common.collect.ImmutableMultimap$2                                   : loaded 2 times (x 81B)
Class com.google.common.reflect.Types$JavaVersion$1                                   : loaded 2 times (x 83B)
Class com.google.common.cache.LocalCache$ValueReference                               : loaded 2 times (x 70B)
Class com.google.common.collect.RegularImmutableBiMap                                 : loaded 2 times (x 149B)
Class org.jetbrains.org.objectweb.asm.tree.ModuleNode                                 : loaded 2 times (x 83B)
Class org.jetbrains.kotlin.com.intellij.openapi.diagnostic.Attachment                 : loaded 2 times (x 72B)
Class org.jetbrains.org.objectweb.asm.tree.InsnList                                   : loaded 2 times (x 103B)
Class org.jetbrains.kotlin.descriptors.SourceElement$1                                : loaded 2 times (x 74B)
Class org.jetbrains.kotlin.protobuf.GeneratedMessageLite                              : loaded 2 times (x 101B)
Class org.jetbrains.kotlin.protobuf.Internal$EnumLiteMap                              : loaded 2 times (x 70B)
Class org.jetbrains.kotlin.com.google.common.cache.LocalCache$EntryFactory$6          : loaded 2 times (x 83B)
Class org.jetbrains.kotlin.gradle.internal.ClassLoadersCacheHolder                    : loaded 2 times (x 71B)
Class com.android.builder.model.v2.ide.CodeShrinker                                   : loaded 2 times (x 79B)
Class ijJvmDebugger2_3is4206f97ej2dw63k2kt8sx5$_run_closure1                          : loaded 2 times (x 139B)
Class kotlin.coroutines.CoroutineContext$Element                                      : loaded 2 times (x 70B)
Class org.gradle.kotlin.dsl.plugins.dsl.KotlinDslCompilerPlugins                      : loaded 2 times (x 76B)
Class kotlin.ReplaceWith                                                              : loaded 2 times (x 70B)
Class org.jetbrains.kotlin.gradle.plugin.diagnostics.checkers.KmpPartiallyResolvedDependenciesChecker: loaded 2 times (x 74B)
Class org.jetbrains.kotlin.buildtools.api.KotlinToolchains                            : loaded 2 times (x 70B)
Class kotlin.reflect.jvm.internal.impl.utils.CollectionsKt                            : loaded 2 times (x 71B)
Class com.google.common.cache.LocalCache$2                                            : loaded 2 times (x 142B)
Class com.google.common.collect.AbstractMultimap                                      : loaded 2 times (x 123B)
Class com.google.common.collect.Sets$ImprovedAbstractSet                              : loaded 2 times (x 135B)
Class kotlin.coroutines.jvm.internal.Boxing                                           : loaded 2 times (x 71B)
Class com.google.common.collect.AbstractSetMultimap                                   : loaded 2 times (x 174B)
Class com.android.builder.model.v2.ide.ProjectInfo                                    : loaded 2 times (x 70B)
Class org.gradle.tooling.model.HierarchicalElement                                    : loaded 2 times (x 70B)
Class com.android.build.gradle.DynamicFeaturePlugin                                   : loaded 2 times (x 76B)
Class com.android.build.gradle.AppPlugin                                              : loaded 2 times (x 76B)
Class org.jetbrains.org.objectweb.asm.Opcodes                                         : loaded 2 times (x 70B)
Class com.google.common.reflect.Types$JavaVersion$2                                   : loaded 2 times (x 83B)
Class com.google.common.reflect.Types                                                 : loaded 2 times (x 71B)
Class com.google.common.hash.PrimitiveSink                                            : loaded 2 times (x 70B)
Class com.google.common.base.PatternCompiler                                          : loaded 2 times (x 70B)
Class com.google.common.util.concurrent.AbstractFuture$Failure                        : loaded 2 times (x 72B)
Class com.google.common.base.Equivalence$Equals                                       : loaded 2 times (x 82B)
Class com.google.common.collect.Hashing                                               : loaded 2 times (x 71B)
Class org.jetbrains.kotlin.incremental.impl.ClassNodeSnapshotter                      : loaded 2 times (x 71B)
Class com.google.common.io.ByteSource$ByteArrayByteSource                             : loaded 2 times (x 85B)
Class com.google.common.io.CharSource$StringCharSource                                : loaded 2 times (x 86B)
Class com.google.common.reflect.TypeToken$SimpleTypeToken                             : loaded 2 times (x 73B)
Class com.android.build.gradle.internal.tasks.NonIncrementalTask                      : loaded 2 times (x 333B)
Class com.android.builder.model.v2.ide.BytecodeTransformation                         : loaded 2 times (x 79B)
Class kotlin.sequences.GeneratorSequence$iterator$1                                   : loaded 2 times (x 79B)
Class org.jetbrains.kotlin.compilerRunner.btapi.BuildSessionService$Companion$registerIfAbsent$1$1: loaded 2 times (x 79B)
Class org.jetbrains.kotlin.com.google.common.cache.LocalCache$EntryFactory$7          : loaded 2 times (x 83B)
Class org.gradle.kotlin.dsl.plugins.precompiled.PrecompiledScriptPlugins$apply$lambda$0$$inlined$apply$2: loaded 2 times (x 74B)
Class org.jetbrains.kotlin.com.google.common.cache.CacheLoader$UnsupportedLoadingOperationException: loaded 2 times (x 82B)
Class org.jetbrains.kotlin.com.google.common.util.concurrent.AbstractFuture$SynchronizedHelper: loaded 2 times (x 78B)
Class org.jetbrains.kotlin.incremental.classpathDiff.ClasspathEntrySnapshot           : loaded 2 times (x 72B)
Class com.google.common.collect.AbstractMapEntry                                      : loaded 2 times (x 81B)
Class com.google.common.collect.SingletonImmutableBiMap                               : loaded 2 times (x 143B)
Class com.google.common.cache.LocalCache$1                                            : loaded 2 times (x 89B)
Class com.google.common.base.Ascii                                                    : loaded 2 times (x 71B)
Class org.gradle.kotlin.dsl.plugins.base.KotlinDslBasePlugin                          : loaded 2 times (x 76B)
Class com.google.common.collect.HashBiMap$BiEntry                                     : loaded 2 times (x 83B)
Class com.google.common.collect.ImmutableSortedMap$Builder                            : loaded 2 times (x 90B)
Class com.android.build.gradle.BasePlugin                                             : loaded 2 times (x 76B)
Class com.android.builder.model.v2.dsl.DependenciesInfo                               : loaded 2 times (x 70B)
Class org.gradle.tooling.model.UnsupportedMethodException                             : loaded 2 times (x 82B)
Class org.gradle.tooling.internal.adapter.ProtocolToModelAdapter$SupportedPropertyInvoker: loaded 2 times (x 76B)
Class org.gradle.internal.time.Time                                                   : loaded 2 times (x 71B)
Class org.gradle.kotlin.dsl.plugins.precompiled.PrecompiledScriptPlugins$apply$lambda$0$$inlined$apply$1: loaded 2 times (x 74B)
Class jdk.internal.jrtfs.JrtFileSystem$1                                              : loaded 2 times (x 107B)
Class org.jetbrains.kotlin.incremental.classpathDiff.impl.KotlinClassHeaderClassVisitor: loaded 2 times (x 88B)
Class com.google.common.collect.ImmutableSetMultimap                                  : loaded 2 times (x 180B)
Class com.google.common.reflect.Types$JavaVersion$3                                   : loaded 2 times (x 83B)
Class com.google.common.io.CharSink                                                   : loaded 2 times (x 79B)
Class org.objectweb.asm.Label                                                         : loaded 2 times (x 73B)
Class org.objectweb.asm.CurrentFrame                                                  : loaded 2 times (x 73B)
Class org.objectweb.asm.ClassTooLargeException                                        : loaded 2 times (x 83B)
Class org.jetbrains.kotlin.incremental.classpathDiff.JavaClassSnapshot                : loaded 2 times (x 75B)
Class [Lkotlin.Function;                                                              : loaded 2 times (x 69B)
Class org.jetbrains.kotlin.incremental.impl.UtilsKt                                   : loaded 2 times (x 71B)
Class org.jetbrains.kotlin.load.kotlin.header.ReadKotlinClassHeaderAnnotationVisitor$CollectStringArrayAnnotationVisitor: loaded 2 times (x 85B)
Class org.gradle.internal.service.ServiceLocator                                      : loaded 2 times (x 70B)
Class org.jetbrains.kotlin.com.google.common.cache.LocalCache$EntryFactory$8          : loaded 2 times (x 83B)
Class org.jetbrains.kotlin.gradle.internal.ClassLoadersCachingBuildService$Inject_    : loaded 2 times (x 96B)
Class org.jetbrains.kotlin.buildtools.api.KotlinToolchains$BuildSession               : loaded 2 times (x 70B)
Class [Lorg.objectweb.asm.Type;                                                       : loaded 2 times (x 69B)
Class com.google.common.collect.Platform                                              : loaded 2 times (x 71B)
Class kotlinx.coroutines.internal.ThreadState                                         : loaded 2 times (x 72B)
Class [Lorg.objectweb.asm.Attribute;                                                  : loaded 2 times (x 69B)
Class com.android.builder.model.v2.ide.TestInfo$Execution                             : loaded 2 times (x 79B)
Class kotlin.jvm.internal.BooleanCompanionObject                                      : loaded 2 times (x 71B)
Class org.jetbrains.kotlin.buildtools.api.KotlinToolchains$Toolchain                  : loaded 2 times (x 70B)
Class org.jetbrains.org.objectweb.asm.tree.LabelNode                                  : loaded 2 times (x 80B)
Class [Lorg.jetbrains.kotlin.com.intellij.openapi.diagnostic.LogLevel;                : loaded 2 times (x 69B)
Class kotlin.InitializedLazyImpl                                                      : loaded 2 times (x 76B)
Class org.jetbrains.kotlin.metadata.ProtoBuf$Constructor$1                            : loaded 2 times (x 144B)
Class org.jetbrains.kotlin.metadata.ProtoBuf$PropertyOrBuilder                        : loaded 2 times (x 70B)
Class com.android.ide.common.gradle.Version$Companion$ParseState$NUMERIC              : loaded 2 times (x 74B)
Class com.google.common.base.MoreObjects                                              : loaded 2 times (x 71B)
Class com.android.ide.common.repository.AgpVersion$PreviewKind                        : loaded 2 times (x 79B)
Class com.android.builder.model.v2.models.ProjectGraph                                : loaded 2 times (x 70B)
Class com.google.common.reflect.TypeResolver$TypeVariableKey                          : loaded 2 times (x 72B)
Class org.jetbrains.kotlin.cli.common.messages.MessageCollector$Companion$NONE$1      : loaded 2 times (x 76B)
Class com.google.common.collect.Table                                                 : loaded 2 times (x 70B)
Class com.google.common.reflect.Types$JavaVersion$4                                   : loaded 2 times (x 83B)
Class com.google.common.io.ByteSource$AsCharSource                                    : loaded 2 times (x 86B)
Class com.google.common.collect.Maps$IteratorBasedAbstractMap                         : loaded 2 times (x 125B)
Class com.google.common.collect.RangeGwtSerializationDependencies                     : loaded 2 times (x 71B)
Class org.objectweb.asm.Frame                                                         : loaded 2 times (x 73B)
Class org.objectweb.asm.MethodVisitor                                                 : loaded 2 times (x 105B)
Class com.google.common.cache.LocalCache$EntryFactory$1                               : loaded 2 times (x 83B)
Class [Lcom.google.common.cache.RemovalListener;                                      : loaded 2 times (x 69B)
Class org.jetbrains.kotlin.metadata.jvm.JvmProtoBuf$JvmPropertySignature$1            : loaded 2 times (x 144B)
Class com.google.common.collect.BaseImmutableMultimap                                 : loaded 2 times (x 123B)
Class com.google.common.collect.EmptyImmutableListMultimap                            : loaded 2 times (x 176B)
Class com.android.build.gradle.internal.BuildToolsExecutableInput                     : loaded 2 times (x 79B)
Class kotlin.collections.builders.ListBuilder                                         : loaded 2 times (x 207B)
Class kotlin.collections.builders.ListBuilder$Companion                               : loaded 2 times (x 71B)
Class kotlin.collections.builders.AbstractMapBuilderEntrySet                          : loaded 2 times (x 144B)
Class org.gradle.kotlin.dsl.plugins.embedded.EmbeddedKotlinPlugin$workAroundKgpEagerConfigurations$1: loaded 2 times (x 75B)
Class org.jetbrains.kotlin.samWithReceiver.gradle.SamWithReceiverExtension            : loaded 2 times (x 75B)
Class org.jetbrains.kotlin.com.google.common.util.concurrent.AbstractFuture$Trusted   : loaded 2 times (x 70B)
Class kotlin.reflect.jvm.internal.impl.name.FqNamesUtilKt                             : loaded 2 times (x 71B)
Class com.google.common.cache.CacheLoader$FunctionToCacheLoader                       : loaded 2 times (x 75B)
Class com.google.common.reflect.Types$ParameterizedTypeImpl                           : loaded 2 times (x 81B)
Class com.google.common.collect.ImmutableListMultimap                                 : loaded 2 times (x 176B)
Class com.android.build.gradle.internal.tasks.UsesAnalytics                           : loaded 2 times (x 70B)
Class com.android.buildanalyzer.common.TaskCategory                                   : loaded 2 times (x 80B)
Class [Lkotlin.annotation.AnnotationTarget;                                           : loaded 2 times (x 69B)
Class org.jetbrains.kotlin.gradle.plugin.internal.BuildIdentifierAccessor             : loaded 2 times (x 70B)
Class org.jetbrains.kotlin.gradle.plugin.KotlinBaseApiPlugin$kotlinExtension$2        : loaded 2 times (x 79B)
Class org.jetbrains.kotlin.resolve.jvm.JvmClassName                                   : loaded 2 times (x 76B)
Class org.gradle.internal.classloader.InstrumentingClassLoader                        : loaded 2 times (x 70B)
Class org.gradle.internal.classpath.TransformedClassPath                              : loaded 2 times (x 96B)
Class com.google.common.cache.CacheBuilder$NullListener                               : loaded 2 times (x 82B)
Class com.android.build.gradle.internal.tasks.BaseTask                                : loaded 2 times (x 326B)
Class com.google.common.reflect.Types$JavaVersion$5                                   : loaded 2 times (x 71B)
Class [Lcom.google.common.reflect.Types$ClassOwnership;                               : loaded 2 times (x 69B)
Class com.google.common.cache.LocalCache$EntryFactory$2                               : loaded 2 times (x 83B)
Class org.objectweb.asm.FieldWriter                                                   : loaded 2 times (x 78B)
Class com.google.common.reflect.Invokable                                             : loaded 2 times (x 103B)
Class com.android.builder.model.v2.models.ndk.NativeVariant                           : loaded 2 times (x 70B)
Class org.gradle.kotlin.dsl.Accessorsdd8x911oz2huoy5zr6r0lhdvaKt                      : loaded 2 times (x 71B)
Class org.jetbrains.kotlin.com.google.common.util.concurrent.AbstractFuture$Cancellation: loaded 2 times (x 72B)
Class org.jetbrains.kotlin.com.google.common.cache.CacheLoader$FunctionToCacheLoader  : loaded 2 times (x 75B)
Class org.jetbrains.kotlin.com.google.common.base.Equivalence$Identity                : loaded 2 times (x 82B)
Class ijKotlinCoroutineJvmDebugInit2_8d5ef5i84wkht7ty3400srlfa$_run_closure1$_closure2: loaded 2 times (x 139B)
Class org.jetbrains.kotlin.gradle.plugin.diagnostics.checkers.TestApiDependenciesChecker$testApiDependencies$1$1$1: loaded 2 times (x 75B)
Class org.jetbrains.kotlin.com.google.common.cache.LocalCache$Strength$3              : loaded 2 times (x 81B)
Class com.google.common.collect.MapDifference                                         : loaded 2 times (x 70B)
Class com.google.common.cache.LocalCache$Strength$3                                   : loaded 2 times (x 81B)
Class com.google.common.base.Splitter$1                                               : loaded 2 times (x 77B)
Class com.intellij.gradle.toolingExtension.impl.model.dependencyDownloadPolicyModel.GradleDependencyDownloadPolicy: loaded 2 times (x 70B)
Class kotlin.reflect.KMutableProperty$Setter                                          : loaded 2 times (x 70B)
Class org.gradle.tooling.model.BuildIdentifier                                        : loaded 2 times (x 70B)
Class org.jetbrains.kotlin.gradle.internal.StdlibDependencyManagementKt$WhenMappings  : loaded 2 times (x 71B)
Class com.google.common.collect.TransformedIterator                                   : loaded 2 times (x 80B)
Class com.google.common.io.ByteStreams                                                : loaded 2 times (x 71B)
Class com.google.common.collect.Multimaps                                             : loaded 2 times (x 71B)
Class com.google.common.collect.CollectCollectors                                     : loaded 2 times (x 71B)
Class org.objectweb.asm.ModuleWriter                                                  : loaded 2 times (x 82B)
Class com.google.common.cache.LocalCache$EntryFactory$3                               : loaded 2 times (x 83B)
Class com.google.common.base.Ticker$1                                                 : loaded 2 times (x 72B)
Class com.google.common.collect.Maps$BiMapConverter                                   : loaded 2 times (x 90B)
Class com.google.common.collect.ImmutableMapEntrySet$RegularEntrySet                  : loaded 2 times (x 152B)
Class org.jetbrains.org.objectweb.asm.tree.InsnNode                                   : loaded 2 times (x 78B)
Class [Lkotlin.jvm.functions.Function1;                                               : loaded 2 times (x 69B)
Class com.android.builder.model.v2.ide.AbstractArtifact                               : loaded 2 times (x 70B)
Class org.jetbrains.kotlin.gradle.plugin.diagnostics.checkers.ConfigurationOnDemandSupportChecker$runChecks$1: loaded 2 times (x 88B)
Class org.jetbrains.kotlin.gradle.plugin.KotlinBaseApiPlugin$registerKotlinJvmCompileTask$3: loaded 2 times (x 75B)
Class org.jetbrains.kotlin.com.google.common.cache.LocalCache$Strength$2              : loaded 2 times (x 81B)
Class org.jetbrains.kotlin.com.google.common.base.Equivalence$Equals                  : loaded 2 times (x 82B)
Class org.jetbrains.kotlin.samWithReceiver.gradle.SamWithReceiverGradleSubplugin$Companion: loaded 2 times (x 71B)
Class org.jetbrains.kotlin.buildtools.api.ProjectId$ProjectUUID                       : loaded 2 times (x 72B)
Class jdk.internal.jrtfs.JrtFileStore                                                 : loaded 2 times (x 83B)
Class org.jetbrains.kotlin.metadata.ProtoBuf$Annotation$Argument$Value                : loaded 2 times (x 127B)
Class com.google.common.cache.LocalCache$Strength$2                                   : loaded 2 times (x 81B)
Class com.google.common.util.concurrent.SettableFuture                                : loaded 2 times (x 114B)
Class com.google.common.reflect.Types$ClassOwnership$3                                : loaded 2 times (x 71B)
Class org.jetbrains.kotlin.cli.common.messages.CompilerMessageSeverity                : loaded 2 times (x 79B)
Class com.android.build.gradle.internal.tasks.AndroidVariantTask                      : loaded 2 times (x 332B)
Class com.android.ide.common.workers.ExecutorServiceAdapter                           : loaded 2 times (x 87B)
Class org.gradle.tooling.model.Dependency                                             : loaded 2 times (x 70B)
Class org.gradle.api.JavaVersion                                                      : loaded 2 times (x 79B)
Class kotlin.coroutines.jvm.internal.ContinuationImpl                                 : loaded 2 times (x 87B)
Class kotlin.coroutines.jvm.internal.SuspendLambda                                    : loaded 2 times (x 91B)
Class kotlin.collections.MapWithDefault                                               : loaded 2 times (x 70B)
Class kotlin.annotation.AnnotationRetention                                           : loaded 2 times (x 79B)
Class kotlin.collections.builders.MapBuilderEntries                                   : loaded 2 times (x 145B)
Class org.jetbrains.kotlin.gradle.plugin.diagnostics.checkers.TestApiDependenciesChecker$runChecks$testCompilationsWithApiDependencies$1: loaded 2 times (x 79B)
Class com.android.builder.model.v2.ide.VectorDrawablesOptions                         : loaded 2 times (x 70B)
Class org.jetbrains.kotlin.com.google.common.cache.LocalCache$Strength$1              : loaded 2 times (x 81B)
Class org.jetbrains.kotlin.protobuf.GeneratedMessageLite$ExtendableMessage            : loaded 2 times (x 113B)
Class com.google.common.collect.SetMultimap                                           : loaded 2 times (x 70B)
Class com.google.common.collect.ImmutableSet$Builder                                  : loaded 2 times (x 85B)
Class com.google.common.cache.LocalCache$EntryFactory$4                               : loaded 2 times (x 83B)
Class org.jetbrains.kotlin.metadata.jvm.JvmProtoBuf$JvmPropertySignatureOrBuilder     : loaded 2 times (x 70B)
Class com.google.common.cache.LocalCache$Strength$1                                   : loaded 2 times (x 81B)
Class org.objectweb.asm.ModuleVisitor                                                 : loaded 2 times (x 81B)
Class com.google.common.collect.Sets$4                                                : loaded 2 times (x 139B)
Class com.google.common.io.ByteArrayDataInput                                         : loaded 2 times (x 70B)
Class com.google.common.reflect.TypeResolver                                          : loaded 2 times (x 72B)
Class com.google.common.reflect.Types$ClassOwnership$2                                : loaded 2 times (x 80B)
Class com.google.common.collect.StandardTable$Row                                     : loaded 2 times (x 130B)
Class com.android.build.gradle.internal.tasks.VariantTask                             : loaded 2 times (x 70B)
Class com.android.builder.model.TestOptions$Execution                                 : loaded 2 times (x 79B)
Class org.jetbrains.plugins.gradle.model.ClasspathEntryModel                          : loaded 2 times (x 70B)
Class org.jetbrains.kotlin.com.google.common.cache.LoadingCache                       : loaded 2 times (x 70B)
Class org.jetbrains.kotlin.com.google.common.util.concurrent.SettableFuture           : loaded 2 times (x 114B)
Class kotlin.reflect.jvm.internal.impl.name.ClassId                                   : loaded 2 times (x 72B)
Class org.jetbrains.org.objectweb.asm.tree.TableSwitchInsnNode                        : loaded 2 times (x 79B)
Class ijInit2_2697twlk2x6v9ctgkyq5dm2bs                                               : loaded 2 times (x 171B)
Class kotlin.concurrent.LocksKt                                                       : loaded 2 times (x 71B)
Class [Lorg.jetbrains.kotlin.protobuf.WireFormat$JavaType;                            : loaded 2 times (x 69B)
Class com.android.builder.model.v2.ide.Edge                                           : loaded 2 times (x 70B)
Class org.gradle.internal.service.UnknownServiceException                             : loaded 2 times (x 83B)
Class com.android.builder.model.v2.models.VariantDependenciesFlatList                 : loaded 2 times (x 70B)
Class org.gradle.tooling.model.build.JavaEnvironment                                  : loaded 2 times (x 70B)
Class com.google.common.cache.LocalCache$LocalLoadingCache                            : loaded 2 times (x 134B)
Class com.google.common.collect.Sets$3                                                : loaded 2 times (x 139B)
Class [Lorg.objectweb.asm.AnnotationVisitor;                                          : loaded 2 times (x 69B)
Class com.google.common.base.AbstractIterator$State                                   : loaded 2 times (x 79B)
Class com.google.common.io.ByteStreams$1                                              : loaded 2 times (x 85B)
Class com.google.common.cache.LocalCache$EntryFactory$5                               : loaded 2 times (x 83B)
Class org.jetbrains.kotlin.protobuf.MessageLite$Builder                               : loaded 2 times (x 70B)
Class com.google.common.reflect.Types$ClassOwnership$1                                : loaded 2 times (x 80B)
Class org.jetbrains.kotlin.cli.common.CompilerSystemProperties                        : loaded 2 times (x 80B)
Class org.jetbrains.kotlin.gradle.targets.native.internal.SetupKotlinNativePlatformDependenciesAndStdlibKt$SetupKotlinNativeStdlibAndPlatformDependenciesImport$1: loaded 2 times (x 95B)
Class org.jetbrains.kotlin.gradle.model.KotlinProject                                 : loaded 2 times (x 70B)
Class ijJvmDebugger2_3is4206f97ej2dw63k2kt8sx5$_run_closure1$_closure2                : loaded 2 times (x 140B)
Class org.jetbrains.kotlin.buildtools.api.SharedApiClassesClassLoaderImpl             : loaded 2 times (x 101B)
Class org.jetbrains.kotlin.com.google.common.base.MoreObjects                         : loaded 2 times (x 71B)
Class org.gradle.kotlin.dsl.plugins.precompiled.PrecompiledScriptPlugins$Target       : loaded 2 times (x 76B)
Class org.jetbrains.kotlin.load.java.JvmAnnotationNames                               : loaded 2 times (x 71B)
Class org.jetbrains.kotlin.metadata.jvm.deserialization.JvmNameResolverBase$Companion : loaded 2 times (x 71B)
Class org.gradle.api.internal.ClassPathProvider                                       : loaded 2 times (x 70B)
Class [Lorg.gradle.api.internal.ClassPathProvider;                                    : loaded 2 times (x 69B)
Class com.google.common.collect.Sets$2                                                : loaded 2 times (x 139B)
Class com.google.common.collect.Maps$ViewCachingAbstractMap                           : loaded 2 times (x 125B)
Class com.google.common.io.CharSource$ConcatenatedCharSource                          : loaded 2 times (x 86B)
Class com.android.build.gradle.internal.testing.TestRunner                            : loaded 2 times (x 70B)
Class org.gradle.tooling.ToolingModelContract                                         : loaded 2 times (x 70B)
Class com.android.builder.model.v2.models.BasicAndroidProject                         : loaded 2 times (x 70B)
Class kotlin.coroutines.ContinuationInterceptor$DefaultImpls                          : loaded 2 times (x 71B)
Class kotlin.collections.builders.MapBuilder$EntryRef                                 : loaded 2 times (x 81B)
Class org.jetbrains.kotlin.gradle.plugin.diagnostics.KotlinToolingDiagnostics$CompilationDependenciesPair$Companion: loaded 2 times (x 71B)
Class kotlin.reflect.jvm.internal.impl.builtins.jvm.JavaToKotlinClassMap$PlatformMutabilityMapping: loaded 2 times (x 72B)
Class org.jetbrains.kotlin.incremental.classpathDiff.impl.ClassListSnapshotter        : loaded 2 times (x 70B)
Class org.jetbrains.kotlin.protobuf.ExtensionRegistryLite                             : loaded 2 times (x 74B)
Class org.jetbrains.kotlin.metadata.jvm.JvmProtoBuf$JvmFieldSignature                 : loaded 2 times (x 108B)
Class kotlin.jvm.internal.ByteCompanionObject                                         : loaded 2 times (x 71B)
Class kotlin.time.Duration                                                            : loaded 2 times (x 74B)
Class com.android.builder.model.v2.ide.SourceSetContainer                             : loaded 2 times (x 70B)
Class org.gradle.internal.time.Timer                                                  : loaded 2 times (x 70B)
Class com.google.common.collect.HashMultimap                                          : loaded 2 times (x 174B)
Class com.google.common.cache.LocalCache$EntryFactory$6                               : loaded 2 times (x 83B)
Class org.gradle.internal.installation.CurrentGradleInstallationLocator               : loaded 2 times (x 71B)
Class org.gradle.api.internal.DefaultClassPathProvider                                : loaded 2 times (x 76B)
Class org.jetbrains.kotlin.incremental.classpathDiff.DirectoryReader                  : loaded 2 times (x 82B)
Class org.jetbrains.org.objectweb.asm.tree.LdcInsnNode                                : loaded 2 times (x 78B)
Class org.jetbrains.kotlin.incremental.classpathDiff.ClasspathEntrySnapshotter        : loaded 2 times (x 71B)
Class org.jetbrains.kotlin.compilerRunner.btapi.SharedApiClassesClassLoaderProvider   : loaded 2 times (x 74B)
Class org.objectweb.asm.AnnotationVisitor                                             : loaded 2 times (x 78B)
Class com.google.common.collect.Sets$1                                                : loaded 2 times (x 139B)
Class com.google.common.base.Splitter                                                 : loaded 2 times (x 72B)
Class com.google.common.collect.Iterators$EmptyModifiableIterator                     : loaded 2 times (x 86B)
Class com.google.common.collect.ImmutableSet$SerializedForm                           : loaded 2 times (x 73B)
Class com.google.common.collect.Iterators$PeekingImpl                                 : loaded 2 times (x 85B)
Class com.android.ide.common.gradle.Numeric                                           : loaded 2 times (x 77B)
Class kotlin.jvm.internal.AdaptedFunctionReference                                    : loaded 2 times (x 77B)
Class kotlin.jvm.internal.ArrayIteratorKt                                             : loaded 2 times (x 71B)
Class org.jetbrains.kotlin.com.google.common.cache.LocalCache$LocalManualCache$1      : loaded 2 times (x 75B)
Class org.jetbrains.kotlin.buildtools.internal.BuildOperationImpl$Option              : loaded 2 times (x 73B)
Class org.jetbrains.kotlin.gradle.plugin.internal.ProjectDependencyAccessor           : loaded 2 times (x 70B)
Class org.jetbrains.kotlin.incremental.classpathDiff.impl.ClassFile                   : loaded 2 times (x 72B)
Class com.google.common.collect.ImmutableEnumMap                                      : loaded 2 times (x 126B)
Class com.google.common.collect.ListMultimap                                          : loaded 2 times (x 70B)
Class kotlin.coroutines.jvm.internal.SpillingKt                                       : loaded 2 times (x 71B)
Class com.google.common.collect.CollectSpliterators$1WithCharacteristics              : loaded 2 times (x 90B)
Class com.android.builder.model.v2.ide.LintOptions                                    : loaded 2 times (x 70B)
Class org.gradle.tooling.internal.adapter.ProtocolToModelAdapter$ViewGraphDetails     : loaded 2 times (x 72B)
Class org.gradle.tooling.model.idea.IdeaProject                                       : loaded 2 times (x 70B)
Class org.gradle.tooling.model.DomainObjectSet                                        : loaded 2 times (x 70B)
Class org.gradle.tooling.internal.gradle.DefaultProjectIdentifier                     : loaded 2 times (x 86B)
Class org.objectweb.asm.ClassReader                                                   : loaded 2 times (x 94B)
Class org.jetbrains.kotlin.cli.common.messages.CompilerMessageSeverity$Companion      : loaded 2 times (x 71B)
Class com.google.common.collect.ImmutableMultimap$Builder                             : loaded 2 times (x 86B)
Class com.google.common.io.ByteSource$SlicedByteSource                                : loaded 2 times (x 85B)
Class com.google.common.collect.Maps$KeySet                                           : loaded 2 times (x 137B)
Class com.google.common.collect.ImmutableSet$EmptySetBuilderImpl                      : loaded 2 times (x 76B)
Class com.google.common.cache.LocalCache$EntryFactory$7                               : loaded 2 times (x 83B)
Class org.gradle.internal.service.DefaultServiceLocator                               : loaded 2 times (x 83B)
Class org.jetbrains.kotlin.metadata.ProtoBuf$Package$1                                : loaded 2 times (x 144B)
Class com.android.builder.model.v2.models.AndroidDsl                                  : loaded 2 times (x 70B)
Class kotlin.coroutines.ContinuationInterceptor                                       : loaded 2 times (x 70B)
Class org.jetbrains.org.objectweb.asm.tree.UnsupportedClassVersionException           : loaded 2 times (x 82B)
Class org.jetbrains.org.objectweb.asm.tree.RecordComponentNode                        : loaded 2 times (x 79B)
Class org.jetbrains.kotlin.name.FqName$Companion                                      : loaded 2 times (x 71B)
Class com.intellij.openapi.externalSystem.model.project.dependencies.DependencyNode   : loaded 2 times (x 70B)
Class org.jetbrains.kotlin.gradle.utils.RegisterTransformForArtifactTypeKt$registerTransformForArtifactType$2: loaded 2 times (x 75B)
Class org.jetbrains.kotlin.com.google.common.cache.LocalCache$StrongEntry             : loaded 2 times (x 108B)
Class org.jetbrains.kotlin.com.google.common.base.Stopwatch                           : loaded 2 times (x 72B)
Class org.jetbrains.kotlin.com.google.common.cache.LocalCache$StrongAccessEntry       : loaded 2 times (x 109B)
Class org.jetbrains.kotlin.incremental.classpathDiff.impl.SingleClassSnapshotter      : loaded 2 times (x 71B)
Class kotlin.sequences.SequencesKt___SequencesKt$sorted$1                             : loaded 2 times (x 75B)
Class org.jetbrains.kotlin.gradle.dsl.KaptExtensionConfig                             : loaded 2 times (x 70B)
Class org.jetbrains.kotlin.gradle.plugin.diagnostics.checkers.TestApiDependenciesChecker$runChecks$1: loaded 2 times (x 88B)
Class [Lcom.google.common.collect.ImmutableMapEntry;                                  : loaded 2 times (x 69B)
Class org.jetbrains.kotlin.gradle.plugin.AndroidGradlePluginVersionKt                 : loaded 2 times (x 71B)
Class [Lcom.android.ide.common.repository.AgpVersion$PreviewKind;                     : loaded 2 times (x 69B)
Class org.jetbrains.kotlin.compilerRunner.btapi.UsesBuildSessionService               : loaded 2 times (x 70B)
Class org.jetbrains.kotlin.com.google.common.cache.LocalCache$EntryFactory            : loaded 2 times (x 83B)
Class jdk.internal.jrtfs.ExplodedImage                                                : loaded 2 times (x 77B)
Class org.jetbrains.org.objectweb.asm.tree.FrameNode                                  : loaded 2 times (x 79B)
Class org.gradle.internal.classloader.ClassLoaderVisitor                              : loaded 2 times (x 76B)
Class com.google.common.base.CharMatcher$None                                         : loaded 2 times (x 112B)
Class com.android.builder.model.v2.ide.BasicArtifact                                  : loaded 2 times (x 70B)
Class com.google.common.io.ByteSource$ConcatenatedByteSource                          : loaded 2 times (x 85B)
Class [Lcom.google.common.collect.AbstractIterator$State;                             : loaded 2 times (x 69B)
Class org.gradle.util.GradleVersion                                                   : loaded 2 times (x 81B)
Class com.android.build.gradle.internal.profile.AnalyticsService                      : loaded 2 times (x 110B)
Class kotlin.KotlinVersion$Companion                                                  : loaded 2 times (x 71B)
Class kotlin.jvm.internal.FloatCompanionObject                                        : loaded 2 times (x 71B)
Class kotlin.sequences.SequencesKt___SequencesKt$flatMap$1                            : loaded 2 times (x 125B)
Class [Lorg.jetbrains.kotlin.com.google.common.cache.LocalCache$Strength;             : loaded 2 times (x 69B)
Class com.google.common.collect.ImmutableMultimap$EntryCollection                     : loaded 2 times (x 128B)
Class com.google.common.collect.Maps$EntrySet                                         : loaded 2 times (x 136B)
Class com.google.common.cache.LocalCache$EntryFactory$8                               : loaded 2 times (x 83B)
Class org.gradle.internal.installation.CurrentGradleInstallation                      : loaded 2 times (x 73B)
Class org.jetbrains.kotlin.protobuf.FieldSet$FieldDescriptorLite                      : loaded 2 times (x 70B)
Class org.jetbrains.kotlin.protobuf.AbstractMessageLite                               : loaded 2 times (x 98B)
Class org.jetbrains.kotlin.metadata.jvm.deserialization.JvmNameResolver               : loaded 2 times (x 80B)
Class org.gradle.internal.classloader.DefaultClassLoaderFactory                       : loaded 2 times (x 82B)
Class org.jetbrains.kotlin.com.google.common.util.concurrent.AbstractFuture$AtomicHelper: loaded 2 times (x 78B)
Class org.jetbrains.kotlin.gradle.tasks.configuration.BaseKotlinCompileConfig$1$1$2   : loaded 2 times (x 75B)
Class com.google.common.base.Suppliers                                                : loaded 2 times (x 71B)
Class [Lcom.google.common.cache.CacheBuilder$OneWeigher;                              : loaded 2 times (x 69B)
Class org.objectweb.asm.MethodTooLargeException                                       : loaded 2 times (x 83B)
Class com.google.common.base.Platform$JdkPatternCompiler                              : loaded 2 times (x 75B)
Class org.jetbrains.kotlin.gradle.plugin.sources.DefaultKotlinSourceSet$MetadataDependencyTransformation: loaded 2 times (x 72B)
Class kotlin.io.LinesSequence                                                         : loaded 2 times (x 75B)
Class org.jetbrains.kotlin.gradle.internal.ParentClassLoaderProvider                  : loaded 2 times (x 70B)
Class org.jetbrains.kotlin.com.google.common.base.Ticker                              : loaded 2 times (x 72B)
Class org.jetbrains.kotlin.gradle.plugin.diagnostics.checkers.TestApiDependenciesChecker: loaded 2 times (x 74B)
Class org.jetbrains.kotlin.gradle.tasks.publishing.HelpersKt                          : loaded 2 times (x 71B)
Class org.jetbrains.kotlin.com.google.common.util.concurrent.ExecutionError           : loaded 2 times (x 82B)
Class kotlin.reflect.jvm.internal.impl.name.FqName                                    : loaded 2 times (x 72B)
Class org.jetbrains.kotlin.compilerRunner.btapi.BuildSessionService                   : loaded 2 times (x 80B)
Class org.objectweb.asm.ClassVisitor                                                  : loaded 2 times (x 88B)
Class [Lorg.objectweb.asm.Symbol;                                                     : loaded 2 times (x 69B)
Class com.google.common.reflect.TypeCapture                                           : loaded 2 times (x 71B)
Class org.jetbrains.kotlin.gradle.internal.transforms.BuildToolsApiClasspathEntrySnapshotTransform: loaded 2 times (x 82B)
Class org.jetbrains.kotlin.gradle.internal.StdlibDependencyManagementKt$addStdlibDependency$1$1$1$1: loaded 2 times (x 75B)
Class com.android.utils.ILogger                                                       : loaded 2 times (x 70B)
Class org.gradle.internal.operations.MultipleBuildOperationFailures                   : loaded 2 times (x 95B)
Class org.gradle.tooling.internal.adapter.MethodInvocation                            : loaded 2 times (x 85B)
Class com.android.utils.FileUtils                                                     : loaded 2 times (x 71B)
Class org.gradle.tooling.internal.adapter.ProtocolToModelAdapter$MethodInvocationCache$MethodInvocationKey: loaded 2 times (x 73B)
Class com.android.ide.common.workers.WorkerExecutorFacade                             : loaded 2 times (x 70B)
Class com.google.common.cache.CacheLoader$1                                           : loaded 2 times (x 75B)
Class org.gradle.util.internal.GUtil                                                  : loaded 2 times (x 71B)
Class org.jetbrains.kotlin.protobuf.FieldSet                                          : loaded 2 times (x 72B)
Class com.android.builder.model.v2.ide.AaptOptions$Namespacing                        : loaded 2 times (x 79B)
Class kotlin.collections.builders.ListBuilder$Itr                                     : loaded 2 times (x 94B)
Class org.jetbrains.kotlin.gradle.plugin.internal.DefaultCopySpecAccessor$Factory     : loaded 2 times (x 76B)
Class org.jetbrains.kotlin.assignment.plugin.gradle.AssignmentExtension_Decorated     : loaded 2 times (x 118B)
Class org.jetbrains.kotlin.com.google.common.cache.CacheBuilder$NullListener          : loaded 2 times (x 82B)
Class [Lorg.jetbrains.kotlin.com.google.common.cache.LocalCache$Segment;              : loaded 2 times (x 69B)
Class org.jetbrains.kotlin.gradle.tasks.configuration.BaseKotlinCompileConfig$1$1$3   : loaded 2 times (x 75B)
Class org.jetbrains.org.objectweb.asm.tree.FieldInsnNode                              : loaded 2 times (x 79B)
Class org.jetbrains.kotlin.protobuf.ByteString$Output                                 : loaded 2 times (x 86B)
Class org.gradle.kotlin.dsl.plugins.precompiled.PrecompiledScriptPluginsKt$special$$inlined$getByType$2: loaded 2 times (x 86B)
Class com.google.common.collect.ImmutableMap$MapViewOfValuesAsSingletonSets           : loaded 2 times (x 126B)
Class com.google.common.collect.RegularImmutableMap                                   : loaded 2 times (x 121B)
Class com.google.common.io.ByteArrayDataOutput                                        : loaded 2 times (x 70B)
Class com.android.build.gradle.internal.tasks.Workers$ProfileAwareExecutorServiceAdapter: loaded 2 times (x 87B)
Class org.gradle.tooling.internal.adapter.TargetTypeProvider                          : loaded 2 times (x 70B)
Class com.android.builder.model.v2.ide.AndroidArtifact                                : loaded 2 times (x 70B)
Class kotlin.collections.builders.MapBuilder                                          : loaded 2 times (x 112B)
Class org.jetbrains.kotlin.gradle.plugin.KotlinBaseApiPlugin$kaptExtension$2          : loaded 2 times (x 79B)
Class com.android.utils.StringHelper                                                  : loaded 2 times (x 71B)
Class org.jetbrains.kotlin.assignment.plugin.gradle.AssignmentSubplugin$applyToCompilation$1: loaded 2 times (x 75B)
Class com.android.build.gradle.TestPlugin                                             : loaded 2 times (x 76B)
Class com.google.common.io.ByteSource                                                 : loaded 2 times (x 84B)
Class com.google.common.cache.AbstractCache$StatsCounter                              : loaded 2 times (x 70B)
Class org.jetbrains.kotlin.metadata.ProtoBuf$Package                                  : loaded 2 times (x 129B)
Class org.jetbrains.kotlin.metadata.ProtoBuf$Annotation$Argument$Value$Type$1         : loaded 2 times (x 74B)
Class org.jetbrains.kotlin.metadata.ProtoBuf$TypeTableOrBuilder                       : loaded 2 times (x 70B)
Class org.jetbrains.kotlin.metadata.ProtoBuf$TypeOrBuilder                            : loaded 2 times (x 70B)
Class kotlin.reflect.jvm.internal.RuntimeTypeMapper                                   : loaded 2 times (x 71B)
Class org.jetbrains.kotlin.com.google.common.cache.LocalCache$ComputingValueReference : loaded 2 times (x 96B)
Class org.jetbrains.kotlin.com.google.common.util.concurrent.AbstractFuture$UnsafeAtomicHelper: loaded 2 times (x 78B)
Class org.jetbrains.kotlin.buildtools.internal.Options                                : loaded 2 times (x 72B)
Class kotlin.jvm.internal.MutablePropertyReference2                                   : loaded 2 times (x 137B)
Class org.jetbrains.kotlin.samWithReceiver.gradle.SamWithReceiverGradleSubplugin$applyToCompilation$1: loaded 2 times (x 75B)
Class kotlin.reflect.jvm.internal.ReflectProperties$Val                               : loaded 2 times (x 74B)
Class org.jetbrains.kotlin.incremental.classpathDiff.impl.ClassListSnapshotterKt      : loaded 2 times (x 71B)
Class org.jetbrains.kotlin.incremental.classpathDiff.impl.BasicClassInfo              : loaded 2 times (x 72B)
Class org.jetbrains.kotlin.protobuf.GeneratedMessageLite$ExtendableMessageOrBuilder   : loaded 2 times (x 70B)
Class org.jetbrains.kotlin.metadata.ProtoBuf$FunctionOrBuilder                        : loaded 2 times (x 70B)
Class org.jetbrains.kotlin.gradle.plugin.internal.CopySpecAccessor                    : loaded 2 times (x 70B)
Class com.google.common.util.concurrent.ExecutionError                                : loaded 2 times (x 82B)
Class com.google.common.collect.ImmutableEnumSet                                      : loaded 2 times (x 146B)
Class com.google.common.collect.AbstractMapBasedMultimap$WrappedCollection            : loaded 2 times (x 124B)
Class org.gradle.tooling.internal.adapter.ProtocolToModelAdapter$InvocationHandlerImpl: loaded 2 times (x 77B)
Class kotlin.time.DurationUnitKt                                                      : loaded 2 times (x 71B)
Class org.gradle.tooling.model.build.GradleEnvironment                                : loaded 2 times (x 70B)
Class com.android.builder.model.v2.models.VariantDependenciesAdjacencyList            : loaded 2 times (x 70B)
Class org.gradle.kotlin.dsl.plugins.precompiled.PrecompiledScriptPlugins$registerCompileKotlinPluginsBlocks$3: loaded 2 times (x 75B)
Class org.jetbrains.kotlin.gradle.plugin.PropertiesProvider$separateKmpCompilation$1  : loaded 2 times (x 79B)
Class com.android.builder.model.v2.dsl.BuildType                                      : loaded 2 times (x 70B)
Class org.jetbrains.kotlin.metadata.deserialization.MetadataVersion$Companion         : loaded 2 times (x 71B)
Class org.gradle.tooling.internal.adapter.WeakIdentityHashMap                         : loaded 2 times (x 76B)
Class org.gradle.tooling.GradleConnectionException                                    : loaded 2 times (x 83B)
Class org.gradle.tooling.internal.adapter.ProtocolToModelAdapter$1                    : loaded 2 times (x 75B)
Class org.gradle.tooling.internal.adapter.ProtocolToModelAdapter$ViewDecoration       : loaded 2 times (x 70B)
Class org.jetbrains.org.objectweb.asm.tree.Util                                       : loaded 2 times (x 71B)
Class com.google.common.io.LineBuffer                                                 : loaded 2 times (x 75B)
Class org.objectweb.asm.Context                                                       : loaded 2 times (x 72B)
Class com.google.common.collect.AbstractTable                                         : loaded 2 times (x 120B)
Class com.google.common.reflect.Types$TypeVariableImpl                                : loaded 2 times (x 72B)
Class org.gradle.internal.installation.GradleInstallation                             : loaded 2 times (x 75B)
Class org.jetbrains.kotlin.incremental.classpathDiff.impl.ClassFileWithContentsProvider: loaded 2 times (x 72B)
Class kotlin.collections.CollectionsKt__IteratorsJVMKt$iterator$1                     : loaded 2 times (x 79B)
Class org.gradle.internal.classloader.ClassLoaderHierarchy                            : loaded 2 times (x 70B)
Class org.jetbrains.kotlin.com.google.common.base.Ticker$1                            : loaded 2 times (x 72B)
Class com.google.common.collect.SortedSetMultimap                                     : loaded 2 times (x 70B)
Class [Lcom.google.common.base.AbstractIterator$State;                                : loaded 2 times (x 69B)
Class com.google.common.io.FileWriteMode                                              : loaded 2 times (x 79B)
Class kotlin.text.LinesIterator                                                       : loaded 2 times (x 79B)
Class org.gradle.kotlin.dsl.plugins.precompiled.PrecompiledScriptPlugins$registerCompileKotlinPluginsBlocks$2: loaded 2 times (x 74B)
Class org.jetbrains.kotlin.gradle.internal.ClassLoadersCachingBuildService$getClassLoader$1: loaded 2 times (x 75B)
Class kotlin.jvm.internal.MutablePropertyReference0                                   : loaded 2 times (x 137B)
Class kotlin.collections.ReversedList                                                 : loaded 2 times (x 207B)
Class kotlin.reflect.jvm.internal.impl.builtins.CompanionObjectMapping                : loaded 2 times (x 71B)
Class org.jetbrains.kotlin.incremental.classpathDiff.DirectoryOrJarReader             : loaded 2 times (x 70B)
Class org.gradle.tooling.internal.adapter.MethodInvoker                               : loaded 2 times (x 70B)
Class org.jetbrains.kotlin.load.kotlin.FileBasedKotlinClass$OuterAndInnerName         : loaded 2 times (x 72B)
Class org.jetbrains.kotlin.metadata.ProtoBuf$ContractOrBuilder                        : loaded 2 times (x 70B)
Class com.google.common.base.Splitter$Strategy                                        : loaded 2 times (x 70B)
Class com.google.common.collect.Iterables                                             : loaded 2 times (x 71B)
Class org.gradle.internal.classloader.FilteringClassLoader                            : loaded 2 times (x 105B)
Class org.jetbrains.kotlin.com.intellij.openapi.diagnostic.DefaultLogger              : loaded 2 times (x 100B)
Class com.google.common.collect.RegularImmutableMap$KeySet                            : loaded 2 times (x 152B)
Class org.gradle.kotlin.dsl.plugins.precompiled.PrecompiledScriptPluginsKt            : loaded 2 times (x 71B)
Class com.google.common.base.Equivalence$Identity                                     : loaded 2 times (x 82B)
Class com.google.common.base.PairwiseEquivalence                                      : loaded 2 times (x 83B)
Class com.google.common.io.LineReader                                                 : loaded 2 times (x 72B)
Class org.jetbrains.kotlin.gradle.plugin.PropertiesProvider$booleanPropertyWithDeprecatedValues$1: loaded 2 times (x 78B)
Class com.android.builder.model.v2.ide.ViewBindingOptions                             : loaded 2 times (x 70B)
Class ijJvmDebugger2_3is4206f97ej2dw63k2kt8sx5                                        : loaded 2 times (x 171B)
Class kotlin.coroutines.jvm.internal.CompletedContinuation                            : loaded 2 times (x 75B)
Class kotlin.sequences.DropTakeSequence                                               : loaded 2 times (x 70B)
Class kotlin.io.TextStreamsKt                                                         : loaded 2 times (x 71B)
Class [Lorg.jetbrains.kotlin.com.google.common.cache.RemovalListener;                 : loaded 2 times (x 69B)
Class org.jetbrains.kotlin.com.google.common.util.concurrent.AbstractFuture$Waiter    : loaded 2 times (x 72B)
Class org.gradle.kotlin.dsl.plugins.dsl.KotlinDslPlugin_Decorated                     : loaded 2 times (x 130B)
Class kotlin.collections.ReversedList$listIterator$1                                  : loaded 2 times (x 94B)
Class Build_gradle$3$1                                                                : loaded 2 times (x 74B)
Class org.jetbrains.kotlin.descriptors.SourceElement                                  : loaded 2 times (x 70B)
Class org.jetbrains.kotlin.com.intellij.openapi.diagnostic.LogLevel                   : loaded 2 times (x 79B)
Class com.android.ide.common.gradle.Part                                              : loaded 2 times (x 77B)
Class org.jetbrains.kotlin.metadata.ProtoBuf$Annotation$Argument$Value$Type           : loaded 2 times (x 82B)
Class org.gradle.tooling.model.gradle.GradleScript                                    : loaded 2 times (x 70B)

---------------  S Y S T E M  ---------------

OS:
 Windows 11 , 64 bit Build 26100 (10.0.26100.8737)
OS uptime: 2 days 16:09 hours

CPU: total 8 (initial active 8) (4 cores per cpu, 2 threads per core) family 6 model 140 stepping 1 microcode 0x8a, cx8, cmov, fxsr, ht, mmx, 3dnowpref, sse, sse2, sse3, ssse3, sse4.1, sse4.2, popcnt, lzcnt, tsc, tscinvbit, avx, avx2, aes, erms, clmul, bmi1, bmi2, adx, avx512f, avx512dq, avx512cd, avx512bw, avx512vl, sha, fma, vzeroupper, avx512_vpopcntdq, avx512_vpclmulqdq, avx512_vaes, avx512_vnni, clflush, clflushopt, clwb, avx512_vbmi2, avx512_vbmi, rdtscp, rdpid, fsrm, gfni, avx512_bitalg, f16c, pku, cet_ibt, cet_ss, avx512_ifma
Processor Information for processor 0
  Max Mhz: 2419, Current Mhz: 1209, Mhz Limit: 2419
Processor Information for processor 1
  Max Mhz: 2419, Current Mhz: 1209, Mhz Limit: 2419
Processor Information for processor 2
  Max Mhz: 2419, Current Mhz: 2419, Mhz Limit: 2419
Processor Information for processor 3
  Max Mhz: 2419, Current Mhz: 1209, Mhz Limit: 2419
Processor Information for processor 4
  Max Mhz: 2419, Current Mhz: 2419, Mhz Limit: 2419
Processor Information for processor 5
  Max Mhz: 2419, Current Mhz: 2419, Mhz Limit: 2419
Processor Information for processor 6
  Max Mhz: 2419, Current Mhz: 2419, Mhz Limit: 2419
Processor Information for processor 7
  Max Mhz: 2419, Current Mhz: 1209, Mhz Limit: 2419

Memory: 4k page, system-wide physical 3895M (3M free)
TotalPageFile size 15671M (AvailPageFile size 289M)
current process WorkingSet (physical memory assigned to process): 24M, peak: 862M
current process commit charge ("private bytes"): 3167M, peak: 3559M

vm_info: OpenJDK 64-Bit Server VM (21.0.10+-14961533-b1163.108) for windows-amd64 JRE (21.0.10+-14961533-b1163.108), built on 2026-03-02T19:58:50Z by "builder" with MS VC++ 16.10 / 16.11 (VS2019)

END.
