#
# There is insufficient memory for the Java Runtime Environment to continue.
# Native memory allocation (mmap) failed to map 1421869056 bytes. Error detail: G1 virtual space
# Possible reasons:
#   The system is out of physical RAM or swap space
#   This process is running with CompressedOops enabled, and the Java Heap may be blocking the growth of the native heap
# Possible solutions:
#   Reduce memory load on the system
#   Increase physical memory or swap space
#   Check if swap backing store is full
#   Decrease Java heap size (-Xmx/-Xms)
#   Decrease number of Java threads
#   Decrease Java thread stack sizes (-Xss)
#   Set larger code cache with -XX:ReservedCodeCacheSize=
#   JVM is running with Zero Based Compressed Oops mode in which the Java heap is
#     placed in the first 32GB address space. The Java Heap base address is the
#     maximum limit for the native heap growth. Please use -XX:HeapBaseMinAddress
#     to set the Java Heap base and to place the Java Heap above 32GB virtual address.
# This output file may be truncated or incomplete.
#
#  Out of Memory Error (os_windows.cpp:3583), pid=8600, tid=13144
#
# JRE version: Java(TM) SE Runtime Environment (26.0.1+8) (build 26.0.1+8-34)
# Java VM: Java HotSpot(TM) 64-Bit Server VM (26.0.1+8-34, mixed mode, sharing, tiered, compressed oops, compressed class ptrs, g1 gc, windows-amd64)
# No core dump will be written. Minidumps are not enabled by default on client versions of Windows
#

---------------  S U M M A R Y ------------

Command Line: --add-opens=java.base/java.lang=ALL-UNNAMED --add-opens=java.base/java.lang.invoke=ALL-UNNAMED --add-opens=java.base/java.util=ALL-UNNAMED --add-opens=java.prefs/java.util.prefs=ALL-UNNAMED --add-exports=jdk.compiler/com.sun.tools.javac.api=ALL-UNNAMED --add-exports=jdk.compiler/com.sun.tools.javac.util=ALL-UNNAMED --add-opens=java.base/java.util=ALL-UNNAMED --add-opens=java.prefs/java.util.prefs=ALL-UNNAMED --add-opens=java.base/java.nio.charset=ALL-UNNAMED --add-opens=java.base/java.net=ALL-UNNAMED --add-opens=java.base/java.util.concurrent=ALL-UNNAMED --add-opens=java.base/java.util.concurrent.atomic=ALL-UNNAMED --add-opens=java.xml/javax.xml.namespace=ALL-UNNAMED --add-opens=java.base/java.time=ALL-UNNAMED --enable-native-access=ALL-UNNAMED -XX:MaxMetaspaceSize=512m -XX:+HeapDumpOnOutOfMemoryError -Xmx4096m -Dfile.encoding=UTF-8 -Duser.country=US -Duser.language=en -Duser.variant -javaagent:C:\Users\lenovo\.gradle\wrapper\dists\gradle-9.4.1-bin\arn2x92ynaizyzdaamcbpbhtj\gradle-9.4.1\lib\agents\gradle-instrumentation-agent-9.4.1.jar org.gradle.launcher.daemon.bootstrap.GradleDaemon 9.4.1

Host: 11th Gen Intel(R) Core(TM) i5-1135G7 @ 2.40GHz, 8 cores, 3G,  Windows 11 , 64 bit Build 26100 (10.0.26100.8737)
Time: Tue Jul 14 13:27:48 2026 E. Africa Standard Time elapsed time: 401.729871 seconds (0d 0h 6m 41s)

---------------  T H R E A D  ---------------

Current thread (0x000001d4d7d43300):  VMThread "VM Thread"          [id=13144, stack(0x0000001918400000,0x0000001918500000) (1024K)]

Stack: [0x0000001918400000,0x0000001918500000]
Native frames: (J=compiled Java code, j=interpreted, Vv=VM code, C=native code)
V  [jvm.dll+0x7d5879]  (no source info available)
V  [jvm.dll+0x7a37dd]  (no source info available)
V  [jvm.dll+0x9b0c10]  (no source info available)
V  [jvm.dll+0x9b3061]  (no source info available)
V  [jvm.dll+0x9b3773]  (no source info available)
V  [jvm.dll+0x30df76]  (no source info available)
V  [jvm.dll+0x7d4d45]  (no source info available)
V  [jvm.dll+0x7c7f07]  (no source info available)
V  [jvm.dll+0x4087e8]  (no source info available)
V  [jvm.dll+0x410b56]  (no source info available)
V  [jvm.dll+0x3fcef4]  (no source info available)
V  [jvm.dll+0x3fd1e5]  (no source info available)
V  [jvm.dll+0x3d3b6f]  (no source info available)
V  [jvm.dll+0x3d6ddc]  (no source info available)
V  [jvm.dll+0x4223ec]  (no source info available)
V  [jvm.dll+0x420d33]  (no source info available)
V  [jvm.dll+0x3d3308]  (no source info available)
V  [jvm.dll+0x4200f3]  (no source info available)
V  [jvm.dll+0x9b9c21]  (no source info available)
V  [jvm.dll+0x9babeb]  (no source info available)
V  [jvm.dll+0x9bb0fc]  (no source info available)
V  [jvm.dll+0x9bb579]  (no source info available)
V  [jvm.dll+0x9bb823]  (no source info available)
V  [jvm.dll+0x94f649]  (no source info available)
V  [jvm.dll+0x7d7358]  (no source info available)
C  [ucrtbase.dll+0x2cd30]  (no source info available)
C  [KERNEL32.DLL+0x2e957]  (no source info available)
C  [ntdll.dll+0xaad6c]  (no source info available)

VM_Operation (0x0000001919df29d8): G1CollectForAllocation, mode: safepoint, requested by thread 0x000001d4dd087f50


---------------  P R O C E S S  ---------------

Threads class SMR info:
_java_thread_list=0x000001d4dccfe790, length=34, elements={
0x000001d4b7a80a50, 0x000001d4d7d565d0, 0x000001d4d7d58d90, 0x000001d4d7d5d1a0,
0x000001d4d7d5d950, 0x000001d4d7d5e230, 0x000001d4d7d609f0, 0x000001d4d7d6d1e0,
0x000001d4d7d726d0, 0x000001d4dc185010, 0x000001d4dc208e50, 0x000001d4dd0b18f0,
0x000001d4dce128e0, 0x000001d4dd708d20, 0x000001d4dd34cf00, 0x000001d4dd3b2950,
0x000001d4dd0867e0, 0x000001d4dd0840d0, 0x000001d4dd087f50, 0x000001d4dd085840,
0x000001d4dd08b600, 0x000001d4dd089e90, 0x000001d4dd08ae30, 0x000001d4de4bef50,
0x000001d4de4bfef0, 0x000001d4de4bc070, 0x000001d4de4c1660, 0x000001d4de4c2dd0,
0x000001d4df54c800, 0x000001d4df54c030, 0x000001d4df54d7a0, 0x000001d4df54df70,
0x000001d4df54ef10, 0x000001d4dcc5d140
}

Java Threads: ( => current thread )
  0x000001d4b7a80a50 JavaThread "main"                              [_thread_blocked, id=13688, stack(0x0000001917c00000,0x0000001917d00000) (1024K)]
  0x000001d4d7d565d0 JavaThread "Reference Handler"          daemon [_thread_blocked, id=11260, stack(0x0000001918500000,0x0000001918600000) (1024K)]
  0x000001d4d7d58d90 JavaThread "Finalizer"                  daemon [_thread_blocked, id=14748, stack(0x0000001918600000,0x0000001918700000) (1024K)]
  0x000001d4d7d5d1a0 JavaThread "Signal Dispatcher"          daemon [_thread_blocked, id=1248, stack(0x0000001918700000,0x0000001918800000) (1024K)]
  0x000001d4d7d5d950 JavaThread "Attach Listener"            daemon [_thread_blocked, id=7384, stack(0x0000001918800000,0x0000001918900000) (1024K)]
  0x000001d4d7d5e230 JavaThread "Service Thread"             daemon [_thread_blocked, id=2900, stack(0x0000001918900000,0x0000001918a00000) (1024K)]
  0x000001d4d7d609f0 JavaThread "Monitor Deflation Thread"   daemon [_thread_blocked, id=14372, stack(0x0000001918a00000,0x0000001918b00000) (1024K)]
  0x000001d4d7d6d1e0 JavaThread "C2 CompilerThread0"         daemon [_thread_blocked, id=12812, stack(0x0000001918b00000,0x0000001918c00000) (1024K)]
  0x000001d4d7d726d0 JavaThread "C1 CompilerThread0"         daemon [_thread_blocked, id=1668, stack(0x0000001918c00000,0x0000001918d00000) (1024K)]
  0x000001d4dc185010 JavaThread "Common-Cleaner"             daemon [_thread_blocked, id=12488, stack(0x0000001918e00000,0x0000001918f00000) (1024K)]
  0x000001d4dc208e50 JavaThread "Notification Thread"        daemon [_thread_blocked, id=6416, stack(0x0000001918d00000,0x0000001918e00000) (1024K)]
  0x000001d4dd0b18f0 JavaThread "Daemon health stats"               [_thread_blocked, id=2884, stack(0x0000001919000000,0x0000001919100000) (1024K)]
  0x000001d4dce128e0 JavaThread "Incoming local TCP Connector on port 60925"        [_thread_in_native, id=12004, stack(0x0000001919200000,0x0000001919300000) (1024K)]
  0x000001d4dd708d20 JavaThread "Daemon periodic checks"            [_thread_blocked, id=15516, stack(0x0000001919100000,0x0000001919200000) (1024K)]
  0x000001d4dd34cf00 JavaThread "InnocuousThread-1"          daemon [_thread_blocked, id=4072, stack(0x0000001919300000,0x0000001919400000) (1024K)]
  0x000001d4dd3b2950 JavaThread "Daemon"                            [_thread_blocked, id=15332, stack(0x0000001919400000,0x0000001919500000) (1024K)]
  0x000001d4dd0867e0 JavaThread "Handler for socket connection from /127.0.0.1:60925 to /127.0.0.1:60929"        [_thread_in_native, id=7200, stack(0x0000001919b00000,0x0000001919c00000) (1024K)]
  0x000001d4dd0840d0 JavaThread "Cancel handler"                    [_thread_blocked, id=11092, stack(0x0000001919c00000,0x0000001919d00000) (1024K)]
  0x000001d4dd087f50 JavaThread "Daemon worker"                     [_thread_blocked, id=14228, stack(0x0000001919d00000,0x0000001919e00000) (1024K)]
  0x000001d4dd085840 JavaThread "Asynchronous log dispatcher for DefaultDaemonConnection: socket connection from /127.0.0.1:60925 to /127.0.0.1:60929"        [_thread_blocked, id=11492, stack(0x0000001919e00000,0x0000001919f00000) (1024K)]
  0x000001d4dd08b600 JavaThread "Stdin handler"                     [_thread_blocked, id=16372, stack(0x000000191a000000,0x000000191a100000) (1024K)]
  0x000001d4dd089e90 JavaThread "Daemon client event forwarder"        [_thread_blocked, id=14692, stack(0x000000191a100000,0x000000191a200000) (1024K)]
  0x000001d4dd08ae30 JavaThread "Cache worker for journal cache (C:\Users\lenovo\.gradle\caches\journal-1)"        [_thread_blocked, id=15920, stack(0x0000001919f00000,0x000000191a000000) (1024K)]
  0x000001d4de4bef50 JavaThread "File lock request listener"        [_thread_in_native, id=11148, stack(0x000000191a200000,0x000000191a300000) (1024K)]
  0x000001d4de4bfef0 JavaThread "Cache worker for file hash cache (C:\Users\lenovo\.gradle\caches\9.4.1\fileHashes)"        [_thread_blocked, id=4676, stack(0x000000191a400000,0x000000191a500000) (1024K)]
  0x000001d4de4bc070 JavaThread "Cache worker for file hash cache (C:\Users\lenovo\Projects\Transport simulation\TransportsimAndroid\.gradle\9.4.1\fileHashes)"        [_thread_blocked, id=652, stack(0x000000191a300000,0x000000191a400000) (1024K)]
  0x000001d4de4c1660 JavaThread "Cache worker for Build Output Cleanup Cache (C:\Users\lenovo\Projects\Transport simulation\TransportsimAndroid\.gradle\buildOutputCleanup)"        [_thread_blocked, id=14680, stack(0x000000191a600000,0x000000191a700000) (1024K)]
  0x000001d4de4c2dd0 JavaThread "File watcher server"        daemon [_thread_in_native, id=16324, stack(0x000000191a700000,0x000000191a800000) (1024K)]
  0x000001d4df54c800 JavaThread "File watcher consumer"      daemon [_thread_blocked, id=15124, stack(0x000000191a800000,0x000000191a900000) (1024K)]
  0x000001d4df54c030 JavaThread "Cache worker for file content cache (C:\Users\lenovo\.gradle\caches\9.4.1\fileContent)"        [_thread_blocked, id=16172, stack(0x000000191a900000,0x000000191aa00000) (1024K)]
  0x000001d4df54d7a0 JavaThread "Cache worker for checksums cache (C:\Users\lenovo\Projects\Transport simulation\TransportsimAndroid\.gradle\9.4.1\checksums)"        [_thread_blocked, id=16140, stack(0x000000191aa00000,0x000000191ab00000) (1024K)]
  0x000001d4df54df70 JavaThread "Cache worker for cache directory md-supplier (C:\Users\lenovo\.gradle\caches\9.4.1\md-supplier)"        [_thread_blocked, id=12732, stack(0x000000191ab00000,0x000000191ac00000) (1024K)]
  0x000001d4df54ef10 JavaThread "Cache worker for cache directory md-rule (C:\Users\lenovo\.gradle\caches\9.4.1\md-rule)"        [_thread_blocked, id=12532, stack(0x000000191ac00000,0x000000191ad00000) (1024K)]
  0x000001d4dcc5d140 JavaThread "pool-1-thread-1"                   [_thread_blocked, id=7240, stack(0x0000001917900000,0x0000001917a00000) (1024K)]
Total: 34

Other Threads:
=>0x000001d4d7d43300 VMThread "VM Thread"                           [id=13144, stack(0x0000001918400000,0x0000001918500000) (1024K)]
  0x000001d4d7c0a9d0 WatcherThread "VM Periodic Task Thread"        [id=16216, stack(0x0000001918300000,0x0000001918400000) (1024K)]
  0x000001d4b7acf690 WorkerThread "GC Thread#0"                     [id=15888, stack(0x0000001917d00000,0x0000001917e00000) (1024K)]
  0x000001d4dc24af40 WorkerThread "GC Thread#1"                     [id=13400, stack(0x0000001918f00000,0x0000001919000000) (1024K)]
  0x000001d4dc28ff80 WorkerThread "GC Thread#2"                     [id=7684, stack(0x0000001919500000,0x0000001919600000) (1024K)]
  0x000001d4dc291db0 WorkerThread "GC Thread#3"                     [id=6080, stack(0x0000001919600000,0x0000001919700000) (1024K)]
  0x000001d4dc292650 WorkerThread "GC Thread#4"                     [id=16332, stack(0x0000001919700000,0x0000001919800000) (1024K)]
  0x000001d4dc292200 WorkerThread "GC Thread#5"                     [id=4668, stack(0x0000001919800000,0x0000001919900000) (1024K)]
  0x000001d4dc290820 WorkerThread "GC Thread#6"                     [id=11056, stack(0x0000001919900000,0x0000001919a00000) (1024K)]
  0x000001d4dc2910c0 WorkerThread "GC Thread#7"                     [id=2588, stack(0x0000001919a00000,0x0000001919b00000) (1024K)]
  0x000001d4b7ae95a0 ConcurrentGCThread "G1 Main Marker"            [id=15948, stack(0x0000001917e00000,0x0000001917f00000) (1024K)]
  0x000001d4b7aea8c0 WorkerThread "G1 Conc#0"                       [id=16000, stack(0x0000001917f00000,0x0000001918000000) (1024K)]
  0x000001d4dc294d20 WorkerThread "G1 Conc#1"                       [id=15016, stack(0x000000191a500000,0x000000191a600000) (1024K)]
  0x000001d4b7b29630 WorkerThread "G1 Refinement Workers#0"         [id=14520, stack(0x0000001918100000,0x0000001918200000) (1024K)]
  0x000001d4b7b26250 ConcurrentGCThread "G1 Refine Control"         [id=16356, stack(0x0000001918000000,0x0000001918100000) (1024K)]
  0x000001d4b7b2b1b0 ConcurrentGCThread "G1 Service"                [id=10184, stack(0x0000001918200000,0x0000001918300000) (1024K)]
Total: 16

Threads with active compile tasks:
Total: 0

VM state: at safepoint (normal execution)

VM Mutex/Monitor currently owned by a thread:  ([mutex/lock_event])
[0x00007ffd96c3ed08] Threads_lock - owner thread: 0x000001d4d7d43300
[0x00007ffd96c3ef88] Heap_lock - owner thread: 0x000001d4dd087f50

Heap address: 0x0000000700000000, size: 4096 MB, Compressed Oops mode: Zero based, Oop shift amount: 3

CDS archive(s) mapped at: [0x0000000020000000-0x0000000020de0000-0x0000000020de0000), size 14548992, SharedBaseAddress: 0x0000000020000000, ArchiveRelocationMode: 1.
Compressed class space mapped at: 0x0000000021000000-0x000000003b000000, reserved size: 436207616
UseCompressedClassPointers 1, UseCompactObjectHeaders 0
Narrow klass pointer bits 32, Max shift 3
Narrow klass base: 0x0000000020000000, Narrow klass shift: 0
Encoding Range: [0x0000000020000000 - 0x0000000120000000), (4294967296 bytes)
Klass Range:    [0x0000000020000000 - 0x000000003b000000), (452984832 bytes)
Klass ID Range:  [8 - 452984825) (452984817)
Protection zone: [0x0000000020000000 - 0x0000000020010000), (65536 bytes)

GC Precious Log:
 CardTable entry size: 512
 Card Set container configuration: InlinePtr #cards 4 size 8 Array Of Cards #cards 16 size 48 Howl #buckets 8 coarsen threshold 3686 Howl Bitmap #cards 512 size 80 coarsen threshold 460 Card regions per heap region 1 cards per card region 4096
 CPUs: 8 total, 8 available
 Memory: 3895M
 Large Page Support: Disabled
 NUMA Support: Disabled
 Compressed Oops: Enabled (Zero based)
 Heap Region Size: 2M
 Heap Min Capacity: 8M
 Heap Initial Capacity: 8M
 Heap Max Capacity: 4G
 Pre-touch: Disabled
 Parallel Workers: 8
 Concurrent Workers: 2
 Concurrent Refinement Workers: 8
 Periodic GC: Disabled

Heap:
 garbage-first heap   total reserved 4194304K, committed 724992K, used 93863K [0x0000000700000000, 0x0000000800000000)
  region size 2M, 0 eden (0M), 4 survivor (8M), 41 old (82M), 2 humongous (4M), 307 free (614M)

Heap Regions: E=young(eden), S=young(survivor), O=old, HS=humongous(starts), HC=humongous(continues), CS=collection set, F=free, TAMS=top-at-mark-start, PB=parsable bottom
|    0|0x0000000700000000, 0x0000000700200000, 0x0000000700200000|100%|HS|  |TAMS 0x0000000700000000| PB 0x0000000700000000| Complete  |  0
|    1|0x0000000700200000, 0x0000000700400000, 0x0000000700400000|100%|HC|  |TAMS 0x0000000700200000| PB 0x0000000700200000| Complete  |  0
|    2|0x0000000700400000, 0x0000000700600000, 0x0000000700600000|100%| O|  |TAMS 0x0000000700400000| PB 0x0000000700400000| Untracked |  0
|    3|0x0000000700600000, 0x0000000700800000, 0x0000000700800000|100%| O|  |TAMS 0x0000000700600000| PB 0x0000000700600000| Untracked |  0
|    4|0x0000000700800000, 0x0000000700a00000, 0x0000000700a00000|100%| O|  |TAMS 0x0000000700800000| PB 0x0000000700800000| Untracked |  0
|    5|0x0000000700a00000, 0x0000000700c00000, 0x0000000700c00000|100%| O|  |TAMS 0x0000000700a00000| PB 0x0000000700a00000| Untracked |  0
|    6|0x0000000700c00000, 0x0000000700e00000, 0x0000000700e00000|100%| O|  |TAMS 0x0000000700c00000| PB 0x0000000700c00000| Untracked |  0
|    7|0x0000000700e00000, 0x0000000701000000, 0x0000000701000000|100%| O|  |TAMS 0x0000000700e00000| PB 0x0000000700e00000| Untracked |  0
|    8|0x0000000701000000, 0x0000000701200000, 0x0000000701200000|100%| O|  |TAMS 0x0000000701000000| PB 0x0000000701000000| Untracked |  0
|    9|0x0000000701200000, 0x0000000701400000, 0x0000000701400000|100%| O|  |TAMS 0x0000000701200000| PB 0x0000000701200000| Untracked |  0
|   10|0x0000000701400000, 0x0000000701600000, 0x0000000701600000|100%| O|  |TAMS 0x0000000701400000| PB 0x0000000701400000| Untracked |  0
|   11|0x0000000701600000, 0x0000000701800000, 0x0000000701800000|100%| O|  |TAMS 0x0000000701600000| PB 0x0000000701600000| Untracked |  0
|   12|0x0000000701800000, 0x0000000701a00000, 0x0000000701a00000|100%| O|  |TAMS 0x0000000701800000| PB 0x0000000701800000| Untracked |  0
|   13|0x0000000701a00000, 0x0000000701c00000, 0x0000000701c00000|100%| O|  |TAMS 0x0000000701a00000| PB 0x0000000701a00000| Untracked |  0
|   14|0x0000000701c00000, 0x0000000701e00000, 0x0000000701e00000|100%| O|  |TAMS 0x0000000701c00000| PB 0x0000000701c00000| Untracked |  0
|   15|0x0000000701e00000, 0x0000000702000000, 0x0000000702000000|100%| O|  |TAMS 0x0000000701e00000| PB 0x0000000701e00000| Untracked |  0
|   16|0x0000000702000000, 0x0000000702200000, 0x0000000702200000|100%| O|  |TAMS 0x0000000702000000| PB 0x0000000702000000| Untracked |  0
|   17|0x0000000702200000, 0x0000000702400000, 0x0000000702400000|100%| O|  |TAMS 0x0000000702200000| PB 0x0000000702200000| Untracked |  0
|   18|0x0000000702400000, 0x0000000702600000, 0x0000000702600000|100%| O|  |TAMS 0x0000000702400000| PB 0x0000000702400000| Untracked |  0
|   19|0x0000000702600000, 0x0000000702800000, 0x0000000702800000|100%| O|Cm|TAMS 0x0000000702600000| PB 0x0000000702600000| Complete  |  0
|   20|0x0000000702800000, 0x0000000702a00000, 0x0000000702a00000|100%| O|  |TAMS 0x0000000702800000| PB 0x0000000702800000| Untracked |  0
|   21|0x0000000702a00000, 0x0000000702c00000, 0x0000000702c00000|100%| O|  |TAMS 0x0000000702a00000| PB 0x0000000702a00000| Untracked |  0
|   22|0x0000000702c00000, 0x0000000702e00000, 0x0000000702e00000|100%| O|  |TAMS 0x0000000702c00000| PB 0x0000000702c00000| Untracked |  0
|   23|0x0000000702e00000, 0x0000000703000000, 0x0000000703000000|100%| O|  |TAMS 0x0000000702e00000| PB 0x0000000702e00000| Untracked |  0
|   24|0x0000000703000000, 0x0000000703200000, 0x0000000703200000|100%| O|  |TAMS 0x0000000703000000| PB 0x0000000703000000| Untracked |  0
|   25|0x0000000703200000, 0x0000000703400000, 0x0000000703400000|100%| O|  |TAMS 0x0000000703200000| PB 0x0000000703200000| Untracked |  0
|   26|0x0000000703400000, 0x0000000703600000, 0x0000000703600000|100%| O|  |TAMS 0x0000000703400000| PB 0x0000000703400000| Untracked |  0
|   27|0x0000000703600000, 0x0000000703800000, 0x0000000703800000|100%| O|  |TAMS 0x0000000703600000| PB 0x0000000703600000| Untracked |  0
|   28|0x0000000703800000, 0x0000000703a00000, 0x0000000703a00000|100%| O|  |TAMS 0x0000000703800000| PB 0x0000000703800000| Untracked |  0
|   29|0x0000000703a00000, 0x0000000703c00000, 0x0000000703c00000|100%| O|  |TAMS 0x0000000703a00000| PB 0x0000000703a00000| Untracked |  0
|   30|0x0000000703c00000, 0x0000000703e00000, 0x0000000703e00000|100%| O|  |TAMS 0x0000000703c00000| PB 0x0000000703c00000| Untracked |  0
|   31|0x0000000703e00000, 0x0000000704000000, 0x0000000704000000|100%| O|  |TAMS 0x0000000703e00000| PB 0x0000000703e00000| Untracked |  0
|   32|0x0000000704000000, 0x0000000704200000, 0x0000000704200000|100%| O|  |TAMS 0x0000000704000000| PB 0x0000000704000000| Untracked |  0
|   33|0x0000000704200000, 0x0000000704400000, 0x0000000704400000|100%| O|  |TAMS 0x0000000704200000| PB 0x0000000704200000| Untracked |  0
|   34|0x0000000704400000, 0x0000000704600000, 0x0000000704600000|100%| O|  |TAMS 0x0000000704400000| PB 0x0000000704400000| Untracked |  0
|   35|0x0000000704600000, 0x00000007047130b8, 0x0000000704800000| 53%| O|  |TAMS 0x0000000704600000| PB 0x0000000704600000| Untracked |  0
|   36|0x0000000704800000, 0x0000000704800000, 0x0000000704a00000|  0%| F|  |TAMS 0x0000000704800000| PB 0x0000000704800000| Untracked |  0
|   37|0x0000000704a00000, 0x0000000704a00000, 0x0000000704c00000|  0%| F|  |TAMS 0x0000000704a00000| PB 0x0000000704a00000| Untracked |  0
|   38|0x0000000704c00000, 0x0000000704c00000, 0x0000000704e00000|  0%| F|  |TAMS 0x0000000704c00000| PB 0x0000000704c00000| Untracked |  0
|   39|0x0000000704e00000, 0x0000000704e00000, 0x0000000705000000|  0%| F|  |TAMS 0x0000000704e00000| PB 0x0000000704e00000| Untracked |  0
|   40|0x0000000705000000, 0x0000000705000000, 0x0000000705200000|  0%| F|  |TAMS 0x0000000705000000| PB 0x0000000705000000| Untracked |  0
|   41|0x0000000705200000, 0x0000000705200000, 0x0000000705400000|  0%| F|  |TAMS 0x0000000705200000| PB 0x0000000705200000| Untracked |  0
|   42|0x0000000705400000, 0x0000000705600000, 0x0000000705600000|100%| O|Cm|TAMS 0x0000000705400000| PB 0x0000000705400000| Complete  |  0
|   43|0x0000000705600000, 0x0000000705800000, 0x0000000705800000|100%| O|  |TAMS 0x0000000705600000| PB 0x0000000705600000| Untracked |  0
|   44|0x0000000705800000, 0x0000000705800000, 0x0000000705a00000|  0%| F|  |TAMS 0x0000000705800000| PB 0x0000000705800000| Untracked |  0
|   45|0x0000000705a00000, 0x0000000705a00000, 0x0000000705c00000|  0%| F|  |TAMS 0x0000000705a00000| PB 0x0000000705a00000| Untracked |  0
|   46|0x0000000705c00000, 0x0000000705e00000, 0x0000000705e00000|100%| O|  |TAMS 0x0000000705c00000| PB 0x0000000705c00000| Untracked |  0
|   47|0x0000000705e00000, 0x0000000706000000, 0x0000000706000000|100%| O|  |TAMS 0x0000000705e00000| PB 0x0000000705e00000| Untracked |  0
|   48|0x0000000706000000, 0x0000000706000000, 0x0000000706200000|  0%| F|  |TAMS 0x0000000706000000| PB 0x0000000706000000| Untracked |  0
|   49|0x0000000706200000, 0x0000000706200000, 0x0000000706400000|  0%| F|  |TAMS 0x0000000706200000| PB 0x0000000706200000| Untracked |  0
|   50|0x0000000706400000, 0x0000000706600000, 0x0000000706600000|100%| O|  |TAMS 0x0000000706400000| PB 0x0000000706400000| Untracked |  0
|   51|0x0000000706600000, 0x0000000706800000, 0x0000000706800000|100%| O|  |TAMS 0x0000000706600000| PB 0x0000000706600000| Untracked |  0
|   52|0x0000000706800000, 0x0000000706a00000, 0x0000000706a00000|100%| O|  |TAMS 0x0000000706800000| PB 0x0000000706800000| Untracked |  0
|   53|0x0000000706a00000, 0x0000000706a00000, 0x0000000706c00000|  0%| F|  |TAMS 0x0000000706a00000| PB 0x0000000706a00000| Untracked |  0
|   54|0x0000000706c00000, 0x0000000706c00000, 0x0000000706e00000|  0%| F|  |TAMS 0x0000000706c00000| PB 0x0000000706c00000| Untracked |  0
|   55|0x0000000706e00000, 0x0000000706e00000, 0x0000000707000000|  0%| F|  |TAMS 0x0000000706e00000| PB 0x0000000706e00000| Untracked |  0
|   56|0x0000000707000000, 0x0000000707000000, 0x0000000707200000|  0%| F|  |TAMS 0x0000000707000000| PB 0x0000000707000000| Untracked |  0
|   57|0x0000000707200000, 0x0000000707200000, 0x0000000707400000|  0%| F|  |TAMS 0x0000000707200000| PB 0x0000000707200000| Untracked |  0
|   58|0x0000000707400000, 0x0000000707400000, 0x0000000707600000|  0%| F|  |TAMS 0x0000000707400000| PB 0x0000000707400000| Untracked |  0
|   59|0x0000000707600000, 0x0000000707600000, 0x0000000707800000|  0%| F|  |TAMS 0x0000000707600000| PB 0x0000000707600000| Untracked |  0
|   60|0x0000000707800000, 0x0000000707800000, 0x0000000707a00000|  0%| F|  |TAMS 0x0000000707800000| PB 0x0000000707800000| Untracked |  0
|   61|0x0000000707a00000, 0x0000000707a00000, 0x0000000707c00000|  0%| F|  |TAMS 0x0000000707a00000| PB 0x0000000707a00000| Untracked |  0
|   62|0x0000000707c00000, 0x0000000707c00000, 0x0000000707e00000|  0%| F|  |TAMS 0x0000000707c00000| PB 0x0000000707c00000| Untracked |  0
|   63|0x0000000707e00000, 0x0000000707e00000, 0x0000000708000000|  0%| F|  |TAMS 0x0000000707e00000| PB 0x0000000707e00000| Untracked |  0
|   64|0x0000000708000000, 0x0000000708000000, 0x0000000708200000|  0%| F|  |TAMS 0x0000000708000000| PB 0x0000000708000000| Untracked |  0
|   65|0x0000000708200000, 0x0000000708200000, 0x0000000708400000|  0%| F|  |TAMS 0x0000000708200000| PB 0x0000000708200000| Untracked |  0
|   66|0x0000000708400000, 0x0000000708400000, 0x0000000708600000|  0%| F|  |TAMS 0x0000000708400000| PB 0x0000000708400000| Untracked |  0
|   67|0x0000000708600000, 0x0000000708600000, 0x0000000708800000|  0%| F|  |TAMS 0x0000000708600000| PB 0x0000000708600000| Untracked |  0
|   68|0x0000000708800000, 0x0000000708800000, 0x0000000708a00000|  0%| F|  |TAMS 0x0000000708800000| PB 0x0000000708800000| Untracked |  0
|   69|0x0000000708a00000, 0x0000000708a00000, 0x0000000708c00000|  0%| F|  |TAMS 0x0000000708a00000| PB 0x0000000708a00000| Untracked |  0
|   70|0x0000000708c00000, 0x0000000708c00000, 0x0000000708e00000|  0%| F|  |TAMS 0x0000000708c00000| PB 0x0000000708c00000| Untracked |  0
|   71|0x0000000708e00000, 0x0000000708e00000, 0x0000000709000000|  0%| F|  |TAMS 0x0000000708e00000| PB 0x0000000708e00000| Untracked |  0
|   72|0x0000000709000000, 0x0000000709000000, 0x0000000709200000|  0%| F|  |TAMS 0x0000000709000000| PB 0x0000000709000000| Untracked |  0
|   73|0x0000000709200000, 0x0000000709200000, 0x0000000709400000|  0%| F|  |TAMS 0x0000000709200000| PB 0x0000000709200000| Untracked |  0
|   74|0x0000000709400000, 0x0000000709400000, 0x0000000709600000|  0%| F|  |TAMS 0x0000000709400000| PB 0x0000000709400000| Untracked |  0
|   75|0x0000000709600000, 0x0000000709600000, 0x0000000709800000|  0%| F|  |TAMS 0x0000000709600000| PB 0x0000000709600000| Untracked |  0
|   76|0x0000000709800000, 0x0000000709800000, 0x0000000709a00000|  0%| F|  |TAMS 0x0000000709800000| PB 0x0000000709800000| Untracked |  0
|   77|0x0000000709a00000, 0x0000000709a00000, 0x0000000709c00000|  0%| F|  |TAMS 0x0000000709a00000| PB 0x0000000709a00000| Untracked |  0
|   78|0x0000000709c00000, 0x0000000709c00000, 0x0000000709e00000|  0%| F|  |TAMS 0x0000000709c00000| PB 0x0000000709c00000| Untracked |  0
|   79|0x0000000709e00000, 0x0000000709e00000, 0x000000070a000000|  0%| F|  |TAMS 0x0000000709e00000| PB 0x0000000709e00000| Untracked |  0
|   80|0x000000070a000000, 0x000000070a000000, 0x000000070a200000|  0%| F|  |TAMS 0x000000070a000000| PB 0x000000070a000000| Untracked |  0
|   81|0x000000070a200000, 0x000000070a200000, 0x000000070a400000|  0%| F|  |TAMS 0x000000070a200000| PB 0x000000070a200000| Untracked |  0
|   82|0x000000070a400000, 0x000000070a400000, 0x000000070a600000|  0%| F|  |TAMS 0x000000070a400000| PB 0x000000070a400000| Untracked |  0
|   83|0x000000070a600000, 0x000000070a600000, 0x000000070a800000|  0%| F|  |TAMS 0x000000070a600000| PB 0x000000070a600000| Untracked |  0
|   84|0x000000070a800000, 0x000000070a800000, 0x000000070aa00000|  0%| F|  |TAMS 0x000000070a800000| PB 0x000000070a800000| Untracked |  0
|   85|0x000000070aa00000, 0x000000070aa00000, 0x000000070ac00000|  0%| F|  |TAMS 0x000000070aa00000| PB 0x000000070aa00000| Untracked |  0
|   86|0x000000070ac00000, 0x000000070ac00000, 0x000000070ae00000|  0%| F|  |TAMS 0x000000070ac00000| PB 0x000000070ac00000| Untracked |  0
|   87|0x000000070ae00000, 0x000000070ae00000, 0x000000070b000000|  0%| F|  |TAMS 0x000000070ae00000| PB 0x000000070ae00000| Untracked |  0
|   88|0x000000070b000000, 0x000000070b000000, 0x000000070b200000|  0%| F|  |TAMS 0x000000070b000000| PB 0x000000070b000000| Untracked |  0
|   89|0x000000070b200000, 0x000000070b200000, 0x000000070b400000|  0%| F|  |TAMS 0x000000070b200000| PB 0x000000070b200000| Untracked |  0
|   90|0x000000070b400000, 0x000000070b400000, 0x000000070b600000|  0%| F|  |TAMS 0x000000070b400000| PB 0x000000070b400000| Untracked |  0
|   91|0x000000070b600000, 0x000000070b600000, 0x000000070b800000|  0%| F|  |TAMS 0x000000070b600000| PB 0x000000070b600000| Untracked |  0
|   92|0x000000070b800000, 0x000000070b800000, 0x000000070ba00000|  0%| F|  |TAMS 0x000000070b800000| PB 0x000000070b800000| Untracked |  0
|   93|0x000000070ba00000, 0x000000070ba00000, 0x000000070bc00000|  0%| F|  |TAMS 0x000000070ba00000| PB 0x000000070ba00000| Untracked |  0
|   94|0x000000070bc00000, 0x000000070bc00000, 0x000000070be00000|  0%| F|  |TAMS 0x000000070bc00000| PB 0x000000070bc00000| Untracked |  0
|   95|0x000000070be00000, 0x000000070be00000, 0x000000070c000000|  0%| F|  |TAMS 0x000000070be00000| PB 0x000000070be00000| Untracked |  0
|   96|0x000000070c000000, 0x000000070c000000, 0x000000070c200000|  0%| F|  |TAMS 0x000000070c000000| PB 0x000000070c000000| Untracked |  0
|   97|0x000000070c200000, 0x000000070c200000, 0x000000070c400000|  0%| F|  |TAMS 0x000000070c200000| PB 0x000000070c200000| Untracked |  0
|   98|0x000000070c400000, 0x000000070c400000, 0x000000070c600000|  0%| F|  |TAMS 0x000000070c400000| PB 0x000000070c400000| Untracked |  0
|   99|0x000000070c600000, 0x000000070c600000, 0x000000070c800000|  0%| F|  |TAMS 0x000000070c600000| PB 0x000000070c600000| Untracked |  0
|  100|0x000000070c800000, 0x000000070c800000, 0x000000070ca00000|  0%| F|  |TAMS 0x000000070c800000| PB 0x000000070c800000| Untracked |  0
|  101|0x000000070ca00000, 0x000000070ca00000, 0x000000070cc00000|  0%| F|  |TAMS 0x000000070ca00000| PB 0x000000070ca00000| Untracked |  0
|  102|0x000000070cc00000, 0x000000070cc00000, 0x000000070ce00000|  0%| F|  |TAMS 0x000000070cc00000| PB 0x000000070cc00000| Untracked |  0
|  103|0x000000070ce00000, 0x000000070ce00000, 0x000000070d000000|  0%| F|  |TAMS 0x000000070ce00000| PB 0x000000070ce00000| Untracked |  0
|  104|0x000000070d000000, 0x000000070d000000, 0x000000070d200000|  0%| F|  |TAMS 0x000000070d000000| PB 0x000000070d000000| Untracked |  0
|  105|0x000000070d200000, 0x000000070d200000, 0x000000070d400000|  0%| F|  |TAMS 0x000000070d200000| PB 0x000000070d200000| Untracked |  0
|  106|0x000000070d400000, 0x000000070d400000, 0x000000070d600000|  0%| F|  |TAMS 0x000000070d400000| PB 0x000000070d400000| Untracked |  0
|  107|0x000000070d600000, 0x000000070d600000, 0x000000070d800000|  0%| F|  |TAMS 0x000000070d600000| PB 0x000000070d600000| Untracked |  0
|  108|0x000000070d800000, 0x000000070d800000, 0x000000070da00000|  0%| F|  |TAMS 0x000000070d800000| PB 0x000000070d800000| Untracked |  0
|  109|0x000000070da00000, 0x000000070da00000, 0x000000070dc00000|  0%| F|  |TAMS 0x000000070da00000| PB 0x000000070da00000| Untracked |  0
|  110|0x000000070dc00000, 0x000000070dc00000, 0x000000070de00000|  0%| F|  |TAMS 0x000000070dc00000| PB 0x000000070dc00000| Untracked |  0
|  111|0x000000070de00000, 0x000000070de00000, 0x000000070e000000|  0%| F|  |TAMS 0x000000070de00000| PB 0x000000070de00000| Untracked |  0
|  112|0x000000070e000000, 0x000000070e000000, 0x000000070e200000|  0%| F|  |TAMS 0x000000070e000000| PB 0x000000070e000000| Untracked |  0
|  113|0x000000070e200000, 0x000000070e200000, 0x000000070e400000|  0%| F|  |TAMS 0x000000070e200000| PB 0x000000070e200000| Untracked |  0
|  114|0x000000070e400000, 0x000000070e400000, 0x000000070e600000|  0%| F|  |TAMS 0x000000070e400000| PB 0x000000070e400000| Untracked |  0
|  115|0x000000070e600000, 0x000000070e600000, 0x000000070e800000|  0%| F|  |TAMS 0x000000070e600000| PB 0x000000070e600000| Untracked |  0
|  116|0x000000070e800000, 0x000000070e800000, 0x000000070ea00000|  0%| F|  |TAMS 0x000000070e800000| PB 0x000000070e800000| Untracked |  0
|  117|0x000000070ea00000, 0x000000070ea00000, 0x000000070ec00000|  0%| F|  |TAMS 0x000000070ea00000| PB 0x000000070ea00000| Untracked |  0
|  118|0x000000070ec00000, 0x000000070ec00000, 0x000000070ee00000|  0%| F|  |TAMS 0x000000070ec00000| PB 0x000000070ec00000| Untracked |  0
|  119|0x000000070ee00000, 0x000000070ee00000, 0x000000070f000000|  0%| F|  |TAMS 0x000000070ee00000| PB 0x000000070ee00000| Untracked |  0
|  120|0x000000070f000000, 0x000000070f000000, 0x000000070f200000|  0%| F|  |TAMS 0x000000070f000000| PB 0x000000070f000000| Untracked |  0
|  121|0x000000070f200000, 0x000000070f200000, 0x000000070f400000|  0%| F|  |TAMS 0x000000070f200000| PB 0x000000070f200000| Untracked |  0
|  122|0x000000070f400000, 0x000000070f400000, 0x000000070f600000|  0%| F|  |TAMS 0x000000070f400000| PB 0x000000070f400000| Untracked |  0
|  123|0x000000070f600000, 0x000000070f600000, 0x000000070f800000|  0%| F|  |TAMS 0x000000070f600000| PB 0x000000070f600000| Untracked |  0
|  124|0x000000070f800000, 0x000000070f800000, 0x000000070fa00000|  0%| F|  |TAMS 0x000000070f800000| PB 0x000000070f800000| Untracked |  0
|  125|0x000000070fa00000, 0x000000070fa00000, 0x000000070fc00000|  0%| F|  |TAMS 0x000000070fa00000| PB 0x000000070fa00000| Untracked |  0
|  126|0x000000070fc00000, 0x000000070fc00000, 0x000000070fe00000|  0%| F|  |TAMS 0x000000070fc00000| PB 0x000000070fc00000| Untracked |  0
|  127|0x000000070fe00000, 0x000000070fe00000, 0x0000000710000000|  0%| F|  |TAMS 0x000000070fe00000| PB 0x000000070fe00000| Untracked |  0
|  128|0x0000000710000000, 0x0000000710000000, 0x0000000710200000|  0%| F|  |TAMS 0x0000000710000000| PB 0x0000000710000000| Untracked |  0
|  129|0x0000000710200000, 0x0000000710200000, 0x0000000710400000|  0%| F|  |TAMS 0x0000000710200000| PB 0x0000000710200000| Untracked |  0
|  130|0x0000000710400000, 0x0000000710400000, 0x0000000710600000|  0%| F|  |TAMS 0x0000000710400000| PB 0x0000000710400000| Untracked |  0
|  131|0x0000000710600000, 0x0000000710600000, 0x0000000710800000|  0%| F|  |TAMS 0x0000000710600000| PB 0x0000000710600000| Untracked |  0
|  132|0x0000000710800000, 0x0000000710800000, 0x0000000710a00000|  0%| F|  |TAMS 0x0000000710800000| PB 0x0000000710800000| Untracked |  0
|  133|0x0000000710a00000, 0x0000000710a00000, 0x0000000710c00000|  0%| F|  |TAMS 0x0000000710a00000| PB 0x0000000710a00000| Untracked |  0
|  134|0x0000000710c00000, 0x0000000710c00000, 0x0000000710e00000|  0%| F|  |TAMS 0x0000000710c00000| PB 0x0000000710c00000| Untracked |  0
|  135|0x0000000710e00000, 0x0000000710e00000, 0x0000000711000000|  0%| F|  |TAMS 0x0000000710e00000| PB 0x0000000710e00000| Untracked |  0
|  136|0x0000000711000000, 0x0000000711000000, 0x0000000711200000|  0%| F|  |TAMS 0x0000000711000000| PB 0x0000000711000000| Untracked |  0
|  137|0x0000000711200000, 0x0000000711200000, 0x0000000711400000|  0%| F|  |TAMS 0x0000000711200000| PB 0x0000000711200000| Untracked |  0
|  138|0x0000000711400000, 0x0000000711400000, 0x0000000711600000|  0%| F|  |TAMS 0x0000000711400000| PB 0x0000000711400000| Untracked |  0
|  139|0x0000000711600000, 0x0000000711600000, 0x0000000711800000|  0%| F|  |TAMS 0x0000000711600000| PB 0x0000000711600000| Untracked |  0
|  140|0x0000000711800000, 0x0000000711800000, 0x0000000711a00000|  0%| F|  |TAMS 0x0000000711800000| PB 0x0000000711800000| Untracked |  0
|  141|0x0000000711a00000, 0x0000000711a00000, 0x0000000711c00000|  0%| F|  |TAMS 0x0000000711a00000| PB 0x0000000711a00000| Untracked |  0
|  142|0x0000000711c00000, 0x0000000711c00000, 0x0000000711e00000|  0%| F|  |TAMS 0x0000000711c00000| PB 0x0000000711c00000| Untracked |  0
|  143|0x0000000711e00000, 0x0000000711e00000, 0x0000000712000000|  0%| F|  |TAMS 0x0000000711e00000| PB 0x0000000711e00000| Untracked |  0
|  144|0x0000000712000000, 0x0000000712000000, 0x0000000712200000|  0%| F|  |TAMS 0x0000000712000000| PB 0x0000000712000000| Untracked |  0
|  145|0x0000000712200000, 0x0000000712200000, 0x0000000712400000|  0%| F|  |TAMS 0x0000000712200000| PB 0x0000000712200000| Untracked |  0
|  146|0x0000000712400000, 0x0000000712400000, 0x0000000712600000|  0%| F|  |TAMS 0x0000000712400000| PB 0x0000000712400000| Untracked |  0
|  147|0x0000000712600000, 0x0000000712600000, 0x0000000712800000|  0%| F|  |TAMS 0x0000000712600000| PB 0x0000000712600000| Untracked |  0
|  148|0x0000000712800000, 0x0000000712800000, 0x0000000712a00000|  0%| F|  |TAMS 0x0000000712800000| PB 0x0000000712800000| Untracked |  0
|  149|0x0000000712a00000, 0x0000000712a00000, 0x0000000712c00000|  0%| F|  |TAMS 0x0000000712a00000| PB 0x0000000712a00000| Untracked |  0
|  150|0x0000000712c00000, 0x0000000712c00000, 0x0000000712e00000|  0%| F|  |TAMS 0x0000000712c00000| PB 0x0000000712c00000| Untracked |  0
|  151|0x0000000712e00000, 0x0000000712e00000, 0x0000000713000000|  0%| F|  |TAMS 0x0000000712e00000| PB 0x0000000712e00000| Untracked |  0
|  152|0x0000000713000000, 0x0000000713000000, 0x0000000713200000|  0%| F|  |TAMS 0x0000000713000000| PB 0x0000000713000000| Untracked |  0
|  153|0x0000000713200000, 0x0000000713200000, 0x0000000713400000|  0%| F|  |TAMS 0x0000000713200000| PB 0x0000000713200000| Untracked |  0
|  154|0x0000000713400000, 0x0000000713400000, 0x0000000713600000|  0%| F|  |TAMS 0x0000000713400000| PB 0x0000000713400000| Untracked |  0
|  155|0x0000000713600000, 0x0000000713600000, 0x0000000713800000|  0%| F|  |TAMS 0x0000000713600000| PB 0x0000000713600000| Untracked |  0
|  156|0x0000000713800000, 0x0000000713800000, 0x0000000713a00000|  0%| F|  |TAMS 0x0000000713800000| PB 0x0000000713800000| Untracked |  0
|  157|0x0000000713a00000, 0x0000000713a00000, 0x0000000713c00000|  0%| F|  |TAMS 0x0000000713a00000| PB 0x0000000713a00000| Untracked |  0
|  158|0x0000000713c00000, 0x0000000713c00000, 0x0000000713e00000|  0%| F|  |TAMS 0x0000000713c00000| PB 0x0000000713c00000| Untracked |  0
|  159|0x0000000713e00000, 0x0000000713e00000, 0x0000000714000000|  0%| F|  |TAMS 0x0000000713e00000| PB 0x0000000713e00000| Untracked |  0
|  160|0x0000000714000000, 0x0000000714000000, 0x0000000714200000|  0%| F|  |TAMS 0x0000000714000000| PB 0x0000000714000000| Untracked |  0
|  161|0x0000000714200000, 0x0000000714200000, 0x0000000714400000|  0%| F|  |TAMS 0x0000000714200000| PB 0x0000000714200000| Untracked |  0
|  162|0x0000000714400000, 0x0000000714400000, 0x0000000714600000|  0%| F|  |TAMS 0x0000000714400000| PB 0x0000000714400000| Untracked |  0
|  163|0x0000000714600000, 0x0000000714600000, 0x0000000714800000|  0%| F|  |TAMS 0x0000000714600000| PB 0x0000000714600000| Untracked |  0
|  164|0x0000000714800000, 0x0000000714800000, 0x0000000714a00000|  0%| F|  |TAMS 0x0000000714800000| PB 0x0000000714800000| Untracked |  0
|  165|0x0000000714a00000, 0x0000000714a00000, 0x0000000714c00000|  0%| F|  |TAMS 0x0000000714a00000| PB 0x0000000714a00000| Untracked |  0
|  166|0x0000000714c00000, 0x0000000714c00000, 0x0000000714e00000|  0%| F|  |TAMS 0x0000000714c00000| PB 0x0000000714c00000| Untracked |  0
|  167|0x0000000714e00000, 0x0000000714e00000, 0x0000000715000000|  0%| F|  |TAMS 0x0000000714e00000| PB 0x0000000714e00000| Untracked |  0
|  168|0x0000000715000000, 0x0000000715000000, 0x0000000715200000|  0%| F|  |TAMS 0x0000000715000000| PB 0x0000000715000000| Untracked |  0
|  169|0x0000000715200000, 0x0000000715200000, 0x0000000715400000|  0%| F|  |TAMS 0x0000000715200000| PB 0x0000000715200000| Untracked |  0
|  170|0x0000000715400000, 0x0000000715400000, 0x0000000715600000|  0%| F|  |TAMS 0x0000000715400000| PB 0x0000000715400000| Untracked |  0
|  171|0x0000000715600000, 0x0000000715600000, 0x0000000715800000|  0%| F|  |TAMS 0x0000000715600000| PB 0x0000000715600000| Untracked |  0
|  172|0x0000000715800000, 0x0000000715800000, 0x0000000715a00000|  0%| F|  |TAMS 0x0000000715800000| PB 0x0000000715800000| Untracked |  0
|  173|0x0000000715a00000, 0x0000000715a00000, 0x0000000715c00000|  0%| F|  |TAMS 0x0000000715a00000| PB 0x0000000715a00000| Untracked |  0
|  174|0x0000000715c00000, 0x0000000715c00000, 0x0000000715e00000|  0%| F|  |TAMS 0x0000000715c00000| PB 0x0000000715c00000| Untracked |  0
|  175|0x0000000715e00000, 0x0000000715e00000, 0x0000000716000000|  0%| F|  |TAMS 0x0000000715e00000| PB 0x0000000715e00000| Untracked |  0
|  176|0x0000000716000000, 0x0000000716000000, 0x0000000716200000|  0%| F|  |TAMS 0x0000000716000000| PB 0x0000000716000000| Untracked |  0
|  177|0x0000000716200000, 0x0000000716200000, 0x0000000716400000|  0%| F|  |TAMS 0x0000000716200000| PB 0x0000000716200000| Untracked |  0
|  178|0x0000000716400000, 0x0000000716400000, 0x0000000716600000|  0%| F|  |TAMS 0x0000000716400000| PB 0x0000000716400000| Untracked |  0
|  179|0x0000000716600000, 0x0000000716600000, 0x0000000716800000|  0%| F|  |TAMS 0x0000000716600000| PB 0x0000000716600000| Untracked |  0
|  180|0x0000000716800000, 0x0000000716800000, 0x0000000716a00000|  0%| F|  |TAMS 0x0000000716800000| PB 0x0000000716800000| Untracked |  0
|  181|0x0000000716a00000, 0x0000000716a00000, 0x0000000716c00000|  0%| F|  |TAMS 0x0000000716a00000| PB 0x0000000716a00000| Untracked |  0
|  182|0x0000000716c00000, 0x0000000716c00000, 0x0000000716e00000|  0%| F|  |TAMS 0x0000000716c00000| PB 0x0000000716c00000| Untracked |  0
|  183|0x0000000716e00000, 0x0000000716e00000, 0x0000000717000000|  0%| F|  |TAMS 0x0000000716e00000| PB 0x0000000716e00000| Untracked |  0
|  184|0x0000000717000000, 0x0000000717000000, 0x0000000717200000|  0%| F|  |TAMS 0x0000000717000000| PB 0x0000000717000000| Untracked |  0
|  185|0x0000000717200000, 0x0000000717200000, 0x0000000717400000|  0%| F|  |TAMS 0x0000000717200000| PB 0x0000000717200000| Untracked |  0
|  186|0x0000000717400000, 0x0000000717400000, 0x0000000717600000|  0%| F|  |TAMS 0x0000000717400000| PB 0x0000000717400000| Untracked |  0
|  187|0x0000000717600000, 0x0000000717600000, 0x0000000717800000|  0%| F|  |TAMS 0x0000000717600000| PB 0x0000000717600000| Untracked |  0
|  188|0x0000000717800000, 0x0000000717800000, 0x0000000717a00000|  0%| F|  |TAMS 0x0000000717800000| PB 0x0000000717800000| Untracked |  0
|  189|0x0000000717a00000, 0x0000000717a00000, 0x0000000717c00000|  0%| F|  |TAMS 0x0000000717a00000| PB 0x0000000717a00000| Untracked |  0
|  190|0x0000000717c00000, 0x0000000717c00000, 0x0000000717e00000|  0%| F|  |TAMS 0x0000000717c00000| PB 0x0000000717c00000| Untracked |  0
|  191|0x0000000717e00000, 0x0000000717e00000, 0x0000000718000000|  0%| F|  |TAMS 0x0000000717e00000| PB 0x0000000717e00000| Untracked |  0
|  192|0x0000000718000000, 0x0000000718000000, 0x0000000718200000|  0%| F|  |TAMS 0x0000000718000000| PB 0x0000000718000000| Untracked |  0
|  193|0x0000000718200000, 0x0000000718200000, 0x0000000718400000|  0%| F|  |TAMS 0x0000000718200000| PB 0x0000000718200000| Untracked |  0
|  194|0x0000000718400000, 0x0000000718400000, 0x0000000718600000|  0%| F|  |TAMS 0x0000000718400000| PB 0x0000000718400000| Untracked |  0
|  195|0x0000000718600000, 0x0000000718600000, 0x0000000718800000|  0%| F|  |TAMS 0x0000000718600000| PB 0x0000000718600000| Untracked |  0
|  196|0x0000000718800000, 0x0000000718800000, 0x0000000718a00000|  0%| F|  |TAMS 0x0000000718800000| PB 0x0000000718800000| Untracked |  0
|  197|0x0000000718a00000, 0x0000000718a00000, 0x0000000718c00000|  0%| F|  |TAMS 0x0000000718a00000| PB 0x0000000718a00000| Untracked |  0
|  198|0x0000000718c00000, 0x0000000718c00000, 0x0000000718e00000|  0%| F|  |TAMS 0x0000000718c00000| PB 0x0000000718c00000| Untracked |  0
|  199|0x0000000718e00000, 0x0000000718e00000, 0x0000000719000000|  0%| F|  |TAMS 0x0000000718e00000| PB 0x0000000718e00000| Untracked |  0
|  200|0x0000000719000000, 0x0000000719000000, 0x0000000719200000|  0%| F|  |TAMS 0x0000000719000000| PB 0x0000000719000000| Untracked |  0
|  201|0x0000000719200000, 0x0000000719200000, 0x0000000719400000|  0%| F|  |TAMS 0x0000000719200000| PB 0x0000000719200000| Untracked |  0
|  202|0x0000000719400000, 0x0000000719400000, 0x0000000719600000|  0%| F|  |TAMS 0x0000000719400000| PB 0x0000000719400000| Untracked |  0
|  203|0x0000000719600000, 0x0000000719600000, 0x0000000719800000|  0%| F|  |TAMS 0x0000000719600000| PB 0x0000000719600000| Untracked |  0
|  204|0x0000000719800000, 0x0000000719800000, 0x0000000719a00000|  0%| F|  |TAMS 0x0000000719800000| PB 0x0000000719800000| Untracked |  0
|  205|0x0000000719a00000, 0x0000000719a00000, 0x0000000719c00000|  0%| F|  |TAMS 0x0000000719a00000| PB 0x0000000719a00000| Untracked |  0
|  206|0x0000000719c00000, 0x0000000719c00000, 0x0000000719e00000|  0%| F|  |TAMS 0x0000000719c00000| PB 0x0000000719c00000| Untracked |  0
|  207|0x0000000719e00000, 0x0000000719e00000, 0x000000071a000000|  0%| F|  |TAMS 0x0000000719e00000| PB 0x0000000719e00000| Untracked |  0
|  208|0x000000071a000000, 0x000000071a000000, 0x000000071a200000|  0%| F|  |TAMS 0x000000071a000000| PB 0x000000071a000000| Untracked |  0
|  209|0x000000071a200000, 0x000000071a200000, 0x000000071a400000|  0%| F|  |TAMS 0x000000071a200000| PB 0x000000071a200000| Untracked |  0
|  210|0x000000071a400000, 0x000000071a400000, 0x000000071a600000|  0%| F|  |TAMS 0x000000071a400000| PB 0x000000071a400000| Untracked |  0
|  211|0x000000071a600000, 0x000000071a600000, 0x000000071a800000|  0%| F|  |TAMS 0x000000071a600000| PB 0x000000071a600000| Untracked |  0
|  212|0x000000071a800000, 0x000000071a800000, 0x000000071aa00000|  0%| F|  |TAMS 0x000000071a800000| PB 0x000000071a800000| Untracked |  0
|  213|0x000000071aa00000, 0x000000071aa00000, 0x000000071ac00000|  0%| F|  |TAMS 0x000000071aa00000| PB 0x000000071aa00000| Untracked |  0
|  214|0x000000071ac00000, 0x000000071ac00000, 0x000000071ae00000|  0%| F|  |TAMS 0x000000071ac00000| PB 0x000000071ac00000| Untracked |  0
|  215|0x000000071ae00000, 0x000000071ae00000, 0x000000071b000000|  0%| F|  |TAMS 0x000000071ae00000| PB 0x000000071ae00000| Untracked |  0
|  216|0x000000071b000000, 0x000000071b000000, 0x000000071b200000|  0%| F|  |TAMS 0x000000071b000000| PB 0x000000071b000000| Untracked |  0
|  217|0x000000071b200000, 0x000000071b200000, 0x000000071b400000|  0%| F|  |TAMS 0x000000071b200000| PB 0x000000071b200000| Untracked |  0
|  218|0x000000071b400000, 0x000000071b400000, 0x000000071b600000|  0%| F|  |TAMS 0x000000071b400000| PB 0x000000071b400000| Untracked |  0
|  219|0x000000071b600000, 0x000000071b600000, 0x000000071b800000|  0%| F|  |TAMS 0x000000071b600000| PB 0x000000071b600000| Untracked |  0
|  220|0x000000071b800000, 0x000000071b800000, 0x000000071ba00000|  0%| F|  |TAMS 0x000000071b800000| PB 0x000000071b800000| Untracked |  0
|  221|0x000000071ba00000, 0x000000071ba00000, 0x000000071bc00000|  0%| F|  |TAMS 0x000000071ba00000| PB 0x000000071ba00000| Untracked |  0
|  222|0x000000071bc00000, 0x000000071bc00000, 0x000000071be00000|  0%| F|  |TAMS 0x000000071bc00000| PB 0x000000071bc00000| Untracked |  0
|  223|0x000000071be00000, 0x000000071be00000, 0x000000071c000000|  0%| F|  |TAMS 0x000000071be00000| PB 0x000000071be00000| Untracked |  0
|  224|0x000000071c000000, 0x000000071c000000, 0x000000071c200000|  0%| F|  |TAMS 0x000000071c000000| PB 0x000000071c000000| Untracked |  0
|  225|0x000000071c200000, 0x000000071c200000, 0x000000071c400000|  0%| F|  |TAMS 0x000000071c200000| PB 0x000000071c200000| Untracked |  0
|  226|0x000000071c400000, 0x000000071c400000, 0x000000071c600000|  0%| F|  |TAMS 0x000000071c400000| PB 0x000000071c400000| Untracked |  0
|  227|0x000000071c600000, 0x000000071c600000, 0x000000071c800000|  0%| F|  |TAMS 0x000000071c600000| PB 0x000000071c600000| Untracked |  0
|  228|0x000000071c800000, 0x000000071c800000, 0x000000071ca00000|  0%| F|  |TAMS 0x000000071c800000| PB 0x000000071c800000| Untracked |  0
|  229|0x000000071ca00000, 0x000000071ca00000, 0x000000071cc00000|  0%| F|  |TAMS 0x000000071ca00000| PB 0x000000071ca00000| Untracked |  0
|  230|0x000000071cc00000, 0x000000071cc00000, 0x000000071ce00000|  0%| F|  |TAMS 0x000000071cc00000| PB 0x000000071cc00000| Untracked |  0
|  231|0x000000071ce00000, 0x000000071ce00000, 0x000000071d000000|  0%| F|  |TAMS 0x000000071ce00000| PB 0x000000071ce00000| Untracked |  0
|  232|0x000000071d000000, 0x000000071d000000, 0x000000071d200000|  0%| F|  |TAMS 0x000000071d000000| PB 0x000000071d000000| Untracked |  0
|  233|0x000000071d200000, 0x000000071d200000, 0x000000071d400000|  0%| F|  |TAMS 0x000000071d200000| PB 0x000000071d200000| Untracked |  0
|  234|0x000000071d400000, 0x000000071d400000, 0x000000071d600000|  0%| F|  |TAMS 0x000000071d400000| PB 0x000000071d400000| Untracked |  0
|  235|0x000000071d600000, 0x000000071d600000, 0x000000071d800000|  0%| F|  |TAMS 0x000000071d600000| PB 0x000000071d600000| Untracked |  0
|  236|0x000000071d800000, 0x000000071d800000, 0x000000071da00000|  0%| F|  |TAMS 0x000000071d800000| PB 0x000000071d800000| Untracked |  0
|  237|0x000000071da00000, 0x000000071da00000, 0x000000071dc00000|  0%| F|  |TAMS 0x000000071da00000| PB 0x000000071da00000| Untracked |  0
|  238|0x000000071dc00000, 0x000000071dc00000, 0x000000071de00000|  0%| F|  |TAMS 0x000000071dc00000| PB 0x000000071dc00000| Untracked |  0
|  239|0x000000071de00000, 0x000000071de00000, 0x000000071e000000|  0%| F|  |TAMS 0x000000071de00000| PB 0x000000071de00000| Untracked |  0
|  240|0x000000071e000000, 0x000000071e000000, 0x000000071e200000|  0%| F|  |TAMS 0x000000071e000000| PB 0x000000071e000000| Untracked |  0
|  241|0x000000071e200000, 0x000000071e200000, 0x000000071e400000|  0%| F|  |TAMS 0x000000071e200000| PB 0x000000071e200000| Untracked |  0
|  242|0x000000071e400000, 0x000000071e400000, 0x000000071e600000|  0%| F|  |TAMS 0x000000071e400000| PB 0x000000071e400000| Untracked |  0
|  243|0x000000071e600000, 0x000000071e600000, 0x000000071e800000|  0%| F|  |TAMS 0x000000071e600000| PB 0x000000071e600000| Untracked |  0
|  244|0x000000071e800000, 0x000000071e800000, 0x000000071ea00000|  0%| F|  |TAMS 0x000000071e800000| PB 0x000000071e800000| Untracked |  0
|  245|0x000000071ea00000, 0x000000071ea00000, 0x000000071ec00000|  0%| F|  |TAMS 0x000000071ea00000| PB 0x000000071ea00000| Untracked |  0
|  246|0x000000071ec00000, 0x000000071ec00000, 0x000000071ee00000|  0%| F|  |TAMS 0x000000071ec00000| PB 0x000000071ec00000| Untracked |  0
|  247|0x000000071ee00000, 0x000000071ee00000, 0x000000071f000000|  0%| F|  |TAMS 0x000000071ee00000| PB 0x000000071ee00000| Untracked |  0
|  248|0x000000071f000000, 0x000000071f000000, 0x000000071f200000|  0%| F|  |TAMS 0x000000071f000000| PB 0x000000071f000000| Untracked |  0
|  249|0x000000071f200000, 0x000000071f200000, 0x000000071f400000|  0%| F|  |TAMS 0x000000071f200000| PB 0x000000071f200000| Untracked |  0
|  250|0x000000071f400000, 0x000000071f400000, 0x000000071f600000|  0%| F|  |TAMS 0x000000071f400000| PB 0x000000071f400000| Untracked |  0
|  251|0x000000071f600000, 0x000000071f600000, 0x000000071f800000|  0%| F|  |TAMS 0x000000071f600000| PB 0x000000071f600000| Untracked |  0
|  252|0x000000071f800000, 0x000000071f800000, 0x000000071fa00000|  0%| F|  |TAMS 0x000000071f800000| PB 0x000000071f800000| Untracked |  0
|  253|0x000000071fa00000, 0x000000071fa00000, 0x000000071fc00000|  0%| F|  |TAMS 0x000000071fa00000| PB 0x000000071fa00000| Untracked |  0
|  254|0x000000071fc00000, 0x000000071fc00000, 0x000000071fe00000|  0%| F|  |TAMS 0x000000071fc00000| PB 0x000000071fc00000| Untracked |  0
|  255|0x000000071fe00000, 0x000000071fe00000, 0x0000000720000000|  0%| F|  |TAMS 0x000000071fe00000| PB 0x000000071fe00000| Untracked |  0
|  256|0x0000000720000000, 0x0000000720000000, 0x0000000720200000|  0%| F|  |TAMS 0x0000000720000000| PB 0x0000000720000000| Untracked |  0
|  257|0x0000000720200000, 0x0000000720200000, 0x0000000720400000|  0%| F|  |TAMS 0x0000000720200000| PB 0x0000000720200000| Untracked |  0
|  258|0x0000000720400000, 0x0000000720400000, 0x0000000720600000|  0%| F|  |TAMS 0x0000000720400000| PB 0x0000000720400000| Untracked |  0
|  259|0x0000000720600000, 0x0000000720600000, 0x0000000720800000|  0%| F|  |TAMS 0x0000000720600000| PB 0x0000000720600000| Untracked |  0
|  260|0x0000000720800000, 0x0000000720800000, 0x0000000720a00000|  0%| F|  |TAMS 0x0000000720800000| PB 0x0000000720800000| Untracked |  0
|  261|0x0000000720a00000, 0x0000000720a00000, 0x0000000720c00000|  0%| F|  |TAMS 0x0000000720a00000| PB 0x0000000720a00000| Untracked |  0
|  262|0x0000000720c00000, 0x0000000720c00000, 0x0000000720e00000|  0%| F|  |TAMS 0x0000000720c00000| PB 0x0000000720c00000| Untracked |  0
|  263|0x0000000720e00000, 0x0000000720e00000, 0x0000000721000000|  0%| F|  |TAMS 0x0000000720e00000| PB 0x0000000720e00000| Untracked |  0
|  264|0x0000000721000000, 0x0000000721000000, 0x0000000721200000|  0%| F|  |TAMS 0x0000000721000000| PB 0x0000000721000000| Untracked |  0
|  265|0x0000000721200000, 0x0000000721200000, 0x0000000721400000|  0%| F|  |TAMS 0x0000000721200000| PB 0x0000000721200000| Untracked |  0
|  266|0x0000000721400000, 0x0000000721400000, 0x0000000721600000|  0%| F|  |TAMS 0x0000000721400000| PB 0x0000000721400000| Untracked |  0
|  267|0x0000000721600000, 0x0000000721600000, 0x0000000721800000|  0%| F|  |TAMS 0x0000000721600000| PB 0x0000000721600000| Untracked |  0
|  268|0x0000000721800000, 0x0000000721800000, 0x0000000721a00000|  0%| F|  |TAMS 0x0000000721800000| PB 0x0000000721800000| Untracked |  0
|  269|0x0000000721a00000, 0x0000000721a00000, 0x0000000721c00000|  0%| F|  |TAMS 0x0000000721a00000| PB 0x0000000721a00000| Untracked |  0
|  270|0x0000000721c00000, 0x0000000721c00000, 0x0000000721e00000|  0%| F|  |TAMS 0x0000000721c00000| PB 0x0000000721c00000| Untracked |  0
|  271|0x0000000721e00000, 0x0000000721e00000, 0x0000000722000000|  0%| F|  |TAMS 0x0000000721e00000| PB 0x0000000721e00000| Untracked |  0
|  272|0x0000000722000000, 0x0000000722000000, 0x0000000722200000|  0%| F|  |TAMS 0x0000000722000000| PB 0x0000000722000000| Untracked |  0
|  273|0x0000000722200000, 0x0000000722200000, 0x0000000722400000|  0%| F|  |TAMS 0x0000000722200000| PB 0x0000000722200000| Untracked |  0
|  274|0x0000000722400000, 0x0000000722400000, 0x0000000722600000|  0%| F|  |TAMS 0x0000000722400000| PB 0x0000000722400000| Untracked |  0
|  275|0x0000000722600000, 0x0000000722600000, 0x0000000722800000|  0%| F|  |TAMS 0x0000000722600000| PB 0x0000000722600000| Untracked |  0
|  276|0x0000000722800000, 0x0000000722800000, 0x0000000722a00000|  0%| F|  |TAMS 0x0000000722800000| PB 0x0000000722800000| Untracked |  0
|  277|0x0000000722a00000, 0x0000000722a00000, 0x0000000722c00000|  0%| F|  |TAMS 0x0000000722a00000| PB 0x0000000722a00000| Untracked |  0
|  278|0x0000000722c00000, 0x0000000722c00000, 0x0000000722e00000|  0%| F|  |TAMS 0x0000000722c00000| PB 0x0000000722c00000| Untracked |  0
|  279|0x0000000722e00000, 0x0000000722e00000, 0x0000000723000000|  0%| F|  |TAMS 0x0000000722e00000| PB 0x0000000722e00000| Untracked |  0
|  280|0x0000000723000000, 0x0000000723000000, 0x0000000723200000|  0%| F|  |TAMS 0x0000000723000000| PB 0x0000000723000000| Untracked |  0
|  281|0x0000000723200000, 0x0000000723200000, 0x0000000723400000|  0%| F|  |TAMS 0x0000000723200000| PB 0x0000000723200000| Untracked |  0
|  282|0x0000000723400000, 0x0000000723400000, 0x0000000723600000|  0%| F|  |TAMS 0x0000000723400000| PB 0x0000000723400000| Untracked |  0
|  283|0x0000000723600000, 0x0000000723600000, 0x0000000723800000|  0%| F|  |TAMS 0x0000000723600000| PB 0x0000000723600000| Untracked |  0
|  284|0x0000000723800000, 0x0000000723800000, 0x0000000723a00000|  0%| F|  |TAMS 0x0000000723800000| PB 0x0000000723800000| Untracked |  0
|  285|0x0000000723a00000, 0x0000000723a00000, 0x0000000723c00000|  0%| F|  |TAMS 0x0000000723a00000| PB 0x0000000723a00000| Untracked |  0
|  286|0x0000000723c00000, 0x0000000723c00000, 0x0000000723e00000|  0%| F|  |TAMS 0x0000000723c00000| PB 0x0000000723c00000| Untracked |  0
|  287|0x0000000723e00000, 0x0000000723e00000, 0x0000000724000000|  0%| F|  |TAMS 0x0000000723e00000| PB 0x0000000723e00000| Untracked |  0
|  288|0x0000000724000000, 0x0000000724000000, 0x0000000724200000|  0%| F|  |TAMS 0x0000000724000000| PB 0x0000000724000000| Untracked |  0
|  289|0x0000000724200000, 0x0000000724200000, 0x0000000724400000|  0%| F|  |TAMS 0x0000000724200000| PB 0x0000000724200000| Untracked |  0
|  290|0x0000000724400000, 0x0000000724400000, 0x0000000724600000|  0%| F|  |TAMS 0x0000000724400000| PB 0x0000000724400000| Untracked |  0
|  291|0x0000000724600000, 0x0000000724600000, 0x0000000724800000|  0%| F|  |TAMS 0x0000000724600000| PB 0x0000000724600000| Untracked |  0
|  292|0x0000000724800000, 0x0000000724800000, 0x0000000724a00000|  0%| F|  |TAMS 0x0000000724800000| PB 0x0000000724800000| Untracked |  0
|  293|0x0000000724a00000, 0x0000000724a00000, 0x0000000724c00000|  0%| F|  |TAMS 0x0000000724a00000| PB 0x0000000724a00000| Untracked |  0
|  294|0x0000000724c00000, 0x0000000724c00000, 0x0000000724e00000|  0%| F|  |TAMS 0x0000000724c00000| PB 0x0000000724c00000| Untracked |  0
|  295|0x0000000724e00000, 0x0000000724e00000, 0x0000000725000000|  0%| F|  |TAMS 0x0000000724e00000| PB 0x0000000724e00000| Untracked |  0
|  296|0x0000000725000000, 0x0000000725000000, 0x0000000725200000|  0%| F|  |TAMS 0x0000000725000000| PB 0x0000000725000000| Untracked |  0
|  297|0x0000000725200000, 0x0000000725200000, 0x0000000725400000|  0%| F|  |TAMS 0x0000000725200000| PB 0x0000000725200000| Untracked |  0
|  298|0x0000000725400000, 0x0000000725400000, 0x0000000725600000|  0%| F|  |TAMS 0x0000000725400000| PB 0x0000000725400000| Untracked |  0
|  299|0x0000000725600000, 0x0000000725600000, 0x0000000725800000|  0%| F|  |TAMS 0x0000000725600000| PB 0x0000000725600000| Untracked |  0
|  300|0x0000000725800000, 0x0000000725800000, 0x0000000725a00000|  0%| F|  |TAMS 0x0000000725800000| PB 0x0000000725800000| Untracked |  0
|  301|0x0000000725a00000, 0x0000000725a00000, 0x0000000725c00000|  0%| F|  |TAMS 0x0000000725a00000| PB 0x0000000725a00000| Untracked |  0
|  302|0x0000000725c00000, 0x0000000725c00000, 0x0000000725e00000|  0%| F|  |TAMS 0x0000000725c00000| PB 0x0000000725c00000| Untracked |  0
|  303|0x0000000725e00000, 0x0000000725e00000, 0x0000000726000000|  0%| F|  |TAMS 0x0000000725e00000| PB 0x0000000725e00000| Untracked |  0
|  304|0x0000000726000000, 0x0000000726000000, 0x0000000726200000|  0%| F|  |TAMS 0x0000000726000000| PB 0x0000000726000000| Untracked |  0
|  305|0x0000000726200000, 0x0000000726200000, 0x0000000726400000|  0%| F|  |TAMS 0x0000000726200000| PB 0x0000000726200000| Untracked |  0
|  306|0x0000000726400000, 0x0000000726496b90, 0x0000000726600000| 29%| S|CS|TAMS 0x0000000726400000| PB 0x0000000726400000| Complete  |  0
|  307|0x0000000726600000, 0x0000000726800000, 0x0000000726800000|100%| S|CS|TAMS 0x0000000726600000| PB 0x0000000726600000| Complete  |  0
|  308|0x0000000726800000, 0x0000000726a00000, 0x0000000726a00000|100%| S|CS|TAMS 0x0000000726800000| PB 0x0000000726800000| Complete  |  0
|  309|0x0000000726a00000, 0x0000000726c00000, 0x0000000726c00000|100%| S|CS|TAMS 0x0000000726a00000| PB 0x0000000726a00000| Complete  |  0
|  310|0x0000000726c00000, 0x0000000726c00000, 0x0000000726e00000|  0%| F|  |TAMS 0x0000000726c00000| PB 0x0000000726c00000| Untracked |  0
|  311|0x0000000726e00000, 0x0000000726e00000, 0x0000000727000000|  0%| F|  |TAMS 0x0000000726e00000| PB 0x0000000726e00000| Untracked |  0
|  312|0x0000000727000000, 0x0000000727000000, 0x0000000727200000|  0%| F|  |TAMS 0x0000000727000000| PB 0x0000000727000000| Untracked |  0
|  313|0x0000000727200000, 0x0000000727200000, 0x0000000727400000|  0%| F|  |TAMS 0x0000000727200000| PB 0x0000000727200000| Untracked |  0
|  314|0x0000000727400000, 0x0000000727400000, 0x0000000727600000|  0%| F|  |TAMS 0x0000000727400000| PB 0x0000000727400000| Untracked |  0
|  315|0x0000000727600000, 0x0000000727600000, 0x0000000727800000|  0%| F|  |TAMS 0x0000000727600000| PB 0x0000000727600000| Untracked |  0
|  316|0x0000000727800000, 0x0000000727800000, 0x0000000727a00000|  0%| F|  |TAMS 0x0000000727800000| PB 0x0000000727800000| Untracked |  0
|  317|0x0000000727a00000, 0x0000000727a00000, 0x0000000727c00000|  0%| F|  |TAMS 0x0000000727a00000| PB 0x0000000727a00000| Untracked |  0
|  318|0x0000000727c00000, 0x0000000727c00000, 0x0000000727e00000|  0%| F|  |TAMS 0x0000000727c00000| PB 0x0000000727c00000| Untracked |  0
|  319|0x0000000727e00000, 0x0000000727e00000, 0x0000000728000000|  0%| F|  |TAMS 0x0000000727e00000| PB 0x0000000727e00000| Untracked |  0
|  320|0x0000000728000000, 0x0000000728000000, 0x0000000728200000|  0%| F|  |TAMS 0x0000000728000000| PB 0x0000000728000000| Untracked |  0
|  321|0x0000000728200000, 0x0000000728200000, 0x0000000728400000|  0%| F|  |TAMS 0x0000000728200000| PB 0x0000000728200000| Untracked |  0
|  322|0x0000000728400000, 0x0000000728400000, 0x0000000728600000|  0%| F|  |TAMS 0x0000000728400000| PB 0x0000000728400000| Untracked |  0
|  323|0x0000000728600000, 0x0000000728600000, 0x0000000728800000|  0%| F|  |TAMS 0x0000000728600000| PB 0x0000000728600000| Untracked |  0
|  324|0x0000000728800000, 0x0000000728800000, 0x0000000728a00000|  0%| F|  |TAMS 0x0000000728800000| PB 0x0000000728800000| Untracked |  0
|  325|0x0000000728a00000, 0x0000000728a00000, 0x0000000728c00000|  0%| F|  |TAMS 0x0000000728a00000| PB 0x0000000728a00000| Untracked |  0
|  326|0x0000000728c00000, 0x0000000728c00000, 0x0000000728e00000|  0%| F|  |TAMS 0x0000000728c00000| PB 0x0000000728c00000| Untracked |  0
|  327|0x0000000728e00000, 0x0000000728e00000, 0x0000000729000000|  0%| F|  |TAMS 0x0000000728e00000| PB 0x0000000728e00000| Untracked |  0
|  328|0x0000000729000000, 0x0000000729000000, 0x0000000729200000|  0%| F|  |TAMS 0x0000000729000000| PB 0x0000000729000000| Untracked |  0
|  329|0x0000000729200000, 0x0000000729200000, 0x0000000729400000|  0%| F|  |TAMS 0x0000000729200000| PB 0x0000000729200000| Untracked |  0
|  330|0x0000000729400000, 0x0000000729400000, 0x0000000729600000|  0%| F|  |TAMS 0x0000000729400000| PB 0x0000000729400000| Untracked |  0
|  331|0x0000000729600000, 0x0000000729600000, 0x0000000729800000|  0%| F|  |TAMS 0x0000000729600000| PB 0x0000000729600000| Untracked |  0
|  332|0x0000000729800000, 0x0000000729800000, 0x0000000729a00000|  0%| F|  |TAMS 0x0000000729800000| PB 0x0000000729800000| Untracked |  0
|  333|0x0000000729a00000, 0x0000000729a00000, 0x0000000729c00000|  0%| F|  |TAMS 0x0000000729a00000| PB 0x0000000729a00000| Untracked |  0
|  334|0x0000000729c00000, 0x0000000729c00000, 0x0000000729e00000|  0%| F|  |TAMS 0x0000000729c00000| PB 0x0000000729c00000| Untracked |  0
|  335|0x0000000729e00000, 0x0000000729e00000, 0x000000072a000000|  0%| F|  |TAMS 0x0000000729e00000| PB 0x0000000729e00000| Untracked |  0
|  336|0x000000072a000000, 0x000000072a000000, 0x000000072a200000|  0%| F|  |TAMS 0x000000072a000000| PB 0x000000072a000000| Untracked |  0
|  337|0x000000072a200000, 0x000000072a200000, 0x000000072a400000|  0%| F|  |TAMS 0x000000072a200000| PB 0x000000072a200000| Untracked |  0
|  338|0x000000072a400000, 0x000000072a400000, 0x000000072a600000|  0%| F|  |TAMS 0x000000072a400000| PB 0x000000072a400000| Untracked |  0
|  339|0x000000072a600000, 0x000000072a600000, 0x000000072a800000|  0%| F|  |TAMS 0x000000072a600000| PB 0x000000072a600000| Untracked |  0
|  340|0x000000072a800000, 0x000000072a800000, 0x000000072aa00000|  0%| F|  |TAMS 0x000000072a800000| PB 0x000000072a800000| Untracked |  0
|  341|0x000000072aa00000, 0x000000072aa00000, 0x000000072ac00000|  0%| F|  |TAMS 0x000000072aa00000| PB 0x000000072aa00000| Untracked |  0
|  342|0x000000072ac00000, 0x000000072ac00000, 0x000000072ae00000|  0%| F|  |TAMS 0x000000072ac00000| PB 0x000000072ac00000| Untracked |  0
|  343|0x000000072ae00000, 0x000000072ae00000, 0x000000072b000000|  0%| F|  |TAMS 0x000000072ae00000| PB 0x000000072ae00000| Untracked |  0
|  344|0x000000072b000000, 0x000000072b000000, 0x000000072b200000|  0%| F|  |TAMS 0x000000072b000000| PB 0x000000072b000000| Untracked |  0
|  345|0x000000072b200000, 0x000000072b200000, 0x000000072b400000|  0%| F|  |TAMS 0x000000072b200000| PB 0x000000072b200000| Untracked |  0
|  346|0x000000072b400000, 0x000000072b400000, 0x000000072b600000|  0%| F|  |TAMS 0x000000072b400000| PB 0x000000072b400000| Untracked |  0
|  347|0x000000072b600000, 0x000000072b600000, 0x000000072b800000|  0%| F|  |TAMS 0x000000072b600000| PB 0x000000072b600000| Untracked |  0
|  348|0x000000072b800000, 0x000000072b800000, 0x000000072ba00000|  0%| F|  |TAMS 0x000000072b800000| PB 0x000000072b800000| Untracked |  0
|  349|0x000000072ba00000, 0x000000072ba00000, 0x000000072bc00000|  0%| F|  |TAMS 0x000000072ba00000| PB 0x000000072ba00000| Untracked |  0
|  350|0x000000072bc00000, 0x000000072bc00000, 0x000000072be00000|  0%| F|  |TAMS 0x000000072bc00000| PB 0x000000072bc00000| Untracked |  0
|  351|0x000000072be00000, 0x000000072be00000, 0x000000072c000000|  0%| F|  |TAMS 0x000000072be00000| PB 0x000000072be00000| Untracked |  0
|  352|0x000000072c000000, 0x000000072c000000, 0x000000072c200000|  0%| F|  |TAMS 0x000000072c000000| PB 0x000000072c000000| Untracked |  0
| 2047|0x00000007ffe00000, 0x00000007ffe00000, 0x0000000800000000|  0%| F|  |TAMS 0x00000007ffe00000| PB 0x00000007ffe00000| Untracked |  0

Card table byte_map: [0x000001d4d0b80000,0x000001d4d1380000] _byte_map_base: 0x000001d4cd380000
Refinement table byte_map: [0x000001d4d0380000,0x000001d4d0b80000] _byte_map_base: 0x000001d4ccb80000

Marking Bits: (CMBitMap*) 0x000001d4b7acfe10
 Bits: [0x000001d4d1380000, 0x000001d4d5380000)

Polling page: 0x000001d4b58c0000

Metaspace:
Metaspace        used 70961K, committed 72512K, reserved 491520K
 class space     used 9856K, committed 10624K, reserved 425984K

Usage:
  Non-class:     59.67 MB used.
      Class:      9.63 MB used.
       Both:     69.30 MB used.

Virtual space:
  Non-class space:       64.00 MB reserved,      60.44 MB ( 94%) committed,  1 nodes.
      Class space:      416.00 MB reserved,      10.38 MB (  2%) committed,  1 nodes.
             Both:      480.00 MB reserved,      70.81 MB ( 15%) committed. 

Chunk freelists:
   Non-Class:  2.88 MB
       Class:  5.53 MB
        Both:  8.41 MB

MaxMetaspaceSize: 512.00 MB
CompressedClassSpaceSize: 416.00 MB
Initial GC threshold: 21.00 MB
Current GC threshold: 99.00 MB
CDS: on
 - commit_granule_bytes: 65536.
 - commit_granule_words: 8192.
 - virtual_space_node_default_size: 8388608.
 - enlarge_chunks_in_place: 1.
UseCompressedClassPointers 1, UseCompactObjectHeaders 0
Narrow klass pointer bits 32, Max shift 3
Narrow klass base: 0x0000000020000000, Narrow klass shift: 0
Encoding Range: [0x0000000020000000 - 0x0000000120000000), (4294967296 bytes)
Klass Range:    [0x0000000020000000 - 0x000000003b000000), (452984832 bytes)
Klass ID Range:  [8 - 452984825) (452984817)
Protection zone: [0x0000000020000000 - 0x0000000020010000), (65536 bytes)


Internal statistics:

num_allocs_failed_limit: 12.
num_arena_births: 2620.
num_arena_deaths: 0.
num_vsnodes_births: 2.
num_vsnodes_deaths: 0.
num_space_committed: 1133.
num_space_uncommitted: 0.
num_chunks_returned_to_freelist: 12.
num_chunks_taken_from_freelist: 5464.
num_chunk_merges: 9.
num_chunk_splits: 3872.
num_chunks_enlarged: 2782.
num_inconsistent_stats: 0.

CodeHeap 'non-profiled nmethods': size=120064Kb used=6033Kb max_used=6033Kb free=114031Kb
 bounds [0x000001d4c8200000, 0x000001d4c87f0000, 0x000001d4cf740000]
CodeHeap 'profiled nmethods': size=120064Kb used=15312Kb max_used=15312Kb free=104751Kb
 bounds [0x000001d4c0720000, 0x000001d4c1620000, 0x000001d4c7c60000]
CodeHeap 'non-nmethods': size=5760Kb used=2218Kb max_used=2338Kb free=3541Kb
 bounds [0x000001d4c7c60000, 0x000001d4c7ed0000, 0x000001d4c8200000]
CodeCache: size=245888Kb, used=23563Kb, max_used=23683Kb, free=222323Kb
 total_blobs=9574, nmethods=8721, adapters=757, full_count=0
Compilation: enabled, stopped_count=0, restarted_count=0

Compilation events (20 events):
Event: 400.416 Thread 0x000001d4d7d726d0 9391       3       java.util.concurrent.atomic.AtomicReferenceFieldUpdater$AtomicReferenceFieldUpdaterImpl::valueCheck (19 bytes)
Event: 400.419 Thread 0x000001d4d7d726d0 nmethod 9391 0x000001d4c1611c88 code [0x000001d4c1611d80, 0x000001d4c16120a0]
Event: 400.424 Thread 0x000001d4d7d6d1e0 9392   !   4       java.lang.invoke.MemberName$Factory::resolve (159 bytes)
Event: 400.436 Thread 0x000001d4d7d726d0 9393       3       org.jetbrains.kotlin.cli.jvm.compiler.jarfs.FastJarVirtualFile::getChildren (11 bytes)
Event: 400.438 Thread 0x000001d4d7d726d0 nmethod 9393 0x000001d4c1612108 code [0x000001d4c1612200, 0x000001d4c1612348]
Event: 400.450 Thread 0x000001d4d7d726d0 9394       3       org.jetbrains.kotlin.name.FqNameUnsafe::pathSegments$collectSegmentsOf (39 bytes)
Event: 400.456 Thread 0x000001d4d7d726d0 nmethod 9394 0x000001d4c1612408 code [0x000001d4c1612500, 0x000001d4c1612d98]
Event: 400.624 Thread 0x000001d4d7d6d1e0 nmethod 9392 0x000001d4c87e2d08 code [0x000001d4c87e2e00, 0x000001d4c87e38f0]
Event: 400.624 Thread 0x000001d4d7d6d1e0 9395       4       kotlin.collections.CollectionsKt__CollectionsKt::emptyList (7 bytes)
Event: 400.627 Thread 0x000001d4d7d6d1e0 nmethod 9395 0x000001d4c87e3908 code [0x000001d4c87e3a00, 0x000001d4c87e3a60]
Event: 400.703 Thread 0x000001d4d7d726d0 9396       3       java.text.StringCharacterIterator::current (37 bytes)
Event: 400.710 Thread 0x000001d4d7d726d0 nmethod 9396 0x000001d4c1612e08 code [0x000001d4c1612f00, 0x000001d4c16135f8]
Event: 400.710 Thread 0x000001d4d7d726d0 9397       3       java.text.StringCharacterIterator::next (46 bytes)
Event: 400.715 Thread 0x000001d4d7d726d0 nmethod 9397 0x000001d4c1613608 code [0x000001d4c1613700, 0x000001d4c1613dd8]
Event: 400.738 Thread 0x000001d4d7d6d1e0 9398       4       java.text.StringCharacterIterator::current (37 bytes)
Event: 400.760 Thread 0x000001d4d7d6d1e0 nmethod 9398 0x000001d4c87e3c08 code [0x000001d4c87e3d00, 0x000001d4c87e3e80]
Event: 400.760 Thread 0x000001d4d7d6d1e0 9399       4       sun.invoke.util.VerifyAccess::isClassAccessible (230 bytes)
Event: 400.804 Thread 0x000001d4d7d6d1e0 nmethod 9399 0x000001d4c87e3f08 code [0x000001d4c87e4000, 0x000001d4c87e4388]
Event: 401.214 Thread 0x000001d4d7d726d0 9400       3       kotlin.enums.EnumEntriesList::getSize (6 bytes)
Event: 401.216 Thread 0x000001d4d7d726d0 nmethod 9400 0x000001d4c1613e08 code [0x000001d4c1613f00, 0x000001d4c1614008]

GC Heap Usage History (20 events):
Event: 279.550 {heap After GC invocations=47 (full 0):
 garbage-first heap   total reserved 4194304K, committed 724992K, used 92261K [0x0000000700000000, 0x0000000800000000)
  region size 2M, 0 eden (0M), 3 survivor (6M), 38 old (76M), 5 humongous (10M), 308 free (616M)
}
Event: 292.920 {heap Before GC invocations=47 (full 0):
 garbage-first heap   total reserved 4194304K, committed 724992K, used 520293K [0x0000000700000000, 0x0000000800000000)
  region size 2M, 209 eden (418M), 3 survivor (6M), 38 old (76M), 5 humongous (10M), 99 free (198M)
}
Event: 293.060 {heap After GC invocations=48 (full 0):
 garbage-first heap   total reserved 4194304K, committed 724992K, used 97078K [0x0000000700000000, 0x0000000800000000)
  region size 2M, 0 eden (0M), 5 survivor (10M), 38 old (76M), 5 humongous (10M), 306 free (612M)
}
Event: 302.332 {heap Before GC invocations=48 (full 0):
 garbage-first heap   total reserved 4194304K, committed 724992K, used 389942K [0x0000000700000000, 0x0000000800000000)
  region size 2M, 143 eden (286M), 5 survivor (10M), 38 old (76M), 5 humongous (10M), 163 free (326M)
}
Event: 302.454 {heap After GC invocations=49 (full 0):
 garbage-first heap   total reserved 4194304K, committed 724992K, used 99680K [0x0000000700000000, 0x0000000800000000)
  region size 2M, 0 eden (0M), 6 survivor (12M), 38 old (76M), 5 humongous (10M), 305 free (610M)
}
Event: 307.406 {heap Before GC invocations=49 (full 0):
 garbage-first heap   total reserved 4194304K, committed 724992K, used 384352K [0x0000000700000000, 0x0000000800000000)
  region size 2M, 139 eden (278M), 6 survivor (12M), 38 old (76M), 5 humongous (10M), 166 free (332M)
}
Event: 307.565 {heap After GC invocations=50 (full 0):
 garbage-first heap   total reserved 4194304K, committed 724992K, used 104305K [0x0000000700000000, 0x0000000800000000)
  region size 2M, 0 eden (0M), 9 survivor (18M), 38 old (76M), 5 humongous (10M), 302 free (604M)
}
Event: 309.395 {heap Before GC invocations=50 (full 0):
 garbage-first heap   total reserved 4194304K, committed 724992K, used 196465K [0x0000000700000000, 0x0000000800000000)
  region size 2M, 45 eden (90M), 9 survivor (18M), 38 old (76M), 5 humongous (10M), 257 free (514M)
}
Event: 309.579 {heap After GC invocations=51 (full 0):
 garbage-first heap   total reserved 4194304K, committed 724992K, used 106330K [0x0000000700000000, 0x0000000800000000)
  region size 2M, 0 eden (0M), 5 survivor (10M), 43 old (86M), 5 humongous (10M), 301 free (602M)
}
Event: 319.717 {heap Before GC invocations=51 (full 0):
 garbage-first heap   total reserved 4194304K, committed 724992K, used 505690K [0x0000000700000000, 0x0000000800000000)
  region size 2M, 195 eden (390M), 5 survivor (10M), 43 old (86M), 5 humongous (10M), 106 free (212M)
}
Event: 319.854 {heap After GC invocations=52 (full 0):
 garbage-first heap   total reserved 4194304K, committed 724992K, used 109356K [0x0000000700000000, 0x0000000800000000)
  region size 2M, 0 eden (0M), 9 survivor (18M), 43 old (86M), 2 humongous (4M), 300 free (600M)
}
Event: 320.488 {heap Before GC invocations=52 (full 0):
 garbage-first heap   total reserved 4194304K, committed 724992K, used 135980K [0x0000000700000000, 0x0000000800000000)
  region size 2M, 13 eden (26M), 9 survivor (18M), 43 old (86M), 2 humongous (4M), 287 free (574M)
}
Event: 320.674 {heap After GC invocations=53 (full 0):
 garbage-first heap   total reserved 4194304K, committed 724992K, used 110164K [0x0000000700000000, 0x0000000800000000)
  region size 2M, 0 eden (0M), 1 survivor (2M), 51 old (102M), 2 humongous (4M), 300 free (600M)
}
Event: 335.255 {heap Before GC invocations=53 (full 0):
 garbage-first heap   total reserved 4194304K, committed 724992K, used 550484K [0x0000000700000000, 0x0000000800000000)
  region size 2M, 211 eden (422M), 1 survivor (2M), 51 old (102M), 7 humongous (14M), 84 free (168M)
}
Event: 335.373 {heap After GC invocations=54 (full 0):
 garbage-first heap   total reserved 4194304K, committed 724992K, used 111853K [0x0000000700000000, 0x0000000800000000)
  region size 2M, 0 eden (0M), 2 survivor (4M), 51 old (102M), 2 humongous (4M), 299 free (598M)
}
Event: 379.997 {heap Before GC invocations=54 (full 0):
 garbage-first heap   total reserved 4194304K, committed 724992K, used 519405K [0x0000000700000000, 0x0000000800000000)
  region size 2M, 196 eden (392M), 2 survivor (4M), 51 old (102M), 6 humongous (12M), 99 free (198M)
}
Event: 380.320 {heap After GC invocations=55 (full 0):
 garbage-first heap   total reserved 4194304K, committed 724992K, used 131848K [0x0000000700000000, 0x0000000800000000)
  region size 2M, 0 eden (0M), 12 survivor (24M), 51 old (102M), 2 humongous (4M), 289 free (578M)
}
Event: 384.044 {heap Before GC invocations=56 (full 0):
 garbage-first heap   total reserved 4194304K, committed 724992K, used 101128K [0x0000000700000000, 0x0000000800000000)
  region size 2M, 5 eden (10M), 12 survivor (24M), 31 old (62M), 2 humongous (4M), 304 free (608M)
}
Event: 384.401 {heap After GC invocations=57 (full 0):
 garbage-first heap   total reserved 4194304K, committed 724992K, used 91825K [0x0000000700000000, 0x0000000800000000)
  region size 2M, 0 eden (0M), 2 survivor (4M), 41 old (82M), 2 humongous (4M), 309 free (618M)
}
Event: 401.562 {heap Before GC invocations=57 (full 0):
 garbage-first heap   total reserved 4194304K, committed 724992K, used 175793K [0x0000000700000000, 0x0000000800000000)
  region size 2M, 42 eden (84M), 2 survivor (4M), 41 old (82M), 2 humongous (4M), 267 free (534M)
}

Metaspace Usage History (20 events):
Event: 279.550 {metaspace After GC invocations=47 (full 0):
 Metaspace       used 41638K, committed 43072K, reserved 491520K
  class space    used 5878K, committed 6592K, reserved 425984K
}
Event: 292.921 {metaspace Before GC invocations=47 (full 0):
 Metaspace       used 41647K, committed 43072K, reserved 491520K
  class space    used 5879K, committed 6592K, reserved 425984K
}
Event: 293.061 {metaspace After GC invocations=48 (full 0):
 Metaspace       used 41647K, committed 43072K, reserved 491520K
  class space    used 5879K, committed 6592K, reserved 425984K
}
Event: 302.332 {metaspace Before GC invocations=48 (full 0):
 Metaspace       used 41706K, committed 43136K, reserved 491520K
  class space    used 5880K, committed 6592K, reserved 425984K
}
Event: 302.454 {metaspace After GC invocations=49 (full 0):
 Metaspace       used 41706K, committed 43136K, reserved 491520K
  class space    used 5880K, committed 6592K, reserved 425984K
}
Event: 307.407 {metaspace Before GC invocations=49 (full 0):
 Metaspace       used 41706K, committed 43136K, reserved 491520K
  class space    used 5880K, committed 6592K, reserved 425984K
}
Event: 307.565 {metaspace After GC invocations=50 (full 0):
 Metaspace       used 41706K, committed 43136K, reserved 491520K
  class space    used 5880K, committed 6592K, reserved 425984K
}
Event: 309.395 {metaspace Before GC invocations=50 (full 0):
 Metaspace       used 41714K, committed 43136K, reserved 491520K
  class space    used 5880K, committed 6592K, reserved 425984K
}
Event: 309.579 {metaspace After GC invocations=51 (full 0):
 Metaspace       used 41714K, committed 43136K, reserved 491520K
  class space    used 5880K, committed 6592K, reserved 425984K
}
Event: 319.717 {metaspace Before GC invocations=51 (full 0):
 Metaspace       used 41768K, committed 43200K, reserved 491520K
  class space    used 5889K, committed 6592K, reserved 425984K
}
Event: 319.854 {metaspace After GC invocations=52 (full 0):
 Metaspace       used 41768K, committed 43200K, reserved 491520K
  class space    used 5889K, committed 6592K, reserved 425984K
}
Event: 320.488 {metaspace Before GC invocations=52 (full 0):
 Metaspace       used 41768K, committed 43200K, reserved 491520K
  class space    used 5889K, committed 6592K, reserved 425984K
}
Event: 320.674 {metaspace After GC invocations=53 (full 0):
 Metaspace       used 41768K, committed 43200K, reserved 491520K
  class space    used 5889K, committed 6592K, reserved 425984K
}
Event: 335.256 {metaspace Before GC invocations=53 (full 0):
 Metaspace       used 41847K, committed 43264K, reserved 491520K
  class space    used 5889K, committed 6592K, reserved 425984K
}
Event: 335.373 {metaspace After GC invocations=54 (full 0):
 Metaspace       used 41847K, committed 43264K, reserved 491520K
  class space    used 5889K, committed 6592K, reserved 425984K
}
Event: 379.998 {metaspace Before GC invocations=54 (full 0):
 Metaspace       used 58821K, committed 60288K, reserved 491520K
  class space    used 8557K, committed 9280K, reserved 425984K
}
Event: 380.321 {metaspace After GC invocations=55 (full 0):
 Metaspace       used 58821K, committed 60288K, reserved 491520K
  class space    used 8557K, committed 9280K, reserved 425984K
}
Event: 384.045 {metaspace Before GC invocations=56 (full 0):
 Metaspace       used 59905K, committed 61440K, reserved 491520K
  class space    used 8719K, committed 9472K, reserved 425984K
}
Event: 384.401 {metaspace After GC invocations=57 (full 0):
 Metaspace       used 59905K, committed 61440K, reserved 491520K
  class space    used 8719K, committed 9472K, reserved 425984K
}
Event: 401.562 {metaspace Before GC invocations=57 (full 0):
 Metaspace       used 70961K, committed 72512K, reserved 491520K
  class space    used 9856K, committed 10624K, reserved 425984K
}

Dll operation events (20 events):
Event: 1.259 Attempting to load shared library C:\Program Files\Java\jdk-26.0.1\bin\nio.dll
Event: 1.268 Loaded shared library C:\Program Files\Java\jdk-26.0.1\bin\nio.dll
Event: 1.309 Attempting to load shared library C:\Program Files\Java\jdk-26.0.1\bin\zip.dll
Event: 1.309 Loaded shared library C:\Program Files\Java\jdk-26.0.1\bin\zip.dll
Event: 4.905 Attempting to load shared library C:\Program Files\Java\jdk-26.0.1\bin\jimage.dll
Event: 4.905 Loaded shared library C:\Program Files\Java\jdk-26.0.1\bin\jimage.dll
Event: 8.564 Attempting to load shared library C:\Program Files\Java\jdk-26.0.1\bin\verify.dll
Event: 8.572 Loaded shared library C:\Program Files\Java\jdk-26.0.1\bin\verify.dll
Event: 8.913 Attempting to load shared library C:\Users\lenovo\.gradle\native\660c5614fbf4a5f2a75b1949f50a0caf5cd603558e7d8a26e50b933a0cfb79d1\windows-amd64\native-platform.dll
Event: 8.924 Loaded shared library C:\Users\lenovo\.gradle\native\660c5614fbf4a5f2a75b1949f50a0caf5cd603558e7d8a26e50b933a0cfb79d1\windows-amd64\native-platform.dll
Event: 9.082 Attempting to load shared library C:\Users\lenovo\.gradle\native\0.2.8\x86_64-windows-gnu\gradle-fileevents.dll
Event: 9.108 Loaded shared library C:\Users\lenovo\.gradle\native\0.2.8\x86_64-windows-gnu\gradle-fileevents.dll
Event: 22.657 Attempting to load shared library C:\Program Files\Java\jdk-26.0.1\bin\management.dll
Event: 22.667 Loaded shared library C:\Program Files\Java\jdk-26.0.1\bin\management.dll
Event: 22.692 Attempting to load shared library C:\Program Files\Java\jdk-26.0.1\bin\management_ext.dll
Event: 22.706 Loaded shared library C:\Program Files\Java\jdk-26.0.1\bin\management_ext.dll
Event: 24.714 Attempting to load shared library C:\Program Files\Java\jdk-26.0.1\bin\extnet.dll
Event: 24.722 Loaded shared library C:\Program Files\Java\jdk-26.0.1\bin\extnet.dll
Event: 27.466 Attempting to load shared library C:\Program Files\Java\jdk-26.0.1\bin\sunmscapi.dll
Event: 27.570 Loaded shared library C:\Program Files\Java\jdk-26.0.1\bin\sunmscapi.dll

Deoptimization events (20 events):
Event: 389.708 Thread 0x000001d4dd087f50 Uncommon trap: trap_request=0xffffffc6 fr.pc=0x000001d4c873860c relative=0x0000000000002f0c
Event: 389.708 Thread 0x000001d4dd087f50 Uncommon trap: reason=bimorphic_or_optimized_type_check action=maybe_recompile pc=0x000001d4c873860c method=org.jetbrains.kotlin.protobuf.CodedInputStream.tryRefillBuffer(I)Z @ 173 c2
Event: 389.708 Thread 0x000001d4dd087f50 DEOPT PACKING pc=0x000001d4c873860c sp=0x0000001919df4430
Event: 389.709 Thread 0x000001d4dd087f50 DEOPT UNPACKING pc=0x000001d4c7d92c02 sp=0x0000001919df4298 mode 2
Event: 395.524 Thread 0x000001d4dd087f50 Uncommon trap: trap_request=0xffffff45 fr.pc=0x000001d4c8600774 relative=0x0000000000000ef4
Event: 395.524 Thread 0x000001d4dd087f50 Uncommon trap: reason=unstable_if action=reinterpret pc=0x000001d4c8600774 method=org.jetbrains.kotlin.name.FqName.parent()Lorg/jetbrains/kotlin/name/FqName; @ 6 c2
Event: 395.525 Thread 0x000001d4dd087f50 DEOPT PACKING pc=0x000001d4c8600774 sp=0x0000001919df3bd0
Event: 395.525 Thread 0x000001d4dd087f50 DEOPT UNPACKING pc=0x000001d4c7d92c02 sp=0x0000001919df3bc8 mode 2
Event: 399.293 Thread 0x000001d4dd087f50 Uncommon trap: trap_request=0xffffff6e fr.pc=0x000001d4c867853c relative=0x000000000000103c
Event: 399.293 Thread 0x000001d4dd087f50 Uncommon trap: reason=predicate action=maybe_recompile pc=0x000001d4c867853c method=org.jetbrains.org.objectweb.asm.ClassReader.readField(Lorg/jetbrains/org/objectweb/asm/ClassVisitor;Lorg/jetbrains/org/objectweb/asm/Context;I)I @ 431 c2
Event: 399.293 Thread 0x000001d4dd087f50 DEOPT PACKING pc=0x000001d4c867853c sp=0x0000001919df40a0
Event: 399.293 Thread 0x000001d4dd087f50 DEOPT UNPACKING pc=0x000001d4c7d92c02 sp=0x0000001919df4028 mode 2
Event: 400.087 Thread 0x000001d4dd087f50 Uncommon trap: trap_request=0xffffffde fr.pc=0x000001d4c87e0340 relative=0x0000000000000dc0
Event: 400.087 Thread 0x000001d4dd087f50 Uncommon trap: reason=class_check action=maybe_recompile pc=0x000001d4c87e0340 method=org.jetbrains.org.objectweb.asm.ClassReader.readElementValue(Lorg/jetbrains/org/objectweb/asm/AnnotationVisitor;ILjava/lang/String;[C)I @ 536 c2
Event: 400.087 Thread 0x000001d4dd087f50 DEOPT PACKING pc=0x000001d4c87e0340 sp=0x0000001919df4870
Event: 400.087 Thread 0x000001d4dd087f50 DEOPT UNPACKING pc=0x000001d4c7d92c02 sp=0x0000001919df47c0 mode 2
Event: 400.305 Thread 0x000001d4dd087f50 Uncommon trap: trap_request=0xffffff45 fr.pc=0x000001d4c86e7f60 relative=0x00000000000001e0
Event: 400.305 Thread 0x000001d4dd087f50 Uncommon trap: reason=unstable_if action=reinterpret pc=0x000001d4c86e7f60 method=org.jetbrains.kotlin.name.FqName.equals(Ljava/lang/Object;)Z @ 2 c2
Event: 400.305 Thread 0x000001d4dd087f50 DEOPT PACKING pc=0x000001d4c86e7f60 sp=0x0000001919df42a0
Event: 400.305 Thread 0x000001d4dd087f50 DEOPT UNPACKING pc=0x000001d4c7d92c02 sp=0x0000001919df4238 mode 2

Classes loaded (20 events):
Event: 374.774 Loading class java/beans/ChangeListenerMap done
Event: 374.774 Loading class java/beans/PropertyChangeSupport$PropertyChangeListenerMap done
Event: 374.775 Loading class java/beans/PropertyChangeListener
Event: 374.776 Loading class java/beans/PropertyChangeListener done
Event: 378.479 Loading class java/util/regex/Pattern$Bound
Event: 378.481 Loading class java/util/regex/Pattern$Bound done
Event: 378.490 Loading class java/util/regex/Pattern$LookBehindEndNode
Event: 378.491 Loading class java/util/regex/Pattern$LookBehindEndNode done
Event: 378.492 Loading class java/util/regex/Pattern$NotBehind
Event: 378.494 Loading class java/util/regex/Pattern$NotBehind done
Event: 379.346 Loading class java/util/function/IntUnaryOperator
Event: 379.348 Loading class java/util/function/IntUnaryOperator done
Event: 379.435 Loading class java/io/NotSerializableException
Event: 379.436 Loading class java/io/NotSerializableException done
Event: 396.971 Loading class java/util/AbstractList$ListItr
Event: 396.973 Loading class java/util/AbstractList$ListItr done
Event: 400.555 Loading class java/text/StringCharacterIterator
Event: 400.558 Loading class java/text/CharacterIterator
Event: 400.560 Loading class java/text/CharacterIterator done
Event: 400.560 Loading class java/text/StringCharacterIterator done

Classes unloaded (0 events):
No events

Classes redefined (0 events):
No events

Internal exceptions (20 events):
Event: 363.178 Thread 0x000001d4dd087f50 Exception <a 'java/lang/NoSuchMethodError'{0x000000071abd6a98}: 'long java.lang.invoke.Invokers$Holder.invokeExact_MT(java.lang.Object, java.lang.Object, java.lang.Object)'> (0x000000071abd6a98) 
thrown [s\open\src\hotspot\share\interpreter\linkResolver.cpp, line 804]
Event: 363.310 Thread 0x000001d4dd087f50 Exception <a 'java/lang/NoSuchMethodError'{0x000000071a805940}: 'int java.lang.invoke.Invokers$Holder.invokeExact_MT(java.lang.Object, java.lang.Object, java.lang.Object)'> (0x000000071a805940) 
thrown [s\open\src\hotspot\share\interpreter\linkResolver.cpp, line 804]
Event: 363.875 Thread 0x000001d4dd087f50 Exception <a 'java/lang/NoSuchMethodError'{0x000000071a6cd130}: 'java.lang.Object java.lang.invoke.DirectMethodHandle$Holder.invokeStatic(java.lang.Object, java.lang.Object, int, java.lang.Object, int)'> (0x000000071a6cd130) 
thrown [s\open\src\hotspot\share\interpreter\linkResolver.cpp, line 804]
Event: 368.235 Thread 0x000001d4dd087f50 Implicit null exception at 0x000001d4c874fd9a to 0x000001d4c874ff5c
Event: 370.050 Thread 0x000001d4dd087f50 Implicit null exception at 0x000001d4c8303481 to 0x000001d4c8303794
Event: 370.080 Thread 0x000001d4dd087f50 Exception <a 'java/lang/NoSuchMethodError'{0x0000000718991280}: 'java.lang.Object java.lang.invoke.DirectMethodHandle$Holder.invokeStatic(java.lang.Object, java.lang.Object, java.lang.Object, java.lang.Object, int)'> (0x0000000718991280) 
thrown [s\open\src\hotspot\share\interpreter\linkResolver.cpp, line 804]
Event: 370.091 Thread 0x000001d4dd087f50 Exception <a 'java/lang/NoSuchMethodError'{0x00000007189a37f0}: 'long java.lang.invoke.DirectMethodHandle$Holder.invokeStatic(java.lang.Object, java.lang.Object, int)'> (0x00000007189a37f0) 
thrown [s\open\src\hotspot\share\interpreter\linkResolver.cpp, line 804]
Event: 370.098 Thread 0x000001d4dd087f50 Exception <a 'java/lang/NoSuchMethodError'{0x00000007189b5258}: 'long java.lang.invoke.DelegatingMethodHandle$Holder.reinvoke_L(java.lang.Object, java.lang.Object, int)'> (0x00000007189b5258) 
thrown [s\open\src\hotspot\share\interpreter\linkResolver.cpp, line 804]
Event: 370.107 Thread 0x000001d4dd087f50 Exception <a 'java/lang/NoSuchMethodError'{0x00000007189cef88}: 'java.lang.Object java.lang.invoke.DelegatingMethodHandle$Holder.reinvoke_L(java.lang.Object, int, long, java.lang.Object, java.lang.Object, int, java.lang.Object)'> (0x00000007189cef88) 
thrown [s\open\src\hotspot\share\interpreter\linkResolver.cpp, line 804]
Event: 373.319 Thread 0x000001d4dd087f50 Exception <a 'java/lang/NoSuchMethodError'{0x00000007179c3388}: 'java.lang.Object java.lang.invoke.Invokers$Holder.invokeExact_MT(java.lang.Object, java.lang.Object, long, java.lang.Object)'> (0x00000007179c3388) 
thrown [s\open\src\hotspot\share\interpreter\linkResolver.cpp, line 804]
Event: 374.920 Thread 0x000001d4dd087f50 Exception <a 'java/lang/NoSuchMethodError'{0x0000000716e0b230}: 'java.lang.Object java.lang.invoke.DirectMethodHandle$Holder.invokeStatic(java.lang.Object, java.lang.Object, long, long)'> (0x0000000716e0b230) 
thrown [s\open\src\hotspot\share\interpreter\linkResolver.cpp, line 804]
Event: 375.008 Thread 0x000001d4dd087f50 Exception <a 'java/lang/NoSuchMethodError'{0x0000000716e6d0a0}: 'java.lang.Object java.lang.invoke.DirectMethodHandle$Holder.newInvokeSpecial(java.lang.Object, java.lang.Object, java.lang.Object, long)'> (0x0000000716e6d0a0) 
thrown [s\open\src\hotspot\share\interpreter\linkResolver.cpp, line 804]
Event: 375.014 Thread 0x000001d4dd087f50 Exception <a 'java/lang/NoSuchMethodError'{0x0000000716e76898}: 'java.lang.Object java.lang.invoke.Invokers$Holder.linkToTargetMethod(java.lang.Object, java.lang.Object, long, java.lang.Object)'> (0x0000000716e76898) 
thrown [s\open\src\hotspot\share\interpreter\linkResolver.cpp, line 804]
Event: 377.625 Thread 0x000001d4dd087f50 Implicit null exception at 0x000001d4c87aec84 to 0x000001d4c87af090
Event: 398.933 Thread 0x000001d4dd087f50 Exception <a 'java/lang/NoSuchMethodError'{0x0000000727930848}: 'java.lang.Object java.lang.invoke.DirectMethodHandle$Holder.newInvokeSpecial(java.lang.Object, java.lang.Object, java.lang.Object, int, java.lang.Object)'> (0x0000000727930848) 
thrown [s\open\src\hotspot\share\interpreter\linkResolver.cpp, line 804]
Event: 398.939 Thread 0x000001d4dd087f50 Exception <a 'java/lang/NoSuchMethodError'{0x000000072793a950}: 'java.lang.Object java.lang.invoke.DirectMethodHandle$Holder.invokeSpecial(java.lang.Object, java.lang.Object, java.lang.Object, java.lang.Object, int, java.lang.Object)'> (0x000000072793a950) 
thrown [s\open\src\hotspot\share\interpreter\linkResolver.cpp, line 804]
Event: 398.945 Thread 0x000001d4dd087f50 Exception <a 'java/lang/NoSuchMethodError'{0x00000007279442e0}: 'java.lang.Object java.lang.invoke.Invokers$Holder.linkToTargetMethod(java.lang.Object, java.lang.Object, int, java.lang.Object, java.lang.Object)'> (0x00000007279442e0) 
thrown [s\open\src\hotspot\share\interpreter\linkResolver.cpp, line 804]
Event: 399.473 Thread 0x000001d4dd087f50 Exception <a 'java/lang/NoSuchMethodError'{0x00000007277c5168}: 'java.lang.Object java.lang.invoke.DirectMethodHandle$Holder.newInvokeSpecial(java.lang.Object, java.lang.Object, java.lang.Object, java.lang.Object, int)'> (0x00000007277c5168) 
thrown [s\open\src\hotspot\share\interpreter\linkResolver.cpp, line 804]
Event: 399.478 Thread 0x000001d4dd087f50 Exception <a 'java/lang/NoSuchMethodError'{0x00000007277cf5f0}: 'java.lang.Object java.lang.invoke.DirectMethodHandle$Holder.invokeSpecial(java.lang.Object, java.lang.Object, java.lang.Object, java.lang.Object, java.lang.Object, int)'> (0x00000007277cf5f0) 
thrown [s\open\src\hotspot\share\interpreter\linkResolver.cpp, line 804]
Event: 399.481 Thread 0x000001d4dd087f50 Exception <a 'java/lang/NoSuchMethodError'{0x00000007277d8f80}: 'java.lang.Object java.lang.invoke.Invokers$Holder.linkToTargetMethod(java.lang.Object, java.lang.Object, java.lang.Object, int, java.lang.Object)'> (0x00000007277d8f80) 
thrown [s\open\src\hotspot\share\interpreter\linkResolver.cpp, line 804]

VM Operations (20 events):
Event: 380.323 Executing safepoint VM operation: CollectForMetadataAllocation (Metadata GC Threshold) done
Event: 380.995 Executing safepoint VM operation: CollectForMetadataAllocation (Metadata GC Threshold)
Event: 381.027 Executing safepoint VM operation: CollectForMetadataAllocation (Metadata GC Threshold) done
Event: 381.329 Executing non-safepoint VM operation: HandshakeAllThreads (Deoptimize)
Event: 381.335 Executing non-safepoint VM operation: HandshakeAllThreads (Deoptimize) done
Event: 381.399 Executing safepoint VM operation: G1PauseRemark
Event: 381.705 Executing safepoint VM operation: G1PauseRemark done
Event: 381.894 Executing safepoint VM operation: G1PauseCleanup
Event: 381.906 Executing safepoint VM operation: G1PauseCleanup done
Event: 384.034 Executing safepoint VM operation: G1CollectForAllocation (G1 Evacuation Pause)
Event: 384.401 Executing safepoint VM operation: G1CollectForAllocation (G1 Evacuation Pause) done
Event: 389.257 Executing non-safepoint VM operation: HandshakeAllThreads (Deoptimize)
Event: 389.258 Executing non-safepoint VM operation: HandshakeAllThreads (Deoptimize) done
Event: 396.994 Executing non-safepoint VM operation: HandshakeAllThreads (Deoptimize)
Event: 396.995 Executing non-safepoint VM operation: HandshakeAllThreads (Deoptimize) done
Event: 399.290 Executing non-safepoint VM operation: HandshakeAllThreads (Deoptimize)
Event: 399.291 Executing non-safepoint VM operation: HandshakeAllThreads (Deoptimize) done
Event: 400.083 Executing non-safepoint VM operation: HandshakeAllThreads (Deoptimize)
Event: 400.084 Executing non-safepoint VM operation: HandshakeAllThreads (Deoptimize) done
Event: 401.562 Executing safepoint VM operation: G1CollectForAllocation (G1 Evacuation Pause)

Memory protections (0 events):
No events

Nmethod flushes (20 events):
Event: 381.619 Thread 0x000001d4d7d43300 flushing  nmethod 0x000001d4c084e088
Event: 381.619 Thread 0x000001d4d7d43300 flushing  nmethod 0x000001d4c0852788
Event: 381.619 Thread 0x000001d4d7d43300 flushing  nmethod 0x000001d4c0852d08
Event: 381.619 Thread 0x000001d4d7d43300 flushing  nmethod 0x000001d4c08a0b08
Event: 381.619 Thread 0x000001d4d7d43300 flushing  nmethod 0x000001d4c08a8008
Event: 381.619 Thread 0x000001d4d7d43300 flushing  nmethod 0x000001d4c0984208
Event: 381.624 Thread 0x000001d4d7d43300 flushing  nmethod 0x000001d4c09c9c08
Event: 381.624 Thread 0x000001d4d7d43300 flushing  nmethod 0x000001d4c09fc288
Event: 381.624 Thread 0x000001d4d7d43300 flushing  nmethod 0x000001d4c0bd9388
Event: 381.624 Thread 0x000001d4d7d43300 flushing  nmethod 0x000001d4c0c3b288
Event: 381.624 Thread 0x000001d4d7d43300 flushing  nmethod 0x000001d4c0c41f88
Event: 381.624 Thread 0x000001d4d7d43300 flushing  nmethod 0x000001d4c0d6f308
Event: 381.624 Thread 0x000001d4d7d43300 flushing  nmethod 0x000001d4c0d6f688
Event: 381.624 Thread 0x000001d4d7d43300 flushing  nmethod 0x000001d4c0d72388
Event: 381.624 Thread 0x000001d4d7d43300 flushing  nmethod 0x000001d4c07bcc88
Event: 381.624 Thread 0x000001d4d7d43300 flushing  nmethod 0x000001d4c0944e08
Event: 381.624 Thread 0x000001d4d7d43300 flushing osr nmethod 0x000001d4c0a9c108
Event: 381.628 Thread 0x000001d4d7d43300 flushing  nmethod 0x000001d4c0b24588
Event: 381.628 Thread 0x000001d4d7d43300 flushing  nmethod 0x000001d4c0c6e088
Event: 381.629 Thread 0x000001d4d7d43300 flushing  nmethod 0x000001d4c0d42a08

Events (20 events):
Event: 35.039 Thread 0x000001d4d7d726d0 Thread added: 0x000001d4d7d77770
Event: 35.113 Thread 0x000001d4dd087f50 Thread added: 0x000001d4de4bfef0
Event: 46.098 Thread 0x000001d4d7d77770 Thread exited: 0x000001d4d7d77770
Event: 47.803 Thread 0x000001d4dd087f50 Thread added: 0x000001d4de4bc070
Event: 47.956 Thread 0x000001d4dd087f50 Thread added: 0x000001d4de4c1660
Event: 50.553 Thread 0x000001d4dd087f50 Thread added: 0x000001d4de4c2dd0
Event: 50.631 Thread 0x000001d4dd087f50 Thread added: 0x000001d4df54c800
Event: 52.138 Thread 0x000001d4dd087f50 Thread added: 0x000001d4df54c030
Event: 52.985 Thread 0x000001d4dd087f50 Thread added: 0x000001d4df54d7a0
Event: 56.285 Thread 0x000001d4dd087f50 Thread added: 0x000001d4df54df70
Event: 57.044 Thread 0x000001d4dd087f50 Thread added: 0x000001d4df54ef10
Event: 94.390 Thread 0x000001d4d7d726d0 Thread added: 0x000001d4de66d8c0
Event: 145.311 Thread 0x000001d4de66d8c0 Thread exited: 0x000001d4de66d8c0
Event: 199.265 Thread 0x000001d4d7d6d1e0 Thread added: 0x000001d4de672150
Event: 199.883 Thread 0x000001d4de672150 Thread exited: 0x000001d4de672150
Event: 208.673 Thread 0x000001d4d7d726d0 Thread added: 0x000001d4de671130
Event: 209.633 Thread 0x000001d4de671130 Thread exited: 0x000001d4de671130
Event: 245.244 Thread 0x000001d4dd087f50 Thread added: 0x000001d4dcc5d140
Event: 273.141 Thread 0x000001d4d7d726d0 Thread added: 0x000001d4d7d77770
Event: 318.335 Thread 0x000001d4d7d77770 Thread exited: 0x000001d4d7d77770


Dynamic libraries:
0x00007ff602560000 - 0x00007ff602570000 	C:\Program Files\Java\jdk-26.0.1\bin\java.exe
0x00007ffe31ca0000 - 0x00007ffe31f06000 	C:\WINDOWS\SYSTEM32\ntdll.dll
0x00007ffe30f60000 - 0x00007ffe31029000 	C:\WINDOWS\System32\KERNEL32.DLL
0x00007ffe2f3b0000 - 0x00007ffe2f7b0000 	C:\WINDOWS\System32\KERNELBASE.dll
0x00007ffe2f7c0000 - 0x00007ffe2f90c000 	C:\WINDOWS\System32\ucrtbase.dll
0x00007ffe17e50000 - 0x00007ffe17e67000 	C:\Program Files\Java\jdk-26.0.1\bin\jli.dll
0x00007ffe29760000 - 0x00007ffe2977e000 	C:\Program Files\Java\jdk-26.0.1\bin\VCRUNTIME140.dll
0x00007ffe317e0000 - 0x00007ffe319a7000 	C:\WINDOWS\System32\USER32.dll
0x00007ffe2eec0000 - 0x00007ffe2eee7000 	C:\WINDOWS\System32\win32u.dll
0x00007ffe19f80000 - 0x00007ffe1a212000 	C:\WINDOWS\WinSxS\amd64_microsoft.windows.common-controls_6595b64144ccf1df_6.0.26100.8737_none_3e092eaee333b772\COMCTL32.dll
0x00007ffe31730000 - 0x00007ffe317d9000 	C:\WINDOWS\System32\msvcrt.dll
0x00007ffe319b0000 - 0x00007ffe319db000 	C:\WINDOWS\System32\GDI32.dll
0x00007ffe2eef0000 - 0x00007ffe2f019000 	C:\WINDOWS\System32\gdi32full.dll
0x00007ffe2f920000 - 0x00007ffe2f9c3000 	C:\WINDOWS\System32\msvcp_win.dll
0x00007ffe30bf0000 - 0x00007ffe30c22000 	C:\WINDOWS\System32\IMM32.DLL
0x00007ffe2b710000 - 0x00007ffe2b71c000 	C:\Program Files\Java\jdk-26.0.1\bin\vcruntime140_1.dll
0x00007ffde17d0000 - 0x00007ffde185d000 	C:\Program Files\Java\jdk-26.0.1\bin\msvcp140.dll
0x00007ffd95e60000 - 0x00007ffd96d2e000 	C:\Program Files\Java\jdk-26.0.1\bin\server\jvm.dll
0x00007ffe30ea0000 - 0x00007ffe30f57000 	C:\WINDOWS\System32\ADVAPI32.dll
0x00007ffe314f0000 - 0x00007ffe3159a000 	C:\WINDOWS\System32\sechost.dll
0x00007ffe313d0000 - 0x00007ffe314e8000 	C:\WINDOWS\System32\RPCRT4.dll
0x00007ffe316a0000 - 0x00007ffe31720000 	C:\WINDOWS\System32\WS2_32.dll
0x00007ffe2ed20000 - 0x00007ffe2ed7e000 	C:\WINDOWS\SYSTEM32\POWRPROF.dll
0x00007ffe25d10000 - 0x00007ffe25d46000 	C:\WINDOWS\SYSTEM32\WINMM.dll
0x00007ffe20890000 - 0x00007ffe2089b000 	C:\WINDOWS\SYSTEM32\VERSION.dll
0x00007ffe2ed00000 - 0x00007ffe2ed14000 	C:\WINDOWS\SYSTEM32\UMPDC.dll
0x00007ffe2dba0000 - 0x00007ffe2dbbb000 	C:\WINDOWS\SYSTEM32\kernel.appcore.dll
0x00007ffe1eab0000 - 0x00007ffe1eaba000 	C:\Program Files\Java\jdk-26.0.1\bin\jimage.dll
0x00007ffe2c3b0000 - 0x00007ffe2c5f2000 	C:\WINDOWS\SYSTEM32\DBGHELP.DLL
0x00007ffe30810000 - 0x00007ffe30b93000 	C:\WINDOWS\System32\combase.dll
0x00007ffe31030000 - 0x00007ffe31109000 	C:\WINDOWS\System32\OLEAUT32.dll
0x00007ffe15610000 - 0x00007ffe1564b000 	C:\WINDOWS\SYSTEM32\dbgcore.DLL
0x00007ffe2f0e0000 - 0x00007ffe2f18c000 	C:\WINDOWS\System32\bcryptPrimitives.dll
0x00007ffe03200000 - 0x00007ffe03210000 	C:\Program Files\Java\jdk-26.0.1\bin\instrument.dll
0x00007ffe143e0000 - 0x00007ffe143ff000 	C:\Program Files\Java\jdk-26.0.1\bin\java.dll
0x00007ffe319e0000 - 0x00007ffe31b79000 	C:\WINDOWS\System32\ole32.dll
0x00007ffe30070000 - 0x00007ffe30802000 	C:\WINDOWS\System32\SHELL32.dll
0x00007ffe2c980000 - 0x00007ffe2d212000 	C:\WINDOWS\SYSTEM32\windows.storage.dll
0x00007ffe30c30000 - 0x00007ffe30d27000 	C:\WINDOWS\System32\SHCORE.dll
0x00007ffe31bf0000 - 0x00007ffe31c57000 	C:\WINDOWS\System32\shlwapi.dll
0x00007ffe2ede0000 - 0x00007ffe2ee09000 	C:\WINDOWS\SYSTEM32\profapi.dll
0x00007ffe03340000 - 0x00007ffe03357000 	C:\Program Files\Java\jdk-26.0.1\bin\zip.dll
0x00007ffe143c0000 - 0x00007ffe143d2000 	C:\Program Files\Java\jdk-26.0.1\bin\net.dll
0x00007ffe2e150000 - 0x00007ffe2e1bc000 	C:\WINDOWS\system32\mswsock.dll
0x00007ffe0b350000 - 0x00007ffe0b366000 	C:\Program Files\Java\jdk-26.0.1\bin\nio.dll
0x00007ffe17d90000 - 0x00007ffe17da0000 	C:\Program Files\Java\jdk-26.0.1\bin\verify.dll
0x00007ffdf7e20000 - 0x00007ffdf7e47000 	C:\Users\lenovo\.gradle\native\660c5614fbf4a5f2a75b1949f50a0caf5cd603558e7d8a26e50b933a0cfb79d1\windows-amd64\native-platform.dll
0x00007ffdf2030000 - 0x00007ffdf20a7000 	C:\Users\lenovo\.gradle\native\0.2.8\x86_64-windows-gnu\gradle-fileevents.dll
0x00007ffe05b70000 - 0x00007ffe05b7a000 	C:\Program Files\Java\jdk-26.0.1\bin\management.dll
0x00007ffe03330000 - 0x00007ffe0333c000 	C:\Program Files\Java\jdk-26.0.1\bin\management_ext.dll
0x00007ffe2f9f0000 - 0x00007ffe2f9f8000 	C:\WINDOWS\System32\PSAPI.DLL
0x00007ffe2d620000 - 0x00007ffe2d653000 	C:\WINDOWS\SYSTEM32\IPHLPAPI.DLL
0x00007ffe31be0000 - 0x00007ffe31bea000 	C:\WINDOWS\System32\NSI.dll
0x00007ffe03210000 - 0x00007ffe03219000 	C:\Program Files\Java\jdk-26.0.1\bin\extnet.dll
0x00007ffe2e450000 - 0x00007ffe2e46b000 	C:\WINDOWS\SYSTEM32\CRYPTSP.dll
0x00007ffe2db00000 - 0x00007ffe2db39000 	C:\WINDOWS\system32\rsaenh.dll
0x00007ffe2e210000 - 0x00007ffe2e242000 	C:\WINDOWS\SYSTEM32\USERENV.dll
0x00007ffe2edb0000 - 0x00007ffe2edda000 	C:\WINDOWS\SYSTEM32\bcrypt.dll
0x00007ffe2e470000 - 0x00007ffe2e47c000 	C:\WINDOWS\SYSTEM32\CRYPTBASE.dll
0x00007ffe02f20000 - 0x00007ffe02f2e000 	C:\Program Files\Java\jdk-26.0.1\bin\sunmscapi.dll
0x00007ffe2f230000 - 0x00007ffe2f3a8000 	C:\WINDOWS\System32\CRYPT32.dll
0x00007ffe2e690000 - 0x00007ffe2e6c0000 	C:\WINDOWS\SYSTEM32\ncrypt.dll
0x00007ffe2e640000 - 0x00007ffe2e67f000 	C:\WINDOWS\SYSTEM32\NTASN1.dll
0x00007ffe28930000 - 0x00007ffe28938000 	C:\WINDOWS\system32\wshunix.dll

JVMTI agents:
C:\Users\lenovo\.gradle\wrapper\dists\gradle-9.4.1-bin\arn2x92ynaizyzdaamcbpbhtj\gradle-9.4.1\lib\agents\gradle-instrumentation-agent-9.4.1.jar path:C:\Program Files\Java\jdk-26.0.1\bin\instrument.dll, loaded, initialized, instrumentlib options:none

dbghelp: loaded successfully - version: 4.0.5 - missing functions: none
symbol engine: initialized successfully - sym options: 0x614 - pdb path: .;C:\Program Files\Java\jdk-26.0.1\bin;C:\WINDOWS\SYSTEM32;C:\WINDOWS\WinSxS\amd64_microsoft.windows.common-controls_6595b64144ccf1df_6.0.26100.8737_none_3e092eaee333b772;C:\Program Files\Java\jdk-26.0.1\bin\server;C:\Users\lenovo\.gradle\native\660c5614fbf4a5f2a75b1949f50a0caf5cd603558e7d8a26e50b933a0cfb79d1\windows-amd64;C:\Users\lenovo\.gradle\native\0.2.8\x86_64-windows-gnu

VM Arguments:
jvm_args: --add-opens=java.base/java.lang=ALL-UNNAMED --add-opens=java.base/java.lang.invoke=ALL-UNNAMED --add-opens=java.base/java.util=ALL-UNNAMED --add-opens=java.prefs/java.util.prefs=ALL-UNNAMED --add-exports=jdk.compiler/com.sun.tools.javac.api=ALL-UNNAMED --add-exports=jdk.compiler/com.sun.tools.javac.util=ALL-UNNAMED --add-opens=java.base/java.util=ALL-UNNAMED --add-opens=java.prefs/java.util.prefs=ALL-UNNAMED --add-opens=java.base/java.nio.charset=ALL-UNNAMED --add-opens=java.base/java.net=ALL-UNNAMED --add-opens=java.base/java.util.concurrent=ALL-UNNAMED --add-opens=java.base/java.util.concurrent.atomic=ALL-UNNAMED --add-opens=java.xml/javax.xml.namespace=ALL-UNNAMED --add-opens=java.base/java.time=ALL-UNNAMED --enable-native-access=ALL-UNNAMED -XX:MaxMetaspaceSize=512m -XX:+HeapDumpOnOutOfMemoryError -Xmx4096m -Dfile.encoding=UTF-8 -Duser.country=US -Duser.language=en -Duser.variant -javaagent:C:\Users\lenovo\.gradle\wrapper\dists\gradle-9.4.1-bin\arn2x92ynaizyzdaamcbpbhtj\gradle-9.4.1\lib\agents\gradle-instrumentation-agent-9.4.1.jar 
java_command: org.gradle.launcher.daemon.bootstrap.GradleDaemon 9.4.1
java_class_path (initial): C:\Users\lenovo\.gradle\wrapper\dists\gradle-9.4.1-bin\arn2x92ynaizyzdaamcbpbhtj\gradle-9.4.1\lib\gradle-daemon-main-9.4.1.jar
Launcher Type: SUN_STANDARD

[Global flags]
     bool AOTAdapterCaching                        = false                                  {diagnostic} {ergonomic}
     bool AOTInvokeDynamicLinking                  = false                                  {diagnostic} {ergonomic}
     bool AOTRecordTraining                        = false                                  {diagnostic} {ergonomic}
     bool AOTReplayTraining                        = false                                  {diagnostic} {ergonomic}
     bool AOTStubCaching                           = false                                  {diagnostic} {ergonomic}
     intx CICompilerCount                          = 4                                         {product} {ergonomic}
   size_t CompressedClassSpaceSize                 = 436207616                                 {product} {ergonomic}
     uint ConcGCThreads                            = 2                                         {product} {ergonomic}
     uint G1ConcRefinementThreads                  = 8                                         {product} {ergonomic}
     uint G1EagerReclaimRemSetThreshold            = 16                                   {experimental} {ergonomic}
   size_t G1HeapRegionSize                         = 2097152                                   {product} {ergonomic}
     uint G1RemSetArrayOfCardsEntries              = 16                                   {experimental} {ergonomic}
     uint G1RemSetHowlMaxNumBuckets                = 8                                    {experimental} {ergonomic}
     uint G1RemSetHowlNumBuckets                   = 8                                    {experimental} {ergonomic}
     bool HeapDumpOnOutOfMemoryError               = true                                   {manageable} {command line}
   size_t InitialHeapSize                          = 8388608                                   {product} {ergonomic}
     bool IntelJccErratumMitigation                = false                             {ARCH diagnostic} {ergonomic}
   size_t MarkStackSize                            = 4194304                                   {product} {ergonomic}
   size_t MarkStackSizeMax                         = 536870912                                 {product} {ergonomic}
   size_t MaxHeapSize                              = 4294967296                                {product} {command line}
   size_t MaxMetaspaceSize                         = 536870912                                 {product} {command line}
   size_t MaxNewSize                               = 2575302656                                {product} {ergonomic}
 uint64_t MaxRAM                                   = 4084523008                                {product} {ergonomic}
   size_t MinHeapDeltaBytes                        = 2097152                                   {product} {ergonomic}
   size_t MinHeapSize                              = 8388608                                   {product} {ergonomic}
   size_t NonNMethodCodeHeapSize                   = 5898240                                {pd product} {ergonomic}
   size_t NonProfiledCodeHeapSize                  = 122945536                              {pd product} {ergonomic}
   size_t ProfiledCodeHeapSize                     = 122945536                              {pd product} {ergonomic}
   size_t ReservedCodeCacheSize                    = 251789312                              {pd product} {ergonomic}
     bool SegmentedCodeCache                       = true                                      {product} {ergonomic}
   size_t SoftMaxHeapSize                          = 4294967296                             {manageable} {ergonomic}
     bool UseCompressedOops                        = true                           {product lp64_product} {ergonomic}
     bool UseCondCardMark                          = true                                      {product} {ergonomic}
     bool UseFastUnorderedTimeStamps               = true                                 {experimental} {ergonomic}
     bool UseG1GC                                  = true                                      {product} {ergonomic}
     bool UseLargePagesIndividualAllocation        = false                                  {pd product} {ergonomic}
      int X86ICacheSync                            = 3                                 {ARCH diagnostic} {ergonomic}

Logging:
Log output configuration:
 #0: stdout all=warning uptime,level,tags foldmultilines=false
 #1: stderr all=off uptime,level,tags foldmultilines=false

Release file:
IMPLEMENTOR="Oracle Corporation" 
JAVA_RUNTIME_VERSION="26.0.1+8-34" 
JAVA_VERSION="26.0.1" 
JAVA_VERSION_DATE="2026-04-21" 
LIBC="default" 
MODULES="java.base java.compiler java.datatransfer java.xml java.prefs java.desktop java.instrument java.logging java.management java.security.sasl java.naming java.rmi java.management.rmi java.net.http java.scripting java.security.jgss java.transaction.xa java.sql java.sql.rowset java.xml.crypto java.se java.smartcardio jdk.accessibility jdk.internal.jvmstat jdk.attach jdk.charsets jdk.internal.opt jdk.zipfs jdk.compiler jdk.crypto.cryptoki jdk.crypto.ec jdk.crypto.mscapi jdk.dynalink jdk.internal.ed jdk.editpad jdk.internal.vm.ci jdk.graal.compiler jdk.graal.compiler.management jdk.hotspot.agent jdk.httpserver jdk.incubator.vector jdk.internal.le jdk.internal.md jdk.jartool jdk.javadoc jdk.jcmd jdk.management jdk.management.agent jdk.jconsole jdk.jdeps jdk.jdwp.agent jdk.jdi jdk.jfr jdk.jlink jdk.jpackage jdk.jshell jdk.jstatd jdk.localedata jdk.management.jfr jdk.naming.dns jdk.naming.rmi jdk.net jdk.nio.mapmode jdk.sctp jdk.security.auth jdk.security.jgss jdk.unsupported jdk.unsupported.desktop jdk.xml.dom" 
OS_ARCH="x86_64" 
OS_NAME="Windows" 
SOURCE=".:git:8fcde8268d22 open:git:fcc00fc4aee7" 

Environment Variables:
PATH=C:\Program Files\Common Files\Oracle\Java\javapath;C:\Python314\Scripts\;C:\Python314\;C:\WINDOWS\system32;C:\WINDOWS;C:\WINDOWS\System32\Wbem;C:\WINDOWS\System32\WindowsPowerShell\v1.0\;C:\WINDOWS\System32\OpenSSH\;C:\Program Files\Git\cmd;C:\Program Files\nodejs\;C:\ProgramData\chocolatey\bin;C:\Program Files\Microsoft SQL Server\170\Tools\Binn\;C:\Program Files\Microsoft SQL Server\Client SDK\ODBC\170\Tools\Binn\;C:\Program Files (x86)\IncrediBuild;C:\Program Files (x86)\Windows Kits\10\Windows Performance Toolkit\;C:\Program Files\tre-command\bin\;C:\Program Files (x86)\Google\Cloud SDK\google-cloud-sdk\bin;C:\Program Files\dotnet\;C:\Program Files\Go\bin;C:\Users\lenovo\AppData\Local\Programs\Python\Python312\Scripts\;C:\Users\lenovo\AppData\Local\Programs\Python\Python312\;C:\Users\lenovo\AppData\Local\Microsoft\WindowsApps;C:\Users\lenovo\AppData\Roaming\npm;C:\Users\lenovo\AppData\Local\Programs\Microsoft VS Code\bin;C:\Users\lenovo\AppData\Local\Programs\Microsoft VS Code Insiders\bin;C:\Users\lenovo\AppData\Local\Python\bin;C:\Users\lenovo\AppData\Local\Programs\Antigravity\bin;C:\Users\lenovo\.dotnet\tools;C:\Users\lenovo\go\bin
USERNAME=lenovo
OS=Windows_NT
PROCESSOR_IDENTIFIER=Intel64 Family 6 Model 140 Stepping 1, GenuineIntel
TMP=C:\Users\lenovo\AppData\Local\Temp
TEMP=C:\Users\lenovo\AppData\Local\Temp




Compilation memory statistics disabled.

Periodic native trim disabled

---------------  S Y S T E M  ---------------

OS:
 Windows 11 , 64 bit Build 26100 (10.0.26100.8737)
OS uptime: 0 days 22:02 hours

CPU: total 8 (initial active 8) (4 cores per cpu, 2 threads per core) family 6 model 140 stepping 1 microcode 0x8a, cx8, cmov, fxsr, ht, mmx, 3dnowpref, sse, sse2, sse3, ssse3, sse4.1, sse4.2, popcnt, lzcnt, tsc, tscinvbit, avx, avx2, aes, erms, clmul, bmi1, bmi2, adx, avx512f, avx512dq, avx512cd, avx512bw, avx512vl, sha, fma, vzeroupper, avx512_vpopcntdq, avx512_vpclmulqdq, avx512_vaes, avx512_vnni, clflush, clflushopt, clwb, avx512_vbmi2, avx512_vbmi, rdtscp, rdpid, fsrm, gfni, avx512_bitalg, f16c, pku, cet_ibt, cet_ss, avx512_ifma
Processor Information for the first 8 processors :
  Max Mhz: 2419, Current Mhz: 2419, Mhz Limit: 2419

Memory: 4k page, system-wide physical 3895M (274M free)
TotalPageFile size 15671M (AvailPageFile size 1173M)
current process WorkingSet (physical memory assigned to process): 452M, peak: 612M
current process commit charge ("private bytes"): 984M, peak: 2340M

vm_info: Java HotSpot(TM) 64-Bit Server VM (26.0.1+8-34) for windows-amd64 JRE (26.0.1+8-34), built on 2026-03-10T17:24:10Z with MS VC++ 17.13 (VS2022)

END.
