version 2
JvmtiExport can_access_local_variables 0
JvmtiExport can_hotswap_or_post_breakpoint 1
JvmtiExport can_post_on_exceptions 0
# 452 ciObject found
instanceKlass org/objectweb/asm/ClassReader
ciInstanceKlass java/lang/Cloneable 1 0 7 100 1 100 1 1 1
instanceKlass java/lang/foreign/MemorySegment
instanceKlass  @bci org/gradle/api/internal/runtimeshaded/RuntimeShadedJarCreator processServiceDescriptor (Lorg/gradle/internal/classpath/ClasspathEntryVisitor$Entry;Ljava/util/Map;)V 137 <appendix> argL0 ; # org/gradle/api/internal/runtimeshaded/RuntimeShadedJarCreator$$Lambda+0x00000000915d0fe0
instanceKlass  @bci org/gradle/api/internal/runtimeshaded/RuntimeShadedJarCreator slashesToPeriods ([Ljava/lang/String;)[Ljava/lang/String; 34 <appendix> argL0 ; # org/gradle/api/internal/runtimeshaded/RuntimeShadedJarCreator$$Lambda+0x00000000915d0db8
instanceKlass  @bci org/gradle/api/internal/runtimeshaded/RuntimeShadedJarCreator slashesToPeriods ([Ljava/lang/String;)[Ljava/lang/String; 24 <appendix> argL0 ; # org/gradle/api/internal/runtimeshaded/RuntimeShadedJarCreator$$Lambda+0x00000000915d0b70
instanceKlass  @bci org/gradle/api/internal/runtimeshaded/RuntimeShadedJarCreator slashesToPeriods ([Ljava/lang/String;)[Ljava/lang/String; 14 <appendix> argL0 ; # org/gradle/api/internal/runtimeshaded/RuntimeShadedJarCreator$$Lambda+0x00000000915d0928
instanceKlass  @bci org/gradle/api/internal/runtimeshaded/RuntimeShadedJarCreator slashesToPeriods ([Ljava/lang/String;)[Ljava/lang/String; 4 <appendix> argL0 ; # org/gradle/api/internal/runtimeshaded/RuntimeShadedJarCreator$$Lambda+0x00000000915d06d0
instanceKlass  @bci org/gradle/api/internal/runtimeshaded/RuntimeShadedJarCreator maybeRelocateResources ([Ljava/lang/String;)[Ljava/lang/String; 25 <appendix> argL0 ; # org/gradle/api/internal/runtimeshaded/RuntimeShadedJarCreator$$Lambda+0x00000000915d04a8
instanceKlass  @bci org/gradle/api/internal/runtimeshaded/RuntimeShadedJarCreator maybeRelocateResources ([Ljava/lang/String;)[Ljava/lang/String; 15 <appendix> member <vmtarget> ; # org/gradle/api/internal/runtimeshaded/RuntimeShadedJarCreator$$Lambda+0x00000000915d0258
instanceKlass  @bci org/gradle/api/internal/runtimeshaded/RuntimeShadedJarCreator maybeRelocateResources ([Ljava/lang/String;)[Ljava/lang/String; 4 <appendix> argL0 ; # org/gradle/api/internal/runtimeshaded/RuntimeShadedJarCreator$$Lambda+0x00000000915d0000
instanceKlass  @bci org/gradle/api/internal/runtimeshaded/RuntimeShadedJarCreator periodsToSlashes ([Ljava/lang/String;)[Ljava/lang/String; 24 <appendix> argL0 ; # org/gradle/api/internal/runtimeshaded/RuntimeShadedJarCreator$$Lambda+0x000000009159bd78
instanceKlass  @bci org/gradle/api/internal/runtimeshaded/RuntimeShadedJarCreator periodsToSlashes ([Ljava/lang/String;)[Ljava/lang/String; 14 <appendix> argL0 ; # org/gradle/api/internal/runtimeshaded/RuntimeShadedJarCreator$$Lambda+0x000000009159bb30
instanceKlass  @bci org/gradle/api/internal/runtimeshaded/RuntimeShadedJarCreator periodsToSlashes ([Ljava/lang/String;)[Ljava/lang/String; 4 <appendix> argL0 ; # org/gradle/api/internal/runtimeshaded/RuntimeShadedJarCreator$$Lambda+0x000000009159b8d8
instanceKlass org/objectweb/asm/TypePath
instanceKlass org/objectweb/asm/TypeReference
instanceKlass org/apache/commons/compress/archivers/zip/ZipArchiveOutputStream$EntryMetaData
instanceKlass org/apache/commons/compress/archivers/zip/ZipArchiveOutputStream$CurrentEntry
instanceKlass  @bci org/apache/commons/compress/archivers/zip/ExtraFieldUtils <clinit> ()V 237 <appendix> argL0 ; # org/apache/commons/compress/archivers/zip/ExtraFieldUtils$$Lambda+0x00000000915cd330
instanceKlass org/apache/commons/compress/archivers/zip/ResourceAlignmentExtraField
instanceKlass  @bci org/apache/commons/compress/archivers/zip/ExtraFieldUtils <clinit> ()V 220 <appendix> argL0 ; # org/apache/commons/compress/archivers/zip/ExtraFieldUtils$$Lambda+0x00000000915cce68
instanceKlass  @bci org/apache/commons/compress/archivers/zip/ExtraFieldUtils <clinit> ()V 203 <appendix> argL0 ; # org/apache/commons/compress/archivers/zip/ExtraFieldUtils$$Lambda+0x00000000915cc998
instanceKlass  @bci org/apache/commons/compress/archivers/zip/ExtraFieldUtils <clinit> ()V 186 <appendix> argL0 ; # org/apache/commons/compress/archivers/zip/ExtraFieldUtils$$Lambda+0x00000000915cc4a0
instanceKlass  @bci org/apache/commons/compress/archivers/zip/ExtraFieldUtils <clinit> ()V 169 <appendix> argL0 ; # org/apache/commons/compress/archivers/zip/ExtraFieldUtils$$Lambda+0x00000000915cbfc0
instanceKlass  @bci org/apache/commons/compress/archivers/zip/ExtraFieldUtils <clinit> ()V 152 <appendix> argL0 ; # org/apache/commons/compress/archivers/zip/ExtraFieldUtils$$Lambda+0x00000000915cbae0
instanceKlass org/apache/commons/compress/archivers/zip/PKWareExtraHeader
instanceKlass  @bci org/apache/commons/compress/archivers/zip/ExtraFieldUtils <clinit> ()V 135 <appendix> argL0 ; # org/apache/commons/compress/archivers/zip/ExtraFieldUtils$$Lambda+0x00000000915cb368
instanceKlass  @bci org/apache/commons/compress/archivers/zip/ExtraFieldUtils <clinit> ()V 118 <appendix> argL0 ; # org/apache/commons/compress/archivers/zip/ExtraFieldUtils$$Lambda+0x00000000915cb140
instanceKlass org/apache/commons/compress/archivers/zip/Zip64ExtendedInformationExtraField
instanceKlass  @bci org/apache/commons/compress/archivers/zip/ExtraFieldUtils <clinit> ()V 101 <appendix> argL0 ; # org/apache/commons/compress/archivers/zip/ExtraFieldUtils$$Lambda+0x00000000915cac38
instanceKlass  @bci org/apache/commons/compress/archivers/zip/ExtraFieldUtils <clinit> ()V 84 <appendix> argL0 ; # org/apache/commons/compress/archivers/zip/ExtraFieldUtils$$Lambda+0x00000000915caa10
instanceKlass  @bci org/apache/commons/compress/archivers/zip/ExtraFieldUtils <clinit> ()V 67 <appendix> argL0 ; # org/apache/commons/compress/archivers/zip/ExtraFieldUtils$$Lambda+0x00000000915ca7e8
instanceKlass org/apache/commons/compress/archivers/zip/JarMarker
instanceKlass  @bci org/apache/commons/compress/archivers/zip/ExtraFieldUtils <clinit> ()V 50 <appendix> argL0 ; # org/apache/commons/compress/archivers/zip/ExtraFieldUtils$$Lambda+0x00000000915ca368
instanceKlass org/apache/commons/compress/archivers/zip/X7875_NewUnix
instanceKlass  @bci org/apache/commons/compress/archivers/zip/ExtraFieldUtils <clinit> ()V 33 <appendix> argL0 ; # org/apache/commons/compress/archivers/zip/ExtraFieldUtils$$Lambda+0x00000000915c9e88
instanceKlass  @bci org/apache/commons/compress/archivers/zip/ExtraFieldUtils <clinit> ()V 16 <appendix> argL0 ; # org/apache/commons/compress/archivers/zip/ExtraFieldUtils$$Lambda+0x00000000915c9c60
instanceKlass org/apache/commons/compress/archivers/zip/AsiExtraField
instanceKlass org/apache/commons/compress/archivers/zip/UnixStat
instanceKlass org/apache/commons/compress/archivers/zip/ExtraFieldUtils
instanceKlass org/apache/commons/compress/archivers/zip/X000A_NTFS
instanceKlass org/apache/commons/compress/archivers/zip/ZipShort
instanceKlass org/apache/commons/compress/archivers/zip/X5455_ExtendedTimestamp
instanceKlass org/apache/commons/compress/archivers/zip/AbstractUnicodeExtraField
instanceKlass org/apache/commons/compress/archivers/zip/ZipUtil
instanceKlass org/gradle/api/internal/file/archive/ZipEntryConstants
instanceKlass org/apache/commons/compress/archivers/zip/GeneralPurposeBit
instanceKlass org/apache/commons/compress/archivers/zip/ExtraFieldParsingBehavior
instanceKlass org/apache/commons/compress/archivers/zip/UnparseableExtraFieldBehavior
instanceKlass org/apache/commons/compress/archivers/EntryStreamOffsets
instanceKlass org/objectweb/asm/signature/SignatureReader
instanceKlass org/objectweb/asm/ConstantDynamic
instanceKlass org/objectweb/asm/Opcodes
instanceKlass org/objectweb/asm/Context
instanceKlass org/objectweb/asm/ClassReader
instanceKlass org/gradle/api/internal/file/archive/impl/AbstractZipEntry$1
instanceKlass org/gradle/internal/classpath/ClasspathWalker$ZipClasspathEntry
instanceKlass com/google/common/collect/NullnessCasts
instanceKlass org/gradle/api/internal/file/archive/ZipEntry$IoFunction
instanceKlass org/gradle/api/internal/file/archive/impl/AbstractZipEntry
instanceKlass java/util/zip/ZipFile$ZipEntryIterator
instanceKlass org/gradle/api/internal/file/archive/impl/FileZipInput
instanceKlass org/gradle/internal/file/impl/DefaultFileMetadata
instanceKlass org/gradle/internal/file/FileMetadata
instanceKlass  @bci org/gradle/api/internal/runtimeshaded/RuntimeShadedJarCreator processFiles (Lorg/gradle/internal/classpath/ClasspathBuilder$EntryBuilder;Ljava/lang/Iterable;Lorg/gradle/internal/logging/progress/ProgressLogger;)V 88 <appendix> member <vmtarget> ; # org/gradle/api/internal/runtimeshaded/RuntimeShadedJarCreator$$Lambda+0x000000009159b388
instanceKlass org/gradle/internal/classpath/ClasspathEntryVisitor
instanceKlass org/gradle/internal/progress/PercentageProgressFormatter
instanceKlass org/gradle/internal/progress/ProgressFormatter
instanceKlass org/gradle/internal/classpath/InPlaceClasspathBuilder$ZipEntryBuilder
instanceKlass org/apache/commons/compress/archivers/zip/StreamCompressor
instanceKlass java/util/zip/Deflater$DeflaterZStreamRef
instanceKlass java/util/zip/Deflater
instanceKlass org/apache/commons/compress/archivers/zip/ZipArchiveOutputStream$UnicodeExtraFieldPolicy
instanceKlass org/apache/commons/io/Charsets
instanceKlass org/apache/commons/compress/archivers/zip/NioZipEncoding
instanceKlass org/apache/commons/compress/archivers/zip/CharsetAccessor
instanceKlass org/apache/commons/compress/archivers/zip/ZipEncoding
instanceKlass org/apache/commons/compress/archivers/zip/ZipEncodingHelper
instanceKlass org/apache/commons/compress/utils/ByteUtils
instanceKlass org/apache/commons/compress/archivers/zip/ZipLong
instanceKlass org/apache/commons/compress/archivers/zip/ZipExtraField
instanceKlass org/apache/commons/compress/archivers/ArchiveEntry
instanceKlass  @bci org/gradle/api/internal/runtimeshaded/RuntimeShadedJarCreator createFatJar (Ljava/io/File;Ljava/lang/Iterable;Lorg/gradle/internal/logging/progress/ProgressLogger;)V 8 <appendix> member <vmtarget> ; # org/gradle/api/internal/runtimeshaded/RuntimeShadedJarCreator$$Lambda+0x000000009159b158
instanceKlass org/gradle/internal/classpath/ClasspathBuilder$Action
instanceKlass org/gradle/internal/util/Trie
instanceKlass org/gradle/internal/util/Trie$Builder
instanceKlass org/objectweb/asm/commons/Remapper
instanceKlass org/gradle/api/internal/runtimeshaded/RuntimeShadedJarCreator
instanceKlass org/gradle/api/internal/runtimeshaded/RuntimeShadedJarFactory$2
instanceKlass org/gradle/api/internal/runtimeshaded/RuntimeShadedJarFactory$1
instanceKlass org/gradle/cache/internal/DefaultGeneratedGradleJarCache$1
instanceKlass  @bci org/gradle/api/internal/runtimeshaded/RuntimeShadedJarFactory get (Lorg/gradle/api/internal/runtimeshaded/RuntimeShadedJarType;Ljava/util/Collection;)Ljava/io/File; 11 <appendix> member <vmtarget> ; # org/gradle/api/internal/runtimeshaded/RuntimeShadedJarFactory$$Lambda+0x000000009159a318
instanceKlass org/gradle/internal/classpath/DefaultClassPath$1
instanceKlass  @bci org/gradle/api/internal/DependencyClassPathProvider initGradleApi ()Lorg/gradle/internal/classpath/ClassPath; 47 <appendix> argL0 ; # org/gradle/api/internal/DependencyClassPathProvider$$Lambda+0x00000000915bc690
instanceKlass  @bci org/gradle/api/internal/DependencyClassPathProvider initGradleApi ()Lorg/gradle/internal/classpath/ClassPath; 12 <appendix> member <vmtarget> ; # org/gradle/api/internal/DependencyClassPathProvider$$Lambda+0x00000000915bc420
instanceKlass  @bci org/gradle/api/internal/artifacts/dependencies/DefaultFileCollectionDependency_Decorated $gradleInit ()V 1 <appendix> member <vmtarget> ; # org/gradle/api/internal/artifacts/dependencies/DefaultFileCollectionDependency_Decorated$$Lambda+0x00000000915bc1f0
instanceKlass org/gradle/internal/component/local/model/OpaqueComponentIdentifier
instanceKlass org/gradle/api/internal/artifacts/dependencies/DefaultFileCollectionDependency
instanceKlass org/gradle/api/artifacts/FileCollectionDependency
instanceKlass org/gradle/api/internal/artifacts/dependencies/SelfResolvingDependencyInternal
instanceKlass org/gradle/api/internal/file/FileCollectionInternal$1
instanceKlass org/gradle/api/internal/file/FileCollectionInternal$Source
instanceKlass org/gradle/api/internal/notations/DependencyClassPathNotationConverter$GeneratedFileCollection
instanceKlass org/gradle/kotlin/dsl/provider/KotlinScriptClassPathProvider$compilationClassPathOf$1
instanceKlass org/gradle/kotlin/dsl/execution/Interpreter$WhenMappings
instanceKlass  @bci org/gradle/cache/internal/DefaultCrossBuildInMemoryCacheFactory$AbstractCrossBuildInMemoryCache getIfPresent (Ljava/lang/Object;)Ljava/lang/Object; 6 <appendix> member <vmtarget> ; # org/gradle/cache/internal/DefaultCrossBuildInMemoryCacheFactory$AbstractCrossBuildInMemoryCache$$Lambda+0x00000000915ba050
instanceKlass kotlin/io/path/PathRelativizer
instanceKlass kotlin/io/path/PathsKt__PathReadWriteKt
instanceKlass org/gradle/kotlin/dsl/execution/ProgramId
instanceKlass  @bci org/gradle/kotlin/dsl/support/KotlinScriptHost <init> (Ljava/lang/Object;Lorg/gradle/groovy/scripts/ScriptSource;Lorg/gradle/api/initialization/dsl/ScriptHandler;Lorg/gradle/api/internal/initialization/ClassLoaderScope;Lorg/gradle/api/internal/initialization/ClassLoaderScope;Ljava/nio/file/Path;Lorg/gradle/internal/service/ServiceRegistry;)V 173 <appendix> member <vmtarget> ; # org/gradle/kotlin/dsl/support/KotlinScriptHost$$Lambda+0x00000000915b8f38
instanceKlass  @bci org/gradle/kotlin/dsl/support/KotlinScriptHost <init> (Ljava/lang/Object;Lorg/gradle/groovy/scripts/ScriptSource;Lorg/gradle/api/initialization/dsl/ScriptHandler;Lorg/gradle/api/internal/initialization/ClassLoaderScope;Lorg/gradle/api/internal/initialization/ClassLoaderScope;Ljava/nio/file/Path;Lorg/gradle/internal/service/ServiceRegistry;)V 160 <appendix> member <vmtarget> ; # org/gradle/kotlin/dsl/support/KotlinScriptHost$$Lambda+0x00000000915b8d08
instanceKlass  @bci org/gradle/kotlin/dsl/support/KotlinScriptHost <init> (Ljava/lang/Object;Lorg/gradle/groovy/scripts/ScriptSource;Lorg/gradle/api/initialization/dsl/ScriptHandler;Lorg/gradle/api/internal/initialization/ClassLoaderScope;Lorg/gradle/api/internal/initialization/ClassLoaderScope;Ljava/nio/file/Path;Lorg/gradle/internal/service/ServiceRegistry;)V 147 <appendix> member <vmtarget> ; # org/gradle/kotlin/dsl/support/KotlinScriptHost$$Lambda+0x00000000915b8ad8
instanceKlass  @bci org/gradle/kotlin/dsl/support/KotlinScriptHost <init> (Ljava/lang/Object;Lorg/gradle/groovy/scripts/ScriptSource;Lorg/gradle/api/initialization/dsl/ScriptHandler;Lorg/gradle/api/internal/initialization/ClassLoaderScope;Lorg/gradle/api/internal/initialization/ClassLoaderScope;Ljava/nio/file/Path;Lorg/gradle/internal/service/ServiceRegistry;)V 134 <appendix> member <vmtarget> ; # org/gradle/kotlin/dsl/support/KotlinScriptHost$$Lambda+0x00000000915b88a8
instanceKlass  @bci org/gradle/kotlin/dsl/support/KotlinScriptHost <init> (Ljava/lang/Object;Lorg/gradle/groovy/scripts/ScriptSource;Lorg/gradle/api/initialization/dsl/ScriptHandler;Lorg/gradle/api/internal/initialization/ClassLoaderScope;Lorg/gradle/api/internal/initialization/ClassLoaderScope;Ljava/nio/file/Path;Lorg/gradle/internal/service/ServiceRegistry;)V 121 <appendix> member <vmtarget> ; # org/gradle/kotlin/dsl/support/KotlinScriptHost$$Lambda+0x00000000915b8678
instanceKlass kotlin/UnsafeLazyImpl
instanceKlass org/gradle/kotlin/dsl/support/UnsafeLazyKt
instanceKlass  @bci org/gradle/kotlin/dsl/support/KotlinScriptHost <init> (Ljava/lang/Object;Lorg/gradle/groovy/scripts/ScriptSource;Lorg/gradle/api/initialization/dsl/ScriptHandler;Lorg/gradle/api/internal/initialization/ClassLoaderScope;Lorg/gradle/api/internal/initialization/ClassLoaderScope;Ljava/nio/file/Path;Lorg/gradle/internal/service/ServiceRegistry;)V 108 <appendix> member <vmtarget> ; # org/gradle/kotlin/dsl/support/KotlinScriptHost$$Lambda+0x00000000915b8000
instanceKlass org/gradle/kotlin/dsl/support/GradleExtensionsKt
instanceKlass org/gradle/kotlin/dsl/support/SettingsExtensionsKt
instanceKlass org/gradle/kotlin/dsl/execution/Interpreter$Host$WhenMappings
instanceKlass org/gradle/kotlin/dsl/support/KotlinScriptHost
instanceKlass org/gradle/kotlin/dsl/execution/InterpreterKt
instanceKlass com/google/common/io/ByteArrayDataOutput
instanceKlass com/google/common/io/ByteArrayDataInput
instanceKlass com/google/common/io/ByteStreams
instanceKlass org/gradle/kotlin/dsl/execution/Interpreter$ProgramHost
instanceKlass org/gradle/kotlin/dsl/execution/ExecutableProgram$Host
instanceKlass org/gradle/kotlin/dsl/support/KotlinDslOptionsKt
instanceKlass org/gradle/kotlin/dsl/support/KotlinCompilerOptions
instanceKlass org/gradle/kotlin/dsl/support/KotlinCompilerOptionsKt
instanceKlass org/gradle/kotlin/dsl/provider/StandardKotlinScriptEvaluator$InterpreterHost
instanceKlass org/gradle/kotlin/dsl/execution/Interpreter$Host
instanceKlass org/gradle/kotlin/dsl/execution/EvalOptionKt
instanceKlass org/gradle/kotlin/dsl/provider/KotlinDslProviderModeKt
instanceKlass org/gradle/kotlin/dsl/provider/KotlinScriptPluginKt
instanceKlass org/gradle/configuration/BuildOperationScriptPlugin$OperationDetails
instanceKlass org/gradle/configuration/ApplyScriptPluginBuildOperationType$Details
instanceKlass org/gradle/configuration/BuildOperationScriptPlugin$1
instanceKlass org/gradle/internal/code/DefaultUserCodeApplicationContext$CurrentApplication
instanceKlass org/gradle/internal/code/UserCodeApplicationContext$Application
instanceKlass  @bci org/gradle/configuration/BuildOperationScriptPlugin apply (Ljava/lang/Object;)V 66 <appendix> member <vmtarget> ; # org/gradle/configuration/BuildOperationScriptPlugin$$Lambda+0x00000000915b1e50
instanceKlass org/gradle/internal/code/UserCodeApplicationId
instanceKlass org/gradle/internal/code/DefaultUserCodeSource
instanceKlass org/gradle/configuration/BuildOperationScriptPlugin$2
instanceKlass org/gradle/internal/code/UserCodeSource
instanceKlass org/gradle/configuration/ApplyScriptPluginBuildOperationType$Result
instanceKlass org/gradle/configuration/BuildOperationScriptPlugin
instanceKlass  @bci org/gradle/kotlin/dsl/provider/KotlinScriptPluginFactory create (Lorg/gradle/groovy/scripts/ScriptSource;Lorg/gradle/api/initialization/dsl/ScriptHandler;Lorg/gradle/api/internal/initialization/ClassLoaderScope;Lorg/gradle/api/internal/initialization/ClassLoaderScope;Z)Lorg/gradle/configuration/ScriptPlugin; 38 <adapter> ; # java/lang/invoke/LambdaForm$MH+0x00000000915b4c00
# instanceKlass java/lang/invoke/LambdaForm$DMH+0x00000000915b4800
instanceKlass  @bci org/gradle/kotlin/dsl/provider/KotlinScriptPluginFactory create (Lorg/gradle/groovy/scripts/ScriptSource;Lorg/gradle/api/initialization/dsl/ScriptHandler;Lorg/gradle/api/internal/initialization/ClassLoaderScope;Lorg/gradle/api/internal/initialization/ClassLoaderScope;Z)Lorg/gradle/configuration/ScriptPlugin; 38 <appendix> form vmentry <vmtarget> ; # java/lang/invoke/LambdaForm$DMH+0x00000000915b4400
instanceKlass  @bci org/gradle/kotlin/dsl/provider/KotlinScriptPluginFactory create (Lorg/gradle/groovy/scripts/ScriptSource;Lorg/gradle/api/initialization/dsl/ScriptHandler;Lorg/gradle/api/internal/initialization/ClassLoaderScope;Lorg/gradle/api/internal/initialization/ClassLoaderScope;Z)Lorg/gradle/configuration/ScriptPlugin; 38 <appendix> member <vmtarget> ; # org/gradle/kotlin/dsl/provider/KotlinScriptPluginFactory$$Lambda+0x00000000915b0ce8
instanceKlass  @cpi org/gradle/kotlin/dsl/provider/KotlinScriptPluginFactory 66 form vmentry <vmtarget> ; # java/lang/invoke/LambdaForm$DMH+0x00000000915b4000
instanceKlass org/gradle/kotlin/dsl/provider/KotlinScriptPlugin
instanceKlass org/gradle/internal/declarativedsl/evaluator/runner/AnalysisStepContext
instanceKlass org/gradle/internal/declarativedsl/evaluator/runner/StepContext
instanceKlass org/gradle/internal/declarativedsl/parsing/DefaultLanguageTreeBuilder
instanceKlass org/gradle/internal/declarativedsl/parsing/LanguageTreeBuilder
instanceKlass org/gradle/internal/declarativedsl/evaluator/runner/AbstractAnalysisStepRunner
instanceKlass org/gradle/internal/declarativedsl/evaluator/conversion/AnalysisAndConversionStepRunner
instanceKlass org/gradle/internal/declarativedsl/evaluator/runner/InterpretationSequenceStepRunner
instanceKlass org/gradle/internal/declarativedsl/defaults/ProjectFeatureDeclarationsIntegrationKt$projectFeatureRegistryBasedModelDefaultsRegistrar$1
instanceKlass org/gradle/internal/declarativedsl/evaluator/defaults/ModelDefaultsDefinitionRegistrar
instanceKlass org/gradle/internal/declarativedsl/defaults/ProjectFeatureDeclarationsIntegrationKt
instanceKlass org/gradle/internal/declarativedsl/evaluator/defaults/ModelDefaultsDefinitionCollector
instanceKlass org/gradle/internal/declarativedsl/evaluator/defaults/ApplyModelDefaultsHandler$Companion$DO_NOTHING$1
instanceKlass org/gradle/internal/declarativedsl/evaluator/defaults/ApplyModelDefaultsHandler$Companion
instanceKlass org/gradle/internal/declarativedsl/evaluator/defaults/ApplyModelDefaultsHandler
instanceKlass org/gradle/internal/declarativedsl/evaluator/features/ResolutionResultHandler
instanceKlass org/gradle/internal/declarativedsl/common/UnsupportedSyntaxFeatureCheck$UnsupportedSyntaxFeature
instanceKlass org/gradle/internal/declarativedsl/common/UnsupportedSyntaxFeatureCheck
instanceKlass org/gradle/internal/declarativedsl/evaluator/checks/AccessOnCurrentReceiverCheck$AccessOnCurrentReceiverCheckFeature
instanceKlass org/gradle/internal/declarativedsl/evaluator/checks/AccessOnCurrentReceiverCheck
instanceKlass org/gradle/internal/declarativedsl/evaluator/checks/DocumentLowLevelResolutionCheck
instanceKlass org/gradle/internal/declarativedsl/settings/SettingsBlocksCheck$SettingsBlockCheckFeature
instanceKlass org/gradle/declarative/dsl/evaluation/InterpretationStepFeature$DocumentChecks
instanceKlass org/gradle/declarative/dsl/evaluation/InterpretationStepFeature
instanceKlass org/gradle/internal/declarativedsl/settings/SettingsBlocksCheck
instanceKlass org/gradle/internal/declarativedsl/evaluator/checks/DocumentCheck
instanceKlass org/gradle/internal/declarativedsl/evaluator/features/InterpretationStepFeatureHandler
instanceKlass org/gradle/internal/declarativedsl/interpreter/DefaultDeclarativeKotlinScriptEvaluator
instanceKlass org/gradle/internal/declarativedsl/interpreter/DeclarativeKotlinScriptEvaluatorKt
instanceKlass org/gradle/internal/declarativedsl/interpreter/GradleProcessInterpretationSchemaBuilder
instanceKlass org/gradle/internal/declarativedsl/interpreter/StoringInterpretationSchemaBuilder
instanceKlass org/gradle/internal/declarativedsl/interpreter/MemoizedInterpretationSchemaBuilder
# instanceKlass java/lang/invoke/LambdaForm$MH+0x00000000915ae400
# instanceKlass java/lang/invoke/LambdaForm$MH+0x00000000915ae000
# instanceKlass java/lang/invoke/LambdaForm$MH+0x00000000915adc00
# instanceKlass java/lang/invoke/LambdaForm$MH+0x00000000915ad800
instanceKlass  @bci org/gradle/kotlin/dsl/provider/StandardKotlinScriptEvaluator <init> (Lorg/gradle/kotlin/dsl/provider/KotlinScriptClassPathProvider;Lorg/gradle/kotlin/dsl/provider/KotlinScriptClassloadingCache;Lorg/gradle/plugin/use/internal/PluginRequestApplicator;Lorg/gradle/kotlin/dsl/provider/PluginRequestsHandler;Lorg/gradle/kotlin/dsl/support/EmbeddedKotlinProvider;Lorg/gradle/kotlin/dsl/provider/ClassPathModeExceptionCollector;Lorg/gradle/kotlin/dsl/provider/KotlinScriptBasePluginsApplicator;Lorg/gradle/groovy/scripts/internal/ScriptSourceHasher;Lorg/gradle/internal/classloader/ClasspathHasher;Lorg/gradle/kotlin/dsl/support/ImplicitImports;Lorg/gradle/internal/logging/progress/ProgressLoggerFactory;Lorg/gradle/internal/operations/BuildOperationRunner;Lorg/gradle/internal/classpath/CachedClasspathTransformer;Lorg/gradle/internal/scripts/ScriptExecutionListener;Lorg/gradle/internal/execution/ExecutionEngine;Lorg/gradle/kotlin/dsl/cache/KotlinDslWorkspaceProvider;Lorg/gradle/api/internal/file/FileCollectionFactory; ; # org/gradle/kotlin/dsl/provider/StandardKotlinScriptEvaluator$$Lambda+0x00000000915a4f08
instanceKlass org/gradle/kotlin/dsl/execution/Interpreter
instanceKlass org/gradle/kotlin/dsl/provider/StandardKotlinScriptEvaluator
# instanceKlass java/lang/invoke/LambdaForm$MH+0x00000000915ad400
# instanceKlass java/lang/invoke/LambdaForm$MH+0x00000000915ad000
# instanceKlass java/lang/invoke/LambdaForm$MH+0x00000000915acc00
# instanceKlass java/lang/invoke/LambdaForm$MH+0x00000000915ac800
# instanceKlass java/lang/invoke/LambdaForm$MH+0x00000000915ac400
# instanceKlass java/lang/invoke/LambdaForm$MH+0x00000000915ac000
# instanceKlass java/lang/invoke/LambdaForm$MH+0x00000000915abc00
# instanceKlass java/lang/invoke/LambdaForm$MH+0x00000000915ab800
# instanceKlass java/lang/invoke/LambdaForm$MH+0x00000000915ab400
# instanceKlass java/lang/invoke/LambdaForm$MH+0x00000000915ab000
# instanceKlass java/lang/invoke/LambdaForm$MH+0x00000000915aac00
# instanceKlass java/lang/invoke/LambdaForm$MH+0x00000000915aa800
# instanceKlass java/lang/invoke/LambdaForm$MH+0x00000000915aa400
# instanceKlass java/lang/invoke/LambdaForm$MH+0x00000000915aa000
# instanceKlass java/lang/invoke/LambdaForm$MH+0x00000000915a9c00
# instanceKlass java/lang/invoke/LambdaForm$MH+0x00000000915a9800
# instanceKlass java/lang/invoke/LambdaForm$MH+0x00000000915a9400
# instanceKlass java/lang/invoke/LambdaForm$MH+0x00000000915a9000
# instanceKlass java/lang/invoke/LambdaForm$MH+0x00000000915a8c00
# instanceKlass java/lang/invoke/LambdaForm$MH+0x00000000915a8800
# instanceKlass java/lang/invoke/LambdaForm$MH+0x00000000915a8400
# instanceKlass java/lang/invoke/LambdaForm$MH+0x00000000915a8000
# instanceKlass java/lang/invoke/LambdaForm$MH+0x00000000915a3c00
# instanceKlass java/lang/invoke/LambdaForm$MH+0x00000000915a3800
# instanceKlass java/lang/invoke/LambdaForm$MH+0x00000000915a3400
# instanceKlass java/lang/invoke/LambdaForm$MH+0x00000000915a3000
# instanceKlass java/lang/invoke/LambdaForm$MH+0x00000000915a2c00
# instanceKlass java/lang/invoke/LambdaForm$MH+0x00000000915a2800
# instanceKlass java/lang/invoke/LambdaForm$MH+0x00000000915a2400
# instanceKlass java/lang/invoke/LambdaForm$MH+0x00000000915a2000
instanceKlass  @bci org/gradle/kotlin/dsl/support/ImplicitImports <init> (Lorg/gradle/configuration/ImportsReader;)V 41 <appendix> argL0 ; # org/gradle/kotlin/dsl/support/ImplicitImports$$Lambda+0x00000000915a4898
instanceKlass  @bci org/gradle/kotlin/dsl/support/ImplicitImports <init> (Lorg/gradle/configuration/ImportsReader;)V 29 <appendix> argL0 ; # org/gradle/kotlin/dsl/support/ImplicitImports$$Lambda+0x00000000915a4670
instanceKlass  @bci org/gradle/kotlin/dsl/support/ImplicitImports <init> (Lorg/gradle/configuration/ImportsReader;)V 17 <appendix> member <vmtarget> ; # org/gradle/kotlin/dsl/support/ImplicitImports$$Lambda+0x00000000915a4440
instanceKlass  @bci org/gradle/kotlin/dsl/normalization/KotlinCompileClasspathFingerprinter <init> (Lorg/gradle/kotlin/dsl/normalization/KotlinDslCompileAvoidanceClasspathHashCache;)V 16 <appendix> argL0 ; # org/gradle/kotlin/dsl/normalization/KotlinCompileClasspathFingerprinter$$Lambda+0x00000000915a4218
instanceKlass org/gradle/kotlin/dsl/normalization/Snapshotter
instanceKlass org/gradle/kotlin/dsl/normalization/KotlinCompileClasspathFingerprinter
# instanceKlass java/lang/invoke/LambdaForm$MH+0x00000000915a1c00
# instanceKlass java/lang/invoke/LambdaForm$MH+0x00000000915a1800
# instanceKlass java/lang/invoke/LambdaForm$MH+0x00000000915a1400
# instanceKlass java/lang/invoke/LambdaForm$MH+0x00000000915a1000
# instanceKlass java/lang/invoke/LambdaForm$MH+0x00000000915a0c00
# instanceKlass java/lang/invoke/LambdaForm$MH+0x00000000915a0800
instanceKlass org/gradle/groovy/scripts/internal/DefaultScriptSourceHasher
instanceKlass org/gradle/kotlin/dsl/provider/plugins/DefaultKotlinScriptBasePluginsApplicator
instanceKlass  @bci org/gradle/kotlin/dsl/support/EmbeddedKotlinProvider <init> ()V 5 <appendix> argL0 ; # org/gradle/kotlin/dsl/support/EmbeddedKotlinProvider$$Lambda+0x000000009159f8a0
# instanceKlass java/lang/invoke/LambdaForm$MH+0x00000000915a0400
# instanceKlass java/lang/invoke/LambdaForm$MH+0x00000000915a0000
instanceKlass org/gradle/kotlin/dsl/provider/KotlinScriptClassloadingCache$cache$1
# instanceKlass java/lang/invoke/LambdaForm$MH+0x000000009159dc00
instanceKlass org/gradle/kotlin/dsl/provider/ClassLoaderClassPathCache
instanceKlass  @bci org/gradle/kotlin/dsl/provider/KotlinScriptClassPathProvider <init> (Lorg/gradle/api/internal/classpath/ModuleRegistry;Lorg/gradle/api/internal/ClassPathRegistry;Lorg/gradle/api/internal/initialization/ClassLoaderScope;Lkotlin/jvm/functions/Function0;)V 117 <appendix> member <vmtarget> ; # org/gradle/kotlin/dsl/provider/KotlinScriptClassPathProvider$$Lambda+0x000000009159ef30
instanceKlass  @bci org/gradle/kotlin/dsl/provider/KotlinScriptClassPathProvider <init> (Lorg/gradle/api/internal/classpath/ModuleRegistry;Lorg/gradle/api/internal/ClassPathRegistry;Lorg/gradle/api/internal/initialization/ClassLoaderScope;Lkotlin/jvm/functions/Function0;)V 104 <appendix> member <vmtarget> ; # org/gradle/kotlin/dsl/provider/KotlinScriptClassPathProvider$$Lambda+0x000000009159ed00
instanceKlass  @bci org/gradle/kotlin/dsl/provider/KotlinScriptClassPathProvider <init> (Lorg/gradle/api/internal/classpath/ModuleRegistry;Lorg/gradle/api/internal/ClassPathRegistry;Lorg/gradle/api/internal/initialization/ClassLoaderScope;Lkotlin/jvm/functions/Function0;)V 91 <appendix> member <vmtarget> ; # org/gradle/kotlin/dsl/provider/KotlinScriptClassPathProvider$$Lambda+0x000000009159ead0
instanceKlass  @bci org/gradle/kotlin/dsl/provider/KotlinScriptClassPathProvider <init> (Lorg/gradle/api/internal/classpath/ModuleRegistry;Lorg/gradle/api/internal/ClassPathRegistry;Lorg/gradle/api/internal/initialization/ClassLoaderScope;Lkotlin/jvm/functions/Function0;)V 78 <appendix> member <vmtarget> ; # org/gradle/kotlin/dsl/provider/KotlinScriptClassPathProvider$$Lambda+0x000000009159e8a0
instanceKlass  @bci org/gradle/kotlin/dsl/provider/KotlinScriptClassPathProvider <init> (Lorg/gradle/api/internal/classpath/ModuleRegistry;Lorg/gradle/api/internal/ClassPathRegistry;Lorg/gradle/api/internal/initialization/ClassLoaderScope;Lkotlin/jvm/functions/Function0;)V 65 <appendix> member <vmtarget> ; # org/gradle/kotlin/dsl/provider/KotlinScriptClassPathProvider$$Lambda+0x000000009159e670
instanceKlass  @bci org/gradle/kotlin/dsl/provider/KotlinScriptClassPathProvider <init> (Lorg/gradle/api/internal/classpath/ModuleRegistry;Lorg/gradle/api/internal/ClassPathRegistry;Lorg/gradle/api/internal/initialization/ClassLoaderScope;Lkotlin/jvm/functions/Function0;)V 52 <appendix> member <vmtarget> ; # org/gradle/kotlin/dsl/provider/KotlinScriptClassPathProvider$$Lambda+0x000000009159e440
instanceKlass  @bci org/gradle/kotlin/dsl/provider/KotlinScriptClassPathProviderKt gradleApiJarsProviderFor (Lorg/gradle/api/internal/artifacts/dsl/dependencies/DependencyFactoryInternal;)Lkotlin/jvm/functions/Function0; 7 <appendix> member <vmtarget> ; # org/gradle/kotlin/dsl/provider/KotlinScriptClassPathProviderKt$$Lambda+0x000000009159e210
instanceKlass org/gradle/kotlin/dsl/provider/KotlinScriptClassPathProviderKt
# instanceKlass java/lang/invoke/LambdaForm$MH+0x000000009159d800
# instanceKlass java/lang/invoke/LambdaForm$MH+0x000000009159d400
# instanceKlass java/lang/invoke/LambdaForm$MH+0x000000009159d000
# instanceKlass java/lang/invoke/LambdaForm$MH+0x000000009159cc00
# instanceKlass java/lang/invoke/LambdaForm$MH+0x000000009159c800
# instanceKlass java/lang/invoke/LambdaForm$MH+0x000000009159c400
# instanceKlass java/lang/invoke/LambdaForm$MH+0x000000009159c000
instanceKlass org/gradle/api/internal/artifacts/DefaultDependencyFactory
instanceKlass org/gradle/internal/typeconversion/TypeFilteringNotationConverter
instanceKlass org/gradle/api/internal/file/collections/MinimalFileSet
instanceKlass org/gradle/api/internal/notations/DependencyClassPathNotationConverter
instanceKlass org/gradle/api/internal/notations/DependencyProjectNotationConverter
instanceKlass org/gradle/api/internal/notations/DependencyFilesNotationConverter
instanceKlass org/gradle/api/internal/artifacts/dependencies/MinimalExternalModuleDependencyInternal
instanceKlass org/gradle/api/artifacts/MinimalExternalModuleDependency
instanceKlass org/gradle/api/internal/notations/DependencyNotationParser$MinimalExternalDependencyNotationConverter
instanceKlass org/gradle/api/internal/artifacts/dependencies/AbstractModuleDependency
instanceKlass org/gradle/api/internal/notations/DependencyNotationParser
instanceKlass org/gradle/api/internal/notations/ProjectDependencyFactory
# instanceKlass java/lang/invoke/LambdaForm$MH+0x0000000091596c00
# instanceKlass java/lang/invoke/LambdaForm$MH+0x0000000091596800
# instanceKlass java/lang/invoke/LambdaForm$MH+0x0000000091596400
# instanceKlass java/lang/invoke/LambdaForm$MH+0x0000000091596000
# instanceKlass java/lang/invoke/LambdaForm$MH+0x0000000091595c00
# instanceKlass java/lang/invoke/LambdaForm$MH+0x0000000091595800
# instanceKlass java/lang/invoke/LambdaForm$MH+0x0000000091595400
# instanceKlass java/lang/invoke/LambdaForm$MH+0x0000000091595000
# instanceKlass java/lang/invoke/LambdaForm$MH+0x0000000091594c00
# instanceKlass java/lang/invoke/LambdaForm$MH+0x0000000091594800
# instanceKlass java/lang/invoke/LambdaForm$MH+0x0000000091594400
# instanceKlass java/lang/invoke/LambdaForm$MH+0x0000000091594000
instanceKlass org/gradle/api/internal/DependencyClassPathProvider
instanceKlass org/gradle/internal/instantiation/generator/AsmBackedClassGenerator$NoOpBuilder
instanceKlass kotlin/Unit
instanceKlass org/gradle/kotlin/dsl/provider/KotlinScriptPluginFactory
instanceKlass sun/nio/fs/WindowsPath$1
instanceKlass org/gradle/api/internal/cache/CacheDirUtil
instanceKlass  @bci org/gradle/api/internal/provider/AbstractProperty beforeRead (Lorg/gradle/internal/evaluation/EvaluationScopeContext;Lorg/gradle/internal/state/ModelObject;Lorg/gradle/api/internal/provider/ValueSupplier$ValueConsumer;)V 12 <appendix> member <vmtarget> ; # org/gradle/api/internal/provider/AbstractProperty$$Lambda+0x0000000091592588
instanceKlass  @bci it/unimi/dsi/fastutil/objects/ReferenceArrayList <clinit> ()V 26 <appendix> argL0 ; # it/unimi/dsi/fastutil/objects/ReferenceArrayList$$Lambda+0x0000000091592338
instanceKlass  @bci it/unimi/dsi/fastutil/objects/ReferenceArrayList <clinit> ()V 21 <appendix> argL0 ; # it/unimi/dsi/fastutil/objects/ReferenceArrayList$$Lambda+0x0000000091592100
instanceKlass  @bci it/unimi/dsi/fastutil/objects/ReferenceArrayList <clinit> ()V 16 <appendix> argL0 ; # it/unimi/dsi/fastutil/objects/ReferenceArrayList$$Lambda+0x0000000091591ed8
instanceKlass it/unimi/dsi/fastutil/objects/ObjectListIterator
instanceKlass it/unimi/dsi/fastutil/objects/ObjectBidirectionalIterator
instanceKlass it/unimi/dsi/fastutil/BidirectionalIterator
instanceKlass it/unimi/dsi/fastutil/Stack
instanceKlass it/unimi/dsi/fastutil/objects/ReferenceList
instanceKlass  @bci it/unimi/dsi/fastutil/objects/ReferenceOpenHashSet <clinit> ()V 10 <appendix> argL0 ; # it/unimi/dsi/fastutil/objects/ReferenceOpenHashSet$$Lambda+0x0000000091590000
instanceKlass  @bci it/unimi/dsi/fastutil/objects/ReferenceOpenHashSet <clinit> ()V 5 <appendix> argL0 ; # it/unimi/dsi/fastutil/objects/ReferenceOpenHashSet$$Lambda+0x000000009158fbf8
instanceKlass  @bci it/unimi/dsi/fastutil/objects/ReferenceOpenHashSet <clinit> ()V 0 <appendix> argL0 ; # it/unimi/dsi/fastutil/objects/ReferenceOpenHashSet$$Lambda+0x000000009158f9d0
instanceKlass it/unimi/dsi/fastutil/objects/ObjectSpliterator
instanceKlass it/unimi/dsi/fastutil/objects/ObjectIterator
instanceKlass it/unimi/dsi/fastutil/objects/ReferenceSet
instanceKlass it/unimi/dsi/fastutil/objects/ReferenceCollection
instanceKlass  @bci org/gradle/internal/evaluation/EvaluationContext <init> ()V 6 <appendix> member <vmtarget> ; # org/gradle/internal/evaluation/EvaluationContext$$Lambda+0x000000009158ddb8
instanceKlass org/gradle/internal/evaluation/EvaluationContext$PerThreadContext
instanceKlass org/gradle/internal/evaluation/EvaluationScopeContext
instanceKlass org/gradle/internal/evaluation/EvaluationContext
instanceKlass  @bci org/gradle/api/internal/cache/DefaultCacheConfigurations$ContextualErrorMessageProperty set (Lorg/gradle/api/provider/Provider;)V 3 <appendix> member <vmtarget> ; # org/gradle/api/internal/cache/DefaultCacheConfigurations$ContextualErrorMessageProperty$$Lambda+0x000000009158d510
instanceKlass  @bci org/gradle/api/internal/cache/DefaultCacheConfigurations$ContextualErrorMessageProperty value (Lorg/gradle/api/provider/Provider;)Lorg/gradle/api/internal/cache/DefaultCacheConfigurations$ContextualErrorMessageProperty; 3 <appendix> member <vmtarget> ; # org/gradle/api/internal/cache/DefaultCacheConfigurations$ContextualErrorMessageProperty$$Lambda+0x000000009158d2e0
instanceKlass  @bci org/gradle/internal/event/DefaultListenerManager$ExclusiveEventBroadcast doRemove (Lorg/gradle/internal/event/DefaultListenerManager$ListenerDetails;)V 3 <appendix> member <vmtarget> ; # org/gradle/internal/event/DefaultListenerManager$ExclusiveEventBroadcast$$Lambda+0x000000009158d0b0
instanceKlass org/gradle/internal/event/BroadcastDispatch$ActionInvocationHandler
instanceKlass  @bci org/gradle/internal/operations/notify/BuildOperationNotificationBridge$2 beforeSettings (Lorg/gradle/api/initialization/Settings;)V 21 <appendix> member <vmtarget> ; # org/gradle/internal/operations/notify/BuildOperationNotificationBridge$2$$Lambda+0x000000009158cc30
instanceKlass org/gradle/internal/extensibility/ExtensionsStorage$ExtensionHolder
instanceKlass org/gradle/api/plugins/ExtensionsSchema$ExtensionSchema
instanceKlass org/gradle/api/NamedDomainObjectCollectionSchema$NamedDomainObjectSchema
instanceKlass java/util/concurrent/locks/ReentrantReadWriteLock$WriteLock
instanceKlass java/util/concurrent/locks/ReentrantReadWriteLock$ReadLock
instanceKlass org/apache/groovy/plugin/GroovyRunnerRegistry
instanceKlass  @bci org/codehaus/groovy/runtime/metaclass/MetaClassRegistryImpl <init> (IZ)V 377 <appendix> member <vmtarget> ; # org/codehaus/groovy/runtime/metaclass/MetaClassRegistryImpl$$Lambda+0x000000009158bc30
instanceKlass java/util/EventObject
instanceKlass  @bci groovy/lang/MetaClassImpl makeStaticPropertyIndex ()V 8 <appendix> argL0 ; # groovy/lang/MetaClassImpl$$Lambda+0x000000009158b798
instanceKlass  @bci groovy/lang/MetaClassImpl getPropName (Ljava/lang/String;)Ljava/lang/String; 5 <appendix> member <vmtarget> ; # groovy/lang/MetaClassImpl$$Lambda+0x000000009158b548
instanceKlass  @bci groovy/lang/MetaClassImpl applyStrayPropertyMethods (Ljava/util/LinkedList;Ljava/util/Map;Z)V 45 <appendix> argL0 ; # groovy/lang/MetaClassImpl$$Lambda+0x000000009158b300
instanceKlass  @bci groovy/lang/MetaClassImpl addMetaBeanProperty (Lgroovy/lang/MetaBeanProperty;)V 36 <appendix> argL0 ; # groovy/lang/MetaClassImpl$$Lambda+0x000000009158b0b8
instanceKlass  @bci groovy/lang/MetaClassImpl establishStaticMetaProperty (Lgroovy/lang/MetaProperty;)Lgroovy/lang/MetaProperty; 24 <appendix> argL0 ; # groovy/lang/MetaClassImpl$$Lambda+0x000000009158ae60
instanceKlass org/codehaus/groovy/runtime/GroovyCategorySupport
instanceKlass  @bci org/codehaus/groovy/reflection/CachedMethod find (Ljava/lang/reflect/Method;)Lorg/codehaus/groovy/reflection/CachedMethod; 13 <appendix> argL0 ; # org/codehaus/groovy/reflection/CachedMethod$$Lambda+0x000000009158a710
instanceKlass java/util/concurrent/locks/ReentrantReadWriteLock
instanceKlass java/util/concurrent/locks/ReadWriteLock
instanceKlass  @bci groovy/lang/MetaClassImpl inheritFields (Ljava/lang/Iterable;)V 78 <appendix> argL0 ; # groovy/lang/MetaClassImpl$$Lambda+0x000000009158a4c8
instanceKlass  @bci groovy/lang/MetaClassImpl inheritFields (Ljava/lang/Iterable;)V 35 <appendix> argL0 ; # groovy/lang/MetaClassImpl$$Lambda+0x000000009158a280
instanceKlass  @bci groovy/lang/MetaClassImpl inheritStaticInterfaceFields (Ljava/util/List;Ljava/util/Set;)V 110 <appendix> argL0 ; # groovy/lang/MetaClassImpl$$Lambda+0x000000009158a038
instanceKlass  @bci org/codehaus/groovy/reflection/CachedClass$1 lambda$initValue$2 ()[Lorg/codehaus/groovy/reflection/CachedField; 33 <appendix> argL0 ; # org/codehaus/groovy/reflection/CachedClass$1$$Lambda+0x0000000091589e10
instanceKlass  @bci org/codehaus/groovy/reflection/CachedClass$1 lambda$initValue$2 ()[Lorg/codehaus/groovy/reflection/CachedField; 23 <appendix> argL0 ; # org/codehaus/groovy/reflection/CachedClass$1$$Lambda+0x0000000091589bc8
instanceKlass  @bci org/codehaus/groovy/reflection/CachedClass$1 lambda$initValue$2 ()[Lorg/codehaus/groovy/reflection/CachedField; 13 <appendix> argL0 ; # org/codehaus/groovy/reflection/CachedClass$1$$Lambda+0x0000000091589970
instanceKlass  @bci org/codehaus/groovy/reflection/CachedClass$1 initValue ()[Lorg/codehaus/groovy/reflection/CachedField; 1 <appendix> member <vmtarget> ; # org/codehaus/groovy/reflection/CachedClass$1$$Lambda+0x0000000091589740
instanceKlass  @bci groovy/lang/MetaClassImpl inheritStaticInterfaceFields (Ljava/util/List;Ljava/util/Set;)V 33 <appendix> argL0 ; # groovy/lang/MetaClassImpl$$Lambda+0x00000000915890f8
instanceKlass java/beans/SimpleBeanInfo
instanceKlass java/beans/Transient
instanceKlass java/beans/BeanProperty
instanceKlass  @bci com/sun/beans/introspect/PropertyInfo get (Ljava/lang/Class;)Ljava/util/Map; 440 <appendix> argL0 ; # com/sun/beans/introspect/PropertyInfo$$Lambda+0x00000000912f88f0
instanceKlass com/sun/beans/WildcardTypeImpl
instanceKlass com/sun/beans/introspect/PropertyInfo
instanceKlass  @bci com/sun/beans/introspect/EventSetInfo get (Ljava/lang/Class;)Ljava/util/Map; 314 <appendix> argL0 ; # com/sun/beans/introspect/EventSetInfo$$Lambda+0x00000000912f7fb8
instanceKlass com/sun/beans/introspect/EventSetInfo
instanceKlass  @bci java/util/stream/Collectors joining (Ljava/lang/CharSequence;Ljava/lang/CharSequence;Ljava/lang/CharSequence;)Ljava/util/stream/Collector; 22 <appendix> argL0 ; # java/util/stream/Collectors$$Lambda+0x800000049
instanceKlass  @bci java/util/stream/Collectors joining (Ljava/lang/CharSequence;Ljava/lang/CharSequence;Ljava/lang/CharSequence;)Ljava/util/stream/Collector; 17 <appendix> argL0 ; # java/util/stream/Collectors$$Lambda+0x800000047
instanceKlass  @bci java/util/stream/Collectors joining (Ljava/lang/CharSequence;Ljava/lang/CharSequence;Ljava/lang/CharSequence;)Ljava/util/stream/Collector; 12 <appendix> argL0 ; # java/util/stream/Collectors$$Lambda+0x800000044
instanceKlass  @bci java/util/stream/Collectors joining (Ljava/lang/CharSequence;Ljava/lang/CharSequence;Ljava/lang/CharSequence;)Ljava/util/stream/Collector; 7 <appendix> member <vmtarget> ; # java/util/stream/Collectors$$Lambda+0x80000004c
instanceKlass  @bci java/lang/reflect/Executable sharedToGenericString (IZ)Ljava/lang/String; 193 <appendix> argL0 ; # java/lang/reflect/Executable$$Lambda+0x00000000912f7958
instanceKlass com/sun/beans/WeakCache
instanceKlass com/sun/beans/TypeResolver
instanceKlass java/beans/MethodRef
instanceKlass com/sun/beans/introspect/MethodInfo$MethodOrder
instanceKlass  @bci java/util/ArrayDeque copyElements (Ljava/util/Collection;)V 2 <appendix> member <vmtarget> ; # java/util/ArrayDeque$$Lambda+0x00000000912f6b40
instanceKlass com/sun/beans/introspect/MethodInfo
instanceKlass com/sun/beans/util/Cache$Ref
instanceKlass com/sun/beans/util/Cache$CacheEntry
instanceKlass com/sun/beans/util/Cache
instanceKlass com/sun/beans/introspect/ClassInfo
instanceKlass javax/swing/SwingContainer
instanceKlass java/beans/JavaBean
instanceKlass com/sun/beans/finder/ClassFinder
instanceKlass com/sun/beans/finder/InstanceFinder
instanceKlass java/beans/WeakIdentityMap
instanceKlass java/beans/ThreadGroupContext
instanceKlass  @bci groovy/lang/MetaClassImpl addProperties ()V 29 <appendix> member <vmtarget> ; # groovy/lang/MetaClassImpl$$Lambda+0x0000000091588ec8
instanceKlass org/codehaus/groovy/runtime/callsite/CallSiteArray
instanceKlass org/codehaus/groovy/reflection/MixinInMetaClass
instanceKlass  @bci org/codehaus/groovy/runtime/metaclass/MetaMethodIndex getHeader (Ljava/lang/Class;)Lorg/codehaus/groovy/runtime/metaclass/MetaMethodIndex$Header; 6 <appendix> member <vmtarget> ; # org/codehaus/groovy/runtime/metaclass/MetaMethodIndex$$Lambda+0x0000000091588000
instanceKlass  @bci org/codehaus/groovy/reflection/CachedClass$2 lambda$initValue$4 ()[Lorg/codehaus/groovy/reflection/CachedConstructor; 44 <appendix> argL0 ; # org/codehaus/groovy/reflection/CachedClass$2$$Lambda+0x0000000091580400
instanceKlass  @bci org/codehaus/groovy/reflection/CachedClass$2 lambda$initValue$4 ()[Lorg/codehaus/groovy/reflection/CachedConstructor; 34 <appendix> member <vmtarget> ; # org/codehaus/groovy/reflection/CachedClass$2$$Lambda+0x0000000091580cb0
instanceKlass  @bci org/codehaus/groovy/reflection/CachedClass$2 lambda$initValue$4 ()[Lorg/codehaus/groovy/reflection/CachedConstructor; 23 <appendix> argL0 ; # org/codehaus/groovy/reflection/CachedClass$2$$Lambda+0x0000000091580a58
instanceKlass  @bci org/codehaus/groovy/reflection/CachedClass$2 lambda$initValue$4 ()[Lorg/codehaus/groovy/reflection/CachedConstructor; 13 <appendix> argL0 ; # org/codehaus/groovy/reflection/CachedClass$2$$Lambda+0x0000000091580800
instanceKlass groovy/lang/ExpandoMetaClass$Callable
instanceKlass org/codehaus/groovy/runtime/MethodKey
instanceKlass groovy/lang/ClosureInvokingMethod
instanceKlass  @bci org/codehaus/groovy/reflection/CachedClass$2 initValue ()[Lorg/codehaus/groovy/reflection/CachedConstructor; 1 <appendix> member <vmtarget> ; # org/codehaus/groovy/reflection/CachedClass$2$$Lambda+0x00000000915839b0
instanceKlass org/codehaus/groovy/runtime/metaclass/MetaMethodIndex$EntryIterator
instanceKlass  @bci groovy/lang/MetaClassImpl <clinit> ()V 112 <appendix> argL0 ; # groovy/lang/MetaClassImpl$$Lambda+0x0000000091583180
instanceKlass  @bci groovy/lang/MetaClassImpl <clinit> ()V 104 <appendix> argL0 ; # groovy/lang/MetaClassImpl$$Lambda+0x0000000091582f58
instanceKlass  @bci groovy/lang/MetaClassImpl <clinit> ()V 55 <appendix> argL0 ; # groovy/lang/MetaClassImpl$$Lambda+0x0000000091582d10
instanceKlass org/codehaus/groovy/runtime/GeneratedClosure
instanceKlass org/w3c/dom/Document
instanceKlass org/w3c/dom/UserDataHandler
instanceKlass org/w3c/dom/NamedNodeMap
instanceKlass org/w3c/dom/TypeInfo
instanceKlass org/w3c/dom/Attr
instanceKlass org/w3c/dom/Element
instanceKlass org/w3c/dom/Node
instanceKlass org/w3c/dom/NodeList
instanceKlass org/apache/groovy/xml/extensions/XmlExtensions
instanceKlass org/gradle/api/internal/provider/MapPropertyExtensions
instanceKlass java/time/temporal/TemporalQuery
instanceKlass java/time/chrono/Chronology
instanceKlass java/time/MonthDay
instanceKlass java/time/OffsetDateTime
instanceKlass java/time/ZonedDateTime
instanceKlass java/time/chrono/ChronoZonedDateTime
instanceKlass java/time/OffsetTime
instanceKlass java/time/Period
instanceKlass java/time/Year
instanceKlass java/time/YearMonth
instanceKlass java/time/chrono/ChronoPeriod
instanceKlass org/apache/groovy/datetime/extensions/DateTimeStaticExtensions
instanceKlass org/apache/groovy/datetime/extensions/DateTimeExtensions
instanceKlass org/apache/groovy/dateutil/extensions/DateUtilStaticExtensions
instanceKlass org/apache/groovy/dateutil/extensions/DateUtilExtensions
instanceKlass org/gradle/api/artifacts/DependencyArtifact
instanceKlass org/gradle/api/tasks/TaskDependency
instanceKlass org/gradle/api/artifacts/dsl/DependencyModifier
instanceKlass org/gradle/api/artifacts/DependencyConstraint
instanceKlass org/gradle/api/provider/ProviderConvertible
instanceKlass org/gradle/api/artifacts/dsl/DependencyCollector
instanceKlass org/gradle/api/artifacts/ExternalModuleDependency
instanceKlass org/gradle/api/artifacts/ExternalDependency
instanceKlass org/gradle/api/artifacts/ModuleVersionSelector
instanceKlass org/gradle/api/artifacts/dsl/Dependencies
instanceKlass org/gradle/api/internal/artifacts/dsl/dependencies/DependenciesExtensionModule
instanceKlass  @bci org/codehaus/groovy/runtime/metaclass/MetaClassRegistryImpl$DefaultModuleListener onModule (Lorg/codehaus/groovy/runtime/m12n/ExtensionModule;)V 157 <appendix> argL0 ; # org/codehaus/groovy/runtime/metaclass/MetaClassRegistryImpl$DefaultModuleListener$$Lambda+0x0000000091585c98
instanceKlass org/codehaus/groovy/runtime/metaclass/MethodHelper
instanceKlass java/nio/file/WatchKey
instanceKlass java/nio/file/WatchEvent$Modifier
instanceKlass java/nio/file/WatchEvent$Kind
instanceKlass java/nio/file/WatchService
instanceKlass  @bci org/codehaus/groovy/runtime/m12n/MetaInfExtensionModule newModule (Ljava/util/Properties;Ljava/lang/ClassLoader;)Lorg/codehaus/groovy/runtime/m12n/MetaInfExtensionModule; 134 <appendix> argL0 ; # org/codehaus/groovy/runtime/m12n/MetaInfExtensionModule$$Lambda+0x00000000915855e0
instanceKlass  @bci org/codehaus/groovy/runtime/m12n/MetaInfExtensionModule newModule (Ljava/util/Properties;Ljava/lang/ClassLoader;)Lorg/codehaus/groovy/runtime/m12n/MetaInfExtensionModule; 99 <appendix> argL0 ; # org/codehaus/groovy/runtime/m12n/MetaInfExtensionModule$$Lambda+0x0000000091585178
instanceKlass  @bci org/codehaus/groovy/runtime/m12n/MetaInfExtensionModule newModule (Ljava/util/Properties;Ljava/lang/ClassLoader;)Lorg/codehaus/groovy/runtime/m12n/MetaInfExtensionModule; 44 <appendix> member <vmtarget> ; # org/codehaus/groovy/runtime/m12n/MetaInfExtensionModule$$Lambda+0x0000000091584f28
instanceKlass org/codehaus/groovy/runtime/m12n/ExtensionModule
instanceKlass org/codehaus/groovy/runtime/m12n/PropertiesModuleFactory
instanceKlass org/codehaus/groovy/util/URLStreams
instanceKlass org/codehaus/groovy/runtime/metaclass/MetaClassRegistryImpl$DefaultModuleListener
instanceKlass org/codehaus/groovy/runtime/m12n/ExtensionModuleScanner
instanceKlass java/util/ResourceBundle$CacheKey
instanceKlass org/codehaus/groovy/runtime/DefaultGroovyStaticMethods
instanceKlass  @bci org/codehaus/groovy/runtime/metaclass/MetaClassRegistryImpl registerMethods (Ljava/lang/Class;ZZLjava/util/Map;)V 307 <appendix> argL0 ; # org/codehaus/groovy/runtime/metaclass/MetaClassRegistryImpl$$Lambda+0x000000009157f958
instanceKlass org/codehaus/groovy/runtime/RangeInfo
instanceKlass java/util/function/DoubleFunction
instanceKlass java/util/function/IntPredicate
instanceKlass java/util/function/LongPredicate
instanceKlass java/util/function/DoublePredicate
instanceKlass org/codehaus/groovy/vmplugin/v10/PluginDefaultGroovyMethods
instanceKlass  @bci org/codehaus/groovy/runtime/metaclass/MetaClassRegistryImpl createMetaMethodFromClass (Ljava/util/Map;Ljava/lang/Class;)V 28 <appendix> argL0 ; # org/codehaus/groovy/runtime/metaclass/MetaClassRegistryImpl$$Lambda+0x000000009157eed0
instanceKlass java/util/stream/Gatherer
instanceKlass java/util/function/ToDoubleFunction
instanceKlass java/util/function/ToLongFunction
instanceKlass java/util/function/ToIntFunction
instanceKlass java/lang/ProcessHandle
instanceKlass java/lang/ProcessHandle$Info
instanceKlass  @bci org/codehaus/groovy/reflection/stdclasses/CachedSAMClass getSAMMethod (Ljava/lang/Class;)Ljava/lang/reflect/Method; 152 <appendix> member <vmtarget> ; # org/codehaus/groovy/reflection/stdclasses/CachedSAMClass$$Lambda+0x000000009157e648
instanceKlass  @bci org/codehaus/groovy/reflection/stdclasses/CachedSAMClass getDeclaredMethods (Ljava/lang/Class;)[Ljava/lang/reflect/Method; 6 <appendix> member <vmtarget> ; # org/codehaus/groovy/reflection/stdclasses/CachedSAMClass$$Lambda+0x000000009157e418
instanceKlass org/codehaus/groovy/runtime/MetaClassHelper
instanceKlass java/lang/SecurityManager
instanceKlass  @bci org/codehaus/groovy/vmplugin/v9/Java9 <clinit> ()V 149 <appendix> argL0 ; # org/codehaus/groovy/vmplugin/v9/Java9$$Lambda+0x000000009157da30
instanceKlass  @bci org/codehaus/groovy/vmplugin/v9/Java9 isExported (Ljava/lang/module/ModuleDescriptor;Ljava/lang/String;)Z 10 <appendix> member <vmtarget> ; # org/codehaus/groovy/vmplugin/v9/Java9$$Lambda+0x000000009157d7d0
instanceKlass  @bci org/codehaus/groovy/vmplugin/v9/Java9 isOpen (Ljava/lang/module/ModuleDescriptor;Ljava/lang/String;)Z 10 <appendix> member <vmtarget> ; # org/codehaus/groovy/vmplugin/v9/Java9$$Lambda+0x000000009157d570
instanceKlass  @bci org/codehaus/groovy/vmplugin/v9/Java9 lambda$static$7 (Ljava/util/Map;Ljava/lang/module/ModuleDescriptor;)V 6 <appendix> member <vmtarget> ; # org/codehaus/groovy/vmplugin/v9/Java9$$Lambda+0x000000009157d330
instanceKlass  @bci org/codehaus/groovy/vmplugin/v9/Java9 <clinit> ()V 37 <appendix> member <vmtarget> ; # org/codehaus/groovy/vmplugin/v9/Java9$$Lambda+0x000000009157d0f0
instanceKlass  @cpi org/codehaus/groovy/vmplugin/v9/Java9 3442 form vmentry <vmtarget> ; # java/lang/invoke/LambdaForm$DMH+0x0000000091580000
instanceKlass  @bci org/codehaus/groovy/vmplugin/v9/Java9 <clinit> ()V 26 <appendix> argL0 ; # org/codehaus/groovy/vmplugin/v9/Java9$$Lambda+0x000000009157cea8
instanceKlass org/codehaus/groovy/ast/Variable
instanceKlass org/codehaus/groovy/vmplugin/v8/Java8
instanceKlass org/codehaus/groovy/runtime/NumberAwareComparator
instanceKlass org/codehaus/groovy/runtime/StreamGroovyMethods
instanceKlass org/codehaus/groovy/runtime/EncodingGroovyMethods
instanceKlass org/codehaus/groovy/runtime/DefaultGroovyMethodsSupport
instanceKlass  @bci org/codehaus/groovy/vmplugin/VMPluginFactory createPlugin ()Lorg/codehaus/groovy/vmplugin/VMPlugin; 0 <appendix> argL0 ; # org/codehaus/groovy/vmplugin/VMPluginFactory$$Lambda+0x0000000091571350
instanceKlass org/apache/groovy/util/Maps
instanceKlass org/codehaus/groovy/vmplugin/VMPluginFactory
instanceKlass org/codehaus/groovy/reflection/ReflectionUtils
instanceKlass  @bci org/codehaus/groovy/reflection/CachedClass$3 lambda$initValue$4 ()[Lorg/codehaus/groovy/reflection/CachedMethod; 44 <appendix> argL0 ; # org/codehaus/groovy/reflection/CachedClass$3$$Lambda+0x0000000091570af8
instanceKlass  @bci org/codehaus/groovy/reflection/CachedClass$3 lambda$initValue$4 ()[Lorg/codehaus/groovy/reflection/CachedMethod; 34 <appendix> member <vmtarget> ; # org/codehaus/groovy/reflection/CachedClass$3$$Lambda+0x00000000915708a8
instanceKlass  @bci org/codehaus/groovy/reflection/CachedClass$3 lambda$initValue$4 ()[Lorg/codehaus/groovy/reflection/CachedMethod; 23 <appendix> argL0 ; # org/codehaus/groovy/reflection/CachedClass$3$$Lambda+0x0000000091570650
instanceKlass  @bci org/codehaus/groovy/reflection/CachedClass$3 lambda$initValue$4 ()[Lorg/codehaus/groovy/reflection/CachedMethod; 13 <appendix> argL0 ; # org/codehaus/groovy/reflection/CachedClass$3$$Lambda+0x00000000915703f8
instanceKlass org/codehaus/groovy/runtime/memoize/MemoizeCache
instanceKlass  @bci org/codehaus/groovy/reflection/CachedClass$3 initValue ()[Lorg/codehaus/groovy/reflection/CachedMethod; 1 <appendix> member <vmtarget> ; # org/codehaus/groovy/reflection/CachedClass$3$$Lambda+0x000000009156e848
instanceKlass org/codehaus/groovy/transform/trait/Traits$Implemented
instanceKlass  @bci org/codehaus/groovy/reflection/stdclasses/CachedSAMClass <clinit> ()V 15 <appendix> argL0 ; # org/codehaus/groovy/reflection/stdclasses/CachedSAMClass$$Lambda+0x000000009156e3f8
instanceKlass  @bci org/codehaus/groovy/runtime/metaclass/MetaClassRegistryImpl registerMethods (Ljava/lang/Class;ZZLjava/util/Map;)V 142 <appendix> argL0 ; # org/codehaus/groovy/runtime/metaclass/MetaClassRegistryImpl$$Lambda+0x000000009156e1b0
instanceKlass org/codehaus/groovy/util/ReferenceType$HardRef
instanceKlass org/codehaus/groovy/util/ManagedReference
instanceKlass org/codehaus/groovy/reflection/ClassInfo$GlobalClassSet
instanceKlass org/codehaus/groovy/reflection/GroovyClassValue
instanceKlass org/codehaus/groovy/reflection/GroovyClassValueFactory
instanceKlass org/codehaus/groovy/reflection/ClassInfo$1
instanceKlass org/codehaus/groovy/reflection/GroovyClassValue$ComputeValue
instanceKlass org/codehaus/groovy/util/ComplexKeyHashMap$Entry
instanceKlass org/codehaus/groovy/util/ComplexKeyHashMap$EntryIterator
instanceKlass org/codehaus/groovy/util/ComplexKeyHashMap
instanceKlass org/codehaus/groovy/reflection/ReflectionCache
instanceKlass java/util/OptionalLong
instanceKlass java/util/OptionalInt
instanceKlass java/util/OptionalDouble
instanceKlass java/util/stream/LongStream
instanceKlass java/util/stream/DoubleStream
instanceKlass java/lang/Process
instanceKlass java/util/Timer
instanceKlass java/util/TimerTask
instanceKlass groovy/lang/groovydoc/Groovydoc
instanceKlass groovy/lang/ListWithDefault
instanceKlass groovy/lang/Range
instanceKlass groovy/util/BufferedIterator
instanceKlass org/codehaus/groovy/reflection/GeneratedMetaMethod$DgmMethodRecord
instanceKlass groovy/lang/MetaClassRegistry$MetaClassCreationHandle
instanceKlass org/apache/groovy/util/SystemUtil
instanceKlass org/codehaus/groovy/runtime/m12n/ExtensionModuleRegistry
instanceKlass org/codehaus/groovy/util/Reference
instanceKlass org/codehaus/groovy/util/ReferenceManager
instanceKlass org/codehaus/groovy/util/ReferenceBundle
instanceKlass org/codehaus/groovy/util/ManagedConcurrentLinkedQueue
instanceKlass groovy/lang/MetaClassRegistryChangeEventListener
instanceKlass java/util/EventListener
instanceKlass org/codehaus/groovy/runtime/m12n/ExtensionModuleScanner$ExtensionModuleListener
instanceKlass org/codehaus/groovy/runtime/metaclass/MetaClassRegistryImpl
instanceKlass org/codehaus/groovy/runtime/InvokerHelper
instanceKlass org/gradle/api/internal/plugins/ExtraPropertiesExtensionInternal
instanceKlass org/gradle/internal/extensibility/ExtensionsStorage
instanceKlass org/gradle/api/plugins/ExtraPropertiesExtension
instanceKlass org/gradle/internal/extensibility/DefaultExtensionContainer
instanceKlass org/gradle/api/internal/plugins/ExtensionContainerInternal
instanceKlass org/gradle/api/internal/coerce/StringToEnumTransformer
instanceKlass org/gradle/internal/classpath/InstrumentedGroovyMetaClassHelper
instanceKlass org/codehaus/groovy/runtime/metaclass/MetaMethodIndex
instanceKlass org/codehaus/groovy/vmplugin/VMPlugin
instanceKlass org/codehaus/groovy/util/FastArray
instanceKlass groovyjarjarasm/asm/ClassVisitor
instanceKlass org/codehaus/groovy/runtime/metaclass/MetaMethodIndex$Entry
instanceKlass org/codehaus/groovy/runtime/metaclass/MetaMethodIndex$Header
instanceKlass org/codehaus/groovy/reflection/CachedClass
instanceKlass java/beans/BeanInfo
instanceKlass org/codehaus/groovy/util/SingleKeyHashMap$Copier
instanceKlass org/codehaus/groovy/ast/ASTNode
instanceKlass org/codehaus/groovy/ast/NodeMetaDataHandler
instanceKlass groovy/lang/groovydoc/GroovydocHolder
instanceKlass java/security/PrivilegedExceptionAction
instanceKlass org/codehaus/groovy/reflection/ClassInfo
instanceKlass org/codehaus/groovy/util/Finalizable
instanceKlass groovy/lang/MetaClassImpl$MethodIndexAction
instanceKlass org/codehaus/groovy/runtime/callsite/CallSite
instanceKlass org/codehaus/groovy/reflection/ParameterTypes
instanceKlass groovy/lang/MetaClassImpl
instanceKlass groovy/lang/MutableMetaClass
instanceKlass org/gradle/internal/metaobject/BeanDynamicObject$MetaClassAdapter
instanceKlass org/gradle/api/internal/coerce/PropertySetTransformer
instanceKlass org/gradle/api/internal/coerce/MethodArgumentsTransformer
instanceKlass  @bci org/gradle/initialization/DefaultSettings_Decorated $gradleInit ()V 1 <appendix> member <vmtarget> ; # org/gradle/initialization/DefaultSettings_Decorated$$Lambda+0x00000000915508a0
instanceKlass  @bci org/gradle/initialization/DefaultToolchainManagement_Decorated $gradleInit ()V 1 <appendix> member <vmtarget> ; # org/gradle/initialization/DefaultToolchainManagement_Decorated$$Lambda+0x0000000091550670
instanceKlass org/gradle/initialization/DefaultToolchainManagement
instanceKlass org/gradle/initialization/DefaultProjectDescriptor
instanceKlass java/util/stream/Sink$ChainedInt
instanceKlass java/util/stream/Sink$OfInt
instanceKlass java/util/function/IntConsumer
instanceKlass java/util/stream/Nodes$ArrayNode
instanceKlass  @bci java/io/WinNTFileSystem listRoots ()[Ljava/io/File; 27 <appendix> argL0 ; # java/io/WinNTFileSystem$$Lambda+0x00000000912ea0e0
instanceKlass  @bci java/io/WinNTFileSystem listRoots ()[Ljava/io/File; 17 <appendix> member <vmtarget> ; # java/io/WinNTFileSystem$$Lambda+0x00000000912e9988
instanceKlass java/util/stream/IntStream
instanceKlass java/util/BitSet$1BitSetSpliterator
instanceKlass java/util/Spliterator$OfInt
instanceKlass java/util/Spliterator$OfPrimitive
instanceKlass org/gradle/initialization/DefaultProjectDescriptorRegistry
instanceKlass org/gradle/vcs/VcsMappings
instanceKlass org/gradle/vcs/internal/services/VersionControlServices$VersionControlSettingsServices
instanceKlass org/gradle/plugin/internal/PluginUseServices$SettingsScopeServices
instanceKlass org/gradle/api/internal/plugins/PluginTarget
instanceKlass org/gradle/internal/service/scopes/SettingsScopeServices
# instanceKlass java/lang/invoke/LambdaForm$MH+0x000000009154b400
# instanceKlass java/lang/invoke/LambdaForm$MH+0x000000009154b000
# instanceKlass java/lang/invoke/LambdaForm$MH+0x000000009154ac00
# instanceKlass java/lang/invoke/LambdaForm$MH+0x000000009154a800
# instanceKlass java/lang/invoke/LambdaForm$MH+0x000000009154a400
# instanceKlass java/lang/invoke/LambdaForm$MH+0x000000009154a000
instanceKlass org/gradle/initialization/IncludedBuildSpec
instanceKlass org/gradle/vcs/SourceControl
instanceKlass org/gradle/plugin/management/PluginManagementSpec
instanceKlass org/gradle/api/file/BuildLayout
instanceKlass org/gradle/initialization/ProjectDescriptorRegistry
instanceKlass org/gradle/initialization/ProjectDescriptorInternal
instanceKlass org/gradle/api/initialization/ProjectDescriptor
instanceKlass  @bci org/gradle/api/internal/initialization/DefaultScriptHandler_Decorated $gradleInit ()V 1 <appendix> member <vmtarget> ; # org/gradle/api/internal/initialization/DefaultScriptHandler_Decorated$$Lambda+0x000000009154ddc8
instanceKlass org/gradle/api/attributes/DocsType
instanceKlass org/gradle/api/internal/artifacts/JavaEcosystemAttributesDescriber
instanceKlass org/gradle/api/internal/artifacts/JavaEcosystemSupport$TargetJvmEnvironmentDisambiguationRules
instanceKlass org/gradle/api/internal/artifacts/JavaEcosystemSupport$TargetJvmEnvironmentCompatibilityRules
instanceKlass org/gradle/api/attributes/java/TargetJvmEnvironment
instanceKlass org/gradle/api/internal/attributes/DefaultOrderedDisambiguationRule
instanceKlass org/gradle/api/internal/attributes/DefaultOrderedCompatibilityRule
instanceKlass org/gradle/api/internal/attributes/AttributeMatchingRules
instanceKlass org/gradle/api/attributes/java/TargetJvmVersion
instanceKlass org/gradle/api/internal/artifacts/JavaEcosystemSupport$BundlingDisambiguationRules
instanceKlass org/gradle/api/internal/artifacts/JavaEcosystemSupport$BundlingCompatibilityRules
instanceKlass org/gradle/api/attributes/Bundling
instanceKlass  @bci org/gradle/api/internal/artifacts/JavaEcosystemSupport configureLibraryElements (Lorg/gradle/api/attributes/AttributesSchema;Lorg/gradle/api/model/ObjectFactory;)V 32 <appendix> member <vmtarget> ; # org/gradle/api/internal/artifacts/JavaEcosystemSupport$$Lambda+0x000000009154c498
instanceKlass org/gradle/api/internal/artifacts/JavaEcosystemSupport$LibraryElementsDisambiguationRules
instanceKlass org/gradle/api/internal/artifacts/JavaEcosystemSupport$LibraryElementsCompatibilityRules
instanceKlass org/gradle/api/internal/artifacts/JavaEcosystemSupport$1
instanceKlass org/gradle/api/internal/artifacts/JavaEcosystemSupport$UsageDisambiguationRules
instanceKlass org/gradle/api/internal/artifacts/JavaEcosystemSupport$UsageCompatibilityRules
instanceKlass org/gradle/api/internal/artifacts/JavaEcosystemSupport
instanceKlass org/gradle/internal/resource/UriTextResource$UriResourceLocation
# instanceKlass java/lang/invoke/LambdaForm$MH+0x0000000091549c00
# instanceKlass java/lang/invoke/LambdaForm$MH+0x0000000091549800
# instanceKlass java/lang/invoke/LambdaForm$MH+0x0000000091549400
instanceKlass org/gradle/api/internal/initialization/ScriptClassPathResolutionContext
instanceKlass org/gradle/api/internal/initialization/DefaultScriptHandler
instanceKlass org/gradle/api/internal/DefaultMutationGuard$1
instanceKlass  @bci org/gradle/api/internal/artifacts/DefaultDependencyManagementServices newDetachedResolver (Lorg/gradle/api/internal/file/FileResolver;Lorg/gradle/api/internal/file/FileCollectionFactory;Lorg/gradle/api/internal/DomainObjectContext;)Lorg/gradle/api/internal/artifacts/DependencyResolutionServices; 69 <appendix> argL0 ; # org/gradle/api/internal/artifacts/DefaultDependencyManagementServices$$Lambda+0x0000000091546ea8
instanceKlass  @bci org/gradle/api/internal/artifacts/configurations/DefaultConfigurationContainer_Decorated $gradleInit ()V 1 <appendix> member <vmtarget> ; # org/gradle/api/internal/artifacts/configurations/DefaultConfigurationContainer_Decorated$$Lambda+0x0000000091546c78
instanceKlass org/gradle/api/internal/artifacts/ivyservice/ResolutionParameters$FailureResolutions
instanceKlass org/gradle/api/internal/artifacts/LegacyResolutionParameters
instanceKlass org/gradle/api/internal/artifacts/ivyservice/moduleconverter/AdhocRootComponentProvider
# instanceKlass java/lang/invoke/LambdaForm$MH+0x0000000091549000
# instanceKlass java/lang/invoke/LambdaForm$MH+0x0000000091548c00
# instanceKlass java/lang/invoke/LambdaForm$MH+0x0000000091548800
# instanceKlass java/lang/invoke/LambdaForm$MH+0x0000000091548400
# instanceKlass java/lang/invoke/LambdaForm$MH+0x0000000091548000
# instanceKlass java/lang/invoke/LambdaForm$MH+0x000000009153bc00
# instanceKlass java/lang/invoke/LambdaForm$MH+0x000000009153b800
# instanceKlass java/lang/invoke/LambdaForm$MH+0x000000009153b400
# instanceKlass java/lang/invoke/LambdaForm$MH+0x000000009153b000
# instanceKlass java/lang/invoke/LambdaForm$DMH+0x000000009153ac00
instanceKlass org/gradle/api/artifacts/ConsumableConfiguration
instanceKlass org/gradle/api/internal/artifacts/configurations/ConfigurationRole
instanceKlass org/gradle/api/artifacts/ResolvableConfiguration
instanceKlass org/gradle/api/artifacts/LegacyConfiguration
instanceKlass org/gradle/api/internal/file/AbstractFileCollection
instanceKlass org/gradle/api/internal/initialization/ResettableConfiguration
instanceKlass org/gradle/api/internal/artifacts/configurations/MutationValidator
instanceKlass org/gradle/api/internal/artifacts/configurations/ConfigurationInternal
instanceKlass org/gradle/internal/deprecation/DeprecatableConfiguration
instanceKlass org/gradle/api/artifacts/DependencyScopeConfiguration
# instanceKlass java/lang/invoke/LambdaForm$MH+0x000000009153a800
# instanceKlass java/lang/invoke/LambdaForm$MH+0x000000009153a400
# instanceKlass java/lang/invoke/LambdaForm$MH+0x000000009153a000
# instanceKlass java/lang/invoke/LambdaForm$MH+0x0000000091539c00
# instanceKlass java/lang/invoke/LambdaForm$MH+0x0000000091539800
# instanceKlass java/lang/invoke/LambdaForm$MH+0x0000000091539400
# instanceKlass java/lang/invoke/LambdaForm$MH+0x0000000091539000
# instanceKlass java/lang/invoke/LambdaForm$MH+0x0000000091538c00
# instanceKlass java/lang/invoke/LambdaForm$MH+0x0000000091538800
# instanceKlass java/lang/invoke/LambdaForm$MH+0x0000000091538400
# instanceKlass java/lang/invoke/LambdaForm$MH+0x0000000091538000
# instanceKlass java/lang/invoke/LambdaForm$MH+0x0000000091537c00
# instanceKlass java/lang/invoke/LambdaForm$MH+0x0000000091537800
# instanceKlass java/lang/invoke/LambdaForm$MH+0x0000000091537400
# instanceKlass java/lang/invoke/LambdaForm$MH+0x0000000091537000
# instanceKlass java/lang/invoke/LambdaForm$MH+0x0000000091536c00
# instanceKlass java/lang/invoke/LambdaForm$MH+0x0000000091536800
# instanceKlass java/lang/invoke/LambdaForm$MH+0x0000000091536400
instanceKlass  @bci org/gradle/api/internal/artifacts/dsl/DefaultComponentModuleMetadataHandler_Decorated $gradleInit ()V 1 <appendix> member <vmtarget> ; # org/gradle/api/internal/artifacts/dsl/DefaultComponentModuleMetadataHandler_Decorated$$Lambda+0x000000009152ceb0
instanceKlass org/gradle/api/artifacts/ComponentModuleMetadataDetails
instanceKlass org/gradle/api/artifacts/ComponentModuleMetadata
instanceKlass org/gradle/api/internal/artifacts/dsl/ComponentModuleMetadataContainer
instanceKlass org/gradle/api/internal/artifacts/dsl/ImmutableModuleReplacements
instanceKlass org/gradle/api/internal/artifacts/dsl/DefaultComponentModuleMetadataHandler
instanceKlass org/gradle/api/internal/provider/DefaultMapProperty$NoValueSupplier
instanceKlass org/gradle/api/internal/provider/ValidatingMapEntryCollector
instanceKlass org/gradle/api/internal/provider/DefaultMapProperty$EmptySupplier
instanceKlass org/gradle/api/internal/provider/MapSupplier
instanceKlass org/gradle/api/internal/provider/MapCollector
instanceKlass org/gradle/api/internal/provider/MapEntryCollector
instanceKlass org/gradle/api/internal/provider/MapPropertyInternal
instanceKlass org/gradle/api/internal/provider/MapProviderInternal
instanceKlass org/gradle/api/internal/attributes/AttributeEntry
# instanceKlass java/lang/invoke/LambdaForm$MH+0x0000000091536000
# instanceKlass java/lang/invoke/LambdaForm$MH+0x0000000091535c00
# instanceKlass java/lang/invoke/LambdaForm$DMH+0x0000000091535800
# instanceKlass java/lang/invoke/LambdaForm$MH+0x0000000091535400
# instanceKlass java/lang/invoke/LambdaForm$DMH+0x0000000091535000
# instanceKlass java/lang/invoke/LambdaForm$MH+0x0000000091534c00
# instanceKlass java/lang/invoke/LambdaForm$DMH+0x0000000091534800
# instanceKlass java/lang/invoke/LambdaForm$MH+0x0000000091534400
# instanceKlass java/lang/invoke/LambdaForm$DMH+0x0000000091534000
# instanceKlass java/lang/invoke/LambdaForm$MH+0x0000000091533c00
# instanceKlass java/lang/invoke/LambdaForm$MH+0x0000000091533800
# instanceKlass java/lang/invoke/LambdaForm$MH+0x0000000091533400
# instanceKlass java/lang/invoke/LambdaForm$MH+0x0000000091533000
# instanceKlass java/lang/invoke/LambdaForm$MH+0x0000000091532c00
# instanceKlass java/lang/invoke/LambdaForm$MH+0x0000000091532800
# instanceKlass java/lang/invoke/LambdaForm$MH+0x0000000091532400
# instanceKlass java/lang/invoke/LambdaForm$MH+0x0000000091532000
# instanceKlass java/lang/invoke/LambdaForm$MH+0x0000000091531c00
# instanceKlass java/lang/invoke/LambdaForm$MH+0x0000000091531800
# instanceKlass java/lang/invoke/LambdaForm$MH+0x0000000091531400
# instanceKlass java/lang/invoke/LambdaForm$MH+0x0000000091531000
# instanceKlass java/lang/invoke/LambdaForm$MH+0x0000000091530c00
# instanceKlass java/lang/invoke/LambdaForm$MH+0x0000000091530800
# instanceKlass java/lang/invoke/LambdaForm$MH+0x0000000091530400
# instanceKlass java/lang/invoke/LambdaForm$MH+0x0000000091530000
# instanceKlass java/lang/invoke/LambdaForm$MH+0x000000009152bc00
# instanceKlass java/lang/invoke/LambdaForm$MH+0x000000009152b800
# instanceKlass java/lang/invoke/LambdaForm$MH+0x000000009152b400
# instanceKlass java/lang/invoke/LambdaForm$MH+0x000000009152b000
# instanceKlass java/lang/invoke/LambdaForm$MH+0x000000009152ac00
# instanceKlass java/lang/invoke/LambdaForm$MH+0x000000009152a800
# instanceKlass java/lang/invoke/LambdaForm$MH+0x000000009152a400
# instanceKlass java/lang/invoke/LambdaForm$MH+0x000000009152a000
# instanceKlass java/lang/invoke/LambdaForm$MH+0x0000000091529c00
# instanceKlass java/lang/invoke/LambdaForm$BMH+0x0000000091529800
# instanceKlass java/lang/invoke/LambdaForm$DMH+0x0000000091529400
# instanceKlass java/lang/invoke/LambdaForm$DMH+0x0000000091529000
instanceKlass  @bci org/gradle/api/internal/artifacts/ivyservice/ResolutionExecutor <clinit> ()V 0 <appendix> argL0 ; # org/gradle/api/internal/artifacts/ivyservice/ResolutionExecutor$$Lambda+0x000000009152c230
instanceKlass  @bci org/gradle/api/internal/artifacts/DefaultDependencyManagementServices$DependencyResolutionScopeServices createComponentMetadataProcessorFactory (Lorg/gradle/api/internal/artifacts/dsl/ComponentMetadataHandlerInternal;Lorg/gradle/internal/management/DependencyResolutionManagementInternal;Lorg/gradle/api/internal/DomainObjectContext;)Lorg/gradle/api/internal/artifacts/ComponentMetadataProcessorFactory; 15 <appendix> member <vmtarget> ; # org/gradle/api/internal/artifacts/DefaultDependencyManagementServices$DependencyResolutionScopeServices$$Lambda+0x000000009152c000
instanceKlass  @bci org/gradle/internal/component/external/model/JavaEcosystemVariantDerivationStrategy_Decorated $gradleInit ()V 1 <appendix> member <vmtarget> ; # org/gradle/internal/component/external/model/JavaEcosystemVariantDerivationStrategy_Decorated$$Lambda+0x0000000091527d30
instanceKlass org/gradle/internal/component/external/model/AbstractConfigurationMetadata
instanceKlass org/gradle/internal/component/external/model/ImmutableCapabilities
instanceKlass  @bci org/gradle/api/internal/artifacts/dsl/DefaultComponentMetadataHandler_Decorated $gradleInit ()V 1 <appendix> member <vmtarget> ; # org/gradle/api/internal/artifacts/dsl/DefaultComponentMetadataHandler_Decorated$$Lambda+0x0000000091526878
instanceKlass org/gradle/internal/component/external/model/AbstractStatelessDerivationStrategy
instanceKlass org/gradle/api/internal/artifacts/dsl/MetadataRuleWrapper
instanceKlass org/gradle/api/internal/notations/ComponentIdentifierParserFactory
instanceKlass org/gradle/api/artifacts/DependencyConstraintMetadata
instanceKlass org/gradle/api/internal/catalog/parser/StrictVersionParser
instanceKlass org/gradle/api/internal/notations/DependencyStringNotationConverter
instanceKlass org/gradle/api/internal/notations/DependencyMetadataNotationParser
instanceKlass org/gradle/api/internal/artifacts/repositories/resolver/AbstractDependencyImpl
instanceKlass org/gradle/api/artifacts/DirectDependencyMetadata
instanceKlass org/gradle/api/artifacts/DependencyMetadata
instanceKlass org/gradle/internal/rules/DefaultRuleActionAdapter
instanceKlass org/gradle/api/artifacts/maven/PomModuleDescriptor
instanceKlass org/gradle/api/artifacts/ivy/IvyModuleDescriptor
instanceKlass org/gradle/internal/rules/DefaultRuleActionValidator
# instanceKlass java/lang/invoke/LambdaForm$MH+0x0000000091528c00
# instanceKlass java/lang/invoke/LambdaForm$MH+0x0000000091528800
# instanceKlass java/lang/invoke/LambdaForm$MH+0x0000000091528400
# instanceKlass java/lang/invoke/LambdaForm$MH+0x0000000091528000
# instanceKlass java/lang/invoke/LambdaForm$MH+0x0000000091523c00
instanceKlass org/gradle/api/internal/artifacts/dsl/ComponentMetadataRuleContainer
instanceKlass org/gradle/internal/rules/SpecRuleAction
instanceKlass org/gradle/internal/rules/RuleAction
instanceKlass org/gradle/api/internal/artifacts/dsl/SpecConfigurableRule
instanceKlass org/gradle/internal/component/external/model/VariantDerivationStrategy
instanceKlass org/gradle/api/internal/artifacts/ComponentMetadataProcessor
instanceKlass org/gradle/internal/rules/RuleActionAdapter
instanceKlass org/gradle/internal/rules/RuleActionValidator
# instanceKlass java/lang/invoke/LambdaForm$MH+0x0000000091523800
# instanceKlass java/lang/invoke/LambdaForm$MH+0x0000000091523400
# instanceKlass java/lang/invoke/LambdaForm$MH+0x0000000091523000
# instanceKlass java/lang/invoke/LambdaForm$MH+0x0000000091522c00
# instanceKlass java/lang/invoke/LambdaForm$MH+0x0000000091522800
# instanceKlass java/lang/invoke/LambdaForm$MH+0x0000000091522400
# instanceKlass java/lang/invoke/LambdaForm$MH+0x0000000091522000
# instanceKlass java/lang/invoke/LambdaForm$MH+0x0000000091521c00
instanceKlass  @bci org/gradle/internal/resolve/caching/ComponentMetadataRuleExecutor getKeyToSnapshotableTransformer ()Lorg/gradle/api/Transformer; 0 <appendix> argL0 ; # org/gradle/internal/resolve/caching/ComponentMetadataRuleExecutor$$Lambda+0x000000009151aa08
instanceKlass  @bci org/gradle/internal/resolve/caching/ComponentMetadataRuleExecutor createValidator (Lorg/gradle/util/internal/BuildCommencedTimeProvider;)Lorg/gradle/internal/resolve/caching/CrossBuildCachingRuleExecutor$EntryValidator; 1 <appendix> member <vmtarget> ; # org/gradle/internal/resolve/caching/ComponentMetadataRuleExecutor$$Lambda+0x000000009151a7d8
instanceKlass org/gradle/internal/component/external/model/ModuleDependencyMetadata
instanceKlass org/gradle/internal/component/model/ModuleConfigurationMetadata
instanceKlass org/gradle/internal/component/model/VariantResolveMetadata
instanceKlass org/gradle/internal/component/external/model/ExternalModuleVariantGraphResolveMetadata
instanceKlass org/gradle/internal/component/model/ConfigurationGraphResolveMetadata
instanceKlass org/gradle/internal/component/model/ConfigurationMetadata
instanceKlass org/gradle/internal/component/external/model/AbstractRealisedModuleResolveMetadataSerializationHelper
instanceKlass org/gradle/internal/component/external/model/VirtualComponentIdentifier
instanceKlass org/gradle/internal/component/external/model/ModuleComponentResolveMetadata
# instanceKlass java/lang/invoke/LambdaForm$MH+0x0000000091521800
# instanceKlass java/lang/invoke/LambdaForm$MH+0x0000000091521400
# instanceKlass java/lang/invoke/LambdaForm$MH+0x0000000091521000
# instanceKlass java/lang/invoke/LambdaForm$MH+0x0000000091520c00
# instanceKlass java/lang/invoke/LambdaForm$MH+0x0000000091520800
# instanceKlass java/lang/invoke/LambdaForm$MH+0x0000000091520400
# instanceKlass java/lang/invoke/LambdaForm$MH+0x0000000091520000
instanceKlass  @bci org/gradle/api/internal/artifacts/transform/ConsumerProvidedVariantFinder <init> (Lorg/gradle/api/internal/artifacts/VariantTransformRegistry;Lorg/gradle/api/internal/attributes/AttributesSchemaInternal;Lorg/gradle/api/internal/attributes/AttributesFactory;Lorg/gradle/api/internal/attributes/AttributeSchemaServices;)V 40 <appendix> member <vmtarget> ; # org/gradle/api/internal/artifacts/transform/ConsumerProvidedVariantFinder$$Lambda+0x0000000091518d80
instanceKlass org/gradle/api/internal/artifacts/transform/ConsumerProvidedVariantFinder$TransformCache
instanceKlass  @bci org/gradle/api/internal/artifacts/transform/ConsumerProvidedVariantFinder <init> (Lorg/gradle/api/internal/artifacts/VariantTransformRegistry;Lorg/gradle/api/internal/attributes/AttributesSchemaInternal;Lorg/gradle/api/internal/attributes/AttributesFactory;Lorg/gradle/api/internal/attributes/AttributeSchemaServices;)V 21 <appendix> member <vmtarget> ; # org/gradle/api/internal/artifacts/transform/ConsumerProvidedVariantFinder$$Lambda+0x0000000091518938
instanceKlass org/gradle/api/internal/artifacts/dsl/dependencies/GradlePluginVariantsSupport$TargetGradleVersionDisambiguationRule
instanceKlass org/gradle/api/internal/attributes/DefaultCompatibilityRuleChain$ExceptionHandler
instanceKlass org/gradle/api/internal/artifacts/dsl/dependencies/GradlePluginVariantsSupport$TargetGradleVersionCompatibilityRule
instanceKlass org/gradle/api/attributes/AttributeCompatibilityRule
instanceKlass org/gradle/api/attributes/plugin/GradlePluginApiVersion
instanceKlass org/gradle/api/internal/attributes/DefaultDisambiguationRuleChain$ExceptionHandler
instanceKlass org/gradle/internal/action/DefaultConfigurableRules
instanceKlass org/gradle/internal/action/ConfigurableRules
instanceKlass org/gradle/internal/action/InstantiatingAction
instanceKlass org/gradle/api/artifacts/CacheableRule
instanceKlass org/gradle/api/internal/DefaultActionConfiguration
instanceKlass org/gradle/internal/action/DefaultConfigurableRule
instanceKlass  @bci org/gradle/api/internal/artifacts/dsl/dependencies/PlatformSupport configureCategoryDisambiguationRule (Lorg/gradle/api/attributes/AttributesSchema;)V 19 <appendix> member <vmtarget> ; # org/gradle/api/internal/artifacts/dsl/dependencies/PlatformSupport$$Lambda+0x0000000091517930
instanceKlass org/gradle/api/ActionConfiguration
instanceKlass org/gradle/api/internal/artifacts/dsl/dependencies/PlatformSupport$ComponentCategoryDisambiguationRule
instanceKlass org/gradle/api/attributes/AttributeDisambiguationRule
instanceKlass  @bci org/gradle/api/internal/attributes/DefaultAttributeMatchingStrategy_Decorated $gradleInit ()V 1 <appendix> member <vmtarget> ; # org/gradle/api/internal/attributes/DefaultAttributeMatchingStrategy_Decorated$$Lambda+0x00000000915174b0
instanceKlass  @bci org/gradle/api/internal/attributes/DefaultDisambiguationRuleChain_Decorated $gradleInit ()V 1 <appendix> member <vmtarget> ; # org/gradle/api/internal/attributes/DefaultDisambiguationRuleChain_Decorated$$Lambda+0x0000000091517280
instanceKlass  @bci org/gradle/api/internal/attributes/DefaultCompatibilityRuleChain_Decorated $gradleInit ()V 1 <appendix> member <vmtarget> ; # org/gradle/api/internal/attributes/DefaultCompatibilityRuleChain_Decorated$$Lambda+0x0000000091516c80
instanceKlass org/gradle/internal/action/ConfigurableRule
instanceKlass org/gradle/internal/action/InstantiatingAction$ExceptionHandler
instanceKlass org/objectweb/asm/signature/SignatureVisitor
instanceKlass org/gradle/api/internal/attributes/DefaultCompatibilityRuleChain
instanceKlass org/gradle/api/internal/attributes/DefaultDisambiguationRuleChain
instanceKlass org/gradle/api/attributes/CompatibilityRuleChain
instanceKlass org/gradle/api/attributes/DisambiguationRuleChain
instanceKlass  @bci org/gradle/api/internal/attributes/DefaultAttributesSchema_Decorated $gradleInit ()V 1 <appendix> member <vmtarget> ; # org/gradle/api/internal/attributes/DefaultAttributesSchema_Decorated$$Lambda+0x0000000091507cf0
instanceKlass org/gradle/api/internal/attributes/DefaultAttributeMatchingStrategy
instanceKlass org/gradle/api/attributes/AttributeMatchingStrategy
instanceKlass org/gradle/api/internal/attributes/DefaultAttributesSchema
instanceKlass org/gradle/api/attributes/Category$Impl
instanceKlass org/gradle/api/attributes/Category
instanceKlass org/gradle/api/artifacts/transform/TransformParameters$None
instanceKlass org/gradle/api/artifacts/transform/TransformParameters
instanceKlass org/gradle/api/artifacts/transform/TransformAction
instanceKlass org/gradle/api/internal/artifacts/transform/DefaultVariantTransformRegistry
# instanceKlass java/lang/invoke/LambdaForm$MH+0x0000000091514400
# instanceKlass java/lang/invoke/LambdaForm$MH+0x0000000091514000
# instanceKlass java/lang/invoke/LambdaForm$MH+0x0000000091513c00
# instanceKlass java/lang/invoke/LambdaForm$MH+0x0000000091513800
# instanceKlass java/lang/invoke/LambdaForm$MH+0x0000000091513400
# instanceKlass java/lang/invoke/LambdaForm$MH+0x0000000091513000
# instanceKlass java/lang/invoke/LambdaForm$MH+0x0000000091512c00
instanceKlass org/gradle/api/internal/artifacts/TransformRegistration
instanceKlass org/gradle/api/internal/artifacts/transform/Transform
instanceKlass org/gradle/internal/properties/PropertyVisitor
instanceKlass org/gradle/api/internal/artifacts/transform/DefaultTransformRegistrationFactory
# instanceKlass java/lang/invoke/LambdaForm$MH+0x0000000091512800
# instanceKlass java/lang/invoke/LambdaForm$MH+0x0000000091512400
# instanceKlass java/lang/invoke/LambdaForm$MH+0x0000000091512000
# instanceKlass java/lang/invoke/LambdaForm$MH+0x0000000091511c00
# instanceKlass java/lang/invoke/LambdaForm$MH+0x0000000091511800
# instanceKlass java/lang/invoke/LambdaForm$MH+0x0000000091511400
# instanceKlass java/lang/invoke/LambdaForm$MH+0x0000000091511000
# instanceKlass java/lang/invoke/LambdaForm$MH+0x0000000091510c00
# instanceKlass java/lang/invoke/LambdaForm$MH+0x0000000091510800
# instanceKlass java/lang/invoke/LambdaForm$MH+0x0000000091510400
# instanceKlass java/lang/invoke/LambdaForm$MH+0x0000000091510000
# instanceKlass java/lang/invoke/LambdaForm$MH+0x000000009150fc00
instanceKlass org/gradle/api/reflect/InjectionPointQualifier
instanceKlass org/gradle/api/internal/artifacts/transform/DefaultTransformInvocationFactory
# instanceKlass java/lang/invoke/LambdaForm$MH+0x000000009150f800
# instanceKlass java/lang/invoke/LambdaForm$MH+0x000000009150f400
# instanceKlass java/lang/invoke/LambdaForm$MH+0x000000009150f000
# instanceKlass java/lang/invoke/LambdaForm$MH+0x000000009150ec00
# instanceKlass java/lang/invoke/LambdaForm$MH+0x000000009150e800
# instanceKlass java/lang/invoke/LambdaForm$MH+0x000000009150e400
# instanceKlass java/lang/invoke/LambdaForm$MH+0x000000009150e000
# instanceKlass java/lang/invoke/LambdaForm$MH+0x000000009150dc00
# instanceKlass java/lang/invoke/LambdaForm$MH+0x000000009150d800
instanceKlass org/gradle/api/internal/artifacts/DefaultDependencyManagementServices$TransformGradleUserHomeServices$1
instanceKlass org/gradle/api/internal/artifacts/DependencyManagementGradleUserHomeScopeServices$3
instanceKlass org/gradle/cache/ManualEvictionInMemoryCache
instanceKlass org/gradle/cache/internal/DefaultCrossBuildInMemoryCacheFactory$CrossBuildCacheRetainingDataFromPreviousBuild
instanceKlass  @bci org/gradle/api/internal/artifacts/DependencyManagementGradleUserHomeScopeServices createTransformWorkspaceServices (Lorg/gradle/cache/scopes/GlobalScopedCacheBuilderFactory;Lorg/gradle/cache/internal/CrossBuildInMemoryCacheFactory;Lorg/gradle/internal/file/FileAccessTimeJournal;Lorg/gradle/api/internal/cache/CacheConfigurationsInternal;Lorg/gradle/cache/FineGrainedCacheCleanupStrategyFactory;)Lorg/gradle/api/internal/artifacts/transform/ImmutableTransformWorkspaceServices; 22 <appendix> argL0 ; # org/gradle/api/internal/artifacts/DependencyManagementGradleUserHomeScopeServices$$Lambda+0x0000000091505f18
# instanceKlass java/lang/invoke/LambdaForm$MH+0x000000009150d400
# instanceKlass java/lang/invoke/LambdaForm$MH+0x000000009150d000
# instanceKlass java/lang/invoke/LambdaForm$MH+0x000000009150cc00
# instanceKlass java/lang/invoke/LambdaForm$MH+0x000000009150c800
# instanceKlass java/lang/invoke/LambdaForm$MH+0x000000009150c400
# instanceKlass java/lang/invoke/LambdaForm$MH+0x000000009150c000
# instanceKlass java/lang/invoke/LambdaForm$MH+0x000000009150bc00
# instanceKlass java/lang/invoke/LambdaForm$MH+0x000000009150b800
# instanceKlass java/lang/invoke/LambdaForm$MH+0x000000009150b400
# instanceKlass java/lang/invoke/LambdaForm$MH+0x000000009150b000
# instanceKlass java/lang/invoke/LambdaForm$MH+0x000000009150ac00
# instanceKlass java/lang/invoke/LambdaForm$MH+0x000000009150a800
# instanceKlass java/lang/invoke/LambdaForm$MH+0x000000009150a400
# instanceKlass java/lang/invoke/LambdaForm$MH+0x000000009150a000
# instanceKlass java/lang/invoke/LambdaForm$MH+0x0000000091509c00
# instanceKlass java/lang/invoke/LambdaForm$MH+0x0000000091509800
# instanceKlass java/lang/invoke/LambdaForm$MH+0x0000000091509400
# instanceKlass java/lang/invoke/LambdaForm$MH+0x0000000091509000
# instanceKlass java/lang/invoke/LambdaForm$MH+0x0000000091508c00
# instanceKlass java/lang/invoke/LambdaForm$MH+0x0000000091508800
# instanceKlass java/lang/invoke/LambdaForm$MH+0x0000000091508400
# instanceKlass java/lang/invoke/LambdaForm$DMH+0x0000000091508000
instanceKlass org/gradle/internal/resolve/caching/CrossBuildCachingRuleExecutor$AnySerializer
instanceKlass  @bci org/gradle/internal/resolve/caching/ComponentMetadataSupplierRuleExecutor createValidator (Lorg/gradle/util/internal/BuildCommencedTimeProvider;)Lorg/gradle/internal/resolve/caching/CrossBuildCachingRuleExecutor$EntryValidator; 1 <appendix> member <vmtarget> ; # org/gradle/internal/resolve/caching/ComponentMetadataSupplierRuleExecutor$$Lambda+0x0000000091505848
instanceKlass org/gradle/internal/resolve/caching/CrossBuildCachingRuleExecutor$CachedEntry
instanceKlass org/gradle/api/internal/artifacts/ivyservice/CacheExpirationControl
instanceKlass org/gradle/internal/resolve/caching/CrossBuildCachingRuleExecutor$EntryValidator
instanceKlass  @bci org/gradle/internal/resolve/caching/ComponentMetadataSupplierRuleExecutor <clinit> ()V 0 <appendix> argL0 ; # org/gradle/internal/resolve/caching/ComponentMetadataSupplierRuleExecutor$$Lambda+0x0000000091504fd8
instanceKlass org/gradle/api/artifacts/ResolvedModuleVersion
instanceKlass org/gradle/internal/resolve/caching/ImplicitInputRecorder
instanceKlass org/gradle/api/internal/artifacts/DependencyManagementBuildScopeServices$1
# instanceKlass java/lang/invoke/LambdaForm$MH+0x0000000091503c00
# instanceKlass java/lang/invoke/LambdaForm$MH+0x0000000091503800
# instanceKlass java/lang/invoke/LambdaForm$MH+0x0000000091503400
# instanceKlass java/lang/invoke/LambdaForm$MH+0x0000000091503000
# instanceKlass java/lang/invoke/LambdaForm$MH+0x0000000091502c00
# instanceKlass java/lang/invoke/LambdaForm$MH+0x0000000091502800
# instanceKlass java/lang/invoke/LambdaForm$MH+0x0000000091502400
instanceKlass org/gradle/api/artifacts/ComponentMetadata
instanceKlass org/gradle/api/internal/artifacts/ivyservice/modulecache/ResolvedArtifactCaches
instanceKlass org/gradle/api/internal/artifacts/ivyservice/modulecache/artifacts/InMemoryModuleArtifactCache
instanceKlass  @bci org/gradle/api/internal/artifacts/DependencyManagementBuildTreeScopeServices createModuleRepositoryCacheProvider (Lorg/gradle/util/internal/BuildCommencedTimeProvider;Lorg/gradle/api/internal/artifacts/ImmutableModuleIdentifierFactory;Lorg/gradle/api/internal/artifacts/ivyservice/ArtifactCachesProvider;Lorg/gradle/api/internal/artifacts/ivyservice/resolveengine/result/AttributeContainerSerializer;Lorg/gradle/api/internal/artifacts/capability/CapabilitySelectorSerializer;Lorg/gradle/api/internal/artifacts/repositories/metadata/MavenMutableModuleMetadataFactory;Lorg/gradle/api/internal/artifacts/repositories/metadata/IvyMutableModuleMetadataFactory;Lorg/gradle/util/internal/SimpleMapInterner;Lorg/gradle/api/internal/artifacts/ivyservice/modulecache/FileStoreAndIndexProvider;Lorg/gradle/api/internal/artifacts/ivyservice/modulecache/ModuleSourcesSerializer;Lorg/gradle/internal/hash/ChecksumService;)Lorg/gradle/api/internal/artifacts/ivyservice/modulecache/ModuleRepositoryCacheProvider; 167 <appendix> membe ; # org/gradle/api/internal/artifacts/DependencyManagementBuildTreeScopeServices$$Lambda+0x00000000915044a0
instanceKlass  @bci org/gradle/api/internal/artifacts/DependencyManagementBuildTreeScopeServices createModuleRepositoryCacheProvider (Lorg/gradle/util/internal/BuildCommencedTimeProvider;Lorg/gradle/api/internal/artifacts/ImmutableModuleIdentifierFactory;Lorg/gradle/api/internal/artifacts/ivyservice/ArtifactCachesProvider;Lorg/gradle/api/internal/artifacts/ivyservice/resolveengine/result/AttributeContainerSerializer;Lorg/gradle/api/internal/artifacts/capability/CapabilitySelectorSerializer;Lorg/gradle/api/internal/artifacts/repositories/metadata/MavenMutableModuleMetadataFactory;Lorg/gradle/api/internal/artifacts/repositories/metadata/IvyMutableModuleMetadataFactory;Lorg/gradle/util/internal/SimpleMapInterner;Lorg/gradle/api/internal/artifacts/ivyservice/modulecache/FileStoreAndIndexProvider;Lorg/gradle/api/internal/artifacts/ivyservice/modulecache/ModuleSourcesSerializer;Lorg/gradle/internal/hash/ChecksumService;)Lorg/gradle/api/internal/artifacts/ivyservice/modulecache/ModuleRepositoryCacheProvider; 140 <appendix> membe ; # org/gradle/api/internal/artifacts/DependencyManagementBuildTreeScopeServices$$Lambda+0x0000000091504250
instanceKlass  @bci org/gradle/api/internal/artifacts/DependencyManagementBuildTreeScopeServices createModuleRepositoryCacheProvider (Lorg/gradle/util/internal/BuildCommencedTimeProvider;Lorg/gradle/api/internal/artifacts/ImmutableModuleIdentifierFactory;Lorg/gradle/api/internal/artifacts/ivyservice/ArtifactCachesProvider;Lorg/gradle/api/internal/artifacts/ivyservice/resolveengine/result/AttributeContainerSerializer;Lorg/gradle/api/internal/artifacts/capability/CapabilitySelectorSerializer;Lorg/gradle/api/internal/artifacts/repositories/metadata/MavenMutableModuleMetadataFactory;Lorg/gradle/api/internal/artifacts/repositories/metadata/IvyMutableModuleMetadataFactory;Lorg/gradle/util/internal/SimpleMapInterner;Lorg/gradle/api/internal/artifacts/ivyservice/modulecache/FileStoreAndIndexProvider;Lorg/gradle/api/internal/artifacts/ivyservice/modulecache/ModuleSourcesSerializer;Lorg/gradle/internal/hash/ChecksumService;)Lorg/gradle/api/internal/artifacts/ivyservice/modulecache/ModuleRepositoryCacheProvider; 114 <appendix> membe ; # org/gradle/api/internal/artifacts/DependencyManagementBuildTreeScopeServices$$Lambda+0x0000000091504000
instanceKlass  @bci org/gradle/api/internal/artifacts/DependencyManagementBuildTreeScopeServices createModuleRepositoryCacheProvider (Lorg/gradle/util/internal/BuildCommencedTimeProvider;Lorg/gradle/api/internal/artifacts/ImmutableModuleIdentifierFactory;Lorg/gradle/api/internal/artifacts/ivyservice/ArtifactCachesProvider;Lorg/gradle/api/internal/artifacts/ivyservice/resolveengine/result/AttributeContainerSerializer;Lorg/gradle/api/internal/artifacts/capability/CapabilitySelectorSerializer;Lorg/gradle/api/internal/artifacts/repositories/metadata/MavenMutableModuleMetadataFactory;Lorg/gradle/api/internal/artifacts/repositories/metadata/IvyMutableModuleMetadataFactory;Lorg/gradle/util/internal/SimpleMapInterner;Lorg/gradle/api/internal/artifacts/ivyservice/modulecache/FileStoreAndIndexProvider;Lorg/gradle/api/internal/artifacts/ivyservice/modulecache/ModuleSourcesSerializer;Lorg/gradle/internal/hash/ChecksumService;)Lorg/gradle/api/internal/artifacts/ivyservice/modulecache/ModuleRepositoryCacheProvider; 88 <appendix> member ; # org/gradle/api/internal/artifacts/DependencyManagementBuildTreeScopeServices$$Lambda+0x00000000914fbc88
instanceKlass  @bci org/gradle/api/internal/artifacts/DependencyManagementBuildTreeScopeServices createModuleRepositoryCacheProvider (Lorg/gradle/util/internal/BuildCommencedTimeProvider;Lorg/gradle/api/internal/artifacts/ImmutableModuleIdentifierFactory;Lorg/gradle/api/internal/artifacts/ivyservice/ArtifactCachesProvider;Lorg/gradle/api/internal/artifacts/ivyservice/resolveengine/result/AttributeContainerSerializer;Lorg/gradle/api/internal/artifacts/capability/CapabilitySelectorSerializer;Lorg/gradle/api/internal/artifacts/repositories/metadata/MavenMutableModuleMetadataFactory;Lorg/gradle/api/internal/artifacts/repositories/metadata/IvyMutableModuleMetadataFactory;Lorg/gradle/util/internal/SimpleMapInterner;Lorg/gradle/api/internal/artifacts/ivyservice/modulecache/FileStoreAndIndexProvider;Lorg/gradle/api/internal/artifacts/ivyservice/modulecache/ModuleSourcesSerializer;Lorg/gradle/internal/hash/ChecksumService;)Lorg/gradle/api/internal/artifacts/ivyservice/modulecache/ModuleRepositoryCacheProvider; 71 <adapter> ; # java/lang/invoke/LambdaForm$MH+0x0000000091502000
instanceKlass  @bci org/gradle/api/internal/artifacts/DependencyManagementBuildTreeScopeServices createModuleRepositoryCacheProvider (Lorg/gradle/util/internal/BuildCommencedTimeProvider;Lorg/gradle/api/internal/artifacts/ImmutableModuleIdentifierFactory;Lorg/gradle/api/internal/artifacts/ivyservice/ArtifactCachesProvider;Lorg/gradle/api/internal/artifacts/ivyservice/resolveengine/result/AttributeContainerSerializer;Lorg/gradle/api/internal/artifacts/capability/CapabilitySelectorSerializer;Lorg/gradle/api/internal/artifacts/repositories/metadata/MavenMutableModuleMetadataFactory;Lorg/gradle/api/internal/artifacts/repositories/metadata/IvyMutableModuleMetadataFactory;Lorg/gradle/util/internal/SimpleMapInterner;Lorg/gradle/api/internal/artifacts/ivyservice/modulecache/FileStoreAndIndexProvider;Lorg/gradle/api/internal/artifacts/ivyservice/modulecache/ModuleSourcesSerializer;Lorg/gradle/internal/hash/ChecksumService;)Lorg/gradle/api/internal/artifacts/ivyservice/modulecache/ModuleRepositoryCacheProvider; 71 <appendix> member ; # org/gradle/api/internal/artifacts/DependencyManagementBuildTreeScopeServices$$Lambda+0x00000000914fba48
instanceKlass org/gradle/api/internal/artifacts/ivyservice/modulecache/artifacts/DefaultModuleArtifactCache$CachedArtifactSerializer
instanceKlass org/gradle/api/internal/artifacts/ivyservice/modulecache/artifacts/DefaultModuleArtifactCache$ArtifactAtRepositoryKeySerializer
instanceKlass org/gradle/api/internal/artifacts/ivyservice/modulecache/artifacts/CachedArtifact
instanceKlass org/gradle/api/internal/artifacts/ivyservice/modulecache/artifacts/CachedArtifacts
instanceKlass org/gradle/api/internal/artifacts/ivyservice/modulecache/ModuleMetadataSerializer
instanceKlass org/gradle/api/internal/artifacts/ivyservice/modulecache/ModuleMetadataStore
instanceKlass org/gradle/api/internal/artifacts/ivyservice/modulecache/ModuleMetadataCache$CachedMetadata
instanceKlass org/gradle/api/internal/artifacts/ivyservice/modulecache/dynamicversions/ModuleVersionsCache$CachedModuleVersionList
instanceKlass  @bci org/gradle/api/internal/artifacts/DependencyManagementBuildTreeScopeServices createModuleRepositoryCacheProvider (Lorg/gradle/util/internal/BuildCommencedTimeProvider;Lorg/gradle/api/internal/artifacts/ImmutableModuleIdentifierFactory;Lorg/gradle/api/internal/artifacts/ivyservice/ArtifactCachesProvider;Lorg/gradle/api/internal/artifacts/ivyservice/resolveengine/result/AttributeContainerSerializer;Lorg/gradle/api/internal/artifacts/capability/CapabilitySelectorSerializer;Lorg/gradle/api/internal/artifacts/repositories/metadata/MavenMutableModuleMetadataFactory;Lorg/gradle/api/internal/artifacts/repositories/metadata/IvyMutableModuleMetadataFactory;Lorg/gradle/util/internal/SimpleMapInterner;Lorg/gradle/api/internal/artifacts/ivyservice/modulecache/FileStoreAndIndexProvider;Lorg/gradle/api/internal/artifacts/ivyservice/modulecache/ModuleSourcesSerializer;Lorg/gradle/internal/hash/ChecksumService;)Lorg/gradle/api/internal/artifacts/ivyservice/modulecache/ModuleRepositoryCacheProvider; 26 <appendix> member ; # org/gradle/api/internal/artifacts/DependencyManagementBuildTreeScopeServices$$Lambda+0x00000000914fa458
# instanceKlass java/lang/invoke/LambdaForm$MH+0x0000000091501c00
# instanceKlass java/lang/invoke/LambdaForm$MH+0x0000000091501800
# instanceKlass java/lang/invoke/LambdaForm$MH+0x0000000091501400
# instanceKlass java/lang/invoke/LambdaForm$MH+0x0000000091501000
# instanceKlass java/lang/invoke/LambdaForm$MH+0x0000000091500c00
# instanceKlass java/lang/invoke/LambdaForm$MH+0x0000000091500800
# instanceKlass java/lang/invoke/LambdaForm$MH+0x0000000091500400
# instanceKlass java/lang/invoke/LambdaForm$MH+0x0000000091500000
# instanceKlass java/lang/invoke/LambdaForm$MH+0x00000000914f9c00
# instanceKlass java/lang/invoke/LambdaForm$MH+0x00000000914f9800
# instanceKlass java/lang/invoke/LambdaForm$MH+0x00000000914f9400
# instanceKlass java/lang/invoke/LambdaForm$MH+0x00000000914f9000
instanceKlass org/gradle/internal/component/model/ModuleSources
instanceKlass org/gradle/api/internal/artifacts/ivyservice/ivyresolve/ModuleDescriptorHashCodec
instanceKlass org/gradle/api/internal/artifacts/repositories/metadata/MetadataFileSource
instanceKlass org/gradle/internal/component/model/PersistentModuleSource
instanceKlass org/gradle/internal/component/model/ModuleSource
instanceKlass org/gradle/api/internal/artifacts/repositories/metadata/DefaultMetadataFileSourceCodec
instanceKlass org/gradle/internal/component/model/PersistentModuleSource$Codec
# instanceKlass java/lang/invoke/LambdaForm$MH+0x00000000914f8c00
instanceKlass it/unimi/dsi/fastutil/longs/Long2ObjectFunctions$SynchronizedFunction
instanceKlass it/unimi/dsi/fastutil/longs/Long2ObjectMaps
# instanceKlass java/lang/invoke/LambdaForm$MH+0x00000000914f8800
instanceKlass org/gradle/api/internal/artifacts/DependencyManagementBuildScopeServices$2
instanceKlass  @bci org/gradle/api/internal/artifacts/ivyservice/ivyresolve/verification/DependencyVerificationOverride <clinit> ()V 0 <appendix> argL0 ; # org/gradle/api/internal/artifacts/ivyservice/ivyresolve/verification/DependencyVerificationOverride$$Lambda+0x00000000914ef080
instanceKlass  @bci org/gradle/api/internal/artifacts/DependencyManagementBuildScopeServices createDependencyVerificationOverride (Lorg/gradle/api/internal/artifacts/ivyservice/ivyresolve/StartParameterResolutionOverride;Lorg/gradle/internal/operations/BuildOperationExecutor;Lorg/gradle/internal/hash/ChecksumService;Lorg/gradle/api/internal/artifacts/verification/signatures/SignatureVerificationServiceFactory;Lorg/gradle/api/internal/DocumentationRegistry;Lorg/gradle/internal/event/ListenerManager;Lorg/gradle/util/internal/BuildCommencedTimeProvider;Lorg/gradle/internal/service/ServiceRegistry;Lorg/gradle/internal/resource/local/FileResourceListener;)Lorg/gradle/api/internal/artifacts/ivyservice/ivyresolve/verification/DependencyVerificationOverride; 11 <appendix> member <vmtarget> ; # org/gradle/api/internal/artifacts/DependencyManagementBuildScopeServices$$Lambda+0x00000000914eee50
# instanceKlass java/lang/invoke/LambdaForm$MH+0x00000000914f8400
# instanceKlass java/lang/invoke/LambdaForm$MH+0x00000000914f8000
# instanceKlass java/lang/invoke/LambdaForm$MH+0x00000000914f7c00
# instanceKlass java/lang/invoke/LambdaForm$MH+0x00000000914f7800
# instanceKlass java/lang/invoke/LambdaForm$MH+0x00000000914f7400
# instanceKlass java/lang/invoke/LambdaForm$MH+0x00000000914f7000
# instanceKlass java/lang/invoke/LambdaForm$MH+0x00000000914f6c00
# instanceKlass java/lang/invoke/LambdaForm$MH+0x00000000914f6800
# instanceKlass java/lang/invoke/LambdaForm$MH+0x00000000914f6400
instanceKlass org/gradle/api/internal/artifacts/verification/signatures/SignatureVerificationService
instanceKlass org/gradle/security/internal/PublicKeyService
instanceKlass org/gradle/api/internal/artifacts/verification/signatures/DefaultSignatureVerificationServiceFactory
# instanceKlass java/lang/invoke/LambdaForm$MH+0x00000000914f6000
# instanceKlass java/lang/invoke/LambdaForm$MH+0x00000000914f5c00
# instanceKlass java/lang/invoke/LambdaForm$MH+0x00000000914f5800
# instanceKlass java/lang/invoke/LambdaForm$MH+0x00000000914f5400
# instanceKlass java/lang/invoke/LambdaForm$MH+0x00000000914f5000
# instanceKlass java/lang/invoke/LambdaForm$MH+0x00000000914f4c00
# instanceKlass java/lang/invoke/LambdaForm$MH+0x00000000914f4800
# instanceKlass java/lang/invoke/LambdaForm$MH+0x00000000914f4400
# instanceKlass java/lang/invoke/LambdaForm$MH+0x00000000914f4000
# instanceKlass java/lang/invoke/LambdaForm$MH+0x00000000914f3c00
instanceKlass org/gradle/api/internal/artifacts/ivyservice/resolveengine/store/StoreSet
# instanceKlass java/lang/invoke/LambdaForm$MH+0x00000000914f3800
# instanceKlass java/lang/invoke/LambdaForm$MH+0x00000000914f3400
# instanceKlass java/lang/invoke/LambdaForm$MH+0x00000000914f3000
# instanceKlass java/lang/invoke/LambdaForm$MH+0x00000000914f2c00
# instanceKlass java/lang/invoke/LambdaForm$MH+0x00000000914f2800
# instanceKlass java/lang/invoke/LambdaForm$MH+0x00000000914f2400
# instanceKlass java/lang/invoke/LambdaForm$MH+0x00000000914f2000
# instanceKlass java/lang/invoke/LambdaForm$MH+0x00000000914f1c00
# instanceKlass java/lang/invoke/LambdaForm$MH+0x00000000914f1800
# instanceKlass java/lang/invoke/LambdaForm$MH+0x00000000914f1400
# instanceKlass java/lang/invoke/LambdaForm$MH+0x00000000914f1000
# instanceKlass java/lang/invoke/LambdaForm$MH+0x00000000914f0c00
# instanceKlass java/lang/invoke/LambdaForm$MH+0x00000000914f0800
# instanceKlass java/lang/invoke/LambdaForm$MH+0x00000000914f0400
instanceKlass  @bci org/gradle/api/internal/artifacts/DependencyManagementBuildTreeScopeServices createModuleRepositoryCacheProvider (Lorg/gradle/util/internal/BuildCommencedTimeProvider;Lorg/gradle/api/internal/artifacts/ImmutableModuleIdentifierFactory;Lorg/gradle/api/internal/artifacts/ivyservice/ArtifactCachesProvider;Lorg/gradle/api/internal/artifacts/ivyservice/resolveengine/result/AttributeContainerSerializer;Lorg/gradle/api/internal/artifacts/capability/CapabilitySelectorSerializer;Lorg/gradle/api/internal/artifacts/repositories/metadata/MavenMutableModuleMetadataFactory;Lorg/gradle/api/internal/artifacts/repositories/metadata/IvyMutableModuleMetadataFactory;Lorg/gradle/util/internal/SimpleMapInterner;Lorg/gradle/api/internal/artifacts/ivyservice/modulecache/FileStoreAndIndexProvider;Lorg/gradle/api/internal/artifacts/ivyservice/modulecache/ModuleSourcesSerializer;Lorg/gradle/internal/hash/ChecksumService;)Lorg/gradle/api/internal/artifacts/ivyservice/modulecache/ModuleRepositoryCacheProvider; 26 <appendix> form v ; # java/lang/invoke/LambdaForm$DMH+0x00000000914f0000
instanceKlass  @bci org/gradle/api/internal/artifacts/dsl/dependencies/TargetJVMVersionOnLibraryTooNewFailureDescriber$Inject_ $gradleInit ()V 1 <appendix> member <vmtarget> ; # org/gradle/api/internal/artifacts/dsl/dependencies/TargetJVMVersionOnLibraryTooNewFailureDescriber$Inject_$$Lambda+0x00000000914ee3d0
instanceKlass  @bci org/gradle/api/internal/artifacts/dsl/dependencies/TargetJVMVersionOnPluginTooNewFailureDescriber$Inject_ $gradleInit ()V 1 <appendix> member <vmtarget> ; # org/gradle/api/internal/artifacts/dsl/dependencies/TargetJVMVersionOnPluginTooNewFailureDescriber$Inject_$$Lambda+0x00000000914edb88
instanceKlass  @bci org/gradle/api/internal/artifacts/dsl/dependencies/NewerGradleNeededByPluginFailureDescriber$Inject_ $gradleInit ()V 1 <appendix> member <vmtarget> ; # org/gradle/api/internal/artifacts/dsl/dependencies/NewerGradleNeededByPluginFailureDescriber$Inject_$$Lambda+0x00000000914ed108
instanceKlass org/gradle/api/internal/artifacts/dsl/dependencies/GradlePluginVariantsSupport
instanceKlass  @bci org/gradle/internal/component/resolution/failure/ResolutionFailureHandler configureAdditionalDataBuilder (Lorg/gradle/api/problems/internal/AdditionalDataBuilderFactory;)V 12 <appendix> argL0 ; # org/gradle/internal/component/resolution/failure/ResolutionFailureHandler$$Lambda+0x00000000914ec6d0
instanceKlass org/gradle/api/problems/internal/AdditionalDataBuilder
instanceKlass org/gradle/api/problems/internal/ResolutionFailureDataSpec
instanceKlass  @bci org/gradle/internal/component/resolution/failure/describer/UnknownArtifactSelectionFailureDescriber$Inject_ $gradleInit ()V 1 <appendix> member <vmtarget> ; # org/gradle/internal/component/resolution/failure/describer/UnknownArtifactSelectionFailureDescriber$Inject_$$Lambda+0x00000000914ec298
instanceKlass  @bci org/gradle/internal/component/resolution/failure/describer/AmbiguousArtifactTransformsFailureDescriber$Inject_ $gradleInit ()V 1 <appendix> member <vmtarget> ; # org/gradle/internal/component/resolution/failure/describer/AmbiguousArtifactTransformsFailureDescriber$Inject_$$Lambda+0x00000000914eb7e8
instanceKlass org/gradle/internal/component/resolution/failure/transform/TransformData
instanceKlass org/gradle/internal/component/resolution/failure/transform/TransformationChainData
instanceKlass org/gradle/internal/component/resolution/failure/transform/SourceVariantData
instanceKlass  @bci org/gradle/internal/component/resolution/failure/describer/IncompatibleMultipleNodesValidationFailureDescriber$Inject_ $gradleInit ()V 1 <appendix> member <vmtarget> ; # org/gradle/internal/component/resolution/failure/describer/IncompatibleMultipleNodesValidationFailureDescriber$Inject_$$Lambda+0x00000000914ea6f0
instanceKlass org/gradle/internal/component/resolution/failure/interfaces/GraphNodesValidationFailure
instanceKlass org/gradle/internal/component/resolution/failure/interfaces/GraphValidationFailure
instanceKlass  @bci org/gradle/internal/component/resolution/failure/describer/NoCompatibleArtifactFailureDescriber$Inject_ $gradleInit ()V 1 <appendix> member <vmtarget> ; # org/gradle/internal/component/resolution/failure/describer/NoCompatibleArtifactFailureDescriber$Inject_$$Lambda+0x00000000914e9570
instanceKlass  @bci org/gradle/internal/component/resolution/failure/describer/AmbiguousArtifactsFailureDescriber$Inject_ $gradleInit ()V 1 <appendix> member <vmtarget> ; # org/gradle/internal/component/resolution/failure/describer/AmbiguousArtifactsFailureDescriber$Inject_$$Lambda+0x00000000914e8b08
instanceKlass org/gradle/internal/component/resolution/failure/interfaces/ArtifactSelectionFailure
instanceKlass  @bci org/gradle/internal/component/resolution/failure/describer/NoVariantsWithMatchingCapabilitiesFailureDescriber$Inject_ $gradleInit ()V 1 <appendix> member <vmtarget> ; # org/gradle/internal/component/resolution/failure/describer/NoVariantsWithMatchingCapabilitiesFailureDescriber$Inject_$$Lambda+0x00000000914e1b78
instanceKlass  @bci org/gradle/internal/component/resolution/failure/describer/ConfigurationDoesNotExistFailureDescriber$Inject_ $gradleInit ()V 1 <appendix> member <vmtarget> ; # org/gradle/internal/component/resolution/failure/describer/ConfigurationDoesNotExistFailureDescriber$Inject_$$Lambda+0x00000000914e35b0
instanceKlass  @bci org/gradle/internal/component/resolution/failure/describer/ConfigurationNotCompatibleFailureDescriber$Inject_ $gradleInit ()V 1 <appendix> member <vmtarget> ; # org/gradle/internal/component/resolution/failure/describer/ConfigurationNotCompatibleFailureDescriber$Inject_$$Lambda+0x00000000914e2b00
instanceKlass org/gradle/internal/component/resolution/failure/interfaces/VariantSelectionByNameFailure
instanceKlass  @bci org/gradle/internal/component/resolution/failure/describer/NoCompatibleVariantsFailureDescriber$Inject_ $gradleInit ()V 1 <appendix> member <vmtarget> ; # org/gradle/internal/component/resolution/failure/describer/NoCompatibleVariantsFailureDescriber$Inject_$$Lambda+0x00000000914e7918
instanceKlass org/gradle/internal/component/resolution/failure/formatting/StyledAttributeDescriber
instanceKlass  @bci org/gradle/internal/component/resolution/failure/describer/AmbiguousVariantsFailureDescriber$Inject_ $gradleInit ()V 1 <appendix> member <vmtarget> ; # org/gradle/internal/component/resolution/failure/describer/AmbiguousVariantsFailureDescriber$Inject_$$Lambda+0x00000000914e6a08
instanceKlass  @bci org/gradle/internal/component/resolution/failure/describer/MissingAttributeAmbiguousVariantsFailureDescriber$Inject_ $gradleInit ()V 1 <appendix> member <vmtarget> ; # org/gradle/internal/component/resolution/failure/describer/MissingAttributeAmbiguousVariantsFailureDescriber$Inject_$$Lambda+0x00000000914e64a0
instanceKlass org/gradle/internal/component/resolution/failure/interfaces/VariantSelectionByAttributesFailure
instanceKlass org/gradle/internal/component/resolution/failure/interfaces/VariantSelectionFailure
instanceKlass  @bci org/gradle/internal/component/resolution/failure/describer/ModuleRejectedFailureDescriber$Inject_ $gradleInit ()V 1 <appendix> member <vmtarget> ; # org/gradle/internal/component/resolution/failure/describer/ModuleRejectedFailureDescriber$Inject_$$Lambda+0x00000000914e4df0
instanceKlass  @bci org/gradle/internal/component/resolution/failure/ResolutionFailureDescriberRegistry registerDescriber (Ljava/lang/Class;Ljava/lang/Class;)V 23 <appendix> argL0 ; # org/gradle/internal/component/resolution/failure/ResolutionFailureDescriberRegistry$$Lambda+0x00000000914e45b0
instanceKlass  @bci org/gradle/internal/component/resolution/failure/describer/ModuleRejectedIncompatibleConstraintsFailureDescriber$Inject_ $gradleInit ()V 1 <appendix> member <vmtarget> ; # org/gradle/internal/component/resolution/failure/describer/ModuleRejectedIncompatibleConstraintsFailureDescriber$Inject_$$Lambda+0x00000000914e4380
instanceKlass  @bci jdk/internal/reflect/MethodHandleIntegerFieldAccessorImpl setInt (Ljava/lang/Object;I)V 29 <adapter> ; # java/lang/invoke/LambdaForm$MH+0x00000000914e1000
# instanceKlass java/lang/invoke/LambdaForm$DMH+0x00000000914e0c00
instanceKlass  @bci org/gradle/internal/instantiation/generator/AsmBackedClassGenerator$ClassBuilderImpl addManagedMethods (Ljava/util/List;Ljava/util/List;)V 116 <appendix> member <vmtarget> ; # org/gradle/internal/instantiation/generator/AsmBackedClassGenerator$ClassBuilderImpl$$Lambda+0x00000000914d6740
instanceKlass  @bci org/gradle/internal/instantiation/generator/AsmBackedClassGenerator$ClassBuilderImpl addManagedMethods (Ljava/util/List;Ljava/util/List;)V 93 <adapter> ; # java/lang/invoke/LambdaForm$MH+0x00000000914e0800
# instanceKlass java/lang/invoke/LambdaForm$DMH+0x00000000914e0400
instanceKlass  @bci org/gradle/internal/instantiation/generator/AsmBackedClassGenerator$ClassBuilderImpl addManagedMethods (Ljava/util/List;Ljava/util/List;)V 93 <appendix> form vmentry <vmtarget> ; # java/lang/invoke/LambdaForm$DMH+0x00000000914e0000
instanceKlass  @bci org/gradle/internal/instantiation/generator/AsmBackedClassGenerator$ClassBuilderImpl addManagedMethods (Ljava/util/List;Ljava/util/List;)V 93 <appendix> member <vmtarget> ; # org/gradle/internal/instantiation/generator/AsmBackedClassGenerator$ClassBuilderImpl$$Lambda+0x00000000914d6038
instanceKlass  @cpi org/gradle/internal/instantiation/generator/AsmBackedClassGenerator$ClassBuilderImpl 1727 form vmentry <vmtarget> ; # java/lang/invoke/LambdaForm$DMH+0x00000000914ddc00
instanceKlass  @bci org/gradle/internal/instantiation/generator/AsmBackedClassGenerator$ClassBuilderImpl addManagedMethods (Ljava/util/List;Ljava/util/List;)V 72 <adapter> ; # java/lang/invoke/LambdaForm$MH+0x00000000914dd800
instanceKlass  @bci org/gradle/internal/instantiation/generator/AsmBackedClassGenerator$ClassBuilderImpl addManagedMethods (Ljava/util/List;Ljava/util/List;)V 72 <appendix> form vmentry <vmtarget> ; # java/lang/invoke/LambdaForm$DMH+0x00000000914dd400
instanceKlass  @bci org/gradle/internal/instantiation/generator/AsmBackedClassGenerator$ClassBuilderImpl addManagedMethods (Ljava/util/List;Ljava/util/List;)V 72 <appendix> member <vmtarget> ; # org/gradle/internal/instantiation/generator/AsmBackedClassGenerator$ClassBuilderImpl$$Lambda+0x00000000914d5930
instanceKlass  @cpi org/gradle/internal/instantiation/generator/AsmBackedClassGenerator$ClassBuilderImpl 1724 form vmentry <vmtarget> ; # java/lang/invoke/LambdaForm$DMH+0x00000000914dd000
instanceKlass  @bci org/gradle/internal/instantiation/generator/AsmBackedClassGenerator$ClassBuilderImpl addManagedMethods (Ljava/util/List;Ljava/util/List;)V 53 <appendix> member <vmtarget> ; # org/gradle/internal/instantiation/generator/AsmBackedClassGenerator$ClassBuilderImpl$$Lambda+0x00000000914d5228
instanceKlass org/gradle/internal/component/resolution/failure/ResolutionCandidateAssessor$AssessedCandidate
instanceKlass org/gradle/internal/component/resolution/failure/ResolutionCandidateAssessor$AssessedAttribute
instanceKlass org/gradle/api/internal/attributes/AttributeDescriber
instanceKlass org/gradle/internal/logging/text/TreeFormatter
instanceKlass org/gradle/internal/component/resolution/failure/SelectionReasonAssessor$AssessedSelection$AssessedSelectionReason
instanceKlass org/gradle/util/internal/VersionNumber
instanceKlass org/gradle/internal/component/resolution/failure/describer/AbstractResolutionFailureDescriber
instanceKlass org/gradle/internal/component/resolution/failure/describer/ResolutionFailureDescriber
instanceKlass org/gradle/internal/component/resolution/failure/type/AbstractResolutionFailure
instanceKlass org/gradle/internal/component/resolution/failure/ResolutionFailureDescriberRegistry
instanceKlass org/gradle/internal/component/resolution/failure/interfaces/ResolutionFailure
# instanceKlass java/lang/invoke/LambdaForm$MH+0x00000000914dcc00
# instanceKlass java/lang/invoke/LambdaForm$MH+0x00000000914dc800
# instanceKlass java/lang/invoke/LambdaForm$MH+0x00000000914dc400
# instanceKlass java/lang/invoke/LambdaForm$MH+0x00000000914dc000
instanceKlass  @bci org/gradle/internal/model/InMemoryCacheFactory$IdentityLoadingCache <init> (ILjava/util/function/Function;)V 11 <appendix> member <vmtarget> ; # org/gradle/internal/model/InMemoryCacheFactory$IdentityLoadingCache$$Lambda+0x00000000914d48a0
instanceKlass org/gradle/internal/model/InMemoryCacheFactory$IdentityKey
instanceKlass org/gradle/internal/model/InMemoryCacheFactory$IdentityLoadingCache
instanceKlass  @bci org/gradle/api/internal/attributes/AttributeSchemaServices <init> (Lorg/gradle/api/internal/attributes/immutable/ImmutableAttributesSchemaFactory;Lorg/gradle/api/internal/attributes/immutable/artifact/ImmutableArtifactTypeRegistryFactory;Lorg/gradle/internal/model/InMemoryCacheFactory;)V 22 <appendix> member <vmtarget> ; # org/gradle/api/internal/attributes/AttributeSchemaServices$$Lambda+0x00000000914dbbf0
instanceKlass org/gradle/api/internal/attributes/matching/DefaultAttributeMatcher
instanceKlass org/gradle/api/internal/attributes/matching/AttributeMatcher
instanceKlass org/gradle/api/internal/artifacts/ivyservice/resolveengine/excludes/simple/DefaultExcludeNothing
instanceKlass org/gradle/api/internal/artifacts/ivyservice/resolveengine/excludes/specs/ExcludeNothing
instanceKlass org/gradle/api/internal/artifacts/ivyservice/resolveengine/excludes/factories/Unions
instanceKlass org/gradle/api/internal/artifacts/ivyservice/resolveengine/excludes/specs/ModuleExclude
instanceKlass org/gradle/api/internal/artifacts/ivyservice/resolveengine/excludes/specs/ModuleIdSetExclude
instanceKlass org/gradle/api/internal/artifacts/ivyservice/resolveengine/excludes/specs/ModuleIdExclude
instanceKlass org/gradle/api/internal/artifacts/ivyservice/resolveengine/excludes/specs/GroupExclude
instanceKlass org/gradle/api/internal/artifacts/ivyservice/resolveengine/excludes/specs/ExcludeAnyOf
instanceKlass org/gradle/api/internal/artifacts/ivyservice/resolveengine/excludes/specs/CompositeExclude
instanceKlass org/gradle/api/internal/artifacts/ivyservice/resolveengine/excludes/factories/AbstractIntersection
instanceKlass org/gradle/api/internal/artifacts/ivyservice/resolveengine/excludes/factories/Intersection
instanceKlass org/gradle/api/internal/artifacts/ivyservice/resolveengine/excludes/factories/Intersections
instanceKlass org/gradle/api/internal/artifacts/ivyservice/resolveengine/excludes/specs/GroupSetExclude
instanceKlass org/gradle/api/internal/artifacts/ivyservice/resolveengine/excludes/specs/ModuleSetExclude
instanceKlass org/gradle/api/internal/artifacts/ivyservice/resolveengine/excludes/simple/DefaultExcludeFactory
instanceKlass org/gradle/api/internal/artifacts/ivyservice/resolveengine/excludes/factories/DelegatingExcludeFactory
instanceKlass org/gradle/api/internal/artifacts/ivyservice/resolveengine/excludes/factories/CachingExcludeFactory$ConcurrentCache
instanceKlass org/gradle/api/internal/artifacts/ivyservice/resolveengine/excludes/factories/CachingExcludeFactory$MergeCaches
instanceKlass org/gradle/api/internal/artifacts/ivyservice/resolveengine/excludes/factories/ExcludeFactory
instanceKlass  @bci org/gradle/api/internal/artifacts/DefaultDependencyManagementServices$DependencyResolutionScopeServices createRepositoriesSupplier (Lorg/gradle/api/artifacts/dsl/RepositoryHandler;Lorg/gradle/internal/management/DependencyResolutionManagementInternal;Lorg/gradle/api/internal/DomainObjectContext;)Lorg/gradle/api/internal/artifacts/RepositoriesSupplier; 3 <appendix> member <vmtarget> ; # org/gradle/api/internal/artifacts/DefaultDependencyManagementServices$DependencyResolutionScopeServices$$Lambda+0x00000000914d2000
instanceKlass  @bci org/gradle/internal/management/DefaultDependencyResolutionManagement_Decorated $gradleInit ()V 1 <appendix> member <vmtarget> ; # org/gradle/internal/management/DefaultDependencyResolutionManagement_Decorated$$Lambda+0x00000000914c7d30
instanceKlass  @bci org/gradle/internal/management/DefaultVersionCatalogBuilderContainer_Decorated $gradleInit ()V 1 <appendix> member <vmtarget> ; # org/gradle/internal/management/DefaultVersionCatalogBuilderContainer_Decorated$$Lambda+0x00000000914c7b00
instanceKlass com/google/common/collect/MapMakerInternalMap$StrongKeyDummyValueEntry$Helper
instanceKlass  @bci org/gradle/api/internal/collections/SortedSetElementSource <init> (Ljava/util/Comparator;)V 12 <appendix> argL0 ; # org/gradle/api/internal/collections/SortedSetElementSource$$Lambda+0x00000000914cf4c8
instanceKlass org/gradle/api/Namer$Comparator
instanceKlass org/gradle/api/internal/collections/SortedSetElementSource
instanceKlass org/gradle/api/Named$Namer
# instanceKlass java/lang/invoke/LambdaForm$MH+0x00000000914d0000
# instanceKlass java/lang/invoke/LambdaForm$MH+0x00000000914cdc00
# instanceKlass java/lang/invoke/LambdaForm$MH+0x00000000914cd800
# instanceKlass java/lang/invoke/LambdaForm$MH+0x00000000914cd400
instanceKlass org/gradle/declarative/dsl/model/annotations/internal/DeclarativeWithHiddenMembers
instanceKlass org/gradle/api/reflect/TypeOf
instanceKlass groovy/lang/Buildable
instanceKlass groovy/lang/Writable
instanceKlass  @bci org/gradle/internal/management/DefaultDependencyResolutionManagement <init> (Lorg/gradle/internal/code/UserCodeApplicationContext;Lorg/gradle/api/internal/artifacts/DependencyManagementServices;Lorg/gradle/api/model/ObjectFactory;Lorg/gradle/api/internal/CollectionCallbackActionDecorator;)V 83 <appendix> member <vmtarget> ; # org/gradle/internal/management/DefaultDependencyResolutionManagement$$Lambda+0x00000000914c6580
instanceKlass org/gradle/internal/management/DefaultDependencyResolutionManagement$ComponentMetadataRulesRegistar
instanceKlass org/gradle/api/initialization/dsl/VersionCatalogBuilder
instanceKlass org/gradle/api/reflect/HasPublicType
instanceKlass org/gradle/api/initialization/resolve/MutableVersionCatalogContainer
instanceKlass org/gradle/internal/management/DefaultDependencyResolutionManagement
# instanceKlass java/lang/invoke/LambdaForm$MH+0x00000000914cd000
# instanceKlass java/lang/invoke/LambdaForm$MH+0x00000000914ccc00
# instanceKlass java/lang/invoke/LambdaForm$MH+0x00000000914cc800
# instanceKlass java/lang/invoke/LambdaForm$MH+0x00000000914cc400
# instanceKlass java/lang/invoke/LambdaForm$MH+0x00000000914cc000
instanceKlass  @bci org/gradle/api/internal/artifacts/dsl/DefaultRepositoryHandler_Decorated $gradleInit ()V 1 <appendix> member <vmtarget> ; # org/gradle/api/internal/artifacts/dsl/DefaultRepositoryHandler_Decorated$$Lambda+0x00000000914c46a8
instanceKlass  @bci org/gradle/api/internal/artifacts/DefaultArtifactRepositoryContainer <init> (Lorg/gradle/internal/reflect/Instantiator;Lorg/gradle/api/internal/CollectionCallbackActionDecorator;)V 28 <appendix> member <vmtarget> ; # org/gradle/api/internal/artifacts/DefaultArtifactRepositoryContainer$$Lambda+0x00000000914c4468
instanceKlass  @bci org/gradle/api/internal/artifacts/DefaultArtifactRepositoryContainer <init> (Lorg/gradle/internal/reflect/Instantiator;Lorg/gradle/api/internal/CollectionCallbackActionDecorator;)V 18 <appendix> member <vmtarget> ; # org/gradle/api/internal/artifacts/DefaultArtifactRepositoryContainer$$Lambda+0x00000000914c4238
instanceKlass org/gradle/api/internal/collections/AbstractIterationOrderRetainingElementSource$RealizedElementCollectionIterator
instanceKlass org/gradle/api/internal/DefaultNamedDomainObjectCollection$UnfilteredIndex
instanceKlass  @bci org/gradle/api/internal/DefaultDomainObjectCollection <init> (Ljava/lang/Class;Lorg/gradle/api/internal/collections/ElementSource;Lorg/gradle/api/internal/collections/CollectionEventRegister;)V 32 <appendix> member <vmtarget> ; # org/gradle/api/internal/DefaultDomainObjectCollection$$Lambda+0x00000000914c37c8
instanceKlass org/gradle/api/internal/lambdas/SerializableLambdas$SerializableAction
instanceKlass org/gradle/api/internal/collections/DefaultCollectionEventRegister
instanceKlass  @bci org/gradle/api/internal/collections/AbstractIterationOrderRetainingElementSource <init> ()V 27 <appendix> argL0 ; # org/gradle/api/internal/collections/AbstractIterationOrderRetainingElementSource$$Lambda+0x00000000914c30c8
instanceKlass  @bci org/gradle/api/internal/collections/ListElementSource <clinit> ()V 0 <appendix> argL0 ; # org/gradle/api/internal/collections/ListElementSource$$Lambda+0x00000000914c2ea0
instanceKlass org/gradle/api/internal/collections/AbstractIterationOrderRetainingElementSource$ValuePointer
instanceKlass org/gradle/api/internal/collections/AbstractIterationOrderRetainingElementSource
instanceKlass org/gradle/api/internal/artifacts/DefaultArtifactRepositoryContainer$RepositoryNamer
instanceKlass java/lang/SafeVarargs
instanceKlass org/gradle/declarative/dsl/model/annotations/Adding
instanceKlass com/google/common/reflect/Types$WildcardTypeImpl
instanceKlass sun/reflect/generics/tree/ArrayTypeSignature
instanceKlass sun/reflect/generics/tree/IntSignature
instanceKlass com/google/common/reflect/Types$ClassOwnership$1LocalClass
instanceKlass com/google/common/reflect/Types$ParameterizedTypeImpl
instanceKlass com/google/common/reflect/Types
instanceKlass java/lang/reflect/GenericArrayType
instanceKlass  @bci sun/reflect/generics/reflectiveObjects/TypeVariableImpl getGenericDeclaration ()Ljava/lang/reflect/GenericDeclaration; 60 <appendix> member <vmtarget> ; # sun/reflect/generics/reflectiveObjects/TypeVariableImpl$$TypeSwitch+0x00000000912e57b0
instanceKlass java/lang/classfile/instruction/SwitchCase
instanceKlass  @bci java/lang/runtime/SwitchBootstraps generateTypeSwitchSkeleton (Ljava/lang/Class;[Ljava/lang/Object;Ljava/util/List;Ljava/util/List;)Ljava/util/function/Consumer; 45 <appendix> member <vmtarget> ; # java/lang/runtime/SwitchBootstraps$$Lambda+0x80000001d
instanceKlass  @bci java/lang/runtime/SwitchBootstraps generateTypeSwitch (Ljava/lang/invoke/MethodHandles$Lookup;Ljava/lang/Class;[Ljava/lang/Object;)Ljava/lang/invoke/MethodHandle; 70 <appendix> member <vmtarget> ; # java/lang/runtime/SwitchBootstraps$$Lambda+0x80000001c
instanceKlass java/lang/invoke/DirectMethodHandle$1
instanceKlass jdk/internal/misc/PreviewFeatures
instanceKlass java/lang/runtime/SwitchBootstraps
instanceKlass com/google/common/reflect/TypeResolver$TypeVariableKey
instanceKlass com/google/common/reflect/TypeResolver$TypeTable
instanceKlass com/google/common/reflect/TypeResolver
instanceKlass java/lang/reflect/AnnotatedType
instanceKlass com/google/common/reflect/TypeVisitor
instanceKlass com/google/common/reflect/Invokable
instanceKlass org/gradle/api/internal/collections/CollectionFilter
instanceKlass org/gradle/api/artifacts/repositories/RepositoryContentDescriptor
instanceKlass org/gradle/api/artifacts/repositories/InclusiveRepositoryContentDescriptor
instanceKlass org/gradle/api/artifacts/repositories/FlatDirectoryArtifactRepository
instanceKlass org/gradle/api/artifacts/repositories/MavenArtifactRepository
instanceKlass org/gradle/api/artifacts/repositories/IvyArtifactRepository
instanceKlass org/gradle/api/artifacts/repositories/MetadataSupplierAware
instanceKlass org/gradle/api/artifacts/repositories/AuthenticationSupported
instanceKlass org/gradle/api/artifacts/repositories/UrlArtifactRepository
instanceKlass org/gradle/api/internal/collections/IndexedElementSource
instanceKlass org/gradle/api/Rule
instanceKlass org/gradle/api/NamedDomainObjectCollectionSchema
instanceKlass org/gradle/api/internal/DefaultNamedDomainObjectCollection$Index
instanceKlass org/gradle/api/internal/collections/ElementSource
instanceKlass org/gradle/api/internal/collections/CollectionEventRegister
instanceKlass org/gradle/api/internal/collections/EventSubscriptionVerifier
instanceKlass org/gradle/api/internal/artifacts/dsl/RepositoryHandlerInternal
instanceKlass org/gradle/api/internal/artifacts/ivyservice/ivyresolve/parser/GradleModuleMetadataParser
instanceKlass org/gradle/api/internal/artifacts/ivyservice/ivyresolve/strategy/MavenVersionSelectorScheme
instanceKlass org/gradle/api/internal/artifacts/ivyservice/ivyresolve/parser/PomParent
instanceKlass org/gradle/api/internal/artifacts/ivyservice/ivyresolve/parser/AbstractModuleDescriptorParser
instanceKlass org/gradle/api/artifacts/repositories/AuthenticationContainer
instanceKlass org/gradle/api/artifacts/repositories/ArtifactRepository
instanceKlass org/gradle/api/internal/artifacts/repositories/DefaultBaseRepositoryFactory
# instanceKlass java/lang/invoke/LambdaForm$MH+0x00000000914b5400
# instanceKlass java/lang/invoke/LambdaForm$MH+0x00000000914b5000
# instanceKlass java/lang/invoke/LambdaForm$MH+0x00000000914b4c00
# instanceKlass java/lang/invoke/LambdaForm$MH+0x00000000914b4800
# instanceKlass java/lang/invoke/LambdaForm$MH+0x00000000914b4400
# instanceKlass java/lang/invoke/LambdaForm$MH+0x00000000914b4000
# instanceKlass java/lang/invoke/LambdaForm$MH+0x00000000914b3c00
# instanceKlass java/lang/invoke/LambdaForm$MH+0x00000000914b3800
# instanceKlass java/lang/invoke/LambdaForm$MH+0x00000000914b3400
# instanceKlass java/lang/invoke/LambdaForm$MH+0x00000000914b3000
# instanceKlass java/lang/invoke/LambdaForm$MH+0x00000000914b2c00
# instanceKlass java/lang/invoke/LambdaForm$MH+0x00000000914b2800
# instanceKlass java/lang/invoke/LambdaForm$MH+0x00000000914b2400
# instanceKlass java/lang/invoke/LambdaForm$MH+0x00000000914b2000
# instanceKlass java/lang/invoke/LambdaForm$MH+0x00000000914b1c00
# instanceKlass java/lang/invoke/LambdaForm$MH+0x00000000914b1800
# instanceKlass java/lang/invoke/LambdaForm$MH+0x00000000914b1400
# instanceKlass java/lang/invoke/LambdaForm$MH+0x00000000914b1000
# instanceKlass java/lang/invoke/LambdaForm$MH+0x00000000914b0c00
# instanceKlass java/lang/invoke/LambdaForm$MH+0x00000000914b0800
# instanceKlass java/lang/invoke/LambdaForm$MH+0x00000000914b0400
# instanceKlass java/lang/invoke/LambdaForm$MH+0x00000000914b0000
# instanceKlass java/lang/invoke/LambdaForm$MH+0x00000000914a9c00
instanceKlass org/gradle/internal/component/external/descriptor/Configuration
# instanceKlass java/lang/invoke/LambdaForm$MH+0x00000000914a9800
# instanceKlass java/lang/invoke/LambdaForm$MH+0x00000000914a9400
# instanceKlass java/lang/invoke/LambdaForm$MH+0x00000000914a9000
instanceKlass org/gradle/api/internal/attributes/immutable/ImmutableAttributesSchema$ImmutableAttributeMatchingStrategy
instanceKlass org/gradle/internal/component/external/model/PreferJavaRuntimeVariant$PreferJarVariantUsageDisambiguationRule
instanceKlass org/gradle/internal/component/external/model/PreferJavaRuntimeVariant$PreferRuntimeVariantUsageDisambiguationRule
instanceKlass org/gradle/api/attributes/LibraryElements$Impl
instanceKlass org/gradle/api/attributes/LibraryElements
instanceKlass  @bci org/gradle/api/internal/model/NamedObjectInstantiator$2 <init> (Lorg/gradle/api/internal/model/NamedObjectInstantiator;Lorg/objectweb/asm/ClassVisitor;Lorg/gradle/model/internal/asm/AsmClassGenerator;Lorg/objectweb/asm/Type;)V 74 <appendix> member <vmtarget> ; # org/gradle/api/internal/model/NamedObjectInstantiator$2$$Lambda+0x00000000914ae688
instanceKlass  @bci org/gradle/api/internal/model/NamedObjectInstantiator$2 <init> (Lorg/gradle/api/internal/model/NamedObjectInstantiator;Lorg/objectweb/asm/ClassVisitor;Lorg/gradle/model/internal/asm/AsmClassGenerator;Lorg/objectweb/asm/Type;)V 55 <appendix> member <vmtarget> ; # org/gradle/api/internal/model/NamedObjectInstantiator$2$$Lambda+0x00000000914adf80
instanceKlass org/gradle/api/attributes/Usage$Impl
instanceKlass  @bci org/gradle/api/internal/model/NamedObjectInstantiator$1 <init> (Lorg/gradle/api/internal/model/NamedObjectInstantiator;Lorg/objectweb/asm/ClassVisitor;Lorg/gradle/model/internal/asm/AsmClassGenerator;Lorg/objectweb/asm/Type;[Ljava/lang/String;Lorg/objectweb/asm/Type;)V 191 <appendix> member <vmtarget> ; # org/gradle/api/internal/model/NamedObjectInstantiator$1$$Lambda+0x00000000914ad2e8
instanceKlass  @bci org/gradle/api/internal/model/NamedObjectInstantiator$1 <init> (Lorg/gradle/api/internal/model/NamedObjectInstantiator;Lorg/objectweb/asm/ClassVisitor;Lorg/gradle/model/internal/asm/AsmClassGenerator;Lorg/objectweb/asm/Type;[Ljava/lang/String;Lorg/objectweb/asm/Type;)V 176 <appendix> member <vmtarget> ; # org/gradle/api/internal/model/NamedObjectInstantiator$1$$Lambda+0x00000000914acbe0
instanceKlass  @bci org/gradle/api/internal/model/NamedObjectInstantiator$1 <init> (Lorg/gradle/api/internal/model/NamedObjectInstantiator;Lorg/objectweb/asm/ClassVisitor;Lorg/gradle/model/internal/asm/AsmClassGenerator;Lorg/objectweb/asm/Type;[Ljava/lang/String;Lorg/objectweb/asm/Type;)V 161 <appendix> member <vmtarget> ; # org/gradle/api/internal/model/NamedObjectInstantiator$1$$Lambda+0x00000000914ac4d8
instanceKlass  @bci org/gradle/api/internal/model/NamedObjectInstantiator$1 <init> (Lorg/gradle/api/internal/model/NamedObjectInstantiator;Lorg/objectweb/asm/ClassVisitor;Lorg/gradle/model/internal/asm/AsmClassGenerator;Lorg/objectweb/asm/Type;[Ljava/lang/String;Lorg/objectweb/asm/Type;)V 142 <appendix> member <vmtarget> ; # org/gradle/api/internal/model/NamedObjectInstantiator$1$$Lambda+0x00000000914a3dc0
instanceKlass  @bci org/gradle/api/internal/model/NamedObjectInstantiator$1 <init> (Lorg/gradle/api/internal/model/NamedObjectInstantiator;Lorg/objectweb/asm/ClassVisitor;Lorg/gradle/model/internal/asm/AsmClassGenerator;Lorg/objectweb/asm/Type;[Ljava/lang/String;Lorg/objectweb/asm/Type;)V 125 <appendix> member <vmtarget> ; # org/gradle/api/internal/model/NamedObjectInstantiator$1$$Lambda+0x00000000914a36b8
instanceKlass  @bci org/gradle/api/internal/model/NamedObjectInstantiator$1 <init> (Lorg/gradle/api/internal/model/NamedObjectInstantiator;Lorg/objectweb/asm/ClassVisitor;Lorg/gradle/model/internal/asm/AsmClassGenerator;Lorg/objectweb/asm/Type;[Ljava/lang/String;Lorg/objectweb/asm/Type;)V 108 <appendix> member <vmtarget> ; # org/gradle/api/internal/model/NamedObjectInstantiator$1$$Lambda+0x00000000914a2fb0
instanceKlass  @bci org/gradle/api/internal/model/NamedObjectInstantiator$1 <init> (Lorg/gradle/api/internal/model/NamedObjectInstantiator;Lorg/objectweb/asm/ClassVisitor;Lorg/gradle/model/internal/asm/AsmClassGenerator;Lorg/objectweb/asm/Type;[Ljava/lang/String;Lorg/objectweb/asm/Type;)V 91 <appendix> member <vmtarget> ; # org/gradle/api/internal/model/NamedObjectInstantiator$1$$Lambda+0x00000000914a28a8
instanceKlass org/gradle/model/internal/type/ClassTypeWrapper
instanceKlass org/gradle/model/internal/type/TypeWrapper
instanceKlass org/gradle/model/internal/type/ModelType
instanceKlass org/gradle/model/internal/inspect/FormattingValidationProblemCollector
instanceKlass org/gradle/api/attributes/Usage
instanceKlass org/gradle/internal/resource/local/CompositeLocallyAvailableResourceFinder
instanceKlass org/gradle/util/internal/MavenUtil
instanceKlass org/gradle/api/internal/artifacts/repositories/resolver/AbstractResourcePattern
instanceKlass  @bci org/gradle/internal/resource/local/LocallyAvailableResourceFinderSearchableFileStoreAdapter <init> (Lorg/gradle/internal/resource/local/FileStoreSearcher;Lorg/gradle/internal/hash/ChecksumService;)V 2 <appendix> member <vmtarget> ; # org/gradle/internal/resource/local/LocallyAvailableResourceFinderSearchableFileStoreAdapter$$Lambda+0x00000000914a0ea8
instanceKlass  @bci org/gradle/internal/resource/local/ivy/LocallyAvailableResourceFinderFactory create ()Lorg/gradle/internal/resource/local/LocallyAvailableResourceFinder; 14 <appendix> member <vmtarget> ; # org/gradle/internal/resource/local/ivy/LocallyAvailableResourceFinderFactory$$Lambda+0x00000000914a75c8
instanceKlass org/gradle/internal/resource/local/LocallyAvailableResourceCandidates
instanceKlass org/gradle/internal/resource/local/AbstractLocallyAvailableResourceFinder
instanceKlass  @bci org/gradle/internal/resource/local/ivy/LocallyAvailableResourceFinderFactory buildRootCachesDirectories (Lorg/gradle/api/internal/artifacts/ivyservice/ArtifactCachesProvider;)Ljava/util/List; 14 <appendix> member <vmtarget> ; # org/gradle/internal/resource/local/ivy/LocallyAvailableResourceFinderFactory$$Lambda+0x00000000914a7388
instanceKlass org/gradle/api/internal/artifacts/repositories/resolver/ResourcePattern
instanceKlass org/gradle/internal/resource/local/ivy/LocallyAvailableResourceFinderFactory
instanceKlass org/gradle/api/internal/artifacts/repositories/transport/RepositoryTransport
instanceKlass org/gradle/api/internal/artifacts/ivyservice/resolutionstrategy/ExternalResourceCachePolicy
instanceKlass org/gradle/internal/resource/connector/ResourceConnectorSpecification
instanceKlass  @bci org/gradle/api/internal/artifacts/DependencyManagementBuildScopeServices createRepositoryTransportFactory (Lorg/gradle/api/internal/file/temp/TemporaryFileProvider;Lorg/gradle/api/internal/artifacts/ivyservice/modulecache/FileStoreAndIndexProvider;Lorg/gradle/util/internal/BuildCommencedTimeProvider;Lorg/gradle/api/internal/artifacts/ivyservice/ArtifactCachesProvider;Ljava/util/List;Lorg/gradle/internal/operations/BuildOperationRunner;Lorg/gradle/cache/internal/ProducerGuard;Lorg/gradle/internal/resource/local/FileResourceRepository;Lorg/gradle/internal/hash/ChecksumService;Lorg/gradle/api/internal/artifacts/ivyservice/ivyresolve/StartParameterResolutionOverride;)Lorg/gradle/api/internal/artifacts/repositories/transport/RepositoryTransportFactory; 17 <appendix> member <vmtarget> ; # org/gradle/api/internal/artifacts/DependencyManagementBuildScopeServices$$Lambda+0x00000000914a68f0
# instanceKlass java/lang/invoke/LambdaForm$MH+0x00000000914a8c00
# instanceKlass java/lang/invoke/LambdaForm$MH+0x00000000914a8800
# instanceKlass java/lang/invoke/LambdaForm$MH+0x00000000914a8400
# instanceKlass java/lang/invoke/LambdaForm$MH+0x00000000914a8000
# instanceKlass java/lang/invoke/LambdaForm$MH+0x00000000914a5c00
# instanceKlass java/lang/invoke/LambdaForm$MH+0x00000000914a5800
# instanceKlass java/lang/invoke/LambdaForm$MH+0x00000000914a5400
# instanceKlass java/lang/invoke/LambdaForm$MH+0x00000000914a5000
# instanceKlass java/lang/invoke/LambdaForm$MH+0x00000000914a4c00
# instanceKlass java/lang/invoke/LambdaForm$MH+0x00000000914a4800
# instanceKlass java/lang/invoke/LambdaForm$MH+0x00000000914a4400
instanceKlass  @bci org/gradle/api/internal/artifacts/DependencyManagementBuildTreeScopeServices createFileStoreAndIndexProvider (Lorg/gradle/util/internal/BuildCommencedTimeProvider;Lorg/gradle/api/internal/artifacts/ivyservice/ArtifactCachesProvider;Lorg/gradle/internal/resource/cached/DefaultExternalResourceFileStore$Factory;Lorg/gradle/api/internal/filestore/DefaultArtifactIdentifierFileStore$Factory;)Lorg/gradle/api/internal/artifacts/ivyservice/modulecache/FileStoreAndIndexProvider; 111 <appendix> member <vmtarget> ; # org/gradle/api/internal/artifacts/DependencyManagementBuildTreeScopeServices$$Lambda+0x00000000914a66b0
instanceKlass  @bci org/gradle/api/internal/artifacts/DependencyManagementBuildTreeScopeServices createFileStoreAndIndexProvider (Lorg/gradle/util/internal/BuildCommencedTimeProvider;Lorg/gradle/api/internal/artifacts/ivyservice/ArtifactCachesProvider;Lorg/gradle/internal/resource/cached/DefaultExternalResourceFileStore$Factory;Lorg/gradle/api/internal/filestore/DefaultArtifactIdentifierFileStore$Factory;)Lorg/gradle/api/internal/artifacts/ivyservice/modulecache/FileStoreAndIndexProvider; 80 <appendix> member <vmtarget> ; # org/gradle/api/internal/artifacts/DependencyManagementBuildTreeScopeServices$$Lambda+0x00000000914a6470
instanceKlass  @bci org/gradle/api/internal/filestore/DefaultArtifactIdentifierFileStore <clinit> ()V 10 <appendix> argL0 ; # org/gradle/api/internal/filestore/DefaultArtifactIdentifierFileStore$$Lambda+0x00000000914a6248
instanceKlass org/gradle/api/internal/filestore/DefaultArtifactIdentifierFileStore$1
instanceKlass  @bci org/gradle/api/internal/artifacts/DependencyManagementBuildTreeScopeServices createFileStoreAndIndexProvider (Lorg/gradle/util/internal/BuildCommencedTimeProvider;Lorg/gradle/api/internal/artifacts/ivyservice/ArtifactCachesProvider;Lorg/gradle/internal/resource/cached/DefaultExternalResourceFileStore$Factory;Lorg/gradle/api/internal/filestore/DefaultArtifactIdentifierFileStore$Factory;)Lorg/gradle/api/internal/artifacts/ivyservice/modulecache/FileStoreAndIndexProvider; 60 <appendix> member <vmtarget> ; # org/gradle/api/internal/artifacts/DependencyManagementBuildTreeScopeServices$$Lambda+0x000000009149fcc0
instanceKlass org/gradle/internal/resource/cached/CachedExternalResource
instanceKlass org/gradle/internal/resource/metadata/ExternalResourceMetaData
instanceKlass org/gradle/internal/resource/cached/DefaultCachedExternalResourceIndex$CachedExternalResourceSerializer
instanceKlass org/gradle/internal/resource/cached/CachedItem
instanceKlass  @bci org/gradle/api/internal/artifacts/ivyservice/ArtifactCachesProvider withReadOnlyCache (Ljava/util/function/BiFunction;)Ljava/util/Optional; 8 <appendix> member <vmtarget> ; # org/gradle/api/internal/artifacts/ivyservice/ArtifactCachesProvider$$Lambda+0x000000009149f408
instanceKlass  @cpi org/gradle/api/internal/artifacts/ivyservice/ArtifactCachesProvider 87 form vmentry <vmtarget> ; # java/lang/invoke/LambdaForm$DMH+0x00000000914a4000
instanceKlass  @bci org/gradle/api/internal/artifacts/DependencyManagementBuildTreeScopeServices createFileStoreAndIndexProvider (Lorg/gradle/util/internal/BuildCommencedTimeProvider;Lorg/gradle/api/internal/artifacts/ivyservice/ArtifactCachesProvider;Lorg/gradle/internal/resource/cached/DefaultExternalResourceFileStore$Factory;Lorg/gradle/api/internal/filestore/DefaultArtifactIdentifierFileStore$Factory;)Lorg/gradle/api/internal/artifacts/ivyservice/modulecache/FileStoreAndIndexProvider; 16 <appendix> member <vmtarget> ; # org/gradle/api/internal/artifacts/DependencyManagementBuildTreeScopeServices$$Lambda+0x000000009149f1c8
instanceKlass org/gradle/api/file/FileVisitor
instanceKlass org/gradle/internal/resource/local/LocallyAvailableResource
instanceKlass org/gradle/internal/resource/local/DefaultPathKeyFileStore
instanceKlass  @bci org/gradle/internal/resource/cached/DefaultExternalResourceFileStore <clinit> ()V 10 <appendix> argL0 ; # org/gradle/internal/resource/cached/DefaultExternalResourceFileStore$$Lambda+0x000000009149efa0
instanceKlass org/gradle/api/Namer
instanceKlass org/gradle/internal/resource/cached/DefaultExternalResourceFileStore$1
instanceKlass org/gradle/internal/resource/local/GroupedAndNamedUniqueFileStore$Grouper
instanceKlass org/gradle/internal/resource/local/PathKeyFileStore
# instanceKlass java/lang/invoke/LambdaForm$MH+0x000000009149d000
# instanceKlass java/lang/invoke/LambdaForm$MH+0x000000009149cc00
# instanceKlass java/lang/invoke/LambdaForm$MH+0x000000009149c800
# instanceKlass java/lang/invoke/LambdaForm$MH+0x000000009149c400
instanceKlass org/gradle/internal/hash/ChecksumHasher
instanceKlass org/gradle/internal/hash/DefaultChecksumService
instanceKlass org/gradle/api/internal/artifacts/mvnsettings/DefaultLocalMavenRepositoryLocator$CurrentSystemPropertyAccess
instanceKlass org/gradle/api/internal/artifacts/mvnsettings/DefaultLocalMavenRepositoryLocator$SystemPropertyAccess
instanceKlass org/gradle/api/internal/artifacts/mvnsettings/DefaultLocalMavenRepositoryLocator
instanceKlass org/gradle/api/internal/artifacts/mvnsettings/DefaultMavenFileLocations
instanceKlass org/apache/maven/settings/building/SettingsBuildingRequest
instanceKlass org/apache/maven/settings/io/SettingsReader
instanceKlass org/gradle/api/internal/artifacts/mvnsettings/DefaultMavenSettingsProvider
# instanceKlass java/lang/invoke/LambdaForm$MH+0x000000009149c000
# instanceKlass java/lang/invoke/LambdaForm$MH+0x000000009149bc00
# instanceKlass java/lang/invoke/LambdaForm$MH+0x000000009149b800
# instanceKlass java/lang/invoke/LambdaForm$MH+0x000000009149b400
# instanceKlass java/lang/invoke/LambdaForm$MH+0x000000009149b000
# instanceKlass java/lang/invoke/LambdaForm$MH+0x000000009149ac00
# instanceKlass java/lang/invoke/LambdaForm$MH+0x000000009149a800
# instanceKlass java/lang/invoke/LambdaForm$MH+0x000000009149a400
# instanceKlass java/lang/invoke/LambdaForm$MH+0x000000009149a000
# instanceKlass java/lang/invoke/LambdaForm$MH+0x0000000091499c00
# instanceKlass java/lang/invoke/LambdaForm$MH+0x0000000091499800
# instanceKlass java/lang/invoke/LambdaForm$MH+0x0000000091499400
instanceKlass org/gradle/api/internal/file/DefaultFileSystemLocation
instanceKlass org/gradle/internal/locking/LockFileReaderWriter
instanceKlass org/gradle/api/internal/provider/AbstractCollectionProperty$NoValueSupplier
instanceKlass org/gradle/api/internal/provider/AbstractCollectionProperty$EmptySupplier
instanceKlass org/gradle/api/internal/provider/ValidatingValueCollector
instanceKlass  @bci org/gradle/api/internal/provider/DefaultListProperty <clinit> ()V 0 <appendix> argL0 ; # org/gradle/api/internal/provider/DefaultListProperty$$Lambda+0x0000000091496630
instanceKlass org/gradle/api/internal/provider/CollectionSupplier
instanceKlass org/gradle/api/internal/provider/Collector
instanceKlass org/gradle/api/internal/file/FileSystemLocationPropertyInternal
instanceKlass org/gradle/api/internal/provider/ValueSanitizers$4
instanceKlass  @bci org/gradle/internal/locking/LockEntryFilterFactory <clinit> ()V 8 <appendix> argL0 ; # org/gradle/internal/locking/LockEntryFilterFactory$$Lambda+0x0000000091493450
instanceKlass  @bci org/gradle/internal/locking/LockEntryFilterFactory <clinit> ()V 0 <appendix> argL0 ; # org/gradle/internal/locking/LockEntryFilterFactory$$Lambda+0x0000000091493218
instanceKlass org/gradle/api/internal/artifacts/dsl/dependencies/LockEntryFilter
instanceKlass org/gradle/internal/locking/LockEntryFilterFactory
instanceKlass org/gradle/internal/locking/DependencyLockingNotationConverter
instanceKlass org/gradle/api/internal/artifacts/dsl/dependencies/DependencyLockingState
instanceKlass org/gradle/internal/locking/DefaultDependencyLockingProvider
# instanceKlass java/lang/invoke/LambdaForm$MH+0x0000000091499000
# instanceKlass java/lang/invoke/LambdaForm$MH+0x0000000091498c00
# instanceKlass java/lang/invoke/LambdaForm$MH+0x0000000091498800
# instanceKlass java/lang/invoke/LambdaForm$MH+0x0000000091498400
# instanceKlass java/lang/invoke/LambdaForm$MH+0x0000000091498000
# instanceKlass java/lang/invoke/LambdaForm$MH+0x0000000091491c00
# instanceKlass java/lang/invoke/LambdaForm$MH+0x0000000091491800
# instanceKlass java/lang/invoke/LambdaForm$MH+0x0000000091491400
instanceKlass  @bci org/gradle/internal/model/InMemoryCacheFactory$CalculatedValueCache <init> (Lorg/gradle/internal/DisplayName;Lorg/gradle/internal/model/CalculatedValueContainerFactory;ILjava/util/function/Function;)V 14 <appendix> member <vmtarget> ; # org/gradle/internal/model/InMemoryCacheFactory$CalculatedValueCache$$Lambda+0x0000000091494000
instanceKlass org/gradle/internal/model/InMemoryCacheFactory$CalculatedValueCache
instanceKlass  @bci org/gradle/composite/internal/DefaultBuildTreeLocalComponentProvider <init> (Lorg/gradle/internal/model/InMemoryCacheFactory;Lorg/gradle/api/internal/artifacts/ivyservice/projectmodule/LocalComponentCache;Lorg/gradle/api/internal/project/ProjectStateRegistry;Lorg/gradle/internal/build/BuildStateRegistry;Lorg/gradle/api/internal/attributes/immutable/ImmutableAttributesSchemaFactory;Lorg/gradle/api/internal/artifacts/ImmutableModuleIdentifierFactory;Lorg/gradle/internal/component/local/model/LocalComponentGraphResolveStateFactory;)V 53 <appendix> member <vmtarget> ; # org/gradle/composite/internal/DefaultBuildTreeLocalComponentProvider$$Lambda+0x000000009146fc68
# instanceKlass java/lang/invoke/LambdaForm$MH+0x0000000091491000
# instanceKlass java/lang/invoke/LambdaForm$MH+0x0000000091490c00
# instanceKlass java/lang/invoke/LambdaForm$MH+0x0000000091490800
# instanceKlass java/lang/invoke/LambdaForm$MH+0x0000000091490400
# instanceKlass java/lang/invoke/LambdaForm$MH+0x0000000091490000
# instanceKlass java/lang/invoke/LambdaForm$MH+0x0000000091489c00
# instanceKlass java/lang/invoke/LambdaForm$MH+0x0000000091489800
# instanceKlass java/lang/invoke/LambdaForm$MH+0x0000000091489400
# instanceKlass java/lang/invoke/LambdaForm$MH+0x0000000091489000
# instanceKlass java/lang/invoke/LambdaForm$MH+0x0000000091488c00
# instanceKlass java/lang/invoke/LambdaForm$MH+0x0000000091488800
instanceKlass org/gradle/util/internal/WrapUtil
instanceKlass org/gradle/api/internal/artifacts/ivyservice/moduleconverter/dependencies/AbstractDependencyMetadataConverter
instanceKlass org/gradle/api/internal/artifacts/ivyservice/moduleconverter/dependencies/DependencyMetadataConverter
instanceKlass org/gradle/internal/component/model/LocalOriginDependencyMetadata
instanceKlass org/gradle/internal/component/model/ForcingDependencyMetadata
instanceKlass org/gradle/internal/component/model/DependencyMetadata
instanceKlass org/gradle/api/internal/artifacts/ivyservice/moduleconverter/dependencies/DefaultDependencyMetadataFactory
instanceKlass  @bci org/gradle/api/internal/attributes/immutable/ImmutableAttributesSchemaFactory <init> (Lorg/gradle/internal/model/InMemoryCacheFactory;)V 28 <appendix> member <vmtarget> ; # org/gradle/api/internal/attributes/immutable/ImmutableAttributesSchemaFactory$$Lambda+0x000000009146e6a8
instanceKlass org/gradle/api/internal/attributes/immutable/ImmutableAttributesSchemaFactory$SchemaPair
instanceKlass org/gradle/api/internal/attributes/immutable/ImmutableAttributesSchema
instanceKlass org/gradle/internal/model/InMemoryCacheFactory$DefaultInterner
instanceKlass  @bci org/gradle/api/internal/artifacts/ivyservice/projectmodule/LocalComponentCache <clinit> ()V 0 <appendix> argL0 ; # org/gradle/api/internal/artifacts/ivyservice/projectmodule/LocalComponentCache$$Lambda+0x000000009146e020
instanceKlass org/gradle/api/internal/artifacts/GlobalDependencyResolutionRules$CompositeSubstitutionRules
instanceKlass org/gradle/api/internal/AbstractTask
instanceKlass org/gradle/api/internal/file/copy/CopySpecSource
instanceKlass org/gradle/api/file/CopySpec
instanceKlass org/gradle/api/file/CopyProcessingSpec
instanceKlass org/gradle/api/file/ContentFilterable
instanceKlass org/gradle/api/file/CopySourceSpec
instanceKlass org/gradle/api/artifacts/ConfigurablePublishArtifact
# instanceKlass java/lang/invoke/LambdaForm$MH+0x0000000091488400
# instanceKlass java/lang/invoke/LambdaForm$MH+0x0000000091488000
# instanceKlass java/lang/invoke/LambdaForm$MH+0x0000000091487c00
# instanceKlass java/lang/invoke/LambdaForm$MH+0x0000000091487800
# instanceKlass java/lang/invoke/LambdaForm$MH+0x0000000091487400
# instanceKlass java/lang/invoke/LambdaForm$MH+0x0000000091487000
# instanceKlass java/lang/invoke/LambdaForm$MH+0x0000000091486c00
# instanceKlass java/lang/invoke/LambdaForm$MH+0x0000000091486800
# instanceKlass java/lang/invoke/LambdaForm$MH+0x0000000091486400
instanceKlass org/gradle/api/internal/artifacts/configurations/DefaultConfigurationServicesBundle
# instanceKlass java/lang/invoke/LambdaForm$MH+0x0000000091486000
# instanceKlass java/lang/invoke/LambdaForm$MH+0x0000000091485c00
# instanceKlass java/lang/invoke/LambdaForm$MH+0x0000000091485800
# instanceKlass java/lang/invoke/LambdaForm$MH+0x0000000091485400
# instanceKlass java/lang/invoke/LambdaForm$MH+0x0000000091485000
# instanceKlass java/lang/invoke/LambdaForm$MH+0x0000000091484c00
# instanceKlass java/lang/invoke/LambdaForm$MH+0x0000000091484800
# instanceKlass java/lang/invoke/LambdaForm$MH+0x0000000091484400
# instanceKlass java/lang/invoke/LambdaForm$MH+0x0000000091484000
# instanceKlass java/lang/invoke/LambdaForm$MH+0x0000000091483c00
# instanceKlass java/lang/invoke/LambdaForm$MH+0x0000000091483800
# instanceKlass java/lang/invoke/LambdaForm$MH+0x0000000091483400
# instanceKlass java/lang/invoke/LambdaForm$MH+0x0000000091483000
# instanceKlass java/lang/invoke/LambdaForm$MH+0x0000000091482c00
# instanceKlass java/lang/invoke/LambdaForm$MH+0x0000000091482800
# instanceKlass java/lang/invoke/LambdaForm$BMH+0x0000000091482400
# instanceKlass java/lang/invoke/LambdaForm$DMH+0x0000000091482000
# instanceKlass java/lang/invoke/LambdaForm$DMH+0x0000000091481c00
instanceKlass  @bci org/gradle/api/internal/provider/DefaultProviderFactory_Decorated $gradleInit ()V 1 <appendix> member <vmtarget> ; # org/gradle/api/internal/provider/DefaultProviderFactory_Decorated$$Lambda+0x000000009147f6a0
# instanceKlass java/lang/invoke/LambdaForm$MH+0x0000000091481800
# instanceKlass java/lang/invoke/LambdaForm$MH+0x0000000091481400
# instanceKlass java/lang/invoke/LambdaForm$MH+0x0000000091481000
instanceKlass org/gradle/api/internal/provider/CredentialsProviderFactory
instanceKlass org/gradle/api/provider/ValueSourceSpec
instanceKlass java/lang/invoke/SerializedLambda
instanceKlass org/gradle/api/file/FileContents
instanceKlass org/gradle/process/ExecOutput
instanceKlass org/gradle/api/internal/provider/DefaultProviderFactory
# instanceKlass java/lang/invoke/LambdaForm$MH+0x0000000091480c00
# instanceKlass java/lang/invoke/LambdaForm$MH+0x0000000091480800
# instanceKlass java/lang/invoke/LambdaForm$MH+0x0000000091480400
# instanceKlass java/lang/invoke/LambdaForm$MH+0x0000000091480000
# instanceKlass java/lang/invoke/LambdaForm$MH+0x000000009147bc00
# instanceKlass java/lang/invoke/LambdaForm$MH+0x000000009147b800
# instanceKlass java/lang/invoke/LambdaForm$MH+0x000000009147b400
instanceKlass org/gradle/api/internal/provider/sources/process/DelegatingExecSpec
instanceKlass org/gradle/api/internal/provider/sources/process/DelegatingJavaExecSpec
instanceKlass org/gradle/api/internal/provider/sources/process/ProviderCompatibleBaseExecSpec
instanceKlass org/gradle/api/internal/provider/sources/process/DelegatingBaseExecSpec
instanceKlass org/gradle/process/internal/DefaultExecSpecFactory
instanceKlass org/gradle/internal/inspection/DefaultTypeParameterInspection
instanceKlass org/gradle/api/provider/ValueSourceParameters$None
instanceKlass org/gradle/api/provider/ValueSourceParameters
instanceKlass org/gradle/api/provider/ValueSource
instanceKlass org/gradle/internal/isolated/IsolationScheme
instanceKlass org/gradle/internal/inspection/TypeParameterInspection
instanceKlass org/gradle/api/internal/provider/DefaultValueSourceProviderFactory
# instanceKlass java/lang/invoke/LambdaForm$MH+0x000000009147b000
# instanceKlass java/lang/invoke/LambdaForm$MH+0x000000009147ac00
# instanceKlass java/lang/invoke/LambdaForm$MH+0x000000009147a800
# instanceKlass java/lang/invoke/LambdaForm$MH+0x000000009147a400
# instanceKlass java/lang/invoke/LambdaForm$MH+0x000000009147a000
# instanceKlass java/lang/invoke/LambdaForm$MH+0x0000000091479c00
# instanceKlass java/lang/invoke/LambdaForm$MH+0x0000000091479800
# instanceKlass java/lang/invoke/LambdaForm$MH+0x0000000091479400
# instanceKlass java/lang/invoke/LambdaForm$MH+0x0000000091479000
# instanceKlass java/lang/invoke/LambdaForm$MH+0x0000000091478c00
# instanceKlass java/lang/invoke/LambdaForm$MH+0x0000000091478800
# instanceKlass java/lang/invoke/LambdaForm$MH+0x0000000091478400
# instanceKlass java/lang/invoke/LambdaForm$MH+0x0000000091478000
# instanceKlass java/lang/invoke/LambdaForm$MH+0x0000000091477c00
# instanceKlass java/lang/invoke/LambdaForm$MH+0x0000000091477800
# instanceKlass java/lang/invoke/LambdaForm$MH+0x0000000091477400
# instanceKlass java/lang/invoke/LambdaForm$MH+0x0000000091477000
# instanceKlass java/lang/invoke/LambdaForm$MH+0x0000000091476c00
# instanceKlass java/lang/invoke/LambdaForm$MH+0x0000000091476800
# instanceKlass java/lang/invoke/LambdaForm$MH+0x0000000091476400
# instanceKlass java/lang/invoke/LambdaForm$MH+0x0000000091476000
# instanceKlass java/lang/invoke/LambdaForm$MH+0x0000000091475c00
# instanceKlass java/lang/invoke/LambdaForm$MH+0x0000000091475800
# instanceKlass java/lang/invoke/LambdaForm$MH+0x0000000091475400
instanceKlass org/gradle/process/internal/DefaultExecActionFactory$BuilderImpl
instanceKlass org/gradle/process/internal/ExecFactory$Builder
# instanceKlass java/lang/invoke/LambdaForm$MH+0x0000000091475000
# instanceKlass java/lang/invoke/LambdaForm$MH+0x0000000091474c00
# instanceKlass java/lang/invoke/LambdaForm$MH+0x0000000091474800
# instanceKlass java/lang/invoke/LambdaForm$MH+0x0000000091474400
# instanceKlass java/lang/invoke/LambdaForm$MH+0x0000000091474000
# instanceKlass java/lang/invoke/LambdaForm$MH+0x0000000091473c00
# instanceKlass java/lang/invoke/LambdaForm$MH+0x0000000091473800
instanceKlass org/gradle/cache/internal/DefaultFileContentCacheFactory$DefaultFileContentCache
instanceKlass org/gradle/internal/jvm/JavaModuleDetector$ModuleInfoLocator
instanceKlass org/gradle/cache/internal/FileContentCache
instanceKlass org/gradle/cache/internal/DefaultFileContentCacheFactory
instanceKlass org/gradle/process/internal/ExecHandleListener
instanceKlass org/gradle/process/internal/ExecHandleBuilder
instanceKlass org/gradle/process/internal/ExecAction
instanceKlass org/gradle/process/ExecSpec
instanceKlass org/gradle/process/internal/JavaExecAction
instanceKlass org/gradle/process/JavaExecSpec
instanceKlass org/gradle/process/BaseExecSpec
instanceKlass org/gradle/process/internal/JavaForkOptionsInternal
instanceKlass org/gradle/process/JavaForkOptions
instanceKlass org/gradle/process/ProcessForkOptions
instanceKlass org/gradle/process/internal/DefaultExecActionFactory
# instanceKlass java/lang/invoke/LambdaForm$MH+0x0000000091473400
# instanceKlass java/lang/invoke/LambdaForm$MH+0x0000000091473000
# instanceKlass java/lang/invoke/LambdaForm$MH+0x0000000091472c00
# instanceKlass java/lang/invoke/LambdaForm$MH+0x0000000091472800
# instanceKlass java/lang/invoke/LambdaForm$MH+0x0000000091472400
# instanceKlass java/lang/invoke/LambdaForm$MH+0x0000000091472000
instanceKlass org/gradle/api/internal/project/BuildScopedTaskResolver
instanceKlass org/gradle/api/internal/DefaultCollectionCallbackActionDecorator
# instanceKlass java/lang/invoke/LambdaForm$MH+0x0000000091471c00
# instanceKlass java/lang/invoke/LambdaForm$MH+0x0000000091471800
# instanceKlass java/lang/invoke/LambdaForm$MH+0x0000000091471400
# instanceKlass java/lang/invoke/LambdaForm$MH+0x0000000091471000
instanceKlass org/gradle/vcs/internal/resolver/OncePerBuildInvocationVcsVersionWorkingDirResolver
instanceKlass org/gradle/vcs/internal/resolver/DefaultVcsVersionWorkingDirResolver
# instanceKlass java/lang/invoke/LambdaForm$MH+0x0000000091470c00
# instanceKlass java/lang/invoke/LambdaForm$MH+0x0000000091470800
# instanceKlass java/lang/invoke/LambdaForm$MH+0x0000000091470400
# instanceKlass java/lang/invoke/LambdaForm$MH+0x0000000091470000
instanceKlass org/gradle/vcs/internal/VersionRef
instanceKlass org/gradle/vcs/internal/resolver/PersistentVcsMetadataCache$VersionRefSerializer
instanceKlass org/gradle/api/internal/artifacts/ivyservice/ivyresolve/strategy/CachingVersionSelectorScheme
instanceKlass org/gradle/api/internal/artifacts/ivyservice/ivyresolve/strategy/VersionSelector
instanceKlass org/gradle/api/internal/artifacts/ivyservice/ivyresolve/strategy/DefaultVersionSelectorScheme
instanceKlass org/gradle/api/internal/artifacts/ivyservice/ivyresolve/strategy/StaticVersionComparator
instanceKlass org/gradle/api/internal/artifacts/ivyservice/ivyresolve/strategy/DefaultVersionComparator
instanceKlass  @bci org/gradle/cache/internal/DefaultCacheCleanupStrategyFactory daily (Lorg/gradle/cache/CleanupAction;)Lorg/gradle/cache/CacheCleanupStrategy; 5 <appendix> argL0 ; # org/gradle/cache/internal/DefaultCacheCleanupStrategyFactory$$Lambda+0x0000000091468bc0
instanceKlass org/gradle/internal/time/TimestampSuppliers$1
instanceKlass org/gradle/internal/time/TimestampSuppliers
instanceKlass org/gradle/internal/file/nio/ModificationTimeFileAccessTimeJournal
instanceKlass org/gradle/internal/resource/transport/sftp/SftpConnectorFactory
instanceKlass org/gradle/internal/resource/transport/sftp/LockableSftpClient
instanceKlass com/jcraft/jsch/HostKeyRepository
instanceKlass com/jcraft/jsch/Logger
instanceKlass org/gradle/internal/resource/transport/sftp/SftpClientFactory$SftpClientCreator
instanceKlass org/gradle/internal/resource/transport/http/HttpConnectorFactory
instanceKlass org/gradle/internal/resource/transport/http/HttpClient
instanceKlass org/gradle/internal/resource/transport/http/ApacheCommonsHttpClientFactory
instanceKlass org/gradle/internal/resource/transport/http/DefaultSslContextFactory
instanceKlass org/gradle/internal/resource/transport/gcp/gcs/GcsConnectorFactory
instanceKlass org/gradle/internal/resource/transport/aws/s3/S3ConnectorFactory
instanceKlass org/gradle/internal/resource/transport/file/FileConnectorFactory
instanceKlass org/gradle/api/internal/artifacts/DefaultDependencyManagementServices$DefaultDependencyResolutionServices
instanceKlass org/gradle/api/internal/artifacts/ivyservice/moduleconverter/RootComponentProvider
instanceKlass org/gradle/api/internal/artifacts/ivyservice/DefaultConfigurationResolver
instanceKlass org/gradle/api/internal/artifacts/ConfigurationResolver
instanceKlass org/gradle/api/internal/artifacts/ivyservice/DefaultConfigurationResolver$Factory
instanceKlass org/gradle/api/internal/artifacts/ivyservice/ShortCircuitingResolutionExecutor
instanceKlass org/gradle/api/internal/artifacts/ivyservice/resolveengine/graph/DependencyGraphVisitor
instanceKlass org/gradle/api/internal/artifacts/transform/TransformUpstreamDependenciesResolver
instanceKlass org/gradle/api/artifacts/ResolvedConfiguration
instanceKlass org/gradle/api/internal/artifacts/ivyservice/LenientConfigurationInternal
instanceKlass org/gradle/api/artifacts/LenientConfiguration
instanceKlass org/gradle/api/internal/artifacts/ivyservice/resolveengine/graph/results/VisitedGraphResults
instanceKlass org/gradle/api/internal/artifacts/ivyservice/resolveengine/artifact/DependencyArtifactsVisitor
instanceKlass org/gradle/api/internal/artifacts/ivyservice/resolveengine/artifact/VisitedArtifactSet
instanceKlass org/gradle/api/internal/artifacts/ivyservice/ResolutionExecutor
instanceKlass org/gradle/api/internal/attributes/AttributeDescriberRegistry
instanceKlass org/gradle/internal/component/model/GraphVariantSelector
instanceKlass org/apache/commons/lang3/tuple/Pair
instanceKlass org/gradle/api/internal/artifacts/ivyservice/resolveengine/graph/builder/NodeState
instanceKlass org/gradle/api/internal/artifacts/ivyservice/resolveengine/graph/RootGraphNode
instanceKlass org/gradle/api/internal/artifacts/ivyservice/resolveengine/graph/DependencyGraphNode
instanceKlass org/gradle/api/internal/artifacts/ivyservice/resolveengine/graph/ResolvedGraphVariant
instanceKlass org/gradle/internal/component/resolution/failure/ReportableAsProblem
instanceKlass org/gradle/api/internal/artifacts/ivyservice/resolveengine/graph/conflicts/CandidateModule
instanceKlass org/gradle/api/internal/artifacts/ivyservice/resolveengine/graph/builder/DependencyGraphBuilder
instanceKlass org/gradle/api/internal/artifacts/ivyservice/dependencysubstitution/DependencySubstitutionApplicator
instanceKlass org/gradle/api/internal/artifacts/ivyservice/resolveengine/ModuleConflictResolver
instanceKlass org/gradle/api/internal/artifacts/ivyservice/resolveengine/DependencyGraphResolver
instanceKlass org/gradle/api/artifacts/query/ArtifactResolutionQuery
instanceKlass org/gradle/api/internal/artifacts/query/DefaultArtifactResolutionQueryFactory
instanceKlass org/gradle/api/internal/artifacts/DefaultComponentSelectorConverter
instanceKlass org/gradle/api/internal/artifacts/transform/VariantDefinition
instanceKlass org/gradle/api/internal/artifacts/transform/ConsumerProvidedVariantFinder
instanceKlass org/gradle/api/internal/artifacts/ivyservice/projectmodule/ProjectDependencyResolver
instanceKlass org/gradle/internal/resolve/resolver/DependencyToComponentIdResolver
instanceKlass org/gradle/internal/resolve/resolver/ComponentMetaDataResolver
instanceKlass org/gradle/api/internal/artifacts/ivyservice/projectmodule/DefaultLocalComponentRegistry
instanceKlass org/gradle/api/internal/artifacts/ivyservice/projectmodule/LocalComponentRegistry
instanceKlass org/gradle/api/internal/artifacts/ComponentSelectorConverter
instanceKlass org/gradle/api/internal/artifacts/configurations/CachePolicy
instanceKlass org/gradle/api/internal/artifacts/transform/DefaultTransformedVariantFactory$VariantKey
instanceKlass org/gradle/api/internal/artifacts/ivyservice/resolveengine/artifact/ResolvedArtifactSet$TransformSourceVisitor
instanceKlass org/gradle/api/internal/artifacts/transform/DefaultTransformedVariantFactory
instanceKlass org/gradle/api/internal/artifacts/transform/TransformedVariantFactory
instanceKlass org/gradle/internal/component/resolution/failure/ResolutionFailureHandler
instanceKlass org/gradle/internal/component/resolution/failure/transform/TransformedVariantConverter
instanceKlass org/gradle/api/internal/artifacts/GlobalDependencyResolutionRules
instanceKlass org/gradle/api/internal/artifacts/dsl/DefaultComponentMetadataHandler
instanceKlass org/gradle/api/internal/artifacts/ResolveExceptionMapper
instanceKlass org/gradle/api/internal/artifacts/ComponentMetadataProcessorFactory
instanceKlass org/gradle/api/internal/artifacts/dsl/ComponentMetadataHandlerInternal
instanceKlass org/gradle/api/artifacts/dsl/DependencyLockingHandler
instanceKlass org/gradle/api/internal/artifacts/ConfigurationResolver$Factory
instanceKlass org/gradle/api/internal/artifacts/configurations/ResolutionStrategyFactory
instanceKlass org/gradle/api/internal/artifacts/configurations/DefaultConfigurationFactory
instanceKlass org/gradle/api/internal/artifacts/repositories/DefaultUrlArtifactRepository$Factory
instanceKlass org/gradle/api/internal/artifacts/ComponentModuleMetadataHandlerInternal
instanceKlass org/gradle/api/artifacts/dsl/ArtifactHandler
instanceKlass org/gradle/api/internal/artifacts/dsl/PublishArtifactNotationParserFactory
instanceKlass org/gradle/api/artifacts/dsl/DependencyHandler
instanceKlass org/gradle/api/internal/artifacts/type/ArtifactTypeRegistry
instanceKlass org/gradle/api/internal/artifacts/query/ArtifactResolutionQueryFactory
instanceKlass org/gradle/api/artifacts/dsl/ComponentModuleMetadataHandler
instanceKlass org/gradle/api/artifacts/dsl/ComponentMetadataHandler
instanceKlass org/gradle/api/artifacts/dsl/DependencyConstraintHandler
instanceKlass org/gradle/api/internal/artifacts/configurations/ConfigurationContainerInternal
instanceKlass org/gradle/api/internal/artifacts/configurations/RoleBasedConfigurationContainerInternal
instanceKlass org/gradle/api/internal/artifacts/RepositoriesSupplier
instanceKlass org/gradle/api/file/ProjectLayout
instanceKlass org/gradle/api/internal/artifacts/dsl/dependencies/UnknownProjectFinder
instanceKlass org/gradle/api/internal/artifacts/dsl/dependencies/ProjectFinder
instanceKlass  @bci org/gradle/api/internal/artifacts/DefaultDependencyManagementServices lambda$newDetachedResolver$0 (Lorg/gradle/api/internal/file/FileResolver;Lorg/gradle/api/internal/file/FileCollectionFactory;Lorg/gradle/api/internal/DomainObjectContext;Lorg/gradle/internal/service/ServiceRegistration;)V 21 <appendix> argL0 ; # org/gradle/api/internal/artifacts/DefaultDependencyManagementServices$$Lambda+0x000000009144f908
instanceKlass org/gradle/api/internal/artifacts/AnonymousModule
instanceKlass org/gradle/api/internal/artifacts/Module
instanceKlass org/gradle/api/internal/artifacts/configurations/DependencyMetaDataProvider
instanceKlass org/gradle/api/internal/artifacts/BaseRepositoryFactory
instanceKlass org/gradle/api/internal/artifacts/ivyservice/ivyresolve/parser/MetaDataParser
instanceKlass org/gradle/api/internal/artifacts/VariantTransformRegistry
instanceKlass org/gradle/api/internal/artifacts/transform/TransformInvocationFactory
instanceKlass org/gradle/api/internal/artifacts/dsl/dependencies/DependencyLockingProvider
instanceKlass org/gradle/api/internal/ConfigurationServicesBundle
instanceKlass org/gradle/api/internal/attributes/AttributesSchemaInternal
instanceKlass org/gradle/api/attributes/AttributesSchema
instanceKlass org/gradle/api/internal/artifacts/transform/TransformRegistrationFactory
instanceKlass org/gradle/api/internal/artifacts/ArtifactPublicationServices
instanceKlass org/gradle/api/internal/artifacts/transform/MutableTransformWorkspaceServices
instanceKlass org/gradle/internal/file/ReservedFileSystemLocation
instanceKlass org/gradle/api/internal/artifacts/DefaultDependencyManagementServices$DependencyResolutionScopeServices
instanceKlass org/gradle/api/internal/artifacts/DefaultDependencyManagementServices$TransformGradleUserHomeServices
instanceKlass  @bci org/gradle/api/internal/artifacts/DefaultDependencyManagementServices newDetachedResolver (Lorg/gradle/api/internal/file/FileResolver;Lorg/gradle/api/internal/file/FileCollectionFactory;Lorg/gradle/api/internal/DomainObjectContext;)Lorg/gradle/api/internal/artifacts/DependencyResolutionServices; 13 <appendix> member <vmtarget> ; # org/gradle/api/internal/artifacts/DefaultDependencyManagementServices$$Lambda+0x000000009144d730
instanceKlass org/gradle/internal/model/CalculatedModelValue
instanceKlass org/gradle/api/internal/initialization/StandaloneDomainObjectContext
instanceKlass org/gradle/initialization/SettingsFactory$SettingsServiceRegistryFactory
instanceKlass org/gradle/internal/service/scopes/ServiceRegistryFactory
# instanceKlass java/lang/invoke/LambdaForm$MH+0x0000000091459000
# instanceKlass java/lang/invoke/LambdaForm$MH+0x0000000091458c00
# instanceKlass java/lang/invoke/LambdaForm$MH+0x0000000091458800
# instanceKlass java/lang/invoke/LambdaForm$MH+0x0000000091458400
# instanceKlass java/lang/invoke/LambdaForm$DMH+0x0000000091458000
instanceKlass org/gradle/internal/resource/ResourceLocation
instanceKlass org/gradle/internal/resource/UriTextResource
instanceKlass org/gradle/groovy/scripts/TextResourceScriptSource
instanceKlass org/gradle/initialization/BuildOperationSettingsProcessor$2$1
instanceKlass org/gradle/initialization/EvaluateSettingsBuildOperationType$Details
instanceKlass org/gradle/initialization/BuildOperationSettingsProcessor$2
instanceKlass  @bci org/gradle/invocation/DefaultGradle getClassLoaderScope ()Lorg/gradle/api/internal/initialization/ClassLoaderScope; 9 <appendix> member <vmtarget> ; # org/gradle/invocation/DefaultGradle$$Lambda+0x0000000091454b20
instanceKlass  @bci org/gradle/buildinit/plugins/internal/action/InitBuiltInCommand commandLineMatches (Ljava/util/List;)Z 15 <appendix> argL0 ; # org/gradle/buildinit/plugins/internal/action/InitBuiltInCommand$$Lambda+0x000000009144d4d8
instanceKlass org/gradle/internal/scripts/ScriptResolutionResultReporter
instanceKlass org/gradle/initialization/DirectoryInitScriptFinder
instanceKlass org/gradle/initialization/CompositeInitScriptFinder
instanceKlass org/gradle/initialization/InitScriptFinder
instanceKlass org/gradle/api/internal/properties/DefaultGradlePropertiesController$LoadedBuildScopedState
instanceKlass org/gradle/internal/extensions/stdlib/CastExtensionsKt
instanceKlass kotlin/text/StringsKt__AppendableKt
instanceKlass org/gradle/internal/extensions/stdlib/MapExtensionsKt
instanceKlass org/gradle/internal/cc/impl/services/DefaultEnvironment$DefaultProperties
instanceKlass org/gradle/initialization/Environment$Properties
instanceKlass  @bci org/gradle/initialization/properties/DefaultGradleProperties getPropertiesWithPrefix (Ljava/lang/String;)Ljava/util/Map; 26 <appendix> argL0 ; # org/gradle/initialization/properties/DefaultGradleProperties$$Lambda+0x0000000091451698
instanceKlass  @bci org/gradle/initialization/properties/DefaultGradleProperties getPropertiesWithPrefix (Ljava/lang/String;)Ljava/util/Map; 21 <appendix> argL0 ; # org/gradle/initialization/properties/DefaultGradleProperties$$Lambda+0x0000000091451450
instanceKlass  @bci org/gradle/initialization/properties/DefaultGradleProperties getPropertiesWithPrefix (Ljava/lang/String;)Ljava/util/Map; 11 <appendix> member <vmtarget> ; # org/gradle/initialization/properties/DefaultGradleProperties$$Lambda+0x00000000914511f0
instanceKlass org/gradle/initialization/properties/DefaultGradleProperties
instanceKlass org/gradle/initialization/DefaultSettingsLoader
instanceKlass org/gradle/initialization/SettingsAttachingSettingsLoader
instanceKlass org/gradle/internal/composite/CommandLineIncludedBuildSettingsLoader
instanceKlass org/gradle/internal/composite/ChildBuildRegisteringSettingsLoader
instanceKlass org/gradle/internal/composite/CompositeBuildSettingsLoader
instanceKlass org/gradle/initialization/InitScriptHandlingSettingsLoader
instanceKlass org/gradle/api/internal/initialization/CacheConfigurationsHandlingSettingsLoader
instanceKlass org/gradle/initialization/DaemonJvmToolchainsValidatingSettingsLoader
instanceKlass org/gradle/initialization/GradlePropertiesHandlingSettingsLoader
instanceKlass org/gradle/initialization/BuildOperationFiringSettingsPreparer$LoadBuild$1
instanceKlass org/gradle/initialization/LoadBuildBuildOperationType$Details
instanceKlass org/gradle/initialization/BuildOperationFiringSettingsPreparer$LoadBuild
instanceKlass org/gradle/initialization/BuildOperationFiringSettingsPreparer$2
instanceKlass org/gradle/initialization/BuildIdentifiedProgressDetails
instanceKlass  @bci org/gradle/internal/model/StateTransitionController transitionIfNotPreviously (Lorg/gradle/internal/model/StateTransitionController$State;Lorg/gradle/internal/model/StateTransitionController$State;Ljava/lang/Runnable;)V 8 <appendix> member <vmtarget> ; # org/gradle/internal/model/StateTransitionController$$Lambda+0x000000009144ad18
instanceKlass  @bci org/gradle/initialization/VintageBuildModelController prepareSettings ()V 11 <appendix> member <vmtarget> ; # org/gradle/initialization/VintageBuildModelController$$Lambda+0x000000009144aae8
instanceKlass  @bci org/gradle/internal/model/StateTransitionController doTransition (Lorg/gradle/internal/model/StateTransitionController$State;Lorg/gradle/internal/model/StateTransitionController$State;Ljava/lang/Runnable;)V 4 <appendix> member <vmtarget> ; # org/gradle/internal/model/StateTransitionController$$Lambda+0x000000009144a8b8
instanceKlass  @bci org/gradle/internal/model/StateTransitionController maybeTransition (Lorg/gradle/internal/model/StateTransitionController$State;Lorg/gradle/internal/model/StateTransitionController$State;Ljava/lang/Runnable;)V 8 <appendix> member <vmtarget> ; # org/gradle/internal/model/StateTransitionController$$Lambda+0x000000009144a688
instanceKlass  @bci org/gradle/internal/build/DefaultBuildLifecycleController prepareToScheduleTasks ()V 11 <appendix> member <vmtarget> ; # org/gradle/internal/build/DefaultBuildLifecycleController$$Lambda+0x000000009144a458
instanceKlass org/gradle/internal/configuration/inputs/NoOpInputsListener
instanceKlass org/gradle/internal/configuration/inputs/InstrumentedInputs
instanceKlass  @bci org/gradle/internal/cc/impl/barrier/BarrierAwareBuildTreeWorkPreparer scheduleRequestedTasks (Lorg/gradle/internal/buildtree/BuildTreeWorkGraph;Lorg/gradle/execution/EntryTaskSelector;)Lorg/gradle/internal/buildtree/BuildTreeWorkGraph$FinalizedGraph; 13 <appendix> member <vmtarget> ; # org/gradle/internal/cc/impl/barrier/BarrierAwareBuildTreeWorkPreparer$$Lambda+0x000000009144d060
instanceKlass org/gradle/internal/Try
instanceKlass org/gradle/internal/cc/impl/VintageBuildTreeWorkController$scheduleAndRunRequestedTasks$1$finalizedGraph$1
instanceKlass  @bci org/gradle/composite/internal/DefaultBuildControllers idComparator ()Ljava/util/Comparator; 0 <appendix> argL0 ; # org/gradle/composite/internal/DefaultBuildControllers$$Lambda+0x000000009144cb70
instanceKlass org/gradle/composite/internal/BuildController
instanceKlass org/gradle/composite/internal/DefaultBuildControllers
instanceKlass org/gradle/composite/internal/BuildControllers
instanceKlass org/gradle/composite/internal/DefaultIncludedBuildTaskGraph$DefaultBuildTreeWorkGraph
instanceKlass org/gradle/internal/buildtree/BuildTreeWorkGraph$FinalizedGraph
instanceKlass org/gradle/internal/buildtree/BuildTreeWorkGraph
instanceKlass org/gradle/internal/cc/impl/VintageBuildTreeWorkController$scheduleAndRunRequestedTasks$1
instanceKlass  @bci org/gradle/internal/model/StateTransitionController lambda$transition$8 (Lorg/gradle/internal/model/StateTransitionController$State;Lorg/gradle/internal/model/StateTransitionController$State;Ljava/util/function/Supplier;)Ljava/lang/Object; 4 <appendix> member <vmtarget> ; # org/gradle/internal/model/StateTransitionController$$Lambda+0x0000000091449000
instanceKlass  @bci org/gradle/internal/model/StateTransitionController transition (Lorg/gradle/internal/model/StateTransitionController$State;Lorg/gradle/internal/model/StateTransitionController$State;Ljava/util/function/Supplier;)Ljava/lang/Object; 8 <appendix> member <vmtarget> ; # org/gradle/internal/model/StateTransitionController$$Lambda+0x0000000091448dd0
instanceKlass  @bci org/gradle/internal/buildtree/DefaultBuildTreeLifecycleController runBuild (Ljava/util/function/Supplier;)Ljava/lang/Object; 12 <appendix> member <vmtarget> ; # org/gradle/internal/buildtree/DefaultBuildTreeLifecycleController$$Lambda+0x0000000091448ba0
instanceKlass  @bci org/gradle/internal/buildtree/DefaultBuildTreeLifecycleController scheduleAndRunTasks (Lorg/gradle/execution/EntryTaskSelector;)V 3 <appendix> member <vmtarget> ; # org/gradle/internal/buildtree/DefaultBuildTreeLifecycleController$$Lambda+0x0000000091448970
instanceKlass org/gradle/internal/build/ExecutionResult
instanceKlass  @bci org/gradle/internal/buildtree/ProblemReportingBuildActionRunner getRootProjectBuildDirCollectingListener (Lorg/gradle/internal/buildtree/BuildTreeLifecycleController;)Lorg/gradle/internal/buildtree/ProblemReportingBuildActionRunner$RootProjectBuildDirCollectingListener; 14 <appendix> member <vmtarget> ; # org/gradle/internal/buildtree/ProblemReportingBuildActionRunner$$Lambda+0x00000000914484d8
instanceKlass  @bci org/gradle/internal/event/DefaultListenerManager$ExclusiveEventBroadcast doSetLogger (Lorg/gradle/internal/event/DefaultListenerManager$ListenerDetails;)V 3 <appendix> member <vmtarget> ; # org/gradle/internal/event/DefaultListenerManager$ExclusiveEventBroadcast$$Lambda+0x0000000091448000
instanceKlass  @bci org/gradle/internal/model/StateTransitionController inState (Lorg/gradle/internal/model/StateTransitionController$State;Ljava/util/function/Supplier;)Ljava/lang/Object; 7 <appendix> member <vmtarget> ; # org/gradle/internal/model/StateTransitionController$$Lambda+0x0000000091444400
instanceKlass  @bci org/gradle/internal/model/StateTransitionController inState (Lorg/gradle/internal/model/StateTransitionController$State;Ljava/lang/Runnable;)V 3 <appendix> member <vmtarget> ; # org/gradle/internal/model/StateTransitionController$$Lambda+0x0000000091444c70
instanceKlass  @bci org/gradle/internal/buildtree/DefaultBuildTreeLifecycleController beforeBuild (Ljava/util/function/Consumer;)V 9 <appendix> member <vmtarget> ; # org/gradle/internal/buildtree/DefaultBuildTreeLifecycleController$$Lambda+0x0000000091444a40
instanceKlass  @bci org/gradle/launcher/exec/BuildOutcomeReportingBuildActionRunner run (Lorg/gradle/internal/invocation/BuildAction;Lorg/gradle/internal/buildtree/BuildTreeLifecycleController;)Lorg/gradle/internal/buildtree/BuildActionRunner$Result; 53 <appendix> member <vmtarget> ; # org/gradle/launcher/exec/BuildOutcomeReportingBuildActionRunner$$Lambda+0x0000000091444800
instanceKlass org/gradle/internal/logging/format/TersePrettyDurationFormatter
instanceKlass org/gradle/internal/buildevents/BuildResultLogger
instanceKlass org/apache/commons/lang3/ArrayFill
instanceKlass org/gradle/util/internal/TreeVisitor
instanceKlass org/gradle/internal/exceptions/FailureResolutionAware$Context
instanceKlass org/gradle/internal/buildevents/BuildExceptionReporter
instanceKlass org/gradle/internal/logging/format/DurationFormatter
instanceKlass org/gradle/internal/buildevents/BuildLogger
instanceKlass org/gradle/api/internal/tasks/execution/statistics/TaskExecutionStatisticsEventAdapter
instanceKlass org/gradle/execution/taskgraph/TaskListenerInternal
instanceKlass org/gradle/tooling/internal/provider/FileSystemWatchingBuildActionRunner$1
instanceKlass org/gradle/internal/watch/options/FileSystemWatchingSettingsFinalizedProgressDetails
instanceKlass org/gradle/internal/operations/notify/BuildOperationNotificationBridge$Finished
instanceKlass org/gradle/internal/operations/OperationFinishEvent
instanceKlass org/gradle/internal/watch/vfs/impl/WatchingVirtualFileSystem$1$1
instanceKlass org/gradle/internal/watch/vfs/BuildStartedFileSystemWatchingBuildOperationType$Result
instanceKlass  @bci org/gradle/internal/watch/registry/impl/AbstractFileWatcherUpdater update (Lorg/gradle/internal/snapshot/SnapshotHierarchy;)V 58 <appendix> member <vmtarget> ; # org/gradle/internal/watch/registry/impl/AbstractFileWatcherUpdater$$Lambda+0x0000000091446498
instanceKlass  @bci org/gradle/internal/watch/registry/impl/AbstractFileWatcherUpdater hasWatchableContent (Ljava/util/stream/Stream;Lorg/gradle/internal/watch/registry/impl/WatchableHierarchies;)Z 2 <appendix> member <vmtarget> ; # org/gradle/internal/watch/registry/impl/AbstractFileWatcherUpdater$$Lambda+0x0000000091446238
instanceKlass  @bci org/gradle/internal/watch/registry/impl/AbstractFileWatcherUpdater resolveWatchedFiles (Lorg/gradle/internal/watch/registry/impl/WatchableHierarchies;Lorg/gradle/internal/snapshot/SnapshotHierarchy;)Lorg/gradle/internal/file/FileHierarchySet; 29 <appendix> argL0 ; # org/gradle/internal/watch/registry/impl/AbstractFileWatcherUpdater$$Lambda+0x0000000091446000
instanceKlass  @bci org/gradle/internal/watch/registry/impl/AbstractFileWatcherUpdater resolveWatchedFiles (Lorg/gradle/internal/watch/registry/impl/WatchableHierarchies;Lorg/gradle/internal/snapshot/SnapshotHierarchy;)Lorg/gradle/internal/file/FileHierarchySet; 16 <appendix> member <vmtarget> ; # org/gradle/internal/watch/registry/impl/AbstractFileWatcherUpdater$$Lambda+0x0000000091443cd0
instanceKlass  @bci org/gradle/internal/watch/registry/impl/AbstractFileWatcherUpdater resolveWatchedFiles (Lorg/gradle/internal/watch/registry/impl/WatchableHierarchies;Lorg/gradle/internal/snapshot/SnapshotHierarchy;)Lorg/gradle/internal/file/FileHierarchySet; 4 <appendix> argL0 ; # org/gradle/internal/watch/registry/impl/AbstractFileWatcherUpdater$$Lambda+0x0000000091443a88
instanceKlass java/util/ArrayDeque$DeqSpliterator
instanceKlass  @bci org/gradle/internal/watch/registry/impl/WatchableHierarchies checkThatNothingExistsInNewWatchableHierarchy (Ljava/lang/String;Lorg/gradle/internal/snapshot/SnapshotHierarchy;)V 24 <appendix> member <vmtarget> ; # org/gradle/internal/watch/registry/impl/WatchableHierarchies$$Lambda+0x00000000914433f8
instanceKlass  @bci org/gradle/internal/watch/registry/impl/WatchableHierarchies checkThatNothingExistsInNewWatchableHierarchy (Ljava/lang/String;Lorg/gradle/internal/snapshot/SnapshotHierarchy;)V 8 <appendix> member <vmtarget> ; # org/gradle/internal/watch/registry/impl/WatchableHierarchies$$Lambda+0x0000000091443198
instanceKlass  @bci org/gradle/internal/watch/vfs/impl/WatchingVirtualFileSystem startWatching (Lorg/gradle/internal/snapshot/SnapshotHierarchy;Lorg/gradle/internal/watch/registry/WatchMode;Ljava/util/List;)Lorg/gradle/internal/snapshot/SnapshotHierarchy; 85 <appendix> member <vmtarget> ; # org/gradle/internal/watch/vfs/impl/WatchingVirtualFileSystem$$Lambda+0x0000000091442f58
instanceKlass  @bci org/gradle/internal/watch/registry/impl/WatchableHierarchies updateUnwatchableFilesOnBuildStart (Lorg/gradle/internal/snapshot/SnapshotHierarchy;Lorg/gradle/internal/watch/registry/impl/WatchableHierarchies$Invalidator;Ljava/util/List;)Lorg/gradle/internal/snapshot/SnapshotHierarchy; 19 <appendix> argL0 ; # org/gradle/internal/watch/registry/impl/WatchableHierarchies$$Lambda+0x0000000091442d20
instanceKlass  @bci org/gradle/internal/Combiners nonCombining ()Ljava/util/function/BinaryOperator; 0 <appendix> argL0 ; # org/gradle/internal/Combiners$$Lambda+0x0000000091442ad0
instanceKlass org/gradle/internal/Combiners
instanceKlass  @bci org/gradle/internal/watch/registry/impl/WatchableHierarchies removeUnprovenHierarchies (Lorg/gradle/internal/snapshot/SnapshotHierarchy;Lorg/gradle/internal/watch/registry/impl/WatchableHierarchies$Invalidator;Lorg/gradle/internal/watch/registry/WatchMode;)Lorg/gradle/internal/snapshot/SnapshotHierarchy; 13 <appendix> member <vmtarget> ; # org/gradle/internal/watch/registry/impl/WatchableHierarchies$$Lambda+0x0000000091442680
instanceKlass  @bci org/gradle/internal/watch/registry/impl/DefaultFileWatcherProbeRegistry unprovenHierarchies ()Ljava/util/stream/Stream; 24 <appendix> argL0 ; # org/gradle/internal/watch/registry/impl/DefaultFileWatcherProbeRegistry$$Lambda+0x0000000091442438
instanceKlass  @bci org/gradle/internal/watch/registry/impl/DefaultFileWatcherProbeRegistry unprovenHierarchies ()Ljava/util/stream/Stream; 14 <appendix> argL0 ; # org/gradle/internal/watch/registry/impl/DefaultFileWatcherProbeRegistry$$Lambda+0x00000000914421e0
instanceKlass  @cpi org/gradle/internal/watch/registry/impl/DefaultFileWatcherProbeRegistry 200 form vmentry <vmtarget> ; # java/lang/invoke/LambdaForm$DMH+0x0000000091444000
instanceKlass org/gradle/internal/watch/registry/impl/DefaultFileWatcherProbeRegistry$WatchProbe
instanceKlass  @bci org/gradle/internal/watch/registry/impl/HierarchicalFileWatcherUpdater createInvalidator ()Lorg/gradle/internal/watch/registry/impl/WatchableHierarchies$Invalidator; 0 <appendix> argL0 ; # org/gradle/internal/watch/registry/impl/HierarchicalFileWatcherUpdater$$Lambda+0x0000000091441d70
instanceKlass org/gradle/internal/watch/registry/impl/WatchableHierarchies$Invalidator
instanceKlass  @bci org/gradle/internal/watch/registry/impl/DefaultFileWatcherRegistry createAndStartEventConsumerThread (Lorg/gradle/internal/watch/registry/FileWatcherRegistry$ChangeHandler;)Ljava/lang/Thread; 28 <appendix> member <vmtarget> ; # org/gradle/internal/watch/registry/impl/DefaultFileWatcherRegistry$$Lambda+0x0000000091441938
instanceKlass  @bci org/gradle/internal/watch/registry/impl/DefaultFileWatcherRegistry createAndStartEventConsumerThread (Lorg/gradle/internal/watch/registry/FileWatcherRegistry$ChangeHandler;)Ljava/lang/Thread; 6 <appendix> member <vmtarget> ; # org/gradle/internal/watch/registry/impl/DefaultFileWatcherRegistry$$Lambda+0x0000000091441708
instanceKlass org/gradle/internal/watch/registry/impl/DefaultFileWatcherRegistry$MutableFileWatchingStatistics
instanceKlass org/gradle/fileevents/FileWatchEvent$Handler
instanceKlass org/gradle/internal/watch/registry/FileWatcherRegistry$FileWatchingStatistics
instanceKlass org/gradle/internal/watch/registry/impl/DefaultFileWatcherRegistry
instanceKlass  @bci org/gradle/internal/watch/registry/impl/WindowsFileWatcherRegistryFactory createFileWatcherUpdater (Lorg/gradle/fileevents/internal/WindowsFileEventFunctions$WindowsFileWatcher;Lorg/gradle/internal/watch/registry/FileWatcherProbeRegistry;Lorg/gradle/internal/watch/registry/impl/WatchableHierarchies;)Lorg/gradle/internal/watch/registry/FileWatcherUpdater; 11 <appendix> member <vmtarget> ; # org/gradle/internal/watch/registry/impl/WindowsFileWatcherRegistryFactory$$Lambda+0x0000000091440ba8
instanceKlass org/gradle/internal/watch/registry/impl/AbstractFileWatcherUpdater$MovedDirectoryHandler
instanceKlass  @bci org/gradle/internal/watch/registry/impl/HierarchicalFileWatcherUpdater$FileSystemLocationToWatchValidator <clinit> ()V 0 <appendix> argL0 ; # org/gradle/internal/watch/registry/impl/HierarchicalFileWatcherUpdater$FileSystemLocationToWatchValidator$$Lambda+0x0000000091440778
instanceKlass org/gradle/internal/watch/registry/impl/HierarchicalFileWatcherUpdater$FileSystemLocationToWatchValidator
instanceKlass org/gradle/internal/watch/registry/impl/AbstractFileWatcherUpdater
instanceKlass org/gradle/internal/file/FileHierarchySet$RootVisitor
instanceKlass org/gradle/internal/watch/registry/impl/WatchableHierarchies
instanceKlass org/gradle/fileevents/internal/AbstractFileEventFunctions$AbstractFileWatcher
instanceKlass org/gradle/fileevents/FileWatchEvent
instanceKlass org/gradle/fileevents/internal/AbstractFileEventFunctions$NativeFileWatcherCallback
instanceKlass  @bci org/gradle/internal/watch/registry/impl/AbstractFileWatcherRegistryFactory createFileWatcherRegistry (Lorg/gradle/internal/watch/registry/FileWatcherRegistry$ChangeHandler;)Lorg/gradle/internal/watch/registry/FileWatcherRegistry; 15 <appendix> argL0 ; # org/gradle/internal/watch/registry/impl/AbstractFileWatcherRegistryFactory$$Lambda+0x000000009143a4d0
instanceKlass org/gradle/internal/watch/registry/impl/DefaultFileWatcherProbeRegistry
instanceKlass org/gradle/internal/watch/vfs/impl/WatchingVirtualFileSystem$BroadcastingChangeHandler
instanceKlass org/gradle/internal/watch/vfs/impl/WatchingVirtualFileSystem$InvalidateVfsChangeHandler
instanceKlass org/gradle/internal/watch/vfs/impl/WatchingVirtualFileSystem$CompositeChangeHandler
instanceKlass org/gradle/internal/watch/vfs/impl/WatchingVirtualFileSystem$FilterChangesToOutputsChangesHandler
instanceKlass  @bci org/gradle/internal/watch/vfs/impl/WatchingVirtualFileSystem$1 call (Lorg/gradle/internal/operations/BuildOperationContext;)Lorg/gradle/internal/snapshot/SnapshotHierarchy; 56 <appendix> member <vmtarget> ; # org/gradle/internal/watch/vfs/impl/WatchingVirtualFileSystem$1$$Lambda+0x000000009143f4a0
instanceKlass  @bci org/gradle/internal/watch/vfs/impl/DefaultWatchableFileSystemDetector detectUnsupportedFileSystems ()Ljava/util/stream/Stream; 24 <appendix> argL0 ; # org/gradle/internal/watch/vfs/impl/DefaultWatchableFileSystemDetector$$Lambda+0x000000009143f258
instanceKlass  @bci org/gradle/internal/watch/vfs/impl/DefaultWatchableFileSystemDetector detectUnsupportedFileSystems ()Ljava/util/stream/Stream; 14 <appendix> argL0 ; # org/gradle/internal/watch/vfs/impl/DefaultWatchableFileSystemDetector$$Lambda+0x000000009143f000
instanceKlass net/rubygrapefruit/platform/internal/FileSystemList$DefaultCaseSensitivity
instanceKlass net/rubygrapefruit/platform/internal/DefaultFileSystemInfo
instanceKlass net/rubygrapefruit/platform/file/FileSystemInfo
instanceKlass net/rubygrapefruit/platform/internal/jni/PosixFileSystemFunctions
instanceKlass net/rubygrapefruit/platform/file/CaseSensitivity
instanceKlass net/rubygrapefruit/platform/internal/FileSystemList
instanceKlass org/gradle/api/internal/tasks/execution/ExecuteTaskBuildOperationDetails
instanceKlass org/gradle/internal/operations/trace/CustomOperationTraceSerialization
instanceKlass org/gradle/api/internal/tasks/execution/ExecuteTaskBuildOperationType$Details
instanceKlass org/gradle/internal/watch/vfs/BuildStartedFileSystemWatchingBuildOperationType$Details$1
instanceKlass org/gradle/internal/watch/vfs/BuildStartedFileSystemWatchingBuildOperationType$Details
instanceKlass org/gradle/internal/watch/vfs/FileSystemWatchingStatistics
instanceKlass org/gradle/internal/watch/vfs/impl/WatchingVirtualFileSystem$1
instanceKlass  @bci org/gradle/internal/watch/vfs/impl/WatchingVirtualFileSystem afterBuildStarted (Lorg/gradle/internal/watch/registry/WatchMode;Lorg/gradle/internal/watch/vfs/VfsLogging;Lorg/gradle/internal/operations/BuildOperationRunner;)Z 26 <appendix> member <vmtarget> ; # org/gradle/internal/watch/vfs/impl/WatchingVirtualFileSystem$$Lambda+0x000000009143cd00
instanceKlass org/slf4j/helpers/NamedLoggerBase
instanceKlass org/gradle/internal/cc/impl/promo/ConfigurationCachePromoHandler$afterStart$1
instanceKlass org/gradle/execution/plan/FinalizedExecutionPlan$1
instanceKlass org/gradle/execution/plan/FinalizedExecutionPlan
instanceKlass org/gradle/api/execution/TaskExecutionListener
instanceKlass org/gradle/execution/taskgraph/TaskExecutionGraphExecutionListener
instanceKlass org/gradle/api/internal/tasks/TaskExecutionContext
instanceKlass org/gradle/execution/plan/DefaultNodeExecutor
instanceKlass org/gradle/execution/taskgraph/DefaultTaskExecutionGraph
# instanceKlass java/lang/invoke/LambdaForm$MH+0x0000000091439c00
# instanceKlass java/lang/invoke/LambdaForm$MH+0x0000000091439800
# instanceKlass java/lang/invoke/LambdaForm$MH+0x0000000091439400
# instanceKlass java/lang/invoke/LambdaForm$MH+0x0000000091439000
# instanceKlass java/lang/invoke/LambdaForm$MH+0x0000000091438c00
# instanceKlass java/lang/invoke/LambdaForm$MH+0x0000000091438800
# instanceKlass java/lang/invoke/LambdaForm$MH+0x0000000091438400
# instanceKlass java/lang/invoke/LambdaForm$MH+0x0000000091438000
instanceKlass org/gradle/api/execution/TaskExecutionGraphListener
instanceKlass org/gradle/configuration/internal/DefaultListenerBuildOperationDecorator
instanceKlass com/google/common/util/concurrent/AbstractFuture$Failure
instanceKlass com/google/common/util/concurrent/AbstractFuture$Cancellation
instanceKlass com/google/common/util/concurrent/AbstractFuture$DelegatingToFuture
instanceKlass com/google/common/util/concurrent/Platform
instanceKlass com/google/common/util/concurrent/Uninterruptibles
instanceKlass org/gradle/api/tasks/util/internal/CachingPatternSpecFactory$CachingSpec
instanceKlass org/gradle/api/internal/file/RelativePathSpec
instanceKlass org/gradle/api/internal/file/pattern/AnythingMatcher
instanceKlass org/gradle/api/internal/file/pattern/FixedPatternStep
instanceKlass org/gradle/api/internal/file/pattern/HasSuffixPatternStep
instanceKlass org/gradle/api/internal/file/pattern/HasPrefixPatternStep
instanceKlass org/gradle/api/internal/file/pattern/HasPrefixAndSuffixPatternStep
instanceKlass org/gradle/api/internal/file/pattern/AnyWildcardPatternStep
instanceKlass org/gradle/api/internal/file/pattern/PatternStep
instanceKlass org/gradle/api/internal/file/pattern/PatternStepFactory
instanceKlass org/gradle/api/internal/file/pattern/FixedStepPathMatcher
instanceKlass org/gradle/api/internal/file/pattern/GreedyPathMatcher
instanceKlass org/gradle/api/internal/file/pattern/EndOfPathMatcher
instanceKlass org/gradle/api/internal/file/pattern/PatternMatcher
instanceKlass org/gradle/api/internal/file/pattern/PathMatcher
instanceKlass org/gradle/api/internal/file/pattern/PatternMatcherFactory
instanceKlass com/google/common/base/Stopwatch
instanceKlass com/google/common/util/concurrent/AbstractFuture$Listener
instanceKlass com/google/common/util/concurrent/AbstractFutureState$Waiter
instanceKlass com/google/common/util/concurrent/LazyLogger
instanceKlass com/google/common/util/concurrent/AbstractFutureState$AtomicHelper
instanceKlass com/google/common/util/concurrent/internal/InternalFutureFailureAccess
instanceKlass com/google/common/util/concurrent/AbstractFuture$Trusted
instanceKlass com/google/common/util/concurrent/ListenableFuture
instanceKlass org/gradle/api/tasks/util/internal/CachingPatternSpecFactory$1
instanceKlass org/gradle/api/tasks/util/internal/CachingPatternSpecFactory$SpecKey
instanceKlass  @bci org/gradle/launcher/exec/RootBuildLifecycleBuildActionExecutor execute (Lorg/gradle/internal/invocation/BuildAction;)Lorg/gradle/internal/buildtree/BuildActionRunner$Result; 86 <appendix> member <vmtarget> ; # org/gradle/launcher/exec/RootBuildLifecycleBuildActionExecutor$$Lambda+0x000000009142b830
instanceKlass org/gradle/initialization/buildsrc/BuildSrcDetector
instanceKlass  @bci org/gradle/internal/vfs/impl/AbstractVirtualFileSystem updateRootUnderLock (Ljava/util/function/UnaryOperator;)V 3 <appendix> member <vmtarget> ; # org/gradle/internal/vfs/impl/AbstractVirtualFileSystem$$Lambda+0x000000009142b3f0
instanceKlass  @bci org/gradle/internal/watch/vfs/impl/WatchingVirtualFileSystem registerWatchableHierarchy (Ljava/io/File;)V 3 <appendix> member <vmtarget> ; # org/gradle/internal/watch/vfs/impl/WatchingVirtualFileSystem$$Lambda+0x000000009142b188
instanceKlass org/gradle/internal/exceptions/WorkTypeAware
instanceKlass org/gradle/internal/buildtree/DefaultBuildTreeLifecycleController
instanceKlass org/gradle/internal/buildtree/BuildTreeLifecycleController
instanceKlass org/gradle/internal/cc/impl/VintageBuildTreeWorkController
instanceKlass org/gradle/internal/buildtree/BuildTreeWorkController
instanceKlass org/gradle/internal/buildtree/IntermediateBuildActionRunner
instanceKlass org/gradle/internal/buildtree/BuildTreeModelController
instanceKlass org/gradle/internal/buildtree/DefaultBuildTreeModelCreator
instanceKlass org/gradle/internal/cc/impl/barrier/BarrierAwareBuildTreeModelCreator
instanceKlass org/gradle/internal/buildtree/BuildTreeModelCreator
instanceKlass org/gradle/internal/buildtree/DefaultBuildTreeWorkPreparer
instanceKlass org/gradle/internal/cc/impl/barrier/BarrierAwareBuildTreeWorkPreparer
instanceKlass org/gradle/internal/buildtree/BuildTreeWorkPreparer
instanceKlass org/gradle/internal/buildtree/DefaultBuildTreeFinishExecutor
instanceKlass org/gradle/composite/internal/OperationFiringBuildTreeFinishExecutor$3
instanceKlass org/gradle/composite/internal/OperationFiringBuildTreeFinishExecutor$2
instanceKlass org/gradle/operations/lifecycle/FinishRootBuildTreeBuildOperationType$Result
instanceKlass org/gradle/operations/lifecycle/FinishRootBuildTreeBuildOperationType$Details
instanceKlass org/gradle/composite/internal/OperationFiringBuildTreeFinishExecutor
instanceKlass org/gradle/internal/buildtree/DefaultBuildTreeWorkExecutor
instanceKlass org/gradle/internal/buildtree/BuildOperationFiringBuildTreeWorkExecutor$1
instanceKlass org/gradle/operations/lifecycle/RunRequestedWorkBuildOperationType$Details
instanceKlass org/gradle/internal/buildtree/BuildOperationFiringBuildTreeWorkExecutor
# instanceKlass java/lang/invoke/LambdaForm$MH+0x000000009142e000
# instanceKlass java/lang/invoke/LambdaForm$MH+0x000000009142dc00
# instanceKlass java/lang/invoke/LambdaForm$MH+0x000000009142d800
# instanceKlass java/lang/invoke/LambdaForm$MH+0x000000009142d400
# instanceKlass java/lang/invoke/LambdaForm$MH+0x000000009142d000
# instanceKlass java/lang/invoke/LambdaForm$MH+0x000000009142cc00
# instanceKlass java/lang/invoke/LambdaForm$MH+0x000000009142c800
# instanceKlass java/lang/invoke/LambdaForm$MH+0x000000009142c400
# instanceKlass java/lang/invoke/LambdaForm$MH+0x000000009142c000
instanceKlass org/gradle/internal/cc/impl/models/DefaultToolingModelParameterCarrierFactory
instanceKlass org/gradle/api/internal/configuration/DefaultBuildFeature
instanceKlass  @bci org/gradle/api/internal/configuration/DefaultBuildFeatures <init> (Lorg/gradle/api/internal/StartParameterInternal;Lorg/gradle/internal/buildtree/BuildModelParameters;)V 29 <appendix> member <vmtarget> ; # org/gradle/api/internal/configuration/DefaultBuildFeatures$$Lambda+0x0000000091427c70
instanceKlass  @bci org/gradle/api/internal/configuration/DefaultBuildFeatures <init> (Lorg/gradle/api/internal/StartParameterInternal;Lorg/gradle/internal/buildtree/BuildModelParameters;)V 10 <appendix> member <vmtarget> ; # org/gradle/api/internal/configuration/DefaultBuildFeatures$$Lambda+0x0000000091427a40
instanceKlass org/gradle/api/configuration/BuildFeature
instanceKlass org/gradle/api/internal/configuration/DefaultBuildFeatures
instanceKlass org/gradle/execution/BuildOperationFiringBuildWorkerExecutor
instanceKlass org/gradle/execution/SelectedTaskExecutionAction
# instanceKlass java/lang/invoke/LambdaForm$MH+0x0000000091423c00
# instanceKlass java/lang/invoke/LambdaForm$MH+0x0000000091423800
# instanceKlass java/lang/invoke/LambdaForm$MH+0x0000000091423400
# instanceKlass java/lang/invoke/LambdaForm$MH+0x0000000091423000
# instanceKlass java/lang/invoke/LambdaForm$MH+0x0000000091422c00
instanceKlass org/gradle/internal/build/DefaultBuildWorkPreparer
instanceKlass org/gradle/internal/build/BuildOperationFiringBuildWorkPreparer
instanceKlass org/gradle/execution/plan/ToPlannedNodeConverterRegistry$MissingToPlannedNodeConverter
instanceKlass  @bci org/apache/commons/lang3/stream/LangCollectors joining (Ljava/lang/CharSequence;Ljava/lang/CharSequence;Ljava/lang/CharSequence;Ljava/util/function/Function;)Ljava/util/stream/Collector; 23 <appendix> argL0 ; # org/apache/commons/lang3/stream/LangCollectors$$Lambda+0x00000000914263e0
instanceKlass  @bci org/apache/commons/lang3/stream/LangCollectors joining (Ljava/lang/CharSequence;Ljava/lang/CharSequence;Ljava/lang/CharSequence;Ljava/util/function/Function;)Ljava/util/stream/Collector; 18 <appendix> argL0 ; # org/apache/commons/lang3/stream/LangCollectors$$Lambda+0x0000000091426190
instanceKlass  @bci org/apache/commons/lang3/stream/LangCollectors joining (Ljava/lang/CharSequence;Ljava/lang/CharSequence;Ljava/lang/CharSequence;Ljava/util/function/Function;)Ljava/util/stream/Collector; 13 <appendix> member <vmtarget> ; # org/apache/commons/lang3/stream/LangCollectors$$Lambda+0x0000000091425f50
instanceKlass  @bci org/apache/commons/lang3/stream/LangCollectors joining (Ljava/lang/CharSequence;Ljava/lang/CharSequence;Ljava/lang/CharSequence;Ljava/util/function/Function;)Ljava/util/stream/Collector; 7 <appendix> member <vmtarget> ; # org/apache/commons/lang3/stream/LangCollectors$$Lambda+0x0000000091425d20
instanceKlass org/apache/commons/lang3/stream/LangCollectors$SimpleCollector
instanceKlass org/apache/commons/lang3/stream/LangCollectors
instanceKlass  @bci org/apache/commons/lang3/StringUtils join ([Ljava/lang/Object;Ljava/lang/String;II)Ljava/lang/String; 33 <appendix> argL0 ; # org/apache/commons/lang3/StringUtils$$Lambda+0x0000000091425678
instanceKlass java/util/stream/SliceOps
instanceKlass org/apache/commons/lang3/stream/Streams
instanceKlass org/gradle/execution/plan/ExecutionPlan
# instanceKlass java/lang/invoke/LambdaForm$MH+0x0000000091422800
# instanceKlass java/lang/invoke/LambdaForm$MH+0x0000000091422400
# instanceKlass java/lang/invoke/LambdaForm$MH+0x0000000091422000
# instanceKlass java/lang/invoke/LambdaForm$MH+0x0000000091421c00
# instanceKlass java/lang/invoke/LambdaForm$MH+0x0000000091421800
# instanceKlass java/lang/invoke/LambdaForm$MH+0x0000000091421400
# instanceKlass java/lang/invoke/LambdaForm$MH+0x0000000091421000
# instanceKlass java/lang/invoke/LambdaForm$MH+0x0000000091420c00
instanceKlass org/gradle/internal/graph/CachingDirectedGraphWalker$GraphWithEmptyEdges
instanceKlass org/gradle/api/internal/tasks/CachingTaskDependencyResolveContext$TaskGraphImpl
instanceKlass org/gradle/internal/graph/DirectedGraphWithEdgeValues
instanceKlass org/gradle/internal/graph/CachingDirectedGraphWalker
instanceKlass org/gradle/internal/graph/DirectedGraph
instanceKlass org/gradle/api/internal/tasks/AbstractTaskDependencyResolveContext
instanceKlass org/gradle/api/internal/tasks/TaskDependencyResolveContext
instanceKlass org/gradle/api/internal/artifacts/transform/ToPlannedTransformStepConverter
instanceKlass org/gradle/internal/taskgraph/CalculateTaskGraphBuildOperationType$TaskIdentity
instanceKlass org/gradle/internal/taskgraph/NodeIdentity
instanceKlass org/gradle/execution/plan/PlannedNodeInternal
instanceKlass org/gradle/internal/taskgraph/CalculateTaskGraphBuildOperationType$PlannedNode
instanceKlass org/gradle/execution/plan/ToPlannedTaskConverter
instanceKlass  @bci org/gradle/execution/plan/TaskNodeFactory <init> (Lorg/gradle/api/internal/GradleInternal;Lorg/gradle/composite/internal/BuildTreeWorkGraphController;Lorg/gradle/execution/plan/NodeValidator;Lorg/gradle/internal/operations/BuildOperationRunner;Lorg/gradle/execution/plan/ExecutionNodeAccessHierarchies;Lorg/gradle/api/problems/internal/InternalProblems;)V 49 <appendix> member <vmtarget> ; # org/gradle/execution/plan/TaskNodeFactory$$Lambda+0x000000009141b028
instanceKlass org/gradle/execution/plan/TaskNodeFactory$DefaultTypeOriginInspectorFactory
# instanceKlass java/lang/invoke/LambdaForm$MH+0x0000000091420800
# instanceKlass java/lang/invoke/LambdaForm$MH+0x0000000091420400
# instanceKlass java/lang/invoke/LambdaForm$MH+0x0000000091420000
# instanceKlass java/lang/invoke/LambdaForm$MH+0x0000000091419c00
# instanceKlass java/lang/invoke/LambdaForm$MH+0x0000000091419800
# instanceKlass java/lang/invoke/LambdaForm$MH+0x0000000091419400
instanceKlass org/gradle/execution/plan/SingleFileTreeElementMatcher
instanceKlass org/gradle/execution/plan/ValuedVfsHierarchy
instanceKlass org/gradle/execution/plan/ExecutionNodeAccessHierarchy$AbstractNodeAccessVisitor
instanceKlass org/gradle/execution/plan/ValuedVfsHierarchy$ValueVisitor
instanceKlass org/gradle/execution/plan/ExecutionNodeAccessHierarchy
instanceKlass org/gradle/internal/build/BuildModelLifecycleListener
instanceKlass org/gradle/BuildResult
instanceKlass org/gradle/execution/plan/BuildWorkPlan
instanceKlass org/gradle/internal/build/DefaultBuildLifecycleController
instanceKlass org/gradle/internal/model/StateTransitionController$CurrentState
instanceKlass org/gradle/internal/model/StateTransitionController
instanceKlass org/gradle/internal/model/StateTransitionController$State
instanceKlass org/gradle/initialization/VintageBuildModelController
instanceKlass org/gradle/initialization/DefaultTaskExecutionPreparer
instanceKlass org/gradle/execution/EntryTaskSelector$Context
instanceKlass org/gradle/execution/TaskNameResolvingBuildTaskScheduler
instanceKlass org/gradle/execution/DefaultTasksBuildTaskScheduler
# instanceKlass java/lang/invoke/LambdaForm$MH+0x0000000091419000
# instanceKlass java/lang/invoke/LambdaForm$MH+0x0000000091418c00
# instanceKlass java/lang/invoke/LambdaForm$MH+0x0000000091418800
# instanceKlass java/lang/invoke/LambdaForm$MH+0x0000000091418400
# instanceKlass java/lang/invoke/LambdaForm$MH+0x0000000091418000
# instanceKlass java/lang/invoke/LambdaForm$MH+0x0000000091415400
instanceKlass  @bci org/gradle/execution/selection/DefaultBuildTaskSelector relativeToBuild (Lorg/gradle/internal/build/BuildState;)Lorg/gradle/execution/selection/BuildTaskSelector$BuildSpecificSelector; 2 <appendix> member <vmtarget> ; # org/gradle/execution/selection/DefaultBuildTaskSelector$$Lambda+0x0000000091415a88
instanceKlass org/gradle/execution/commandline/CommandLineTaskConfigurer
instanceKlass org/gradle/api/internal/tasks/options/OptionValueNotationParserFactory
instanceKlass org/gradle/initialization/DefaultSettingsPreparer
instanceKlass org/gradle/initialization/BuildOperationFiringSettingsPreparer$1
instanceKlass org/gradle/initialization/LoadBuildBuildOperationType$Result
instanceKlass org/gradle/initialization/BuildOperationFiringSettingsPreparer
# instanceKlass java/lang/invoke/LambdaForm$MH+0x0000000091415000
# instanceKlass java/lang/invoke/LambdaForm$MH+0x0000000091414c00
# instanceKlass java/lang/invoke/LambdaForm$MH+0x0000000091414800
# instanceKlass java/lang/invoke/LambdaForm$MH+0x0000000091414400
# instanceKlass java/lang/invoke/LambdaForm$MH+0x0000000091414000
# instanceKlass java/lang/invoke/LambdaForm$MH+0x0000000091413c00
# instanceKlass java/lang/invoke/LambdaForm$MH+0x0000000091413800
# instanceKlass java/lang/invoke/LambdaForm$MH+0x0000000091413400
# instanceKlass java/lang/invoke/LambdaForm$MH+0x0000000091413000
# instanceKlass java/lang/invoke/LambdaForm$MH+0x0000000091412c00
# instanceKlass java/lang/invoke/LambdaForm$MH+0x0000000091412800
# instanceKlass java/lang/invoke/LambdaForm$MH+0x0000000091412400
instanceKlass  @bci org/gradle/api/internal/artifacts/DependencyManagementBuildTreeScopeServices createModuleRepositoryCacheProvider (Lorg/gradle/util/internal/BuildCommencedTimeProvider;Lorg/gradle/api/internal/artifacts/ImmutableModuleIdentifierFactory;Lorg/gradle/api/internal/artifacts/ivyservice/ArtifactCachesProvider;Lorg/gradle/api/internal/artifacts/ivyservice/resolveengine/result/AttributeContainerSerializer;Lorg/gradle/api/internal/artifacts/capability/CapabilitySelectorSerializer;Lorg/gradle/api/internal/artifacts/repositories/metadata/MavenMutableModuleMetadataFactory;Lorg/gradle/api/internal/artifacts/repositories/metadata/IvyMutableModuleMetadataFactory;Lorg/gradle/util/internal/SimpleMapInterner;Lorg/gradle/api/internal/artifacts/ivyservice/modulecache/FileStoreAndIndexProvider;Lorg/gradle/api/internal/artifacts/ivyservice/modulecache/ModuleSourcesSerializer;Lorg/gradle/internal/hash/ChecksumService;)Lorg/gradle/api/internal/artifacts/ivyservice/modulecache/ModuleRepositoryCacheProvider; 71 <appendix> form v ; # java/lang/invoke/LambdaForm$DMH+0x0000000091412000
instanceKlass org/gradle/configuration/DefaultInitScriptProcessor
# instanceKlass java/lang/invoke/LambdaForm$MH+0x0000000091411c00
# instanceKlass java/lang/invoke/LambdaForm$MH+0x0000000091411800
# instanceKlass java/lang/invoke/LambdaForm$MH+0x0000000091411400
# instanceKlass java/lang/invoke/LambdaForm$MH+0x0000000091411000
# instanceKlass java/lang/invoke/LambdaForm$MH+0x0000000091410c00
instanceKlass org/gradle/initialization/SettingsFactory
instanceKlass org/gradle/initialization/ScriptEvaluatingSettingsProcessor
instanceKlass org/gradle/initialization/SettingsEvaluatedCallbackFiringSettingsProcessor
instanceKlass org/gradle/initialization/RootBuildCacheControllerSettingsProcessor
instanceKlass org/gradle/initialization/BuildOperationSettingsProcessor$1
instanceKlass org/gradle/initialization/EvaluateSettingsBuildOperationType$Result
instanceKlass org/gradle/initialization/BuildOperationSettingsProcessor
# instanceKlass java/lang/invoke/LambdaForm$MH+0x0000000091410800
# instanceKlass java/lang/invoke/LambdaForm$MH+0x0000000091410400
# instanceKlass java/lang/invoke/LambdaForm$MH+0x0000000091410000
# instanceKlass java/lang/invoke/LambdaForm$MH+0x000000009140dc00
# instanceKlass java/lang/invoke/LambdaForm$MH+0x000000009140d800
# instanceKlass java/lang/invoke/LambdaForm$MH+0x000000009140d400
# instanceKlass java/lang/invoke/LambdaForm$MH+0x000000009140d000
# instanceKlass java/lang/invoke/LambdaForm$MH+0x000000009140cc00
# instanceKlass java/lang/invoke/LambdaForm$MH+0x000000009140c800
instanceKlass org/gradle/internal/resource/TextResource
instanceKlass org/gradle/internal/resource/DefaultTextFileResourceLoader
instanceKlass org/gradle/api/internal/properties/DefaultGradlePropertiesController$BuildPropertyScope
instanceKlass org/gradle/api/internal/properties/GradlePropertyScope$Build
instanceKlass org/gradle/api/internal/properties/GradlePropertyScope
instanceKlass  @bci org/gradle/api/internal/properties/DefaultGradlePropertiesController getOrCreateGradleProperties (Lorg/gradle/api/artifacts/component/BuildIdentifier;)Lorg/gradle/api/internal/properties/DefaultGradlePropertiesController$BuildScopedGradleProperties; 6 <appendix> member <vmtarget> ; # org/gradle/api/internal/properties/DefaultGradlePropertiesController$$Lambda+0x0000000091403ca0
instanceKlass org/gradle/api/internal/properties/DefaultGradlePropertiesController$ScopedGradleProperties
instanceKlass org/gradle/api/internal/artifacts/DefaultBuildIdentifier
instanceKlass org/gradle/api/internal/initialization/DefaultBuildLogicBuilder
# instanceKlass java/lang/invoke/LambdaForm$MH+0x000000009140c400
# instanceKlass java/lang/invoke/LambdaForm$MH+0x000000009140c000
# instanceKlass java/lang/invoke/LambdaForm$MH+0x000000009140bc00
instanceKlass org/gradle/configuration/DefaultScriptPluginFactory
instanceKlass org/gradle/configuration/ScriptPluginFactorySelector$1
instanceKlass org/gradle/configuration/ScriptPluginFactorySelector$ProviderInstantiator
instanceKlass org/gradle/configuration/ScriptPlugin
instanceKlass org/gradle/api/Plugin
instanceKlass org/gradle/configuration/ScriptPluginFactorySelector
# instanceKlass java/lang/invoke/LambdaForm$MH+0x000000009140b800
# instanceKlass java/lang/invoke/LambdaForm$MH+0x000000009140b400
# instanceKlass java/lang/invoke/LambdaForm$MH+0x000000009140b000
# instanceKlass java/lang/invoke/LambdaForm$MH+0x000000009140ac00
# instanceKlass java/lang/invoke/LambdaForm$MH+0x000000009140a800
# instanceKlass java/lang/invoke/LambdaForm$MH+0x000000009140a400
# instanceKlass java/lang/invoke/LambdaForm$MH+0x000000009140a000
# instanceKlass java/lang/invoke/LambdaForm$MH+0x0000000091409c00
# instanceKlass java/lang/invoke/LambdaForm$MH+0x0000000091409800
# instanceKlass java/lang/invoke/LambdaForm$MH+0x0000000091409400
# instanceKlass java/lang/invoke/LambdaForm$MH+0x0000000091409000
instanceKlass org/gradle/groovy/scripts/internal/StatementTransformer
instanceKlass org/gradle/groovy/scripts/Transformer
instanceKlass org/gradle/configuration/project/DefaultCompileOperationFactory
# instanceKlass java/lang/invoke/LambdaForm$MH+0x0000000091408c00
# instanceKlass java/lang/invoke/LambdaForm$MH+0x0000000091408800
# instanceKlass java/lang/invoke/LambdaForm$MH+0x0000000091408400
# instanceKlass java/lang/invoke/LambdaForm$MH+0x0000000091408000
# instanceKlass java/lang/invoke/LambdaForm$MH+0x0000000091407c00
# instanceKlass java/lang/invoke/LambdaForm$MH+0x0000000091407800
# instanceKlass java/lang/invoke/LambdaForm$MH+0x0000000091407400
# instanceKlass java/lang/invoke/LambdaForm$MH+0x0000000091407000
instanceKlass  @bci org/gradle/plugin/management/internal/DefaultPluginResolutionStrategy_Decorated $gradleInit ()V 1 <appendix> member <vmtarget> ; # org/gradle/plugin/management/internal/DefaultPluginResolutionStrategy_Decorated$$Lambda+0x00000000913bdc88
instanceKlass org/gradle/plugin/use/PluginId
instanceKlass  @bci org/gradle/cache/internal/DefaultCrossBuildInMemoryCacheFactory$DefaultClassMap getCacheScope (Ljava/lang/Class;)Ljava/util/Map; 17 <appendix> argL0 ; # org/gradle/cache/internal/DefaultCrossBuildInMemoryCacheFactory$DefaultClassMap$$Lambda+0x0000000091401738
instanceKlass org/gradle/plugin/management/internal/DefaultPluginResolutionStrategy
instanceKlass  @bci org/gradle/plugin/internal/PluginUseServices$BuildScopeServices createPluginDependencyResolutionServices (Lorg/gradle/api/internal/artifacts/DependencyManagementServices;)Lorg/gradle/plugin/use/internal/PluginDependencyResolutionServices; 5 <appendix> member <vmtarget> ; # org/gradle/plugin/internal/PluginUseServices$BuildScopeServices$$Lambda+0x00000000913bd180
instanceKlass org/gradle/plugin/use/resolve/internal/PluginArtifactRepositories
instanceKlass org/gradle/api/artifacts/dsl/RepositoryHandler
instanceKlass org/gradle/api/artifacts/ArtifactRepositoryContainer
instanceKlass org/gradle/api/NamedDomainObjectList
# instanceKlass java/lang/invoke/LambdaForm$MH+0x0000000091406c00
# instanceKlass java/lang/invoke/LambdaForm$MH+0x0000000091406800
# instanceKlass java/lang/invoke/LambdaForm$MH+0x0000000091406400
instanceKlass  @bci org/gradle/plugin/use/resolve/service/internal/ClientInjectedClasspathPluginResolver <clinit> ()V 0 <appendix> argL0 ; # org/gradle/plugin/use/resolve/service/internal/ClientInjectedClasspathPluginResolver$$Lambda+0x00000000913bcd50
instanceKlass  @cpi org/gradle/internal/watch/registry/impl/HierarchicalFileWatcherUpdater$FileSystemLocationToWatchValidator 34 form vmentry <vmtarget> ; # java/lang/invoke/LambdaForm$DMH+0x0000000091406000
# instanceKlass java/lang/invoke/LambdaForm$MH+0x0000000091405c00
# instanceKlass java/lang/invoke/LambdaForm$MH+0x0000000091405800
# instanceKlass java/lang/invoke/LambdaForm$MH+0x0000000091405400
# instanceKlass java/lang/invoke/LambdaForm$MH+0x0000000091405000
# instanceKlass java/lang/invoke/LambdaForm$MH+0x0000000091404c00
# instanceKlass java/lang/invoke/LambdaForm$MH+0x0000000091404800
# instanceKlass java/lang/invoke/LambdaForm$MH+0x0000000091404400
# instanceKlass java/lang/invoke/LambdaForm$MH+0x0000000091404000
instanceKlass org/gradle/api/internal/artifacts/DefaultDependencyManagementServices
instanceKlass  @bci org/gradle/internal/service/scopes/GradleUserHomeScopeServices createCorePluginRegistryProvider (Lorg/gradle/initialization/ClassLoaderScopeRegistry;Lorg/gradle/api/internal/plugins/PluginInspector;)Lorg/gradle/api/internal/plugins/CorePluginRegistryProvider; 16 <appendix> member <vmtarget> ; # org/gradle/internal/service/scopes/GradleUserHomeScopeServices$$Lambda+0x0000000091400ef0
instanceKlass org/gradle/api/internal/plugins/PluginImplementation
instanceKlass org/gradle/api/internal/plugins/PotentialPlugin
instanceKlass org/gradle/model/internal/inspect/ModelRuleSourceDetector$1
instanceKlass com/google/common/collect/MapMakerInternalMap$AbstractStrongKeyEntry
instanceKlass com/google/common/collect/MapMakerInternalMap$WeakValueEntry
instanceKlass com/google/common/collect/MapMakerInternalMap$StrongKeyWeakValueEntry$Helper
instanceKlass org/gradle/api/internal/initialization/ClassLoaderScopeIdentifier
instanceKlass org/gradle/api/internal/initialization/AbstractClassLoaderScope
instanceKlass org/gradle/api/internal/initialization/loadercache/ClassLoaderId
instanceKlass org/gradle/initialization/ClassLoaderScopeOrigin
instanceKlass org/gradle/initialization/ClassLoaderScopeId
instanceKlass org/gradle/initialization/DefaultClassLoaderScopeRegistry
# instanceKlass java/lang/invoke/LambdaForm$MH+0x00000000913fb000
# instanceKlass java/lang/invoke/LambdaForm$MH+0x00000000913fac00
# instanceKlass java/lang/invoke/LambdaForm$MH+0x00000000913fa800
instanceKlass org/gradle/api/internal/initialization/loadercache/DefaultClassLoaderCache$ClassLoaderSpec
instanceKlass org/gradle/api/internal/initialization/loadercache/DefaultClassLoaderCache
instanceKlass org/gradle/plugin/management/internal/autoapply/CompositeAutoAppliedPluginRegistry
instanceKlass org/gradle/plugin/management/internal/DefaultPluginHandler
instanceKlass org/gradle/groovy/scripts/internal/BuildScopeInMemoryCachingScriptClassCompiler
instanceKlass org/gradle/groovy/scripts/ScriptCompiler
instanceKlass org/gradle/groovy/scripts/DefaultScriptCompilerFactory
# instanceKlass java/lang/invoke/LambdaForm$MH+0x00000000913fa400
# instanceKlass java/lang/invoke/LambdaForm$MH+0x00000000913fa000
instanceKlass org/gradle/groovy/scripts/ScriptRunner
instanceKlass org/gradle/groovy/scripts/internal/DefaultScriptRunnerFactory
instanceKlass org/gradle/groovy/scripts/internal/BuildOperationBackedScriptCompilationHandler$1
instanceKlass org/gradle/internal/scripts/CompileScriptBuildOperationType$Result
instanceKlass org/gradle/groovy/scripts/internal/BuildOperationBackedScriptCompilationHandler
instanceKlass org/gradle/internal/classpath/transforms/ClassTransform
# instanceKlass java/lang/invoke/LambdaForm$MH+0x00000000913f9c00
# instanceKlass java/lang/invoke/LambdaForm$MH+0x00000000913f9800
# instanceKlass java/lang/invoke/LambdaForm$MH+0x00000000913f9400
# instanceKlass java/lang/invoke/LambdaForm$MH+0x00000000913f9000
# instanceKlass java/lang/invoke/LambdaForm$MH+0x00000000913f8c00
# instanceKlass java/lang/invoke/LambdaForm$MH+0x00000000913f8800
# instanceKlass java/lang/invoke/LambdaForm$MH+0x00000000913f8400
# instanceKlass java/lang/invoke/LambdaForm$MH+0x00000000913f8000
# instanceKlass java/lang/invoke/LambdaForm$MH+0x00000000913f1c00
# instanceKlass java/lang/invoke/LambdaForm$MH+0x00000000913f1800
# instanceKlass java/lang/invoke/LambdaForm$MH+0x00000000913f1400
# instanceKlass java/lang/invoke/LambdaForm$MH+0x00000000913f1000
# instanceKlass java/lang/invoke/LambdaForm$DMH+0x00000000913f0c00
# instanceKlass java/lang/invoke/LambdaForm$DMH+0x00000000913f0800
instanceKlass  @bci org/gradle/internal/classpath/types/GradleCoreInstrumentationTypeRegistry <init> (Lorg/gradle/internal/hash/StreamHasher;Lorg/gradle/api/internal/classpath/RuntimeApiInfo;)V 55 <appendix> member <vmtarget> ; # org/gradle/internal/classpath/types/GradleCoreInstrumentationTypeRegistry$$Lambda+0x00000000913f39e0
instanceKlass  @bci org/gradle/internal/classpath/types/GradleCoreInstrumentationTypeRegistry <init> (Lorg/gradle/internal/hash/StreamHasher;Lorg/gradle/api/internal/classpath/RuntimeApiInfo;)V 37 <appendix> member <vmtarget> ; # org/gradle/internal/classpath/types/GradleCoreInstrumentationTypeRegistry$$Lambda+0x00000000913f37b0
instanceKlass  @bci org/gradle/internal/classpath/types/GradleCoreInstrumentationTypeRegistry <init> (Lorg/gradle/internal/hash/StreamHasher;Lorg/gradle/api/internal/classpath/RuntimeApiInfo;)V 19 <appendix> member <vmtarget> ; # org/gradle/internal/classpath/types/GradleCoreInstrumentationTypeRegistry$$Lambda+0x00000000913f3580
instanceKlass org/gradle/cache/internal/FineGrainedMarkAndSweepLeastRecentlyUsedCacheCleanup$MarkAndSweepCacheEntrySoftDeleter
instanceKlass org/gradle/cache/internal/DefaultCacheFactory$ReferenceTrackingFineGrainedCache
instanceKlass org/gradle/cache/internal/DefaultFineGrainedPersistentCache
instanceKlass  @bci org/gradle/cache/internal/DefaultCacheFactory openFineGrained (Ljava/io/File;Ljava/lang/String;Lorg/gradle/cache/FineGrainedCacheCleanupStrategy;)Lorg/gradle/cache/FineGrainedPersistentCache; 26 <appendix> member <vmtarget> ; # org/gradle/cache/internal/DefaultCacheFactory$$Lambda+0x00000000913f2460
instanceKlass org/gradle/cache/internal/DefaultFineGrainedCacheCleanupStrategyFactory$1
instanceKlass org/gradle/cache/FineGrainedMarkAndSweepCacheCleanupStrategy$FineGrainedCacheEntrySoftDeleter
instanceKlass org/gradle/cache/internal/FineGrainedMarkAndSweepLeastRecentlyUsedCacheCleanup
instanceKlass  @bci org/gradle/internal/execution/workspace/impl/CacheBasedImmutableWorkspaceProvider createWorkspaceProvider (Lorg/gradle/cache/FineGrainedCacheBuilder;Lorg/gradle/internal/file/FileAccessTimeJournal;Lorg/gradle/api/internal/cache/CacheConfigurationsInternal;Lorg/gradle/cache/FineGrainedCacheCleanupStrategyFactory;)Lorg/gradle/internal/execution/workspace/impl/CacheBasedImmutableWorkspaceProvider; 23 <appendix> member <vmtarget> ; # org/gradle/internal/execution/workspace/impl/CacheBasedImmutableWorkspaceProvider$$Lambda+0x00000000913f7a60
instanceKlass org/gradle/internal/execution/workspace/ImmutableWorkspaceProvider$ImmutableWorkspace
instanceKlass org/gradle/internal/execution/workspace/impl/CacheBasedImmutableWorkspaceProvider
instanceKlass org/gradle/cache/internal/DefaultFineGrainedCacheBuilder
# instanceKlass java/lang/invoke/LambdaForm$MH+0x00000000913f0400
instanceKlass org/gradle/cache/FineGrainedMarkAndSweepCacheCleanupStrategy
instanceKlass org/gradle/cache/FineGrainedCacheCleanupStrategy
instanceKlass org/gradle/cache/internal/DefaultFineGrainedCacheCleanupStrategyFactory
instanceKlass org/gradle/internal/execution/impl/DefaultInputFingerprinter
instanceKlass  @bci org/gradle/internal/execution/impl/DefaultFileCollectionFingerprinterRegistry entriesFrom (Ljava/util/Collection;)Ljava/util/List; 6 <appendix> argL0 ; # org/gradle/internal/execution/impl/DefaultFileCollectionFingerprinterRegistry$$Lambda+0x00000000913f68c8
instanceKlass org/gradle/internal/execution/impl/DefaultFileCollectionFingerprinterRegistry
instanceKlass org/gradle/api/internal/changedetection/state/CachingFileSystemLocationSnapshotHasher
instanceKlass org/gradle/api/internal/changedetection/state/LineEndingNormalizingInputStreamHasher
instanceKlass org/gradle/internal/execution/impl/DefaultFileNormalizationSpec
instanceKlass org/gradle/internal/execution/FileNormalizationSpec
instanceKlass  @bci org/gradle/internal/fingerprint/impl/FileCollectionFingerprinterRegistrations registrationsFor (Lorg/gradle/internal/fingerprint/LineEndingSensitivity;Lorg/gradle/internal/fingerprint/DirectorySensitivity;Ljava/util/stream/Stream;)Ljava/util/stream/Stream; 13 <appendix> member <vmtarget> ; # org/gradle/internal/fingerprint/impl/FileCollectionFingerprinterRegistrations$$Lambda+0x00000000913f54f8
instanceKlass org/gradle/internal/execution/impl/FingerprinterRegistration
instanceKlass  @bci org/gradle/internal/fingerprint/impl/FileCollectionFingerprinterRegistrations registrationsFor (Lorg/gradle/internal/fingerprint/LineEndingSensitivity;Lorg/gradle/internal/fingerprint/DirectorySensitivity;Ljava/util/stream/Stream;)Ljava/util/stream/Stream; 1 <appendix> argL0 ; # org/gradle/internal/fingerprint/impl/FileCollectionFingerprinterRegistrations$$Lambda+0x00000000913f5088
instanceKlass org/gradle/internal/fingerprint/FileSystemLocationFingerprint
instanceKlass  @bci org/gradle/internal/fingerprint/impl/AbstractDirectorySensitiveFingerprintingStrategy <init> (Ljava/lang/String;Lorg/gradle/internal/fingerprint/DirectorySensitivity;Lorg/gradle/internal/fingerprint/hashing/ConfigurableNormalizer;)V 4 <appendix> member <vmtarget> ; # org/gradle/internal/fingerprint/impl/AbstractDirectorySensitiveFingerprintingStrategy$$Lambda+0x00000000913f4288
instanceKlass  @bci org/gradle/internal/fingerprint/DirectorySensitivity <clinit> ()V 25 <appendix> argL0 ; # org/gradle/internal/fingerprint/DirectorySensitivity$$Lambda+0x00000000913ef698
instanceKlass  @bci org/gradle/internal/fingerprint/DirectorySensitivity <clinit> ()V 7 <appendix> argL0 ; # org/gradle/internal/fingerprint/DirectorySensitivity$$Lambda+0x00000000913ef440
instanceKlass  @cpi org/gradle/api/internal/collections/ListElementSource 186 form vmentry <vmtarget> ; # java/lang/invoke/LambdaForm$DMH+0x00000000913f0000
instanceKlass  @bci org/gradle/internal/fingerprint/impl/FileCollectionFingerprinterRegistrations lambda$new$1 (Lorg/gradle/api/internal/changedetection/state/ResourceSnapshotterCacheService;Lorg/gradle/api/internal/changedetection/state/ResourceFilter;Lorg/gradle/api/internal/changedetection/state/ResourceEntryFilter;Ljava/util/Map;Lorg/gradle/api/internal/cache/StringInterner;Ljava/util/List;Lorg/gradle/internal/fingerprint/LineEndingSensitivity;)Ljava/util/stream/Stream; 33 <appendix> member <vmtarget> ; # org/gradle/internal/fingerprint/impl/FileCollectionFingerprinterRegistrations$$Lambda+0x00000000913ef1f0
instanceKlass org/gradle/internal/fingerprint/impl/FileCollectionFingerprinterRegistrations$1
instanceKlass org/gradle/api/internal/changedetection/state/LineEndingNormalizingFileSystemLocationSnapshotHasher$1
instanceKlass org/gradle/api/internal/changedetection/state/LineEndingNormalizingFileSystemLocationSnapshotHasher
instanceKlass org/gradle/internal/fingerprint/hashing/FileSystemLocationSnapshotHasher$1
instanceKlass  @bci org/gradle/internal/fingerprint/impl/FileCollectionFingerprinterRegistrations <init> (Lorg/gradle/api/internal/cache/StringInterner;Lorg/gradle/api/internal/changedetection/state/ResourceSnapshotterCacheService;Lorg/gradle/api/internal/changedetection/state/ResourceFilter;Lorg/gradle/api/internal/changedetection/state/ResourceEntryFilter;Ljava/util/Map;)V 21 <appendix> member <vmtarget> ; # org/gradle/internal/fingerprint/impl/FileCollectionFingerprinterRegistrations$$Lambda+0x00000000913edfb0
instanceKlass  @bci org/gradle/internal/tools/api/ApiClassExtractor$Builder <init> (Lorg/gradle/internal/tools/api/ApiMemberWriterFactory;)V 5 <appendix> argL0 ; # org/gradle/internal/tools/api/ApiClassExtractor$Builder$$Lambda+0x00000000913ed438
instanceKlass  @bci org/gradle/internal/tools/api/ApiClassExtractor withWriter (Lorg/gradle/internal/tools/api/ApiMemberWriterAdapter;)Lorg/gradle/internal/tools/api/ApiClassExtractor$Builder; 5 <appendix> member <vmtarget> ; # org/gradle/internal/tools/api/ApiClassExtractor$$Lambda+0x00000000913ed208
instanceKlass org/gradle/internal/tools/api/ApiMemberWriterFactory
instanceKlass org/gradle/internal/tools/api/ApiClassExtractor$Builder
instanceKlass org/gradle/internal/tools/api/ApiClassExtractor
instanceKlass  @bci org/gradle/internal/tools/api/impl/JavaApiMemberWriter adapter ()Lorg/gradle/internal/tools/api/ApiMemberWriterAdapter; 0 <appendix> argL0 ; # org/gradle/internal/tools/api/impl/JavaApiMemberWriter$$Lambda+0x00000000913ec1d8
instanceKlass org/gradle/internal/tools/api/ApiMemberWriterAdapter
instanceKlass org/gradle/internal/tools/api/impl/JavaApiMemberWriter
instanceKlass org/gradle/internal/tools/api/ApiMemberWriter
instanceKlass org/gradle/api/internal/changedetection/state/AbiExtractingClasspathResourceHasher
instanceKlass org/gradle/internal/fingerprint/classpath/CompileClasspathFingerprinter
instanceKlass org/gradle/internal/fingerprint/hashing/FileSystemLocationSnapshotHasher
instanceKlass org/gradle/api/internal/changedetection/state/SplitResourceSnapshotterCacheService
instanceKlass org/gradle/internal/execution/steps/ChoosePipelineStep
instanceKlass org/gradle/internal/execution/steps/IdentityCacheStep
instanceKlass org/gradle/internal/execution/ExecutionEngine$Request
instanceKlass org/gradle/internal/execution/impl/DefaultExecutionEngine
instanceKlass org/gradle/internal/execution/steps/OverlappingOutputsFilter
instanceKlass org/gradle/internal/execution/steps/CachingContext
instanceKlass org/gradle/internal/execution/history/AfterExecutionState
instanceKlass org/gradle/internal/execution/steps/SkipUpToDateStep
instanceKlass org/gradle/internal/execution/steps/ValidationFinishedContext
instanceKlass org/gradle/internal/execution/steps/BeforeExecutionContext
instanceKlass org/gradle/internal/execution/history/changes/IncrementalInputProperties
instanceKlass org/gradle/internal/execution/InputVisitor
instanceKlass org/gradle/internal/execution/UnitOfWork
instanceKlass org/gradle/internal/execution/steps/MutableStep
instanceKlass org/gradle/internal/execution/ExecutionContext
instanceKlass org/gradle/internal/execution/Execution
instanceKlass org/gradle/internal/execution/steps/ExecuteStep
instanceKlass org/gradle/internal/execution/steps/CancelExecutionStep
instanceKlass org/gradle/internal/execution/steps/TimeoutStep
instanceKlass org/gradle/internal/execution/steps/PreCreateOutputParentsStep
instanceKlass org/gradle/internal/execution/steps/BroadcastChangingOutputsStep
instanceKlass  @bci org/gradle/internal/execution/steps/AfterExecutionOutputFilter <clinit> ()V 0 <appendix> argL0 ; # org/gradle/internal/execution/steps/AfterExecutionOutputFilter$$Lambda+0x00000000913e3c18
instanceKlass  @cpi org/gradle/internal/execution/steps/AfterExecutionOutputFilter 40 form vmentry <vmtarget> ; # java/lang/invoke/LambdaForm$DMH+0x00000000913e4000
instanceKlass org/gradle/internal/execution/steps/ExecutionRequestContext
instanceKlass org/gradle/internal/execution/steps/IdentifyingContext
instanceKlass org/gradle/internal/execution/steps/ValidatingContext
instanceKlass org/gradle/internal/execution/steps/BuildOperationStep
instanceKlass org/gradle/caching/internal/CacheableEntity
instanceKlass org/gradle/internal/execution/steps/BuildCacheStep
instanceKlass org/gradle/internal/execution/steps/NeverUpToDateStep
instanceKlass org/gradle/internal/execution/steps/legacy/MarkSnapshottingInputsFinishedStep
instanceKlass org/gradle/internal/Either
instanceKlass org/gradle/internal/execution/caching/CachingState$Disabled
instanceKlass org/gradle/internal/execution/caching/CachingState
instanceKlass org/gradle/internal/execution/caching/CachingDisabledReason
instanceKlass org/gradle/internal/execution/caching/CachingStateFactory
instanceKlass org/gradle/internal/execution/steps/AbstractResolveCachingStateStep
instanceKlass org/gradle/internal/execution/ImplementationVisitor
instanceKlass org/gradle/internal/execution/steps/ValidateStep
instanceKlass org/gradle/internal/execution/history/BeforeExecutionState
instanceKlass org/gradle/internal/execution/history/ExecutionInputState
instanceKlass org/gradle/internal/execution/steps/CaptureImmutableStateBeforeExecutionStep
instanceKlass org/gradle/internal/execution/steps/legacy/MarkSnapshottingInputsStartedStep
instanceKlass org/gradle/internal/snapshot/FileSystemSnapshotHierarchyVisitor
instanceKlass org/gradle/internal/execution/history/ExecutionOutputState
instanceKlass org/gradle/internal/execution/steps/Context
instanceKlass org/gradle/internal/execution/ExecutionEngine$Result
instanceKlass org/gradle/internal/execution/steps/Result
instanceKlass org/gradle/internal/execution/steps/AssignImmutableWorkspaceStep
instanceKlass  @bci org/gradle/internal/service/scopes/ExecutionBuildServices createExecutionEngine (Lorg/gradle/caching/internal/controller/BuildCacheController;Lorg/gradle/initialization/BuildCancellationToken;Lorg/gradle/internal/scopeids/id/BuildInvocationScopeId;Lorg/gradle/internal/operations/BuildOperationRunner;Lorg/gradle/internal/operations/BuildOperationProgressEventEmitter;Lorg/gradle/internal/execution/BuildOutputCleanupRegistry;Lorg/gradle/internal/hash/ClassLoaderHierarchyHasher;Lorg/gradle/internal/operations/CurrentBuildOperationRef;Lorg/gradle/internal/file/Deleter;Lorg/gradle/internal/execution/ExecutionProblemHandler;Lorg/gradle/internal/execution/history/changes/ExecutionStateChangeDetector;Lorg/gradle/internal/vfs/FileSystemAccess;Lorg/gradle/internal/execution/history/ImmutableWorkspaceMetadataStore;Lorg/gradle/internal/execution/OutputChangeListener;Lorg/gradle/internal/execution/WorkInputListeners;Lorg/gradle/internal/execution/history/OutputFilesRepository;Lorg/gradle/internal/execution/OutputSna ; # org/gradle/internal/service/scopes/ExecutionBuildServices$$Lambda+0x00000000913d6330
# instanceKlass java/lang/invoke/LambdaForm$MH+0x00000000913df400
# instanceKlass java/lang/invoke/LambdaForm$MH+0x00000000913df000
# instanceKlass java/lang/invoke/LambdaForm$MH+0x00000000913dec00
# instanceKlass java/lang/invoke/LambdaForm$MH+0x00000000913de800
# instanceKlass java/lang/invoke/LambdaForm$MH+0x00000000913de400
# instanceKlass java/lang/invoke/LambdaForm$MH+0x00000000913de000
# instanceKlass java/lang/invoke/LambdaForm$MH+0x00000000913ddc00
# instanceKlass java/lang/invoke/LambdaForm$MH+0x00000000913dd800
# instanceKlass java/lang/invoke/LambdaForm$MH+0x00000000913dd400
# instanceKlass java/lang/invoke/LambdaForm$MH+0x00000000913dd000
# instanceKlass java/lang/invoke/LambdaForm$MH+0x00000000913dcc00
# instanceKlass java/lang/invoke/LambdaForm$MH+0x00000000913dc800
# instanceKlass java/lang/invoke/LambdaForm$MH+0x00000000913dc400
# instanceKlass java/lang/invoke/LambdaForm$MH+0x00000000913dc000
# instanceKlass java/lang/invoke/LambdaForm$MH+0x00000000913dbc00
# instanceKlass java/lang/invoke/LambdaForm$MH+0x00000000913db800
# instanceKlass java/lang/invoke/LambdaForm$MH+0x00000000913db400
# instanceKlass java/lang/invoke/LambdaForm$MH+0x00000000913db000
# instanceKlass java/lang/invoke/LambdaForm$MH+0x00000000913dac00
# instanceKlass java/lang/invoke/LambdaForm$MH+0x00000000913da800
# instanceKlass java/lang/invoke/LambdaForm$MH+0x00000000913da400
# instanceKlass java/lang/invoke/LambdaForm$MH+0x00000000913da000
# instanceKlass java/lang/invoke/LambdaForm$MH+0x00000000913d9c00
# instanceKlass java/lang/invoke/LambdaForm$MH+0x00000000913d9800
# instanceKlass java/lang/invoke/LambdaForm$DMH+0x00000000913d9400
# instanceKlass java/lang/invoke/LambdaForm$MH+0x00000000913d9000
# instanceKlass java/lang/invoke/LambdaForm$BMH+0x00000000913d8c00
# instanceKlass java/lang/invoke/LambdaForm$DMH+0x00000000913d8800
instanceKlass org/gradle/internal/execution/timeout/Timeout
instanceKlass org/gradle/internal/execution/timeout/impl/DefaultTimeoutHandler
instanceKlass org/gradle/internal/execution/history/impl/DefaultOverlappingOutputDetector
instanceKlass org/gradle/internal/execution/OutputVisitor
instanceKlass org/gradle/internal/execution/impl/DefaultOutputSnapshotter
instanceKlass org/gradle/internal/snapshot/FileSystemLocationSnapshot$FileSystemLocationSnapshotVisitor
instanceKlass org/gradle/internal/execution/history/impl/DefaultOutputFilesRepository
instanceKlass org/gradle/cache/internal/DefaultPersistentDirectoryCache$Initializer
instanceKlass  @bci org/gradle/cache/internal/DefaultCacheFactory openPersistentCache (Ljava/io/File;Ljava/lang/String;Ljava/util/Map;Lorg/gradle/cache/LockOptions;Ljava/util/function/Consumer;Lorg/gradle/cache/CacheCleanupStrategy;)Lorg/gradle/cache/PersistentCache; 24 <appendix> argL0 ; # org/gradle/cache/internal/DefaultCacheFactory$$Lambda+0x00000000913d4970
# instanceKlass java/lang/invoke/LambdaForm$MH+0x00000000913d8400
# instanceKlass java/lang/invoke/LambdaForm$MH+0x00000000913d8000
# instanceKlass java/lang/invoke/LambdaForm$MH+0x00000000913d3c00
instanceKlass org/gradle/internal/execution/history/impl/DefaultImmutableWorkspaceMetadataStore
instanceKlass  @bci org/gradle/internal/service/scopes/VirtualFileSystemServices$BuildSessionServices createFileSystemAccess (Lorg/gradle/internal/hash/FileHasher;Lorg/gradle/internal/event/ListenerManager;Lorg/gradle/internal/file/FileMetadataAccessor;Lorg/gradle/api/internal/cache/StringInterner;Lorg/gradle/internal/vfs/VirtualFileSystem;Lorg/gradle/internal/vfs/FileSystemAccess$WriteListener;Lorg/gradle/internal/snapshot/impl/DirectorySnapshotterStatistics$Collector;)Lorg/gradle/internal/vfs/FileSystemAccess; 38 <appendix> member <vmtarget> ; # org/gradle/internal/service/scopes/VirtualFileSystemServices$BuildSessionServices$$Lambda+0x00000000913cfc80
# instanceKlass java/lang/invoke/LambdaForm$MH+0x00000000913d3800
# instanceKlass java/lang/invoke/LambdaForm$MH+0x00000000913d3400
# instanceKlass java/lang/invoke/LambdaForm$MH+0x00000000913d3000
# instanceKlass java/lang/invoke/LambdaForm$MH+0x00000000913d2c00
# instanceKlass java/lang/invoke/LambdaForm$MH+0x00000000913d2800
# instanceKlass java/lang/invoke/LambdaForm$MH+0x00000000913d2400
# instanceKlass java/lang/invoke/LambdaForm$MH+0x00000000913d2000
# instanceKlass java/lang/invoke/LambdaForm$MH+0x00000000913d1c00
# instanceKlass java/lang/invoke/LambdaForm$MH+0x00000000913d1800
instanceKlass org/gradle/api/internal/changedetection/state/SplitFileHasher
# instanceKlass java/lang/invoke/LambdaForm$MH+0x00000000913d1400
# instanceKlass java/lang/invoke/LambdaForm$MH+0x00000000913d1000
# instanceKlass java/lang/invoke/LambdaForm$MH+0x00000000913d0c00
# instanceKlass java/lang/invoke/LambdaForm$MH+0x00000000913d0800
# instanceKlass java/lang/invoke/LambdaForm$MH+0x00000000913d0400
# instanceKlass java/lang/invoke/LambdaForm$MH+0x00000000913d0000
# instanceKlass java/lang/invoke/LambdaForm$MH+0x00000000913cdc00
# instanceKlass java/lang/invoke/LambdaForm$MH+0x00000000913cd800
# instanceKlass java/lang/invoke/LambdaForm$MH+0x00000000913cd400
instanceKlass org/gradle/internal/execution/history/changes/ChangeVisitor
instanceKlass org/gradle/internal/execution/history/changes/InputFileChanges
instanceKlass org/gradle/internal/execution/history/changes/ChangeContainer
instanceKlass org/gradle/internal/execution/history/changes/DefaultExecutionStateChangeDetector
instanceKlass org/gradle/internal/execution/impl/DefaultExecutionProblemHandler
instanceKlass org/gradle/api/internal/file/AbstractFileResolver$2
instanceKlass org/apache/commons/io/FilenameUtils
instanceKlass org/gradle/internal/typeconversion/NotationConverterToNotationParserAdapter$ResultImpl
instanceKlass org/gradle/util/internal/DeferredUtil
# instanceKlass java/lang/invoke/LambdaForm$MH+0x00000000913cd000
# instanceKlass java/lang/invoke/LambdaForm$MH+0x00000000913ccc00
# instanceKlass java/lang/invoke/LambdaForm$MH+0x00000000913cc800
# instanceKlass java/lang/invoke/LambdaForm$MH+0x00000000913cc400
# instanceKlass java/lang/invoke/LambdaForm$MH+0x00000000913cc000
# instanceKlass java/lang/invoke/LambdaForm$MH+0x00000000913cbc00
instanceKlass org/gradle/caching/BuildCacheServiceFactory$Describer
instanceKlass org/gradle/caching/internal/services/AbstractBuildCacheControllerFactory
# instanceKlass java/lang/invoke/LambdaForm$MH+0x00000000913cb800
# instanceKlass java/lang/invoke/LambdaForm$MH+0x00000000913cb400
# instanceKlass java/lang/invoke/LambdaForm$MH+0x00000000913cb000
# instanceKlass java/lang/invoke/LambdaForm$MH+0x00000000913cac00
# instanceKlass java/lang/invoke/LambdaForm$MH+0x00000000913ca800
# instanceKlass java/lang/invoke/LambdaForm$MH+0x00000000913ca400
# instanceKlass java/lang/invoke/LambdaForm$MH+0x00000000913ca000
# instanceKlass java/lang/invoke/LambdaForm$MH+0x00000000913c9c00
instanceKlass  @bci org/gradle/caching/internal/BuildCacheServices$2 createOriginMetadataFactory (Lorg/gradle/internal/scopeids/id/BuildInvocationScopeId;)Lorg/gradle/caching/internal/origin/OriginMetadataFactory; 11 <appendix> argL0 ; # org/gradle/caching/internal/BuildCacheServices$2$$Lambda+0x00000000913c6b70
instanceKlass org/gradle/caching/internal/origin/OriginMetadataFactory$PropertiesConfigurator
instanceKlass org/gradle/caching/internal/BuildCacheServices$FilePermissionsAccessAdapter
instanceKlass  @bci java/util/regex/Pattern negate (Ljava/util/regex/Pattern$CharPredicate;)Ljava/util/regex/Pattern$CharPredicate; 1 <appendix> member <vmtarget> ; # java/util/regex/Pattern$$Lambda+0x800000035
instanceKlass org/gradle/caching/internal/packaging/impl/TarBuildCacheEntryPacker
instanceKlass org/gradle/caching/internal/packaging/impl/GZipBuildCacheEntryPacker
# instanceKlass java/lang/invoke/LambdaForm$MH+0x00000000913c9800
# instanceKlass java/lang/invoke/LambdaForm$MH+0x00000000913c9400
# instanceKlass java/lang/invoke/LambdaForm$MH+0x00000000913c9000
# instanceKlass java/lang/invoke/LambdaForm$MH+0x00000000913c8c00
# instanceKlass java/lang/invoke/LambdaForm$MH+0x00000000913c8800
# instanceKlass java/lang/invoke/LambdaForm$MH+0x00000000913c8400
# instanceKlass java/lang/invoke/LambdaForm$MH+0x00000000913c8000
instanceKlass org/gradle/internal/file/ThreadLocalBufferProvider
instanceKlass org/gradle/caching/internal/packaging/impl/DefaultTarPackerFileSystemSupport
instanceKlass org/gradle/caching/internal/controller/NoOpBuildCacheController
instanceKlass org/gradle/caching/internal/controller/impl/LifecycleAwareBuildCacheControllerFactory$DelegatingBuildCacheController
instanceKlass  @bci org/gradle/groovy/scripts/internal/DefaultScriptCompilationHandler_Decorated $gradleInit ()V 1 <appendix> member <vmtarget> ; # org/gradle/groovy/scripts/internal/DefaultScriptCompilationHandler_Decorated$$Lambda+0x00000000913c4308
instanceKlass org/gradle/groovy/scripts/internal/DefaultScriptCompilationHandler$NoOpGroovyResourceLoader
instanceKlass org/codehaus/groovy/control/CompilerConfiguration
instanceKlass org/gradle/groovy/scripts/internal/CompileOperation
instanceKlass org/gradle/groovy/scripts/ScriptSource
instanceKlass groovy/lang/GroovyResourceLoader
instanceKlass org/gradle/groovy/scripts/internal/CompiledScript
instanceKlass com/google/common/base/NullnessCasts
instanceKlass com/google/common/base/AbstractIterator
instanceKlass  @bci com/google/common/base/Splitter on (Lcom/google/common/base/CharMatcher;)Lcom/google/common/base/Splitter; 10 <appendix> member <vmtarget> ; # com/google/common/base/Splitter$$Lambda+0x00000000913c08c0
instanceKlass com/google/common/base/Splitter$Strategy
instanceKlass com/google/common/base/CharMatcher
instanceKlass com/google/common/base/CommonPattern
instanceKlass com/google/common/base/Splitter
instanceKlass org/gradle/configuration/DefaultImportsReader$2
instanceKlass com/google/common/io/Java8Compatibility
instanceKlass com/google/common/io/LineBuffer
instanceKlass com/google/common/io/LineReader
instanceKlass com/google/common/io/CharStreams
instanceKlass org/gradle/configuration/DefaultImportsReader$1
instanceKlass com/google/common/io/Resources
instanceKlass org/gradle/configuration/DefaultImportsReader
instanceKlass org/gradle/plugin/use/resolve/internal/PluginResolution
instanceKlass org/gradle/composite/internal/plugins/CompositeBuildPluginResolverContributor$PluginResult
instanceKlass org/gradle/composite/internal/plugins/CompositeBuildPluginResolverContributor$CompositeBuildPluginResolver
# instanceKlass java/lang/invoke/LambdaForm$MH+0x00000000913b9400
# instanceKlass java/lang/invoke/LambdaForm$MH+0x00000000913b9000
# instanceKlass java/lang/invoke/LambdaForm$MH+0x00000000913b8c00
# instanceKlass java/lang/invoke/LambdaForm$MH+0x00000000913b8800
# instanceKlass java/lang/invoke/LambdaForm$MH+0x00000000913b8400
# instanceKlass java/lang/invoke/LambdaForm$MH+0x00000000913b8000
# instanceKlass java/lang/invoke/LambdaForm$MH+0x00000000913b3c00
# instanceKlass java/lang/invoke/LambdaForm$MH+0x00000000913b3800
# instanceKlass java/lang/invoke/LambdaForm$MH+0x00000000913b3400
instanceKlass org/gradle/internal/service/scopes/BrokenBuildsCapturingListener
instanceKlass org/gradle/plugin/management/internal/autoapply/InjectedAutoAppliedPluginRegistry
instanceKlass org/gradle/configuration/DefaultProjectsPreparer
instanceKlass org/gradle/configuration/BuildTreePreparingProjectsPreparer
instanceKlass org/gradle/configuration/BuildOperationFiringProjectsPreparer$1
instanceKlass org/gradle/initialization/ConfigureBuildBuildOperationType$Result
instanceKlass org/gradle/configuration/BuildOperationFiringProjectsPreparer
# instanceKlass java/lang/invoke/LambdaForm$MH+0x00000000913b3000
# instanceKlass java/lang/invoke/LambdaForm$MH+0x00000000913b2c00
# instanceKlass java/lang/invoke/LambdaForm$MH+0x00000000913b2800
# instanceKlass java/lang/invoke/LambdaForm$MH+0x00000000913b2400
# instanceKlass java/lang/invoke/LambdaForm$MH+0x00000000913b2000
# instanceKlass java/lang/invoke/LambdaForm$MH+0x00000000913b1c00
# instanceKlass java/lang/invoke/LambdaForm$MH+0x00000000913b1800
# instanceKlass java/lang/invoke/LambdaForm$MH+0x00000000913b1400
instanceKlass org/gradle/initialization/InstantiatingBuildLoader
instanceKlass org/gradle/initialization/ProjectPropertySettingBuildLoader
instanceKlass org/gradle/initialization/NotifyingBuildLoader$1
instanceKlass org/gradle/initialization/NotifyProjectsLoadedBuildOperationType$Result
instanceKlass org/gradle/initialization/NotifyingBuildLoader
# instanceKlass java/lang/invoke/LambdaForm$MH+0x00000000913b1000
# instanceKlass java/lang/invoke/LambdaForm$MH+0x00000000913b0c00
# instanceKlass java/lang/invoke/LambdaForm$MH+0x00000000913b0800
instanceKlass org/gradle/initialization/properties/DefaultGradlePropertiesLoader
instanceKlass org/gradle/api/internal/properties/DefaultGradlePropertiesController
instanceKlass org/gradle/initialization/properties/DefaultSystemPropertiesInstaller
instanceKlass org/gradle/api/internal/artifacts/ivyservice/dependencysubstitution/DependencySubstitutionsInternal
instanceKlass org/gradle/api/artifacts/DependencySubstitutions
instanceKlass org/gradle/composite/internal/IncludedBuildDependencySubstitutionsBuilder
instanceKlass org/gradle/api/internal/artifacts/dsl/CapabilityNotationParserFactory$1
instanceKlass org/gradle/api/internal/artifacts/dsl/CapabilityNotationParserFactory
# instanceKlass java/lang/invoke/LambdaForm$MH+0x00000000913b0400
# instanceKlass java/lang/invoke/LambdaForm$MH+0x00000000913b0000
# instanceKlass java/lang/invoke/LambdaForm$MH+0x00000000913adc00
# instanceKlass java/lang/invoke/LambdaForm$MH+0x00000000913ad800
# instanceKlass java/lang/invoke/LambdaForm$MH+0x00000000913ad400
# instanceKlass java/lang/invoke/LambdaForm$MH+0x00000000913ad000
instanceKlass org/gradle/api/internal/artifacts/DependencyManagementBuildSessionScopeServices$1
instanceKlass org/gradle/internal/typeconversion/NotationParserBuilder$LazyDisplayName
instanceKlass org/gradle/internal/typeconversion/JustReturningParser
instanceKlass org/gradle/internal/model/InMemoryCacheFactory$DefaultLoadingCache
instanceKlass  @bci org/gradle/internal/typeconversion/CachingNotationConverter <init> (Lorg/gradle/internal/typeconversion/NotationConverter;Lorg/gradle/internal/model/InMemoryCacheFactory;)V 27 <appendix> member <vmtarget> ; # org/gradle/internal/typeconversion/CachingNotationConverter$$Lambda+0x00000000913ae8e0
instanceKlass org/gradle/internal/typeconversion/TypedNotationConverter
instanceKlass org/gradle/internal/typeconversion/CachingNotationConverter
instanceKlass  @bci org/gradle/internal/model/CalculatedValueContainerFactory <init> (Lorg/gradle/internal/resources/ProjectLeaseRegistry;Lorg/gradle/internal/service/ServiceRegistry;)V 16 <appendix> member <vmtarget> ; # org/gradle/internal/model/CalculatedValueContainerFactory$$Lambda+0x00000000913ae208
instanceKlass org/gradle/api/internal/tasks/NodeExecutionContext
instanceKlass org/gradle/composite/internal/DefaultBuildableCompositeBuildContext
instanceKlass kotlin/reflect/jvm/internal/DescriptorKProperty0$$Lambda$1
instanceKlass kotlin/reflect/jvm/internal/DescriptorKProperty0$$Lambda$0
instanceKlass org/gradle/api/artifacts/ConfigurationContainer
instanceKlass org/gradle/initialization/buildsrc/GradlePluginApiVersionAttributeConfigurationAction
instanceKlass org/gradle/initialization/buildsrc/GroovyBuildSrcProjectConfigurationAction
instanceKlass org/gradle/kotlin/dsl/tooling/builders/BuildSrcClassPathModeConfigurationAction
instanceKlass  @bci org/gradle/internal/service/CachingServiceLocator getAll (Ljava/lang/Class;)Ljava/util/List; 14 <appendix> member <vmtarget> ; # org/gradle/internal/service/CachingServiceLocator$$Lambda+0x00000000913a6dc8
instanceKlass org/gradle/configuration/project/PluginsProjectConfigureActions
instanceKlass org/gradle/api/internal/InternalAction
instanceKlass org/gradle/configuration/project/ProjectConfigureAction
instanceKlass org/gradle/initialization/buildsrc/BuildSrcProjectConfigurationAction
instanceKlass org/gradle/initialization/buildsrc/BuildSrcBuildListenerFactory
instanceKlass org/gradle/initialization/buildsrc/BuildSourceBuilder$1
instanceKlass org/gradle/initialization/buildsrc/BuildBuildSrcBuildOperationType$Result
# instanceKlass java/lang/invoke/LambdaForm$MH+0x00000000913acc00
# instanceKlass java/lang/invoke/LambdaForm$MH+0x00000000913ac800
# instanceKlass java/lang/invoke/LambdaForm$MH+0x00000000913ac400
# instanceKlass java/lang/invoke/LambdaForm$MH+0x00000000913ac000
# instanceKlass java/lang/invoke/LambdaForm$MH+0x00000000913abc00
# instanceKlass java/lang/invoke/LambdaForm$MH+0x00000000913ab800
# instanceKlass java/lang/invoke/LambdaForm$MH+0x00000000913ab400
instanceKlass org/gradle/internal/work/DefaultSynchronizer
# instanceKlass java/lang/invoke/LambdaForm$MH+0x00000000913ab000
# instanceKlass java/lang/invoke/LambdaForm$MH+0x00000000913aac00
# instanceKlass java/lang/invoke/LambdaForm$MH+0x00000000913aa800
# instanceKlass java/lang/invoke/LambdaForm$MH+0x00000000913aa400
# instanceKlass java/lang/invoke/LambdaForm$MH+0x00000000913aa000
instanceKlass org/gradle/cache/internal/BuildScopeCacheDir
# instanceKlass java/lang/invoke/LambdaForm$MH+0x00000000913a9c00
# instanceKlass java/lang/invoke/LambdaForm$MH+0x00000000913a9800
# instanceKlass java/lang/invoke/LambdaForm$MH+0x00000000913a9400
# instanceKlass java/lang/invoke/LambdaForm$MH+0x00000000913a9000
# instanceKlass java/lang/invoke/LambdaForm$MH+0x00000000913a8c00
# instanceKlass java/lang/invoke/LambdaForm$MH+0x00000000913a8800
# instanceKlass java/lang/invoke/LambdaForm$MH+0x00000000913a8400
# instanceKlass java/lang/invoke/LambdaForm$MH+0x00000000913a8000
# instanceKlass java/lang/invoke/LambdaForm$MH+0x00000000913a3c00
# instanceKlass java/lang/invoke/LambdaForm$MH+0x00000000913a3800
# instanceKlass java/lang/invoke/LambdaForm$MH+0x00000000913a3400
# instanceKlass java/lang/invoke/LambdaForm$MH+0x00000000913a3000
# instanceKlass java/lang/invoke/LambdaForm$MH+0x00000000913a2c00
instanceKlass org/gradle/internal/buildtree/DefaultBuildTreeWorkGraphPreparer
instanceKlass org/gradle/execution/selection/DefaultBuildTaskSelector
# instanceKlass java/lang/invoke/LambdaForm$MH+0x00000000913a2800
# instanceKlass java/lang/invoke/LambdaForm$MH+0x00000000913a2400
# instanceKlass java/lang/invoke/LambdaForm$MH+0x00000000913a2000
# instanceKlass java/lang/invoke/LambdaForm$MH+0x00000000913a1c00
instanceKlass  @bci org/gradle/execution/DefaultTaskSelector_Decorated $gradleInit ()V 1 <appendix> member <vmtarget> ; # org/gradle/execution/DefaultTaskSelector_Decorated$$Lambda+0x00000000913a5168
instanceKlass org/gradle/execution/TaskSelection
instanceKlass org/gradle/util/internal/NameMatcher
instanceKlass org/gradle/execution/TaskSelector$SelectionContext
instanceKlass org/gradle/execution/TaskSelectionResult
instanceKlass org/gradle/api/tasks/TaskContainer
instanceKlass org/gradle/api/PolymorphicDomainObjectContainer
instanceKlass org/gradle/api/NamedDomainObjectContainer
instanceKlass org/gradle/api/tasks/TaskCollection
instanceKlass org/gradle/execution/TaskNameResolver
instanceKlass org/gradle/execution/DefaultTaskSelector
instanceKlass org/gradle/execution/plan/DefaultPlanExecutor$MergedQueues
instanceKlass org/gradle/execution/plan/DefaultPlanExecutor$WorkerStats
instanceKlass org/gradle/execution/plan/DefaultPlanExecutor$WorkerState
instanceKlass org/gradle/execution/plan/DefaultPlanExecutor$ExecutorState
# instanceKlass java/lang/invoke/LambdaForm$MH+0x00000000913a1800
# instanceKlass java/lang/invoke/LambdaForm$MH+0x00000000913a1400
# instanceKlass java/lang/invoke/LambdaForm$MH+0x00000000913a1000
# instanceKlass java/lang/invoke/LambdaForm$MH+0x00000000913a0c00
# instanceKlass java/lang/invoke/LambdaForm$MH+0x00000000913a0800
# instanceKlass java/lang/invoke/LambdaForm$MH+0x00000000913a0400
# instanceKlass java/lang/invoke/LambdaForm$MH+0x00000000913a0000
instanceKlass org/gradle/internal/id/LongIdGenerator
instanceKlass  @bci org/gradle/api/internal/initialization/DefaultScriptClassPathResolver <init> (Lorg/gradle/internal/instrumentation/agent/AgentStatus;Lorg/gradle/api/invocation/Gradle;Lorg/gradle/internal/instrumentation/reporting/PropertyUpgradeReportConfig;)V 20 <appendix> member <vmtarget> ; # org/gradle/api/internal/initialization/DefaultScriptClassPathResolver$$Lambda+0x000000009139e4a8
instanceKlass  @bci org/gradle/internal/lazy/Lazy atomic ()Lorg/gradle/internal/lazy/Lazy$Factory; 0 <appendix> argL0 ; # org/gradle/internal/lazy/Lazy$$Lambda+0x000000009139e280
instanceKlass org/gradle/internal/lazy/AtomicLazy
instanceKlass org/gradle/api/internal/initialization/transform/registration/InstrumentationTransformRegisterer
instanceKlass org/gradle/api/attributes/Attribute
instanceKlass org/gradle/internal/instrumentation/reporting/ErrorReportingMethodInterceptionReportCollector
instanceKlass org/gradle/util/internal/GUtil$1
instanceKlass org/gradle/internal/build/DefaultPublicBuildPath
# instanceKlass java/lang/invoke/LambdaForm$MH+0x000000009139dc00
# instanceKlass java/lang/invoke/LambdaForm$MH+0x000000009139d800
# instanceKlass java/lang/invoke/LambdaForm$MH+0x000000009139d400
# instanceKlass java/lang/invoke/LambdaForm$MH+0x000000009139d000
instanceKlass org/gradle/internal/operations/BuildOperationExecutionContext
instanceKlass org/gradle/internal/operations/BuildOperationQueue
instanceKlass org/gradle/internal/operations/DefaultBuildOperationQueueFactory
instanceKlass org/gradle/internal/operations/DefaultBuildOperationExecutor
# instanceKlass java/lang/invoke/LambdaForm$MH+0x000000009139cc00
# instanceKlass java/lang/invoke/LambdaForm$MH+0x000000009139c800
# instanceKlass java/lang/invoke/LambdaForm$MH+0x000000009139c400
# instanceKlass java/lang/invoke/LambdaForm$MH+0x000000009139c000
# instanceKlass java/lang/invoke/LambdaForm$MH+0x0000000091396c00
instanceKlass  @bci org/gradle/invocation/DefaultGradle_Decorated $gradleInit ()V 1 <appendix> member <vmtarget> ; # org/gradle/invocation/DefaultGradle_Decorated$$Lambda+0x000000009139a710
instanceKlass org/gradle/api/internal/lambdas/SerializableLambdas
instanceKlass  @bci org/gradle/api/internal/DefaultMutationGuard <init> ()V 5 <appendix> argL0 ; # org/gradle/api/internal/DefaultMutationGuard$$Lambda+0x000000009139a020
instanceKlass org/gradle/api/internal/lambdas/SerializableLambdas$SerializableSupplier
instanceKlass org/gradle/api/internal/DefaultMutationGuard
instanceKlass org/gradle/api/internal/project/BuildOperationCrossProjectConfigurator
instanceKlass org/gradle/internal/ImmutableActionSet
instanceKlass  @bci org/gradle/internal/instantiation/generator/AsmBackedClassGenerator$ClassBuilderImpl applyServiceInjectionToGetter (Lorg/gradle/internal/instantiation/generator/AbstractClassGenerator$PropertyMetadata;Ljava/lang/Class;Lorg/gradle/internal/instantiation/generator/AbstractClassGenerator$MethodMetadata;)V 64 <appendix> member <vmtarget> ; # org/gradle/internal/instantiation/generator/AsmBackedClassGenerator$ClassBuilderImpl$$Lambda+0x0000000091397708
instanceKlass  @bci org/gradle/internal/fingerprint/impl/FileCollectionFingerprinterRegistrations <init> (Lorg/gradle/api/internal/cache/StringInterner;Lorg/gradle/api/internal/changedetection/state/ResourceSnapshotterCacheService;Lorg/gradle/api/internal/changedetection/state/ResourceFilter;Lorg/gradle/api/internal/changedetection/state/ResourceEntryFilter;Ljava/util/Map;)V 21 <appendix> form vmentry <vmtarget> ; # java/lang/invoke/LambdaForm$DMH+0x0000000091396800
instanceKlass  @bci org/gradle/internal/instantiation/generator/AsmBackedClassGenerator$ClassBuilderImpl addConventionSetter (Ljava/lang/reflect/Method;Lorg/gradle/internal/instantiation/generator/AbstractClassGenerator$PropertyMetadata;)V 49 <appendix> member <vmtarget> ; # org/gradle/internal/instantiation/generator/AsmBackedClassGenerator$ClassBuilderImpl$$Lambda+0x0000000091397000
instanceKlass  @cpi org/gradle/internal/instantiation/generator/AsmBackedClassGenerator$ClassBuilderImpl 1739 form vmentry <vmtarget> ; # java/lang/invoke/LambdaForm$DMH+0x0000000091396400
instanceKlass  @bci org/gradle/internal/instantiation/generator/AbstractClassGenerator isManagedProperty (Lorg/gradle/internal/instantiation/generator/AbstractClassGenerator$PropertyMetadata;)Z 26 <appendix> member <vmtarget> ; # org/gradle/internal/instantiation/generator/AbstractClassGenerator$$Lambda+0x0000000091393d78
instanceKlass org/gradle/api/model/ManagedType
instanceKlass org/gradle/api/plugins/PluginContainer
instanceKlass org/gradle/api/plugins/PluginCollection
instanceKlass org/gradle/invocation/DefaultGradle$DefaultGradleLifecycle
instanceKlass org/gradle/api/internal/initialization/ClassLoaderScope
instanceKlass org/gradle/api/internal/plugins/DefaultObjectConfigurationAction
instanceKlass org/gradle/api/plugins/ObjectConfigurationAction
instanceKlass org/gradle/util/Path
instanceKlass org/gradle/api/ProjectEvaluationListener
instanceKlass org/gradle/initialization/SettingsState
instanceKlass org/gradle/internal/MutableActionSet
instanceKlass org/gradle/api/internal/SettingsInternal
instanceKlass org/gradle/api/initialization/Settings
instanceKlass org/gradle/api/invocation/GradleLifecycle
instanceKlass org/gradle/api/internal/project/AbstractPluginAware
instanceKlass  @bci org/gradle/internal/build/AbstractBuildState <init> (Lorg/gradle/internal/buildtree/BuildTreeState;Lorg/gradle/api/internal/BuildDefinition;Lorg/gradle/internal/build/BuildState;)V 60 <appendix> member <vmtarget> ; # org/gradle/internal/build/AbstractBuildState$$Lambda+0x0000000091390ec8
instanceKlass  @bci org/gradle/internal/build/AbstractBuildState <init> (Lorg/gradle/internal/buildtree/BuildTreeState;Lorg/gradle/api/internal/BuildDefinition;Lorg/gradle/internal/build/BuildState;)V 42 <appendix> member <vmtarget> ; # org/gradle/internal/build/AbstractBuildState$$Lambda+0x0000000091390c98
instanceKlass  @bci org/gradle/internal/build/AbstractBuildState <init> (Lorg/gradle/internal/buildtree/BuildTreeState;Lorg/gradle/api/internal/BuildDefinition;Lorg/gradle/internal/build/BuildState;)V 24 <appendix> member <vmtarget> ; # org/gradle/internal/build/AbstractBuildState$$Lambda+0x0000000091390a68
instanceKlass org/gradle/vcs/internal/services/VersionControlServices$VcsResolverFactory
instanceKlass org/gradle/api/internal/artifacts/ivyservice/ivyresolve/ResolverProviderFactory
instanceKlass org/gradle/vcs/internal/resolver/VcsVersionWorkingDirResolver
instanceKlass org/gradle/vcs/internal/services/VersionControlServices$VersionControlBuildServices
instanceKlass org/gradle/profile/BuildProfileServices$2
instanceKlass org/gradle/plugins/ide/internal/configurer/UniqueProjectNameProvider
instanceKlass org/gradle/plugins/ide/internal/tooling/ToolingModelServices$BuildScopeToolingServices
instanceKlass org/gradle/api/internal/plugins/ProjectFeatureBindingBuilderInternal
instanceKlass org/gradle/api/internal/plugins/ProjectFeatureBindingBuilder
instanceKlass org/gradle/api/internal/plugins/ProjectTypeBindingBuilderInternal
instanceKlass org/gradle/api/internal/plugins/ProjectTypeBindingBuilder
instanceKlass org/gradle/plugin/software/internal/DefaultProjectFeatureDeclarations
# instanceKlass java/lang/invoke/LambdaForm$MH+0x0000000091396000
# instanceKlass java/lang/invoke/LambdaForm$MH+0x0000000091395c00
# instanceKlass java/lang/invoke/LambdaForm$MH+0x0000000091395800
# instanceKlass java/lang/invoke/LambdaForm$MH+0x0000000091395400
# instanceKlass java/lang/invoke/LambdaForm$MH+0x0000000091395000
# instanceKlass java/lang/invoke/LambdaForm$MH+0x0000000091394c00
# instanceKlass java/lang/invoke/LambdaForm$MH+0x0000000091394800
# instanceKlass java/lang/invoke/LambdaForm$BMH+0x0000000091394400
# instanceKlass java/lang/invoke/LambdaForm$DMH+0x0000000091394000
instanceKlass  @bci com/google/common/collect/CollectCollectors toImmutableMap (Ljava/util/function/Function;Ljava/util/function/Function;)Ljava/util/stream/Collector; 27 <appendix> argL0 ; # com/google/common/collect/CollectCollectors$$Lambda+0x0000000091390000
instanceKlass  @bci com/google/common/collect/CollectCollectors toImmutableMap (Ljava/util/function/Function;Ljava/util/function/Function;)Ljava/util/stream/Collector; 22 <appendix> argL0 ; # com/google/common/collect/CollectCollectors$$Lambda+0x0000000091388c00
instanceKlass  @bci com/google/common/collect/CollectCollectors toImmutableMap (Ljava/util/function/Function;Ljava/util/function/Function;)Ljava/util/stream/Collector; 17 <appendix> member <vmtarget> ; # com/google/common/collect/CollectCollectors$$Lambda+0x0000000091389b80
instanceKlass  @bci com/google/common/collect/CollectCollectors toImmutableMap (Ljava/util/function/Function;Ljava/util/function/Function;)Ljava/util/stream/Collector; 10 <appendix> argL0 ; # com/google/common/collect/CollectCollectors$$Lambda+0x0000000091389958
instanceKlass  @bci com/google/common/collect/CollectCollectors <clinit> ()V 75 <appendix> argL0 ; # com/google/common/collect/CollectCollectors$$Lambda+0x0000000091389710
instanceKlass  @bci com/google/common/collect/CollectCollectors <clinit> ()V 70 <appendix> argL0 ; # com/google/common/collect/CollectCollectors$$Lambda+0x00000000913894c0
instanceKlass  @bci com/google/common/collect/CollectCollectors <clinit> ()V 65 <appendix> argL0 ; # com/google/common/collect/CollectCollectors$$Lambda+0x0000000091389288
instanceKlass com/google/common/collect/RangeGwtSerializationDependencies
instanceKlass  @bci com/google/common/collect/CollectCollectors <clinit> ()V 60 <appendix> argL0 ; # com/google/common/collect/CollectCollectors$$Lambda+0x000000009138bb18
instanceKlass com/google/common/collect/ImmutableRangeSet$Builder
instanceKlass com/google/common/collect/SortedIterable
instanceKlass com/google/common/collect/AbstractRangeSet
instanceKlass com/google/common/collect/RangeSet
instanceKlass  @bci com/google/common/collect/CollectCollectors <clinit> ()V 45 <appendix> argL0 ; # com/google/common/collect/CollectCollectors$$Lambda+0x000000009138e168
instanceKlass  @bci com/google/common/collect/CollectCollectors <clinit> ()V 40 <appendix> argL0 ; # com/google/common/collect/CollectCollectors$$Lambda+0x000000009138df18
instanceKlass  @bci com/google/common/collect/CollectCollectors <clinit> ()V 35 <appendix> argL0 ; # com/google/common/collect/CollectCollectors$$Lambda+0x000000009138dce0
instanceKlass  @bci com/google/common/collect/CollectCollectors <clinit> ()V 30 <appendix> argL0 ; # com/google/common/collect/CollectCollectors$$Lambda+0x000000009138dab8
instanceKlass  @bci com/google/common/collect/CollectCollectors <clinit> ()V 15 <appendix> argL0 ; # com/google/common/collect/CollectCollectors$$Lambda+0x000000009138d870
instanceKlass  @bci com/google/common/collect/CollectCollectors <clinit> ()V 10 <appendix> argL0 ; # com/google/common/collect/CollectCollectors$$Lambda+0x000000009138d620
instanceKlass  @bci com/google/common/collect/CollectCollectors <clinit> ()V 5 <appendix> argL0 ; # com/google/common/collect/CollectCollectors$$Lambda+0x000000009138d3e8
instanceKlass  @bci com/google/common/collect/CollectCollectors <clinit> ()V 0 <appendix> argL0 ; # com/google/common/collect/CollectCollectors$$Lambda+0x000000009138d1c0
instanceKlass com/google/common/collect/CollectCollectors
instanceKlass  @bci org/gradle/internal/properties/bean/DefaultPropertyWalker <init> (Lorg/gradle/internal/properties/annotations/TypeMetadataStore;Lorg/gradle/internal/properties/bean/ImplementationResolver;Ljava/util/Collection;)V 26 <appendix> argL0 ; # org/gradle/internal/properties/bean/DefaultPropertyWalker$$Lambda+0x000000009138cd68
instanceKlass  @bci org/gradle/internal/properties/annotations/AbstractTypeMetadataWalker$InstanceTypeMetadataWalker <init> (Lorg/gradle/internal/properties/annotations/TypeMetadataStore;Ljava/lang/Class;)V 3 <appendix> argL0 ; # org/gradle/internal/properties/annotations/AbstractTypeMetadataWalker$InstanceTypeMetadataWalker$$Lambda+0x000000009138cb40
instanceKlass org/gradle/internal/properties/annotations/AbstractTypeMetadataWalker
instanceKlass org/gradle/internal/properties/annotations/TypeMetadataWalker$StaticMetadataWalker
instanceKlass org/gradle/internal/properties/annotations/TypeMetadataWalker$InstanceMetadataWalker
instanceKlass org/gradle/internal/properties/annotations/TypeMetadataWalker
instanceKlass org/gradle/api/internal/tasks/properties/ScriptSourceAwareImplementationResolver
instanceKlass org/gradle/internal/properties/annotations/TypeMetadataWalker$TypeMetadataVisitor
instanceKlass org/gradle/internal/properties/bean/DefaultPropertyWalker
instanceKlass  @bci java/util/function/Predicate isEqual (Ljava/lang/Object;)Ljava/util/function/Predicate; 14 <appendix> member <vmtarget> ; # java/util/function/Predicate$$Lambda+0x00000000912e2f58
instanceKlass  @bci org/gradle/internal/properties/annotations/DefaultTypeMetadataStore calculateDisplayName (Ljava/util/Collection;)Ljava/lang/String; 6 <appendix> argL0 ; # org/gradle/internal/properties/annotations/DefaultTypeMetadataStore$$Lambda+0x0000000091387700
instanceKlass  @bci org/gradle/internal/properties/annotations/DefaultTypeMetadataStore <init> (Ljava/util/Collection;Ljava/util/Collection;Ljava/util/Collection;Ljava/util/Collection;Ljava/util/Collection;Lorg/gradle/internal/reflect/annotations/TypeAnnotationMetadataStore;Lorg/gradle/internal/properties/annotations/PropertyTypeResolver;Lorg/gradle/cache/internal/ClassCacheFactory;Lorg/gradle/internal/properties/annotations/MissingPropertyAnnotationHandler;)V 36 <appendix> argL0 ; # org/gradle/internal/properties/annotations/DefaultTypeMetadataStore$$Lambda+0x0000000091387498
instanceKlass  @bci org/gradle/internal/properties/annotations/DefaultTypeMetadataStore <init> (Ljava/util/Collection;Ljava/util/Collection;Ljava/util/Collection;Ljava/util/Collection;Ljava/util/Collection;Lorg/gradle/internal/reflect/annotations/TypeAnnotationMetadataStore;Lorg/gradle/internal/properties/annotations/PropertyTypeResolver;Lorg/gradle/cache/internal/ClassCacheFactory;Lorg/gradle/internal/properties/annotations/MissingPropertyAnnotationHandler;)V 14 <appendix> argL0 ; # org/gradle/internal/properties/annotations/DefaultTypeMetadataStore$$Lambda+0x0000000091387230
instanceKlass org/gradle/internal/properties/annotations/FunctionMetadata
instanceKlass org/gradle/internal/properties/annotations/PropertyMetadata
instanceKlass org/gradle/internal/properties/annotations/TypeMetadata
instanceKlass org/gradle/internal/properties/annotations/DefaultTypeMetadataStore
instanceKlass org/gradle/api/internal/tasks/properties/DefaultPropertyTypeResolver
instanceKlass org/gradle/internal/properties/annotations/TypeMetadataStore
instanceKlass org/gradle/internal/properties/bean/ImplementationResolver
instanceKlass org/gradle/internal/properties/annotations/PropertyTypeResolver
instanceKlass org/gradle/api/internal/tasks/properties/InspectionSchemeFactory$InspectionSchemeImpl
instanceKlass  @bci org/gradle/internal/properties/annotations/MissingPropertyAnnotationHandler <clinit> ()V 8 <appendix> argL0 ; # org/gradle/internal/properties/annotations/MissingPropertyAnnotationHandler$$Lambda+0x0000000091385d28
instanceKlass  @bci org/gradle/internal/properties/annotations/MissingPropertyAnnotationHandler <clinit> ()V 0 <appendix> argL0 ; # org/gradle/internal/properties/annotations/MissingPropertyAnnotationHandler$$Lambda+0x0000000091385b00
instanceKlass org/gradle/internal/reflect/annotations/PropertyAnnotationMetadata
instanceKlass org/gradle/internal/properties/annotations/MissingPropertyAnnotationHandler
instanceKlass org/gradle/api/internal/tasks/properties/InspectionScheme
# instanceKlass java/lang/invoke/LambdaForm$MH+0x0000000091388800
# instanceKlass java/lang/invoke/LambdaForm$MH+0x0000000091388400
# instanceKlass java/lang/invoke/LambdaForm$MH+0x0000000091388000
instanceKlass org/apache/commons/lang3/ObjectUtils$Null
instanceKlass org/apache/commons/lang3/ObjectUtils
instanceKlass  @bci org/apache/commons/lang3/builder/HashCodeBuilder <clinit> ()V 0 <appendix> argL0 ; # org/apache/commons/lang3/builder/HashCodeBuilder$$Lambda+0x0000000091384c38
instanceKlass org/apache/commons/lang3/builder/HashCodeBuilder
instanceKlass org/apache/commons/lang3/builder/Builder
instanceKlass com/google/common/base/Equivalence$Wrapper
instanceKlass org/gradle/internal/reflect/Methods
instanceKlass org/gradle/internal/lazy/FixedLazy
instanceKlass  @bci org/gradle/internal/reflect/annotations/impl/DefaultTypeAnnotationMetadataStore collectIgnoredPackagePrefixes (Ljava/util/Collection;)Lcom/google/common/collect/ImmutableSet; 6 <appendix> argL0 ; # org/gradle/internal/reflect/annotations/impl/DefaultTypeAnnotationMetadataStore$$Lambda+0x00000000913830b0
instanceKlass  @bci org/gradle/internal/service/scopes/ExecutionGlobalServices createAnnotationMetadataStore (Lorg/gradle/cache/internal/CrossBuildInMemoryCacheFactory;Lorg/gradle/internal/service/scopes/ExecutionGlobalServices$AnnotationHandlerRegistar;)Lorg/gradle/internal/reflect/annotations/TypeAnnotationMetadataStore; 126 <appendix> argL0 ; # org/gradle/internal/service/scopes/ExecutionGlobalServices$$Lambda+0x0000000091382e58
instanceKlass org/gradle/internal/scripts/ScriptOrigin
instanceKlass org/gradle/api/internal/DomainObjectCollectionInternal
instanceKlass org/gradle/internal/metaobject/PropertyMixIn
instanceKlass org/gradle/internal/metaobject/MethodMixIn
instanceKlass org/gradle/api/NamedDomainObjectSet
instanceKlass org/gradle/api/DomainObjectSet
instanceKlass org/gradle/api/NamedDomainObjectCollection
instanceKlass org/gradle/api/DomainObjectCollection
instanceKlass org/gradle/util/internal/ConfigureUtil$WrappedConfigureAction
instanceKlass  @bci org/gradle/internal/service/scopes/ExecutionGlobalServices createAnnotationMetadataStore (Lorg/gradle/cache/internal/CrossBuildInMemoryCacheFactory;Lorg/gradle/internal/service/scopes/ExecutionGlobalServices$AnnotationHandlerRegistar;)Lorg/gradle/internal/reflect/annotations/TypeAnnotationMetadataStore; 70 <appendix> argL0 ; # org/gradle/internal/service/scopes/ExecutionGlobalServices$$Lambda+0x000000009137fae0
instanceKlass  @bci org/gradle/internal/service/scopes/ExecutionGlobalServices createAnnotationMetadataStore (Lorg/gradle/cache/internal/CrossBuildInMemoryCacheFactory;Lorg/gradle/internal/service/scopes/ExecutionGlobalServices$AnnotationHandlerRegistar;)Lorg/gradle/internal/reflect/annotations/TypeAnnotationMetadataStore; 65 <appendix> argL0 ; # org/gradle/internal/service/scopes/ExecutionGlobalServices$$Lambda+0x000000009137f898
instanceKlass org/gradle/internal/reflect/annotations/AnnotationCategory$1
instanceKlass org/gradle/api/internal/plugins/BindsProjectFeature
instanceKlass org/gradle/api/internal/plugins/BindsProjectType
instanceKlass org/gradle/api/internal/plugins/software/RegistersProjectFeatures
instanceKlass org/gradle/api/internal/plugins/software/RegistersSoftwareTypes
instanceKlass org/gradle/internal/reflect/annotations/impl/DefaultTypeAnnotationMetadataStore$1
instanceKlass org/gradle/internal/reflect/validation/TypeValidationContext
instanceKlass org/gradle/internal/reflect/annotations/HasAnnotationMetadata
instanceKlass org/gradle/internal/reflect/annotations/TypeAnnotationMetadata
instanceKlass org/gradle/internal/reflect/annotations/impl/DefaultTypeAnnotationMetadataStore
instanceKlass  @bci org/gradle/internal/service/scopes/ExecutionGlobalServices lambda$createAnnotationRegistry$1 (Ljava/util/List;Lcom/google/common/collect/ImmutableSet$Builder;)V 2 <appendix> member <vmtarget> ; # org/gradle/internal/service/scopes/ExecutionGlobalServices$$Lambda+0x000000009137e128
instanceKlass  @bci org/gradle/internal/service/scopes/ExecutionGlobalServices createAnnotationRegistry (Ljava/util/List;)Lorg/gradle/internal/service/scopes/ExecutionGlobalServices$AnnotationHandlerRegistar; 1 <appendix> member <vmtarget> ; # org/gradle/internal/service/scopes/ExecutionGlobalServices$$Lambda+0x000000009137def8
instanceKlass org/gradle/api/tasks/CacheableTask
instanceKlass org/gradle/api/tasks/UntrackedTask
instanceKlass org/gradle/work/DisableCachingByDefault
instanceKlass org/gradle/api/artifacts/transform/CacheableTransform
instanceKlass org/gradle/internal/properties/annotations/AbstractTypeAnnotationHandler
instanceKlass org/gradle/plugin/use/tracker/internal/PluginVersionTracker
instanceKlass org/gradle/plugin/use/resolve/internal/PluginResolutionVisitor
instanceKlass org/gradle/api/internal/plugins/PluginDescriptorLocator
instanceKlass org/gradle/plugin/use/internal/DefaultPluginRequestApplicator
instanceKlass org/gradle/plugin/use/resolve/internal/PluginResolver
instanceKlass org/gradle/plugin/use/internal/PluginResolverFactory
instanceKlass org/gradle/plugin/use/internal/PluginDependencyResolutionServices
instanceKlass org/gradle/plugin/use/resolve/internal/PluginArtifactRepositoriesProvider
instanceKlass org/gradle/plugin/use/internal/PluginRepositoryHandlerProvider
instanceKlass org/gradle/plugin/management/internal/PluginResolutionStrategyInternal
instanceKlass org/gradle/plugin/management/PluginResolutionStrategy
instanceKlass org/gradle/api/internal/artifacts/DependencyResolutionServices
instanceKlass org/gradle/plugin/use/resolve/service/internal/ClientInjectedClasspathPluginResolver
instanceKlass org/gradle/plugin/internal/PluginUseServices$BuildScopeServices
instanceKlass org/gradle/platform/base/internal/registry/ComponentModelBaseServices$BuildScopeServices
instanceKlass org/gradle/nativeplatform/toolchain/internal/metadata/CompilerMetaDataProvider
instanceKlass org/gradle/nativeplatform/toolchain/internal/metadata/CompilerMetaDataProviderFactory
instanceKlass org/gradle/api/internal/resolve/ProjectModelResolver
instanceKlass org/gradle/nativeplatform/internal/resolve/NativeDependencyResolver
instanceKlass org/gradle/nativeplatform/internal/resolve/LibraryBinaryLocator
instanceKlass org/gradle/nativeplatform/internal/resolve/NativeDependencyResolverServices
instanceKlass org/gradle/cache/internal/FileContentCacheFactory$Calculator
instanceKlass org/gradle/language/nativeplatform/internal/incremental/sourceparser/CachingCSourceParser
instanceKlass org/gradle/language/nativeplatform/internal/incremental/sourceparser/CSourceParser
instanceKlass org/gradle/language/nativeplatform/internal/incremental/DefaultCompilationStateCacheFactory
instanceKlass org/gradle/language/nativeplatform/internal/incremental/CompilationStateCacheFactory
instanceKlass org/gradle/language/cpp/internal/NativeDependencyCache
instanceKlass org/gradle/language/base/artifact/SourcesArtifact
instanceKlass org/gradle/language/jvm/internal/JvmLanguageServices$ComponentRegistrationAction
instanceKlass org/gradle/language/java/artifact/JavadocArtifact
instanceKlass org/gradle/jvm/JvmLibrary
instanceKlass org/gradle/platform/base/Library
instanceKlass org/gradle/language/java/internal/JavaLanguageServices$JavaBuildScopeServices
instanceKlass org/gradle/tooling/provider/model/ToolingModelBuilder
instanceKlass org/gradle/language/cpp/internal/tooling/ToolingNativeServices$ToolingModelRegistration
instanceKlass org/gradle/kotlin/dsl/tooling/builders/internal/KotlinScriptingModelBuildersServices$BuildScopeToolingServices
# instanceKlass java/lang/invoke/LambdaForm$DMH+0x0000000091374000
instanceKlass org/gradle/kotlin/dsl/provider/KotlinScriptEvaluator
instanceKlass org/gradle/kotlin/dsl/provider/ClassPathModeExceptionCollector
instanceKlass org/gradle/kotlin/dsl/provider/PluginRequestsHandler
instanceKlass org/gradle/kotlin/dsl/provider/KotlinScriptClassPathProvider
instanceKlass org/gradle/api/internal/classpath/GradleApiClasspathProvider
instanceKlass org/gradle/kotlin/dsl/provider/BuildServices
instanceKlass org/gradle/kotlin/dsl/concurrent/BuildServices
instanceKlass org/gradle/kotlin/dsl/accessors/ProjectAccessorsClassPathGenerator
instanceKlass org/gradle/kotlin/dsl/concurrent/AsyncIOScopeFactory
instanceKlass org/gradle/kotlin/dsl/accessors/Stage1BlocksAccessorClassPathGenerator
instanceKlass org/gradle/kotlin/dsl/accessors/BuildScopeServices
instanceKlass org/gradle/jvm/toolchain/internal/JavaToolchain
instanceKlass org/gradle/jvm/toolchain/JavaInstallationMetadata
instanceKlass org/gradle/jvm/toolchain/internal/JavaToolchainSpecInternal$Key
instanceKlass org/gradle/jvm/toolchain/internal/JavaToolchainQueryService
instanceKlass org/gradle/jvm/toolchain/JavaToolchainRequest
instanceKlass org/gradle/jvm/toolchain/internal/install/DefaultJavaToolchainProvisioningService
instanceKlass org/gradle/jvm/toolchain/internal/install/JavaToolchainProvisioningService
instanceKlass org/gradle/jvm/toolchain/internal/install/SecureFileDownloader
instanceKlass org/gradle/jvm/toolchain/internal/DefaultToolchainExternalResourceFactory
instanceKlass org/gradle/internal/resource/ExternalResourceFactory
instanceKlass org/gradle/internal/jvm/inspection/DefaultJavaInstallationRegistry
instanceKlass org/gradle/internal/jvm/inspection/JavaInstallationRegistry
instanceKlass org/gradle/jvm/toolchain/internal/WindowsInstallationSupplier
instanceKlass org/gradle/jvm/toolchain/internal/OsXInstallationSupplier
instanceKlass org/gradle/jvm/toolchain/internal/LinuxInstallationSupplier
instanceKlass org/xml/sax/ErrorHandler
instanceKlass org/gradle/jvm/toolchain/internal/MavenToolchainsInstallationSupplier
instanceKlass org/gradle/jvm/toolchain/internal/SdkmanInstallationSupplier
instanceKlass org/gradle/jvm/toolchain/internal/JabbaInstallationSupplier
instanceKlass org/gradle/jvm/toolchain/internal/IntellijInstallationSupplier
instanceKlass org/gradle/jvm/toolchain/internal/AsdfInstallationSupplier
instanceKlass org/gradle/jvm/toolchain/internal/InstallationSupplier
instanceKlass org/gradle/jvm/toolchain/internal/DefaultOsXJavaHomeCommand
instanceKlass org/gradle/jvm/toolchain/internal/OsXJavaHomeCommand
instanceKlass org/gradle/jvm/internal/services/ProviderBackedToolchainConfiguration
instanceKlass org/gradle/jvm/toolchain/internal/ToolchainConfiguration
instanceKlass org/gradle/jvm/toolchain/internal/JavaToolchainResolverRegistryInternal
instanceKlass org/gradle/jvm/toolchain/JvmToolchainManagement
instanceKlass org/gradle/jvm/toolchain/JavaToolchainResolverRegistry
instanceKlass org/gradle/jvm/toolchain/internal/JdkCacheDirectory
instanceKlass org/gradle/jvm/internal/services/ToolchainsJvmServices$BuildServices
instanceKlass org/gradle/internal/jvm/inspection/InvalidJvmInstallationCacheInvalidator
instanceKlass  @bci org/gradle/jvm/internal/services/PlatformJvmServices$1 configure (Lorg/gradle/internal/service/ServiceRegistration;Lorg/gradle/internal/jvm/inspection/JvmMetadataDetector;)V 8 <appendix> member <vmtarget> ; # org/gradle/jvm/internal/services/PlatformJvmServices$1$$Lambda+0x0000000091363010
instanceKlass  @bci org/gradle/internal/jvm/inspection/JvmInstallationMetadata$DefaultJvmInstallationMetadata <init> (Ljava/io/File;Ljava/lang/String;Ljava/lang/String;Ljava/lang/String;Ljava/lang/String;Ljava/lang/String;Ljava/lang/String;Ljava/lang/String;Ljava/lang/String;)V 6 <appendix> member <vmtarget> ; # org/gradle/internal/jvm/inspection/JvmInstallationMetadata$DefaultJvmInstallationMetadata$$Lambda+0x000000009136e468
instanceKlass org/gradle/internal/jvm/inspection/JvmInstallationMetadata$DefaultJvmInstallationMetadata
instanceKlass  @bci org/gradle/internal/jvm/inspection/CachingJvmMetadataDetector getMetadata (Lorg/gradle/jvm/toolchain/internal/InstallationLocation;)Lorg/gradle/internal/jvm/inspection/JvmInstallationMetadata; 16 <appendix> member <vmtarget> ; # org/gradle/internal/jvm/inspection/CachingJvmMetadataDetector$$Lambda+0x000000009136dcf0
instanceKlass org/gradle/jvm/toolchain/internal/InstallationLocation
instanceKlass org/gradle/internal/jvm/inspection/InvalidInstallationWarningReporter
instanceKlass org/gradle/internal/jvm/inspection/JvmInstallationMetadata
instanceKlass org/gradle/internal/jvm/inspection/DefaultJvmMetadataDetector
instanceKlass org/gradle/internal/jvm/inspection/ReportingJvmMetadataDetector
instanceKlass org/gradle/internal/jvm/inspection/CachingJvmMetadataDetector
instanceKlass org/gradle/internal/jvm/inspection/ConditionalInvalidation
instanceKlass org/gradle/process/internal/ClientExecHandleBuilder
instanceKlass org/gradle/process/internal/BaseExecHandleBuilder
instanceKlass org/gradle/process/internal/DefaultClientExecHandleBuilderFactory
# instanceKlass java/lang/invoke/LambdaForm$MH+0x0000000091368c00
# instanceKlass java/lang/invoke/LambdaForm$MH+0x0000000091368800
# instanceKlass java/lang/invoke/LambdaForm$MH+0x0000000091368400
instanceKlass org/gradle/jvm/internal/services/PlatformJvmServices$1
# instanceKlass java/lang/invoke/LambdaForm$DMH+0x0000000091368000
instanceKlass org/gradle/internal/execution/history/OutputsCleaner
instanceKlass org/gradle/internal/execution/OutputChangeListener
instanceKlass org/gradle/internal/execution/ExecutionProblemHandler
instanceKlass org/gradle/internal/execution/history/OutputFilesRepository
instanceKlass org/gradle/internal/execution/history/ExecutionHistoryStore
instanceKlass org/gradle/internal/execution/steps/DeferredExecutionAwareStep
instanceKlass org/gradle/internal/execution/steps/AfterExecutionOutputFilter
instanceKlass org/gradle/internal/execution/steps/Step
instanceKlass org/gradle/internal/execution/history/ExecutionHistoryCacheAccess
instanceKlass org/gradle/internal/service/scopes/ExecutionBuildServices
instanceKlass org/gradle/authentication/http/HttpHeaderAuthentication
instanceKlass org/gradle/authentication/http/DigestAuthentication
instanceKlass org/gradle/authentication/http/BasicAuthentication
# instanceKlass java/lang/invoke/LambdaForm$MH+0x0000000091365400
# instanceKlass java/lang/invoke/LambdaForm$MH+0x0000000091365000
# instanceKlass java/lang/invoke/LambdaForm$MH+0x0000000091364c00
instanceKlass org/gradle/internal/resource/transport/http/HttpResourcesServices$AuthenticationSchemeAction
instanceKlass org/gradle/internal/authentication/AbstractAuthentication
instanceKlass org/gradle/internal/authentication/AuthenticationInternal
instanceKlass org/gradle/authentication/aws/AwsImAuthentication
instanceKlass org/gradle/authentication/Authentication
# instanceKlass java/lang/invoke/LambdaForm$MH+0x0000000091364800
# instanceKlass java/lang/invoke/LambdaForm$MH+0x0000000091364400
# instanceKlass java/lang/invoke/LambdaForm$MH+0x0000000091364000
instanceKlass org/gradle/internal/authentication/DefaultAuthenticationSchemeRegistry
instanceKlass org/gradle/internal/resource/transport/aws/s3/S3ResourcesServices$AuthenticationSchemeAction
instanceKlass org/gradle/internal/isolate/actions/services/DefaultIsolatedProjectEvaluationListenerProvider
instanceKlass org/gradle/invocation/IsolatedProjectEvaluationListenerProvider
instanceKlass org/gradle/api/flow/FlowScope
instanceKlass org/gradle/internal/flow/services/FlowServices$FlowServicesProvider
instanceKlass org/gradle/internal/flow/services/FlowParametersInstantiator
instanceKlass org/gradle/internal/flow/services/FlowScheduler
instanceKlass org/gradle/internal/flow/services/DefaultFlowProviders
instanceKlass org/gradle/api/flow/FlowProviders
instanceKlass org/gradle/internal/scan/config/BuildScanConfig
instanceKlass org/gradle/internal/enterprise/impl/legacy/LegacyGradleEnterprisePluginCheckInService
instanceKlass org/gradle/internal/scan/eob/BuildScanEndOfBuildNotifier
instanceKlass org/gradle/internal/scan/config/BuildScanConfigProvider
instanceKlass org/gradle/internal/enterprise/impl/legacy/DefaultBuildScanScopeIds
instanceKlass org/gradle/internal/scan/scopeids/BuildScanScopeIds
instanceKlass org/gradle/internal/enterprise/impl/DefaultGradleEnterprisePluginRequiredServices
instanceKlass org/gradle/internal/enterprise/impl/DefaultDevelocityBuildLifecycleService
instanceKlass org/gradle/internal/enterprise/DevelocityBuildLifecycleService
instanceKlass org/gradle/internal/enterprise/core/GradleEnterprisePluginAdapter
instanceKlass org/gradle/internal/enterprise/GradleEnterprisePluginCheckInResult
instanceKlass org/gradle/internal/enterprise/impl/DefaultGradleEnterprisePluginCheckInService
instanceKlass org/gradle/internal/enterprise/GradleEnterprisePluginCheckInService
instanceKlass org/gradle/internal/enterprise/GradleEnterprisePluginRequiredServices
instanceKlass org/gradle/internal/enterprise/impl/DefaultGradleEnterprisePluginAdapterFactory
instanceKlass org/gradle/internal/enterprise/impl/GradleEnterprisePluginAutoApplicationListener
instanceKlass org/gradle/plugin/use/internal/PluginRequestApplicator$PluginApplicationListener
instanceKlass org/gradle/declarative/dsl/model/annotations/HiddenInDefinition
instanceKlass org/gradle/api/HasImplicitReceiver
instanceKlass org/gradle/plugin/software/internal/ModelDefaultsHandler
instanceKlass org/gradle/internal/declarativedsl/interpreter/DeclarativeKotlinScriptEvaluator
instanceKlass org/gradle/internal/declarativedsl/evaluationSchema/InterpretationSchemaBuilder
instanceKlass org/gradle/internal/declarativedsl/provider/BuildServices
instanceKlass org/gradle/internal/cc/impl/fingerprint/ClassLoaderScopesFingerprintController
instanceKlass org/gradle/internal/cc/impl/ConfigurationCacheClassLoaderScopeRegistryListener
instanceKlass org/gradle/internal/cc/impl/serialize/ScopeLookup
instanceKlass org/gradle/internal/cc/base/problems/AbstractProblemsListener
instanceKlass org/gradle/internal/cc/impl/DefaultConfigurationCacheIO
instanceKlass org/gradle/internal/cc/impl/ConfigurationCacheIncludedBuildIO
instanceKlass org/gradle/internal/cc/impl/ConfigurationCacheBuildTreeIO
instanceKlass org/gradle/internal/cc/impl/ConfigurationCacheOperationIO
instanceKlass org/gradle/internal/cc/impl/serialize/DefaultConfigurationCacheCodecs
instanceKlass org/gradle/internal/cc/impl/serialize/ConfigurationCacheCodecs
instanceKlass org/gradle/internal/cc/impl/DefaultConfigurationCacheHost
instanceKlass org/gradle/internal/cc/impl/ConfigurationCacheHost
instanceKlass org/gradle/internal/cc/base/serialize/HostServiceProvider
instanceKlass org/gradle/api/internal/tasks/TaskExecutionAccessChecker
instanceKlass org/gradle/internal/cc/impl/WorkGraphLoadingState
instanceKlass org/gradle/internal/cc/impl/ConfigurationCacheServices$TaskExecutionAccessCheckerProvider
instanceKlass org/gradle/internal/cc/impl/RelevantProjectsRegistry
instanceKlass org/gradle/api/internal/artifacts/configurations/ProjectComponentObservationListener
instanceKlass org/gradle/configuration/project/ProjectEvaluator
instanceKlass org/gradle/internal/cc/impl/BuildModelControllerServices$VintageModelProvider
instanceKlass org/gradle/api/internal/project/CrossProjectModelAccess
instanceKlass org/gradle/invocation/GradleLifecycleActionExecutor
instanceKlass org/gradle/api/internal/project/DynamicLookupRoutine
instanceKlass org/gradle/internal/cc/impl/BuildModelControllerServices$VintageIsolatedProjectsProvider
instanceKlass org/gradle/internal/build/BuildModelController
instanceKlass org/gradle/internal/cc/impl/BuildModelControllerServices$VintageBuildControllerProvider
# instanceKlass java/lang/invoke/LambdaForm$MH+0x000000009135d400
# instanceKlass java/lang/invoke/LambdaForm$MH+0x000000009135d000
# instanceKlass java/lang/invoke/LambdaForm$MH+0x000000009135cc00
# instanceKlass java/lang/invoke/LambdaForm$MH+0x000000009135c800
# instanceKlass java/lang/invoke/LambdaForm$MH+0x000000009135c400
# instanceKlass java/lang/invoke/LambdaForm$MH+0x000000009135c000
instanceKlass org/gradle/internal/cc/impl/BuildModelControllerServices
instanceKlass org/gradle/ide/xcode/internal/xcodeproj/GidGenerator
instanceKlass org/gradle/ide/xcode/internal/services/XcodeServices$1
instanceKlass org/gradle/declarative/dsl/tooling/builders/internal/BuildScopeToolingServices
instanceKlass org/gradle/composite/internal/plugins/CompositeBuildPluginResolverContributor
instanceKlass org/gradle/plugin/use/resolve/internal/PluginResolverContributor
instanceKlass org/gradle/caching/configuration/internal/BuildCacheConfigurationInternal
instanceKlass org/gradle/caching/configuration/BuildCacheConfiguration
instanceKlass org/gradle/caching/internal/controller/impl/LifecycleAwareBuildCacheController
instanceKlass org/gradle/caching/internal/controller/BuildCacheController
instanceKlass org/gradle/caching/internal/packaging/impl/TarPackerFileSystemSupport
instanceKlass org/gradle/caching/internal/services/BuildCacheControllerFactory
instanceKlass org/gradle/caching/internal/packaging/BuildCacheEntryPacker
instanceKlass org/gradle/caching/internal/packaging/impl/FilePermissionAccess
instanceKlass org/gradle/caching/internal/BuildCacheServices$3
instanceKlass org/gradle/caching/http/internal/HttpBuildCacheServiceServices$GradleVersionProvidingRequestCustomizer
instanceKlass org/gradle/caching/http/internal/HttpBuildCacheRequestCustomizer
instanceKlass org/gradle/caching/http/internal/DefaultHttpBuildCacheServiceFactory
instanceKlass org/gradle/caching/BuildCacheServiceFactory
instanceKlass org/gradle/caching/configuration/AbstractBuildCache
instanceKlass org/gradle/caching/configuration/BuildCache
instanceKlass org/gradle/caching/configuration/internal/DefaultBuildCacheServiceRegistration
instanceKlass org/gradle/caching/configuration/internal/BuildCacheServiceRegistration
instanceKlass org/gradle/maven/MavenPomArtifact
instanceKlass org/gradle/maven/MavenModule
instanceKlass org/gradle/api/publish/maven/internal/publisher/MavenPublishers
instanceKlass org/gradle/api/publish/maven/internal/dependencies/VersionRangeMapper
instanceKlass org/gradle/api/publish/maven/internal/MavenPublishServices$ComponentRegistrationAction
instanceKlass org/gradle/ivy/IvyDescriptorArtifact
instanceKlass org/gradle/api/component/Artifact
instanceKlass org/gradle/api/internal/component/DefaultComponentTypeRegistry$DefaultComponentTypeRegistration
instanceKlass org/gradle/ivy/IvyModule
instanceKlass org/gradle/api/component/Component
instanceKlass org/gradle/api/internal/component/ComponentTypeRegistration
instanceKlass org/gradle/api/internal/component/DefaultComponentTypeRegistry
instanceKlass org/gradle/api/publish/ivy/internal/publisher/IvyPublisher
instanceKlass org/gradle/api/publish/ivy/internal/IvyServices$BuildServices
instanceKlass org/gradle/api/publish/internal/mapping/VariantDependencyResolver
instanceKlass org/gradle/api/publish/internal/mapping/ComponentDependencyResolver
instanceKlass org/gradle/api/publish/internal/mapping/DefaultDependencyCoordinateResolverFactory
instanceKlass org/gradle/api/publish/internal/mapping/DependencyCoordinateResolverFactory
instanceKlass org/gradle/api/publish/internal/validation/DuplicatePublicationTracker
instanceKlass org/gradle/api/internal/artifacts/ivyservice/projectmodule/DefaultProjectDependencyPublicationResolver$VariantCoordinateResolver
instanceKlass org/gradle/api/component/SoftwareComponent
instanceKlass org/gradle/api/internal/artifacts/ivyservice/projectmodule/DefaultProjectDependencyPublicationResolver
instanceKlass org/gradle/api/internal/artifacts/ivyservice/projectmodule/ProjectDependencyPublicationResolver
instanceKlass org/gradle/api/internal/tasks/testing/TestDescriptorInternal
instanceKlass org/gradle/api/internal/tasks/testing/DefaultTestEventReporter
instanceKlass org/gradle/api/internal/tasks/testing/TestEventReporterInternal
instanceKlass org/gradle/api/internal/tasks/testing/GroupTestEventReporterInternal
instanceKlass org/gradle/api/tasks/testing/GroupTestEventReporter
instanceKlass org/gradle/api/tasks/testing/TestEventReporter
instanceKlass org/gradle/api/internal/tasks/testing/TestReportGenerator
instanceKlass org/gradle/api/internal/tasks/testing/DefaultTestEventReporterFactory
instanceKlass org/gradle/api/internal/tasks/testing/TestEventReporterFactoryInternal
instanceKlass org/gradle/api/tasks/testing/TestEventReporterFactory
instanceKlass org/gradle/api/internal/tasks/testing/TestingBasePluginServices$TestingBuildScopeServices
instanceKlass org/gradle/initialization/DefaultJdkToolsInitializer
instanceKlass org/gradle/api/internal/tasks/compile/incremental/IncrementalCompilerFactory
instanceKlass org/gradle/api/internal/tasks/compile/incremental/classpath/ClassSetAnalyzer
instanceKlass org/gradle/api/internal/tasks/compile/incremental/analyzer/ClassDependenciesAnalyzer
instanceKlass org/gradle/api/internal/tasks/CompileServices$BuildScopeCompileServices
instanceKlass org/gradle/api/internal/artifacts/DependencyManagementManagedTypesFactory
instanceKlass org/gradle/api/artifacts/ProjectDependency
instanceKlass org/gradle/api/artifacts/ModuleDependency
instanceKlass org/gradle/api/artifacts/Dependency
instanceKlass org/gradle/api/internal/artifacts/ivyservice/ivyresolve/ResolverProviderFactories
instanceKlass org/gradle/api/artifacts/result/ResolvedArtifactResult
instanceKlass org/gradle/api/artifacts/result/ArtifactResult
instanceKlass org/gradle/api/internal/artifacts/ivyservice/ivyresolve/ModuleComponentRepository
instanceKlass org/gradle/api/internal/artifacts/MetadataResolutionContext
instanceKlass org/gradle/api/internal/artifacts/ivyservice/ivyresolve/ComponentResolvers
instanceKlass org/gradle/api/internal/artifacts/ivyservice/ivyresolve/ExternalModuleComponentResolverFactory
instanceKlass org/gradle/api/internal/artifacts/ivyservice/resolveengine/artifact/ResolvedArtifactSetResolver
instanceKlass org/gradle/internal/resource/local/LocallyAvailableExternalResource
instanceKlass org/gradle/internal/resource/ExternalResource
instanceKlass org/gradle/internal/resource/local/FileResourceConnector
instanceKlass org/gradle/api/internal/artifacts/transform/TransformStepNodeDependencyResolver
instanceKlass java/lang/FunctionalInterface
instanceKlass org/gradle/internal/component/external/model/ModuleComponentArtifactMetadata
instanceKlass org/gradle/api/internal/artifacts/ivyservice/resolveengine/excludes/ModuleExclusions
instanceKlass org/gradle/api/internal/runtimeshaded/RuntimeShadedJarFactory
instanceKlass org/gradle/internal/resource/local/LocallyAvailableResourceFinder
instanceKlass org/gradle/internal/verifier/HttpRedirectVerifier
instanceKlass org/gradle/initialization/DependenciesAccessors
instanceKlass org/gradle/api/internal/artifacts/transform/TransformExecutionListener
instanceKlass org/gradle/internal/resource/local/FileResourceRepository
instanceKlass org/gradle/internal/resource/ExternalResourceRepository
instanceKlass org/gradle/internal/resolve/caching/CrossBuildCachingRuleExecutor
instanceKlass org/gradle/internal/resolve/caching/CachingRuleExecutor
instanceKlass org/gradle/api/internal/artifacts/ivyservice/ivyresolve/verification/DependencyVerificationOverride
instanceKlass org/gradle/internal/management/DependencyResolutionManagementInternal
instanceKlass org/gradle/api/initialization/resolve/DependencyResolutionManagement
instanceKlass org/gradle/api/internal/artifacts/DefaultProjectDependencyFactory
instanceKlass org/gradle/internal/resource/TextUriResourceLoader$Factory
instanceKlass org/gradle/api/internal/artifacts/repositories/transport/RepositoryTransportFactory
instanceKlass org/gradle/api/internal/artifacts/dsl/CapabilityNotationParser
instanceKlass org/gradle/api/internal/artifacts/dsl/dependencies/DependencyFactoryInternal
instanceKlass org/gradle/api/artifacts/dsl/DependencyFactory
instanceKlass org/gradle/api/internal/artifacts/ivyservice/ivyresolve/strategy/VersionComparator
instanceKlass org/gradle/internal/resource/TextUriResourceLoader
instanceKlass org/gradle/api/internal/artifacts/repositories/resolver/ExternalResourceAccessor
instanceKlass org/gradle/api/internal/artifacts/verification/signatures/SignatureVerificationServiceFactory
instanceKlass org/gradle/api/internal/artifacts/ivyservice/ivyresolve/strategy/VersionSelectorScheme
instanceKlass org/gradle/api/internal/artifacts/mvnsettings/LocalMavenRepositoryLocator
instanceKlass org/gradle/api/internal/artifacts/mvnsettings/MavenSettingsProvider
instanceKlass org/gradle/api/internal/artifacts/mvnsettings/MavenFileLocations
instanceKlass org/gradle/api/internal/artifacts/dsl/dependencies/DependencyConstraintFactoryInternal
instanceKlass org/gradle/api/artifacts/dsl/DependencyConstraintFactory
instanceKlass org/gradle/api/internal/artifacts/DependencyManagementBuildScopeServices
instanceKlass org/gradle/internal/cleanup/DefaultBuildOutputCleanupRegistry
instanceKlass org/gradle/internal/execution/BuildOutputCleanupRegistry
instanceKlass org/gradle/api/internal/artifacts/DependencyManagementServices
instanceKlass org/gradle/api/internal/initialization/ScriptHandlerInternal
instanceKlass org/gradle/api/initialization/dsl/ScriptHandler
instanceKlass org/gradle/api/internal/initialization/DefaultScriptHandlerFactory
instanceKlass org/gradle/api/internal/initialization/DefaultScriptClassPathResolver
instanceKlass org/gradle/internal/composite/DefaultBuildIncluder
instanceKlass org/gradle/internal/build/BuildWorkGraph
instanceKlass org/gradle/internal/build/ExportedTaskNode
instanceKlass org/gradle/internal/build/DefaultBuildWorkGraphController
instanceKlass org/gradle/internal/build/BuildWorkGraphController
instanceKlass org/gradle/execution/plan/WorkNodeDependencyResolver
instanceKlass org/gradle/execution/plan/TaskNodeDependencyResolver
instanceKlass org/gradle/execution/plan/DependencyResolver
instanceKlass org/gradle/api/internal/tasks/WorkDependencyResolver
instanceKlass org/gradle/execution/plan/SelfExecutingNode
instanceKlass org/gradle/execution/plan/Node
instanceKlass org/gradle/internal/execution/WorkValidationContext
instanceKlass org/gradle/internal/execution/WorkValidationContext$TypeOriginInspector
instanceKlass org/gradle/execution/plan/DefaultNodeValidator
instanceKlass org/gradle/execution/plan/NodeValidator
instanceKlass org/gradle/initialization/layout/ResolvedBuildLayout
instanceKlass org/gradle/internal/build/BuildIncluder
instanceKlass org/gradle/initialization/SettingsLoader
instanceKlass org/gradle/initialization/DefaultSettingsLoaderFactory
instanceKlass org/gradle/api/internal/project/ProjectInternal
instanceKlass org/gradle/model/internal/registry/ModelRegistryScope
instanceKlass org/gradle/api/internal/DomainObjectContext
instanceKlass org/gradle/api/internal/file/HasScriptServices
instanceKlass org/gradle/api/internal/project/ProjectIdentifier
instanceKlass org/gradle/api/internal/project/ProjectFactory
instanceKlass org/gradle/api/internal/project/IProjectFactory
instanceKlass org/gradle/api/internal/file/DefaultArchiveOperations
instanceKlass org/gradle/api/file/ArchiveOperations
instanceKlass org/gradle/api/internal/file/DefaultFileSystemOperations
instanceKlass org/gradle/api/file/FileSystemOperations
instanceKlass org/gradle/api/resources/internal/ReadableResourceInternal
instanceKlass org/gradle/api/resources/ReadableResource
instanceKlass org/gradle/api/resources/Resource
instanceKlass org/gradle/internal/resource/LocalBinaryResource
instanceKlass org/gradle/internal/resource/ReadableContent
instanceKlass org/gradle/internal/resource/Resource
instanceKlass org/gradle/api/internal/file/delete/DeleteSpecInternal
instanceKlass org/gradle/api/file/DeleteSpec
instanceKlass org/gradle/api/internal/file/DefaultFileOperations
instanceKlass org/gradle/api/internal/file/FileOperations
instanceKlass org/gradle/process/internal/DefaultExecOperations
# instanceKlass java/lang/invoke/LambdaForm$MH+0x0000000091341400
# instanceKlass java/lang/invoke/LambdaForm$MH+0x0000000091341000
# instanceKlass java/lang/invoke/LambdaForm$MH+0x0000000091340c00
# instanceKlass java/lang/invoke/LambdaForm$MH+0x0000000091340800
# instanceKlass java/lang/invoke/LambdaForm$MH+0x0000000091340400
# instanceKlass java/lang/invoke/LambdaForm$DMH+0x0000000091340000
instanceKlass org/gradle/tooling/provider/model/internal/BuildScopeToolingModelBuilderRegistryAction
instanceKlass org/gradle/api/services/internal/DefaultBuildServicesRegistry
instanceKlass org/gradle/api/services/internal/BuildServiceRegistryInternal
instanceKlass org/gradle/api/services/BuildServiceRegistry
instanceKlass org/gradle/configuration/ConfigurationTargetIdentifier
instanceKlass org/gradle/buildinit/specs/internal/BuildInitSpecRegistry
instanceKlass org/gradle/internal/execution/ExecutionEngine
instanceKlass org/gradle/groovy/scripts/internal/DefaultScriptCompilationHandler
instanceKlass org/gradle/api/internal/resources/DefaultResourceHandler$Factory
instanceKlass org/gradle/api/internal/resources/ApiTextResourceAdapter$Factory
instanceKlass org/gradle/tooling/provider/model/internal/DefaultToolingModelBuilderRegistry
instanceKlass org/gradle/tooling/provider/model/internal/ToolingModelBuilderLookup
instanceKlass org/gradle/tooling/provider/model/ToolingModelBuilderRegistry
instanceKlass org/gradle/api/initialization/SharedModelDefaults
instanceKlass org/gradle/plugin/software/internal/ProjectFeatureDeclarations
instanceKlass org/gradle/api/internal/plugins/PluginManagerInternal
instanceKlass org/gradle/api/plugins/PluginManager
instanceKlass org/gradle/execution/selection/BuildTaskSelector$BuildSpecificSelector
instanceKlass org/gradle/execution/commandline/CommandLineTaskParser
instanceKlass org/gradle/api/internal/tasks/options/OptionReader
instanceKlass org/gradle/internal/management/ToolchainManagementInternal
instanceKlass org/gradle/internal/FinalizableValue
instanceKlass org/gradle/api/toolchain/management/ToolchainManagement
instanceKlass org/gradle/execution/plan/ExecutionPlanFactory
instanceKlass org/gradle/execution/plan/ExecutionNodeAccessHierarchies
instanceKlass org/gradle/execution/plan/TaskDependencyResolver
instanceKlass org/gradle/execution/plan/TaskNodeFactory
instanceKlass org/gradle/execution/plan/OrdinalGroupFactory
instanceKlass org/gradle/initialization/SettingsLoaderFactory
instanceKlass org/gradle/initialization/InitScriptHandler
instanceKlass org/gradle/groovy/scripts/internal/GroovyScriptClassCompiler
instanceKlass org/gradle/plugin/use/internal/PluginRequestApplicator
instanceKlass org/gradle/plugin/management/internal/PluginHandler
instanceKlass org/gradle/plugin/management/internal/argumentloaded/ArgumentSourcedPluginHandler
instanceKlass org/gradle/plugin/management/internal/autoapply/AutoAppliedPluginHandler
instanceKlass org/gradle/api/provider/ProviderFactory
instanceKlass org/gradle/api/internal/provider/sources/process/ProcessOutputProviderFactory
instanceKlass org/gradle/initialization/buildsrc/BuildSourceBuilder
instanceKlass org/gradle/api/internal/initialization/ScriptClassPathResolver
instanceKlass org/gradle/api/internal/tasks/TaskStatistics
instanceKlass org/gradle/api/internal/project/DefaultProjectRegistry
instanceKlass org/gradle/api/internal/project/ProjectRegistry
instanceKlass org/gradle/api/internal/properties/GradleProperties
instanceKlass org/gradle/api/internal/initialization/ScriptHandlerFactory
instanceKlass org/gradle/api/internal/GradleInternal
instanceKlass org/gradle/internal/build/BuildWorkPreparer
instanceKlass org/gradle/initialization/TaskExecutionPreparer
instanceKlass org/gradle/internal/buildoption/FeatureFlag
instanceKlass org/gradle/configuration/CompileOperationFactory
instanceKlass org/gradle/api/invocation/BuildInvocationDetails
instanceKlass org/gradle/groovy/scripts/internal/ScriptCompilationHandler
instanceKlass org/gradle/internal/authentication/AuthenticationSchemeRegistry
instanceKlass org/gradle/internal/operations/logging/BuildOperationLoggerFactory
instanceKlass org/gradle/api/internal/provider/ValueSourceProviderFactory
instanceKlass org/gradle/process/ExecOperations
instanceKlass org/gradle/internal/resource/TextFileResourceLoader
instanceKlass org/gradle/tooling/provider/model/internal/IntermediateToolingModelProvider
instanceKlass org/gradle/api/internal/component/ComponentTypeRegistry
instanceKlass org/gradle/cache/scopes/BuildScopedCacheBuilderFactory
instanceKlass org/gradle/groovy/scripts/internal/ScriptRunnerFactory
instanceKlass org/gradle/api/internal/plugins/PluginAwareInternal
instanceKlass org/gradle/execution/BuildTaskScheduler
instanceKlass org/gradle/execution/taskgraph/TaskExecutionGraphInternal
instanceKlass org/gradle/api/execution/TaskExecutionGraph
instanceKlass org/gradle/execution/plan/NodeExecutor
instanceKlass org/gradle/api/internal/project/ProjectTaskLister
instanceKlass org/gradle/internal/actor/ActorFactory
instanceKlass org/gradle/configuration/ProjectsPreparer
instanceKlass org/gradle/initialization/SettingsPreparer
instanceKlass org/gradle/configuration/InitScriptProcessor
instanceKlass org/gradle/api/internal/project/IsolatedAntBuilder
instanceKlass org/gradle/internal/build/PublicBuildPath
instanceKlass org/gradle/api/internal/initialization/BuildLogicBuilder
instanceKlass org/gradle/groovy/scripts/ScriptCompilerFactory
instanceKlass org/gradle/groovy/scripts/internal/ScriptClassCompiler
instanceKlass org/gradle/initialization/BuildLoader
instanceKlass org/gradle/api/internal/project/taskfactory/ITaskFactory
instanceKlass org/gradle/api/internal/provider/sources/process/ExecSpecFactory
instanceKlass org/gradle/configuration/ScriptPluginFactory
instanceKlass org/gradle/initialization/SettingsProcessor
instanceKlass org/gradle/execution/BuildWorkExecutor
instanceKlass org/gradle/api/internal/tasks/TaskResolver
instanceKlass org/gradle/internal/service/scopes/BuildScopeServices
instanceKlass org/gradle/internal/composite/IncludedBuildInternal
instanceKlass org/gradle/api/initialization/IncludedBuild
instanceKlass org/gradle/internal/buildtree/BuildTreeFinishExecutor
instanceKlass org/gradle/internal/buildtree/BuildTreeWorkExecutor
instanceKlass org/gradle/internal/build/AbstractBuildState
instanceKlass org/gradle/internal/Actions$NullAction
instanceKlass org/gradle/internal/Actions
instanceKlass org/gradle/plugin/management/internal/PluginRequests$EmptyPluginRequests
instanceKlass org/gradle/plugin/management/internal/PluginRequests
instanceKlass org/gradle/api/internal/BuildDefinition
instanceKlass org/gradle/api/problems/internal/ProblemsProgressEventEmitterHolder
instanceKlass org/gradle/initialization/BuildOptionBuildOperationProgressEventsEmitter$2
instanceKlass org/gradle/operations/configuration/IsolatedProjectsSettingsFinalizedProgressDetails
instanceKlass org/gradle/internal/operations/notify/BuildOperationNotificationBridge$Progress
instanceKlass org/gradle/internal/operations/OperationProgressEvent
instanceKlass org/gradle/initialization/BuildOptionBuildOperationProgressEventsEmitter$1
instanceKlass org/gradle/internal/configurationcache/options/ConfigurationCacheSettingsFinalizedProgressDetails
# instanceKlass java/lang/invoke/LambdaForm$MH+0x0000000091331000
# instanceKlass java/lang/invoke/LambdaForm$MH+0x0000000091330c00
# instanceKlass java/lang/invoke/LambdaForm$MH+0x0000000091330800
# instanceKlass java/lang/invoke/LambdaForm$MH+0x0000000091330400
# instanceKlass java/lang/invoke/LambdaForm$MH+0x0000000091330000
instanceKlass org/gradle/internal/extensions/stdlib/ThreadLocalDelegate$Companion
instanceKlass org/gradle/internal/extensions/stdlib/ThreadLocalDelegate
instanceKlass org/gradle/internal/extensions/stdlib/ThreadLocalDelegateKt
instanceKlass org/gradle/internal/cc/impl/InputTrackingState$inputTrackingDisabledCounterForThread$2
instanceKlass kotlin/reflect/jvm/internal/DescriptorKMutableProperty1$$Lambda$0
instanceKlass kotlin/reflect/jvm/internal/DescriptorKProperty1$$Lambda$1
instanceKlass kotlin/reflect/jvm/internal/DescriptorKProperty1$$Lambda$0
instanceKlass kotlin/reflect/jvm/internal/DescriptorKProperty$$Lambda$1
instanceKlass kotlin/reflect/jvm/internal/DescriptorKProperty$$Lambda$0
instanceKlass kotlin/reflect/jvm/internal/DescriptorKCallable$$Lambda$6
instanceKlass kotlin/reflect/jvm/internal/DescriptorKCallable$$Lambda$5
instanceKlass kotlin/reflect/jvm/internal/DescriptorKCallable$$Lambda$4
instanceKlass kotlin/reflect/jvm/internal/DescriptorKCallable$$Lambda$3
instanceKlass kotlin/reflect/jvm/internal/DescriptorKCallable$$Lambda$2
instanceKlass kotlin/reflect/jvm/internal/DescriptorKCallable$$Lambda$1
instanceKlass kotlin/reflect/jvm/internal/ReflectProperties$Val$1
instanceKlass kotlin/reflect/jvm/internal/ReflectProperties$Val
instanceKlass kotlin/reflect/jvm/internal/ReflectProperties
instanceKlass kotlin/reflect/jvm/internal/DescriptorKCallable$$Lambda$0
instanceKlass sun/reflect/misc/ReflectUtil
instanceKlass java/util/concurrent/atomic/AtomicReferenceFieldUpdater
instanceKlass kotlin/SafePublicationLazyImpl$Companion
instanceKlass kotlin/SafePublicationLazyImpl
instanceKlass kotlin/LazyKt__LazyJVMKt$WhenMappings
instanceKlass kotlin/reflect/jvm/internal/KClassImpl$$Lambda$0
instanceKlass kotlin/_Assertions
instanceKlass kotlin/reflect/jvm/internal/impl/name/ClassId$Companion
instanceKlass kotlin/reflect/jvm/internal/impl/name/ClassId
instanceKlass kotlin/collections/ArraysUtilJVM
instanceKlass kotlin/collections/ArraysKt__ArraysJVMKt
instanceKlass kotlin/collections/CollectionsKt__CollectionsJVMKt
instanceKlass java/lang/Override
instanceKlass kotlin/reflect/jvm/internal/impl/resolve/jvm/JvmClassName
instanceKlass kotlin/reflect/jvm/internal/impl/name/Name
instanceKlass kotlin/reflect/jvm/internal/impl/name/FqNameUnsafe$Companion
instanceKlass kotlin/reflect/jvm/internal/impl/name/FqNameUnsafe
instanceKlass kotlin/reflect/jvm/internal/impl/name/FqName$Companion
instanceKlass kotlin/reflect/jvm/internal/impl/load/java/JvmAnnotationNames
instanceKlass kotlin/reflect/jvm/internal/impl/name/FqName
instanceKlass kotlin/reflect/jvm/internal/impl/SpecialJvmAnnotations
instanceKlass kotlin/reflect/jvm/internal/KClassImpl$Companion
instanceKlass kotlin/text/Regex$Companion
instanceKlass kotlin/text/Regex
instanceKlass kotlin/jvm/internal/DefaultConstructorMarker
instanceKlass kotlin/reflect/jvm/internal/KDeclarationContainerImpl$Companion
instanceKlass kotlin/reflect/jvm/internal/impl/types/model/TypeConstructorMarker
instanceKlass kotlin/reflect/jvm/internal/CachesKt$$Lambda$4
instanceKlass kotlin/reflect/jvm/internal/CachesKt$$Lambda$3
instanceKlass kotlin/reflect/jvm/internal/CachesKt$$Lambda$2
instanceKlass kotlin/reflect/jvm/internal/CachesKt$$Lambda$1
instanceKlass kotlin/reflect/jvm/internal/CacheByClass
instanceKlass kotlin/Result$Failure
instanceKlass kotlin/Result$Companion
instanceKlass kotlin/Result
instanceKlass kotlin/reflect/jvm/internal/CacheByClassKt
instanceKlass kotlin/reflect/jvm/internal/CachesKt$$Lambda$0
instanceKlass kotlin/reflect/jvm/internal/CachesKt
instanceKlass kotlin/reflect/jvm/internal/DescriptorKProperty$Companion
instanceKlass kotlin/reflect/jvm/internal/DescriptorKCallable
instanceKlass kotlin/reflect/jvm/internal/KTypeParameterOwnerImpl
instanceKlass kotlin/reflect/jvm/internal/ReflectKProperty
instanceKlass kotlin/reflect/jvm/internal/ReflectKCallable
instanceKlass kotlin/reflect/jvm/internal/KDeclarationContainerImpl
instanceKlass kotlin/jvm/internal/ClassBasedDeclarationContainer
instanceKlass kotlin/reflect/KTypeParameter
instanceKlass kotlin/reflect/KMutableProperty0
instanceKlass kotlin/reflect/KProperty0
instanceKlass kotlin/reflect/KMutableProperty2
instanceKlass kotlin/reflect/KProperty2
instanceKlass kotlin/jvm/functions/Function2
instanceKlass kotlin/jvm/internal/FunctionBase
instanceKlass kotlin/reflect/KType
instanceKlass kotlin/jvm/internal/ReflectionFactory
instanceKlass kotlin/jvm/internal/Reflection
instanceKlass kotlin/jvm/internal/CallableReference$NoReceiver
instanceKlass kotlin/reflect/KProperty$Getter
instanceKlass kotlin/reflect/KMutableProperty$Setter
instanceKlass kotlin/reflect/KFunction
instanceKlass kotlin/reflect/KProperty$Accessor
instanceKlass kotlin/jvm/internal/CallableReference
instanceKlass kotlin/reflect/KMutableProperty1
instanceKlass kotlin/reflect/KMutableProperty
instanceKlass kotlin/reflect/KProperty1
instanceKlass kotlin/reflect/KProperty
instanceKlass kotlin/reflect/KCallable
instanceKlass org/gradle/internal/cc/impl/promo/ConfigurationCachePromoHandler$problems$1
instanceKlass kotlin/UNINITIALIZED_VALUE
instanceKlass kotlin/SynchronizedLazyImpl
instanceKlass kotlin/Lazy
instanceKlass kotlin/LazyKt__LazyJVMKt
instanceKlass  @bci org/gradle/internal/cc/impl/DefaultConfigurationCacheDegradationController <init> (Lorg/gradle/api/internal/provider/ConfigurationTimeBarrier;Lorg/gradle/vcs/internal/VcsMappingsStore;Lorg/gradle/internal/buildtree/BuildModelParameters;)V 59 <appendix> member <vmtarget> ; # org/gradle/internal/cc/impl/DefaultConfigurationCacheDegradationController$$Lambda+0x00000000912c5b80
instanceKlass org/gradle/internal/cc/impl/DefaultConfigurationCacheDegradationController$DegradationDecision
instanceKlass kotlin/jvm/functions/Function0
instanceKlass org/gradle/vcs/internal/DefaultVcsMappingsStore
instanceKlass org/gradle/vcs/internal/DefaultVcsMappingFactory
instanceKlass org/gradle/vcs/internal/services/DefaultVersionControlSpecFactory
instanceKlass org/gradle/internal/typeconversion/CharSequenceNotationConverter
instanceKlass org/gradle/api/internal/notations/ModuleIdentifierNotationConverter
instanceKlass org/gradle/internal/buildoption/DefaultFeatureFlags
instanceKlass org/gradle/internal/resources/AbstractResourceLockRegistry$ResourceLockProducer
instanceKlass  @bci java/util/Comparator comparing (Ljava/util/function/Function;)Ljava/util/Comparator; 6 <appendix> member <vmtarget> ; # java/util/Comparator$$Lambda+0x00000000912e1568
instanceKlass java/lang/classfile/constantpool/IntegerEntry
instanceKlass java/lang/invoke/InnerClassLambdaMetafactory$4
instanceKlass java/lang/invoke/InnerClassLambdaMetafactory$SerializationSupport
instanceKlass  @cpi org/gradle/internal/watch/registry/impl/AbstractFileWatcherUpdater 400 form vmentry <vmtarget> ; # java/lang/invoke/LambdaForm$DMH+0x000000009131a400
instanceKlass  @bci org/gradle/internal/buildtree/ProblemReportingBuildActionRunner <init> (Lorg/gradle/internal/exception/ExceptionAnalyser;Lorg/gradle/internal/initialization/layout/BuildTreeLocations;Ljava/util/List;Lorg/gradle/internal/buildtree/BuildActionRunner;)V 21 <appendix> argL0 ; # org/gradle/internal/buildtree/ProblemReportingBuildActionRunner$$Lambda+0x000000009131c238
instanceKlass org/gradle/launcher/exec/ChainingBuildActionRunner
instanceKlass org/gradle/internal/buildtree/ProblemReportingBuildActionRunner
instanceKlass org/gradle/launcher/exec/BuildOutcomeReportingBuildActionRunner
instanceKlass org/gradle/tooling/internal/provider/FileSystemWatchingBuildActionRunner
instanceKlass org/gradle/launcher/exec/BuildCompletionNotifyingBuildActionRunner
# instanceKlass java/lang/invoke/LambdaForm$MH+0x000000009131a000
# instanceKlass java/lang/invoke/LambdaForm$MH+0x0000000091319c00
# instanceKlass java/lang/invoke/LambdaForm$DMH+0x0000000091319800
# instanceKlass java/lang/invoke/LambdaForm$MH+0x0000000091319400
# instanceKlass java/lang/invoke/LambdaForm$DMH+0x0000000091319000
# instanceKlass java/lang/invoke/LambdaForm$MH+0x0000000091318c00
# instanceKlass java/lang/invoke/LambdaForm$MH+0x0000000091318800
# instanceKlass java/lang/invoke/LambdaForm$MH+0x0000000091318400
# instanceKlass java/lang/invoke/LambdaForm$MH+0x0000000091318000
# instanceKlass java/lang/invoke/LambdaForm$MH+0x0000000091317c00
# instanceKlass java/lang/invoke/LambdaForm$MH+0x0000000091317800
# instanceKlass java/lang/invoke/LambdaForm$MH+0x0000000091317400
# instanceKlass java/lang/invoke/LambdaForm$MH+0x0000000091317000
# instanceKlass java/lang/invoke/LambdaForm$MH+0x0000000091316c00
# instanceKlass java/lang/invoke/LambdaForm$MH+0x0000000091316800
# instanceKlass java/lang/invoke/LambdaForm$MH+0x0000000091316400
# instanceKlass java/lang/invoke/LambdaForm$MH+0x0000000091316000
# instanceKlass java/lang/invoke/LambdaForm$MH+0x0000000091315c00
# instanceKlass java/lang/invoke/LambdaForm$MH+0x0000000091315800
# instanceKlass java/lang/invoke/LambdaForm$MH+0x0000000091315400
# instanceKlass java/lang/invoke/LambdaForm$MH+0x0000000091315000
# instanceKlass java/lang/invoke/LambdaForm$MH+0x0000000091314c00
# instanceKlass java/lang/invoke/LambdaForm$MH+0x0000000091314800
# instanceKlass java/lang/invoke/LambdaForm$MH+0x0000000091314400
# instanceKlass java/lang/invoke/LambdaForm$MH+0x0000000091314000
# instanceKlass java/lang/invoke/LambdaForm$MH+0x0000000091313c00
# instanceKlass java/lang/invoke/LambdaForm$MH+0x0000000091313800
# instanceKlass java/lang/invoke/LambdaForm$MH+0x0000000091313400
# instanceKlass java/lang/invoke/LambdaForm$BMH+0x0000000091313000
# instanceKlass java/lang/invoke/LambdaForm$DMH+0x0000000091312c00
# instanceKlass java/lang/invoke/LambdaForm$DMH+0x0000000091312800
instanceKlass org/gradle/api/problems/internal/DefaultProblemReporter
instanceKlass org/gradle/api/problems/internal/AdditionalDataBuilderFactory$4
instanceKlass org/gradle/api/problems/internal/PropertyTraceData
instanceKlass org/gradle/api/problems/internal/PropertyTraceDataSpec
instanceKlass org/gradle/api/problems/internal/AdditionalDataBuilderFactory$3
instanceKlass org/gradle/api/problems/internal/TypeValidationData
instanceKlass org/gradle/api/problems/internal/TypeValidationDataSpec
instanceKlass org/gradle/api/problems/internal/AdditionalDataBuilderFactory$2
instanceKlass org/gradle/api/problems/internal/DeprecationData
instanceKlass org/gradle/api/problems/internal/DeprecationDataSpec
instanceKlass org/gradle/api/problems/internal/AdditionalDataBuilderFactory$1
instanceKlass org/gradle/api/problems/internal/GeneralData
instanceKlass org/gradle/api/problems/AdditionalData
instanceKlass org/gradle/api/problems/internal/AdditionalDataBuilderFactory$DataTypeAndProvider
instanceKlass org/gradle/api/problems/internal/GeneralDataSpec
instanceKlass org/gradle/api/problems/internal/AdditionalDataSpec
instanceKlass org/gradle/api/problems/internal/AdditionalDataBuilderFactory
instanceKlass org/gradle/api/problems/internal/ProblemsInfrastructure
instanceKlass org/gradle/api/problems/internal/InternalProblemBuilder
instanceKlass org/gradle/api/problems/internal/InternalProblemSpec
instanceKlass org/gradle/api/problems/internal/InternalProblemReporter
instanceKlass org/gradle/api/problems/ProblemReporter
instanceKlass org/gradle/api/problems/internal/DefaultProblems
# instanceKlass java/lang/invoke/LambdaForm$MH+0x0000000091312400
# instanceKlass java/lang/invoke/LambdaForm$MH+0x0000000091312000
# instanceKlass java/lang/invoke/LambdaForm$MH+0x0000000091311c00
# instanceKlass java/lang/invoke/LambdaForm$MH+0x0000000091311800
# instanceKlass java/lang/invoke/LambdaForm$MH+0x0000000091311400
# instanceKlass java/lang/invoke/LambdaForm$MH+0x0000000091311000
# instanceKlass java/lang/invoke/LambdaForm$MH+0x0000000091310c00
# instanceKlass java/lang/invoke/LambdaForm$MH+0x0000000091310800
# instanceKlass java/lang/invoke/LambdaForm$MH+0x0000000091310400
# instanceKlass java/lang/invoke/LambdaForm$MH+0x0000000091310000
instanceKlass org/gradle/internal/snapshot/impl/ArrayOfPrimitiveValueSnapshot
instanceKlass org/gradle/internal/snapshot/impl/AbstractSetSnapshot
instanceKlass org/gradle/internal/snapshot/impl/AbstractListSnapshot
instanceKlass org/gradle/internal/snapshot/impl/AbstractArraySnapshot
instanceKlass org/gradle/internal/snapshot/impl/EnumValueSnapshot
instanceKlass org/gradle/internal/snapshot/impl/JavaSerializedValueSnapshot
instanceKlass org/gradle/internal/snapshot/impl/NullValueSnapshot
instanceKlass org/gradle/internal/snapshot/impl/AbstractManagedValueSnapshot
instanceKlass org/gradle/internal/snapshot/impl/AbstractScalarValueSnapshot
instanceKlass org/gradle/internal/snapshot/impl/AbstractMapSnapshot
instanceKlass org/gradle/internal/snapshot/impl/IsolatableSerializerRegistry$IsolatableSerializer
instanceKlass com/google/common/collect/Synchronized$SynchronizedObject
instanceKlass com/google/common/collect/Table
instanceKlass com/google/common/collect/Synchronized
instanceKlass com/google/common/collect/SortedSetMultimap
instanceKlass com/google/common/collect/Multimaps
instanceKlass com/google/common/collect/MultimapBuilder$LinkedHashSetSupplier
instanceKlass com/google/common/collect/MultimapBuilder$MultimapBuilderWithKeys
instanceKlass com/google/common/collect/MultimapBuilder
instanceKlass org/gradle/api/problems/internal/ProblemLocator
instanceKlass org/gradle/internal/problems/DefaultProblemDiagnosticsFactory$DefaultProblemStream
# instanceKlass java/lang/invoke/LambdaForm$MH+0x0000000091302000
# instanceKlass java/lang/invoke/LambdaForm$MH+0x0000000091301c00
# instanceKlass java/lang/invoke/LambdaForm$MH+0x0000000091301800
# instanceKlass java/lang/invoke/LambdaForm$MH+0x0000000091301400
# instanceKlass java/lang/invoke/LambdaForm$MH+0x0000000091301000
# instanceKlass java/lang/invoke/LambdaForm$MH+0x0000000091300c00
instanceKlass org/gradle/initialization/exception/StackTraceSanitizingExceptionAnalyser
instanceKlass org/gradle/initialization/exception/MultipleBuildFailuresExceptionAnalyser
# instanceKlass java/lang/invoke/LambdaForm$MH+0x0000000091300800
# instanceKlass java/lang/invoke/LambdaForm$MH+0x0000000091300400
# instanceKlass java/lang/invoke/LambdaForm$MH+0x0000000091300000
instanceKlass org/gradle/internal/problems/DefaultProblemDiagnosticsFactory$1
instanceKlass org/gradle/internal/problems/DefaultProblemDiagnosticsFactory$CopyStackTraceTransFormer
instanceKlass org/gradle/internal/code/DefaultUserCodeApplicationContext
instanceKlass  @bci org/gradle/internal/problems/DefaultProblemLocationAnalyzer <clinit> ()V 0 <appendix> argL0 ; # org/gradle/internal/problems/DefaultProblemLocationAnalyzer$$Lambda+0x00000000912dcf20
instanceKlass org/gradle/internal/problems/failure/StackFramePredicate
instanceKlass org/gradle/composite/internal/DefaultIncludedBuildRegistry
# instanceKlass java/lang/invoke/LambdaForm$MH+0x00000000912dbc00
# instanceKlass java/lang/invoke/LambdaForm$MH+0x00000000912db800
# instanceKlass java/lang/invoke/LambdaForm$MH+0x00000000912db400
# instanceKlass java/lang/invoke/LambdaForm$MH+0x00000000912db000
# instanceKlass java/lang/invoke/LambdaForm$MH+0x00000000912dac00
# instanceKlass java/lang/invoke/LambdaForm$MH+0x00000000912da800
# instanceKlass java/lang/invoke/LambdaForm$MH+0x00000000912da400
# instanceKlass java/lang/invoke/LambdaForm$MH+0x00000000912da000
# instanceKlass java/lang/invoke/LambdaForm$MH+0x00000000912d9c00
# instanceKlass java/lang/invoke/LambdaForm$MH+0x00000000912d9800
# instanceKlass java/lang/invoke/LambdaForm$MH+0x00000000912d9400
instanceKlass org/gradle/problems/internal/services/SummarizerStrategy
instanceKlass  @bci org/gradle/problems/internal/services/ProblemsBuildTreeServices createProblemSummarizer (Lorg/gradle/internal/operations/BuildOperationProgressEventEmitter;Lorg/gradle/internal/operations/CurrentBuildOperationRef;Ljava/util/Collection;Lorg/gradle/internal/buildoption/InternalOptions;Lorg/gradle/api/problems/internal/ProblemReportCreator;Lorg/gradle/internal/execution/WorkExecutionTracker;Lorg/gradle/api/internal/StartParameterInternal;)Lorg/gradle/api/problems/internal/ProblemSummarizer; 35 <appendix> member <vmtarget> ; # org/gradle/problems/internal/services/ProblemsBuildTreeServices$$Lambda+0x00000000912dc440
instanceKlass org/gradle/api/problems/internal/TaskIdentityProvider
instanceKlass org/gradle/problems/internal/emitters/ConsoleProblemEmitter
instanceKlass org/gradle/problems/internal/emitters/BuildOperationBasedProblemEmitter
instanceKlass org/gradle/problems/internal/services/DefaultProblemSummarizer
# instanceKlass java/lang/invoke/LambdaForm$MH+0x00000000912d9000
# instanceKlass java/lang/invoke/LambdaForm$MH+0x00000000912d8c00
# instanceKlass java/lang/invoke/LambdaForm$MH+0x00000000912d8800
# instanceKlass java/lang/invoke/LambdaForm$MH+0x00000000912d8400
# instanceKlass java/lang/invoke/LambdaForm$MH+0x00000000912d8000
# instanceKlass java/lang/invoke/LambdaForm$MH+0x00000000912d6c00
# instanceKlass java/lang/invoke/LambdaForm$MH+0x00000000912d6800
# instanceKlass java/lang/invoke/LambdaForm$MH+0x00000000912d6400
instanceKlass org/gradle/internal/execution/DefaultWorkExecutionTracker$OperationListener
instanceKlass org/gradle/internal/execution/DefaultWorkExecutionTracker
instanceKlass org/gradle/internal/configuration/problems/FailureDecorator
instanceKlass  @bci org/gradle/internal/configuration/problems/CommonReport <init> (Lorg/gradle/internal/concurrent/ExecutorFactory;Lorg/gradle/api/internal/file/temp/TemporaryFileProvider;Lorg/gradle/internal/buildoption/InternalOptions;Ljava/lang/String;Ljava/lang/String;Z)V 96 <appendix> member <vmtarget> ; # org/gradle/internal/configuration/problems/CommonReport$$Lambda+0x00000000912d7208
instanceKlass org/gradle/internal/cc/impl/problems/JsonSource
instanceKlass kotlin/jvm/functions/Function1
instanceKlass kotlin/Function
instanceKlass org/gradle/internal/configuration/problems/CommonReport$State
instanceKlass org/gradle/internal/configuration/problems/CommonReport$Companion
instanceKlass kotlin/coroutines/Continuation
instanceKlass org/gradle/problems/internal/impl/DefaultProblemsReportCreator
# instanceKlass java/lang/invoke/LambdaForm$MH+0x00000000912d6000
# instanceKlass java/lang/invoke/LambdaForm$MH+0x00000000912d5c00
# instanceKlass java/lang/invoke/LambdaForm$MH+0x00000000912d5800
# instanceKlass java/lang/invoke/LambdaForm$MH+0x00000000912d5400
# instanceKlass java/lang/invoke/LambdaForm$MH+0x00000000912d5000
# instanceKlass java/lang/invoke/LambdaForm$MH+0x00000000912d4c00
# instanceKlass java/lang/invoke/LambdaForm$MH+0x00000000912d4800
# instanceKlass java/lang/invoke/LambdaForm$MH+0x00000000912d4400
# instanceKlass java/lang/invoke/LambdaForm$MH+0x00000000912d4000
# instanceKlass java/lang/invoke/LambdaForm$MH+0x00000000912d3c00
# instanceKlass java/lang/invoke/LambdaForm$MH+0x00000000912d3800
# instanceKlass java/lang/invoke/LambdaForm$MH+0x00000000912d3400
# instanceKlass java/lang/invoke/LambdaForm$MH+0x00000000912d3000
# instanceKlass java/lang/invoke/LambdaForm$MH+0x00000000912d2c00
# instanceKlass java/lang/invoke/LambdaForm$MH+0x00000000912d2800
# instanceKlass java/lang/invoke/LambdaForm$MH+0x00000000912d2400
# instanceKlass java/lang/invoke/LambdaForm$MH+0x00000000912d2000
# instanceKlass java/lang/invoke/LambdaForm$MH+0x00000000912d1c00
# instanceKlass java/lang/invoke/LambdaForm$MH+0x00000000912d1800
# instanceKlass java/lang/invoke/LambdaForm$DMH+0x00000000912d1400
# instanceKlass java/lang/invoke/LambdaForm$MH+0x00000000912d1000
# instanceKlass java/lang/invoke/LambdaForm$MH+0x00000000912d0c00
# instanceKlass java/lang/invoke/LambdaForm$MH+0x00000000912d0800
# instanceKlass java/lang/invoke/LambdaForm$MH+0x00000000912d0400
# instanceKlass java/lang/invoke/LambdaForm$MH+0x00000000912d0000
# instanceKlass java/lang/invoke/LambdaForm$MH+0x00000000912c9c00
instanceKlass org/gradle/tooling/internal/provider/serialization/DefaultPayloadClassLoaderRegistry$DetailsToClassLoaderTransformer
instanceKlass org/gradle/tooling/internal/provider/serialization/DefaultPayloadClassLoaderRegistry$ClassLoaderToDetailsTransformer
instanceKlass org/gradle/tooling/internal/provider/serialization/ClassLoaderCache$Transformer
instanceKlass org/gradle/tooling/internal/provider/serialization/DefaultPayloadClassLoaderRegistry
instanceKlass org/gradle/tooling/internal/provider/serialization/ClassLoaderDetails
instanceKlass org/gradle/tooling/internal/provider/serialization/SerializeMap
instanceKlass org/gradle/tooling/internal/provider/serialization/DeserializeMap
instanceKlass org/gradle/tooling/internal/provider/serialization/WellKnownClassLoaderRegistry
instanceKlass java/io/ObjectInput
instanceKlass java/io/ObjectStreamConstants
instanceKlass java/io/ObjectOutput
instanceKlass org/gradle/internal/classloader/DelegatingClassLoader
instanceKlass org/gradle/api/internal/initialization/loadercache/ModelClassLoaderFactory
instanceKlass org/gradle/internal/daemon/serialization/DaemonSidePayloadClassLoaderFactory
instanceKlass org/gradle/internal/classpath/DefaultCachedClasspathTransformer$ParallelTransformExecutor
instanceKlass org/gradle/internal/file/impl/SingleDepthFileAccessTracker
instanceKlass org/gradle/cache/internal/DefaultCacheCleanupStrategy
instanceKlass  @bci org/gradle/internal/classpath/DefaultClasspathTransformerCacheFactory createCacheCleanupStrategy (Lorg/gradle/internal/file/FileAccessTimeJournal;)Lorg/gradle/cache/CacheCleanupStrategy; 23 <appendix> member <vmtarget> ; # org/gradle/internal/classpath/DefaultClasspathTransformerCacheFactory$$Lambda+0x00000000912ccff8
instanceKlass  @bci org/gradle/api/internal/cache/DefaultCacheConfigurations getCleanupFrequency ()Lorg/gradle/api/provider/Provider; 5 <appendix> member <vmtarget> ; # org/gradle/api/internal/cache/DefaultCacheConfigurations$$Lambda+0x00000000912cc910
instanceKlass  @bci org/gradle/api/internal/cache/DefaultCacheConfigurations$DefaultCacheResourceConfiguration getEntryRetentionTimestampSupplier ()Ljava/util/function/Supplier; 1 <appendix> member <vmtarget> ; # org/gradle/api/internal/cache/DefaultCacheConfigurations$DefaultCacheResourceConfiguration$$Lambda+0x00000000912cc6e0
instanceKlass org/gradle/cache/internal/SingleDepthFilesFinder
instanceKlass  @bci org/gradle/internal/versionedcache/UnusedVersionsCacheCleanup <init> (Ljava/util/regex/Pattern;Lorg/gradle/internal/versionedcache/CacheVersionMapping;Lorg/gradle/internal/versionedcache/UsedGradleVersions;)V 2 <appendix> member <vmtarget> ; # org/gradle/internal/versionedcache/UnusedVersionsCacheCleanup$$Lambda+0x00000000912c3db0
instanceKlass org/gradle/cache/internal/AbstractCacheCleanup
instanceKlass org/gradle/cache/internal/CompositeCleanupAction$Builder
instanceKlass org/gradle/cache/internal/CompositeCleanupAction
# instanceKlass java/lang/invoke/LambdaForm$MH+0x00000000912c9800
# instanceKlass java/lang/invoke/LambdaForm$MH+0x00000000912c9400
# instanceKlass java/lang/invoke/LambdaForm$MH+0x00000000912c9000
# instanceKlass java/lang/invoke/LambdaForm$MH+0x00000000912c8c00
# instanceKlass java/lang/invoke/LambdaForm$MH+0x00000000912c8800
# instanceKlass java/lang/invoke/LambdaForm$MH+0x00000000912c8400
# instanceKlass java/lang/invoke/LambdaForm$MH+0x00000000912c8000
# instanceKlass java/lang/invoke/LambdaForm$MH+0x00000000912c1c00
# instanceKlass java/lang/invoke/LambdaForm$MH+0x00000000912c1800
# instanceKlass java/lang/invoke/LambdaForm$MH+0x00000000912c1400
instanceKlass  @bci org/gradle/api/internal/artifacts/DependencyManagementBuildScopeServices createRepositoryTransportFactory (Lorg/gradle/api/internal/file/temp/TemporaryFileProvider;Lorg/gradle/api/internal/artifacts/ivyservice/modulecache/FileStoreAndIndexProvider;Lorg/gradle/util/internal/BuildCommencedTimeProvider;Lorg/gradle/api/internal/artifacts/ivyservice/ArtifactCachesProvider;Ljava/util/List;Lorg/gradle/internal/operations/BuildOperationRunner;Lorg/gradle/cache/internal/ProducerGuard;Lorg/gradle/internal/resource/local/FileResourceRepository;Lorg/gradle/internal/hash/ChecksumService;Lorg/gradle/api/internal/artifacts/ivyservice/ivyresolve/StartParameterResolutionOverride;)Lorg/gradle/api/internal/artifacts/repositories/transport/RepositoryTransportFactory; 17 <appendix> form vmentry <vmtarget> ; # java/lang/invoke/LambdaForm$DMH+0x00000000912c1000
instanceKlass org/gradle/internal/classpath/ClasspathBuilder$EntryBuilder
instanceKlass org/gradle/internal/classpath/InPlaceClasspathBuilder
instanceKlass org/gradle/api/internal/initialization/DefaultBuildLogicBuildQueue
instanceKlass org/gradle/api/internal/initialization/BuildLogicBuildQueue
instanceKlass org/gradle/api/internal/project/taskfactory/TaskIdentityFactory
instanceKlass org/gradle/initialization/exception/DefaultExceptionAnalyser
instanceKlass org/gradle/internal/problems/DefaultProblemDiagnosticsFactory
instanceKlass org/gradle/internal/operations/RunnableBuildOperation
instanceKlass org/gradle/execution/TaskPathProjectEvaluator
instanceKlass org/gradle/execution/ProjectConfigurer
instanceKlass org/gradle/internal/buildtree/DeprecationsReporter
instanceKlass org/gradle/api/internal/provider/DefaultConfigurationTimeBarrier
instanceKlass org/gradle/api/internal/project/ProjectState
instanceKlass org/gradle/api/internal/project/DefaultProjectStateRegistry
instanceKlass org/gradle/internal/buildtree/BuildInclusionCoordinator
instanceKlass org/gradle/initialization/BuildOptionBuildOperationProgressEventsEmitter
instanceKlass org/gradle/internal/buildtree/BuildTreeLifecycleListener
instanceKlass org/gradle/internal/build/BuildLifecycleController
instanceKlass org/gradle/internal/build/DefaultBuildLifecycleControllerFactory
instanceKlass org/gradle/internal/build/BuildLifecycleControllerFactory
instanceKlass org/gradle/vcs/internal/VcsResolver
instanceKlass org/gradle/vcs/internal/resolver/VcsVersionSelectionCache
instanceKlass org/gradle/vcs/internal/VcsMappingFactory
instanceKlass org/gradle/vcs/internal/VersionControlSpecFactory
instanceKlass org/gradle/vcs/internal/services/VersionControlServices$VersionControlBuildTreeServices
instanceKlass org/gradle/tooling/internal/provider/runner/AbstractClientProvidedBuildActionRunner$ClientAction
instanceKlass org/gradle/tooling/internal/provider/runner/AbstractClientProvidedBuildActionRunner
instanceKlass org/gradle/execution/EntryTaskSelector
instanceKlass org/gradle/tooling/internal/provider/runner/TestExecutionRequestActionRunner
instanceKlass org/gradle/internal/buildtree/BuildTreeModelAction
instanceKlass org/gradle/tooling/internal/provider/runner/BuildModelActionRunner
instanceKlass org/gradle/tooling/internal/provider/runner/BuildControllerFactory
instanceKlass org/gradle/launcher/exec/RootBuildLifecycleBuildActionExecutor
instanceKlass org/gradle/internal/enterprise/core/GradleEnterprisePluginManager
instanceKlass org/gradle/tooling/internal/provider/LauncherServices$ToolingBuildTreeScopeServices
# instanceKlass java/lang/invoke/LambdaForm$MH+0x00000000912c0c00
# instanceKlass java/lang/invoke/LambdaForm$MH+0x00000000912c0800
# instanceKlass java/lang/invoke/LambdaForm$MH+0x00000000912c0400
# instanceKlass java/lang/invoke/LambdaForm$MH+0x00000000912c0000
instanceKlass org/gradle/profile/BuildProfileServices$1
instanceKlass org/gradle/api/problems/internal/ProblemEmitter
instanceKlass org/gradle/api/internal/TaskInternal
instanceKlass org/gradle/util/Configurable
instanceKlass org/gradle/api/problems/internal/TaskIdentity
instanceKlass org/gradle/api/problems/internal/ProblemSummarizer
instanceKlass org/gradle/api/problems/internal/ProblemReportCreator
instanceKlass org/gradle/problems/internal/services/ProblemsBuildTreeServices
instanceKlass org/gradle/plugins/ide/internal/IdeArtifactStore
instanceKlass org/gradle/api/internal/tasks/compile/processing/AnnotationProcessorDetector
instanceKlass org/gradle/language/java/internal/JavaLanguageServices$1
instanceKlass org/gradle/execution/plan/DefaultPlanExecutor$ExecutorStats
instanceKlass org/gradle/execution/plan/DefaultPlanExecutor
instanceKlass org/gradle/internal/serialize/beans/services/DefaultBeanStateReaderLookup
instanceKlass org/gradle/internal/serialize/graph/BeanStateReaderLookup
instanceKlass org/gradle/internal/serialize/beans/services/DefaultBeanStateWriterLookup
instanceKlass org/gradle/internal/serialize/graph/BeanStateWriterLookup
instanceKlass org/gradle/internal/isolate/actions/services/IsolatedActionCodecsFactory
instanceKlass org/gradle/internal/isolate/graph/IsolationCodecsProvider
instanceKlass org/gradle/internal/enterprise/impl/legacy/DefaultBuildScanBuildStartedTime
instanceKlass org/gradle/internal/scan/time/BuildScanBuildStartedTime
instanceKlass org/gradle/internal/enterprise/impl/legacy/DefaultBuildScanClock
instanceKlass org/gradle/internal/scan/time/BuildScanClock
instanceKlass org/gradle/internal/enterprise/impl/DefaultDevelocityPluginUnsafeConfigurationService
instanceKlass org/gradle/internal/enterprise/DevelocityPluginUnsafeConfigurationService
instanceKlass org/gradle/internal/enterprise/impl/DefaultGradleEnterprisePluginBackgroundJobExecutors
instanceKlass org/gradle/internal/enterprise/impl/GradleEnterprisePluginBackgroundJobExecutorsInternal
instanceKlass org/gradle/internal/enterprise/GradleEnterprisePluginBackgroundJobExecutors
instanceKlass org/gradle/internal/enterprise/impl/DefaultGradleEnterprisePluginConfig
instanceKlass org/gradle/internal/enterprise/GradleEnterprisePluginConfig
instanceKlass org/gradle/internal/enterprise/impl/DefaultGradleEnterprisePluginBuildState
instanceKlass org/gradle/internal/enterprise/GradleEnterprisePluginBuildState
instanceKlass org/gradle/internal/enterprise/impl/DefaultGradleEnterprisePluginServiceRef
instanceKlass org/gradle/internal/enterprise/impl/GradleEnterprisePluginServiceRefInternal
instanceKlass org/gradle/internal/enterprise/GradleEnterprisePluginServiceRef
instanceKlass org/gradle/internal/enterprise/impl/GradleEnterprisePluginAutoAppliedStatus
instanceKlass org/gradle/plugin/management/internal/PluginRequestInternal
instanceKlass org/gradle/plugin/management/PluginRequest
instanceKlass org/gradle/internal/enterprise/impl/GradleEnterpriseAutoAppliedPluginRegistry
instanceKlass org/gradle/plugin/management/internal/autoapply/AutoAppliedPluginRegistry
instanceKlass org/gradle/internal/encryption/impl/DefaultEncryptionService
instanceKlass org/gradle/internal/encryption/EncryptionService
instanceKlass org/gradle/internal/configuration/problems/CommonReport
instanceKlass org/gradle/internal/cc/impl/ConfigurationCacheServices$ConfigurationCacheReportProvider
instanceKlass org/gradle/internal/cc/impl/ConfigurationCacheServices$ExecutionAccessCheckerProvider
instanceKlass org/gradle/internal/resource/transfer/ExternalResourceConnector
instanceKlass org/gradle/internal/resource/transfer/ExternalResourceUploader
instanceKlass org/gradle/internal/resource/transfer/ExternalResourceLister
instanceKlass org/gradle/internal/resource/transfer/ExternalResourceAccessor
instanceKlass org/gradle/internal/cc/impl/services/RemoteScriptUpToDateChecker
instanceKlass org/gradle/internal/cc/impl/ConfigurationCacheServices$RemoteScriptUpToDateCheckerProvider
instanceKlass org/gradle/internal/cc/impl/IgnoredConfigurationInputs
instanceKlass org/gradle/internal/cc/impl/ConfigurationCacheServices$IgnoredConfigurationInputsProvider
instanceKlass org/gradle/internal/cc/impl/fingerprint/ConfigurationCacheFingerprintEventHandler
instanceKlass org/gradle/api/internal/provider/ValueSourceProviderFactory$ValueListener
instanceKlass org/gradle/api/internal/provider/ValueSourceProviderFactory$ComputationListener
instanceKlass org/gradle/internal/cc/impl/UndeclaredBuildInputListener
instanceKlass org/gradle/tooling/provider/model/internal/ToolingModelProjectDependencyListener
instanceKlass org/gradle/groovy/scripts/internal/ScriptSourceListener
instanceKlass org/gradle/internal/scripts/ScriptExecutionListener
instanceKlass org/gradle/internal/resource/local/FileResourceListener
instanceKlass org/gradle/internal/cc/impl/CoupledProjectsListener
instanceKlass org/gradle/internal/cc/impl/services/ConfigurationCacheEnvironment$Listener
instanceKlass org/gradle/api/internal/artifacts/ivyservice/ivyresolve/ChangingValueDependencyResolutionListener
instanceKlass org/gradle/vcs/internal/VcsMappingsStore
instanceKlass org/gradle/execution/ExecutionAccessChecker
instanceKlass org/gradle/internal/cc/impl/InstrumentedExecutionAccessListener
instanceKlass org/gradle/internal/classpath/InstrumentedExecutionAccess$Listener
instanceKlass org/gradle/internal/cc/impl/DeprecatedFeaturesListener
instanceKlass org/gradle/internal/cc/impl/DefaultBuildToolingModelControllerFactory
instanceKlass org/gradle/internal/build/BuildToolingModelControllerFactory
instanceKlass org/gradle/internal/encryption/EncryptionConfiguration
instanceKlass org/gradle/internal/cc/impl/initialization/ConfigurationCacheStartParameter
instanceKlass org/gradle/internal/cc/impl/ConfigurationCacheKey
instanceKlass org/gradle/internal/cc/impl/BuildTreeModelControllerServices$VintageModelProvider
instanceKlass org/gradle/internal/cc/impl/promo/PromoInputsListener
instanceKlass org/gradle/internal/buildtree/DefaultBuildTreeModelSideEffectExecutor
instanceKlass org/gradle/internal/buildtree/BuildTreeModelSideEffectExecutor
instanceKlass org/gradle/internal/cc/impl/BuildTreeModelControllerServices$VintageBuildTreeProvider
instanceKlass org/gradle/internal/scripts/ProjectScopedScriptResolution$1
instanceKlass org/gradle/internal/scripts/ProjectScopedScriptResolution
instanceKlass org/gradle/internal/cc/impl/ConfigurationCacheInputsListener
instanceKlass org/gradle/internal/configuration/inputs/InstrumentedInputsListener
instanceKlass org/gradle/internal/cc/impl/barrier/VintageConfigurationTimeActionRunner
instanceKlass org/gradle/internal/cc/impl/VintageBuildTreeLifecycleControllerFactory
instanceKlass org/gradle/internal/buildtree/BuildTreeLifecycleControllerFactory
instanceKlass org/gradle/internal/cc/impl/initialization/AbstractInjectedClasspathInstrumentationStrategy
instanceKlass org/gradle/plugin/use/resolve/service/internal/InjectedClasspathInstrumentationStrategy
instanceKlass org/gradle/internal/cc/impl/services/DefaultEnvironment
instanceKlass org/gradle/internal/cc/impl/DefaultConfigurationCacheDegradationController
instanceKlass org/gradle/api/internal/ConfigurationCacheDegradationController
instanceKlass org/gradle/internal/cc/impl/promo/ConfigurationCachePromoHandler
instanceKlass org/gradle/internal/cc/impl/InputTrackingState
instanceKlass org/gradle/api/internal/provider/ConfigurationTimeBarrier
instanceKlass org/gradle/internal/configuration/problems/ProblemsListener
instanceKlass org/gradle/internal/cc/impl/initialization/DefaultConfigurationCacheProblemsListener
instanceKlass org/gradle/internal/cc/impl/initialization/ConfigurationCacheProblemsListener
instanceKlass org/gradle/api/internal/ExternalProcessStartedListener
instanceKlass org/gradle/api/internal/BuildScopeListenerRegistrationListener
instanceKlass org/gradle/api/internal/tasks/execution/TaskExecutionAccessListener
instanceKlass org/gradle/execution/ExecutionAccessListener
instanceKlass org/gradle/internal/configuration/problems/DefaultProblemFactory
instanceKlass org/gradle/internal/configuration/problems/ProblemFactory
instanceKlass org/gradle/internal/serialize/codecs/core/jos/JavaSerializationEncodingLookup
instanceKlass org/gradle/tooling/provider/model/internal/ToolingModelParameterCarrier$Factory
instanceKlass org/gradle/internal/cc/impl/BuildTreeModelControllerServices$SharedBuildTreeScopedServices
# instanceKlass java/lang/invoke/LambdaForm$MH+0x00000000912adc00
# instanceKlass java/lang/invoke/LambdaForm$MH+0x00000000912ad800
# instanceKlass java/lang/invoke/LambdaForm$MH+0x00000000912ad400
# instanceKlass java/lang/invoke/LambdaForm$MH+0x00000000912ad000
# instanceKlass java/lang/invoke/LambdaForm$MH+0x00000000912acc00
# instanceKlass java/lang/invoke/LambdaForm$MH+0x00000000912ac800
# instanceKlass java/lang/invoke/LambdaForm$MH+0x00000000912ac400
instanceKlass  @cpi org/gradle/api/internal/runtimeshaded/RuntimeShadedJarCreator 554 form vmentry <vmtarget> ; # java/lang/invoke/LambdaForm$DMH+0x00000000912ac000
instanceKlass org/gradle/internal/cc/impl/BuildTreeModelControllerServices
instanceKlass org/gradle/api/internal/artifacts/ivyservice/projectmodule/LocalComponentCache
instanceKlass org/gradle/api/artifacts/component/BuildIdentifier
instanceKlass org/gradle/internal/model/ModelContainer
instanceKlass org/gradle/api/internal/artifacts/configurations/ConfigurationsProvider
instanceKlass org/gradle/composite/internal/DefaultBuildTreeLocalComponentProvider
instanceKlass org/gradle/api/internal/artifacts/ivyservice/projectmodule/BuildTreeLocalComponentProvider
instanceKlass org/gradle/internal/buildtree/BuildTreeWorkGraphPreparer
instanceKlass org/gradle/execution/plan/PlanExecutor
instanceKlass org/gradle/composite/internal/DefaultIncludedBuildTaskGraph
instanceKlass org/gradle/composite/internal/BuildTreeWorkGraphController
instanceKlass org/gradle/internal/build/IncludedBuildState
instanceKlass org/gradle/composite/internal/DefaultIncludedBuildFactory
instanceKlass org/gradle/internal/buildtree/NestedBuildTree
instanceKlass org/gradle/internal/build/StandAloneNestedBuild
instanceKlass org/gradle/internal/build/NestedBuildState
instanceKlass org/gradle/internal/build/RootBuildState
instanceKlass org/gradle/internal/build/BuildActionTarget
instanceKlass org/gradle/internal/build/CompositeBuildParticipantBuildState
instanceKlass org/gradle/composite/internal/BuildStateFactory
instanceKlass org/gradle/internal/build/IncludedBuildFactory
instanceKlass org/gradle/internal/composite/BuildIncludeListener
instanceKlass org/gradle/api/internal/composite/CompositeBuildContext
instanceKlass org/gradle/api/internal/artifacts/ivyservice/dependencysubstitution/DependencySubstitutionRules
instanceKlass org/gradle/internal/buildtree/GlobalDependencySubstitutionRegistry
instanceKlass org/gradle/composite/internal/CompositeBuildServices$CompositeBuildTreeScopeServices
instanceKlass org/gradle/caching/internal/origin/OriginMetadataFactory
instanceKlass org/gradle/caching/internal/controller/impl/LifecycleAwareBuildCacheControllerFactory
instanceKlass org/gradle/caching/internal/BuildCacheServices$2
instanceKlass org/gradle/api/internal/tasks/testing/results/AggregateTestEventReporter
instanceKlass org/gradle/api/internal/tasks/testing/results/TestExecutionResultsListener
instanceKlass org/gradle/problems/buildtree/ProblemReporter
instanceKlass org/gradle/api/internal/tasks/testing/TestingBasePluginServices$TestingBuildTreeScopeServices
instanceKlass org/gradle/api/internal/artifacts/ivyservice/resolveengine/artifact/ArtifactSet
instanceKlass org/gradle/api/internal/artifacts/ivyservice/resolveengine/excludes/specs/ExcludeSpec
instanceKlass org/gradle/api/internal/artifacts/ivyservice/resolveengine/artifact/VariantArtifactSetCache
instanceKlass org/gradle/internal/resolve/resolver/ResolvedVariantCache
instanceKlass org/gradle/internal/component/local/model/LocalVariantGraphResolveMetadata
instanceKlass org/gradle/internal/component/model/VariantGraphResolveMetadata
instanceKlass org/gradle/internal/component/model/VariantIdentifier
instanceKlass org/gradle/api/internal/artifacts/configurations/ConfigurationInternal$VariantVisitor
instanceKlass org/gradle/api/artifacts/Configuration
instanceKlass org/gradle/api/attributes/HasConfigurableAttributes
instanceKlass org/gradle/api/internal/artifacts/ivyservice/moduleconverter/dependencies/DefaultLocalVariantGraphResolveStateBuilder
instanceKlass org/gradle/api/internal/artifacts/ivyservice/projectmodule/DefaultProjectPublicationRegistry
instanceKlass org/gradle/api/internal/artifacts/ivyservice/projectmodule/ProjectPublicationRegistry
instanceKlass org/gradle/api/internal/artifacts/ivyservice/ivyresolve/ConnectionFailureRepositoryDisabler
instanceKlass org/gradle/api/internal/artifacts/ivyservice/ivyresolve/RepositoryDisabler
instanceKlass org/gradle/api/internal/artifacts/ivyservice/resolveengine/result/AdhocHandlingComponentResultSerializer
instanceKlass org/gradle/api/internal/artifacts/ivyservice/resolveengine/result/ThisBuildTreeOnlyComponentResultSerializer
instanceKlass org/gradle/api/internal/artifacts/ivyservice/resolveengine/result/CompleteComponentResultSerializer
instanceKlass org/gradle/api/internal/artifacts/ivyservice/resolveengine/result/ComponentResultSerializer
instanceKlass org/gradle/internal/component/external/model/ExternalModuleComponentGraphResolveMetadata
instanceKlass org/gradle/internal/component/model/ComponentGraphResolveMetadata
instanceKlass org/gradle/internal/component/external/model/ExternalComponentResolveMetadata
instanceKlass org/gradle/internal/component/external/model/ExternalModuleComponentGraphResolveState
instanceKlass org/gradle/internal/component/external/model/ModuleComponentGraphResolveStateFactory
instanceKlass org/gradle/api/internal/artifacts/ivyservice/moduleconverter/dependencies/LocalVariantGraphResolveStateBuilder
instanceKlass org/gradle/launcher/daemon/server/DaemonRegistryUnavailableExpirationStrategy$1
instanceKlass org/gradle/internal/component/local/model/LocalVariantGraphResolveState
instanceKlass org/gradle/internal/component/model/VariantGraphResolveState
instanceKlass org/gradle/api/internal/attributes/matching/AttributeMatchingCandidate
instanceKlass org/gradle/internal/component/local/model/LocalComponentGraphResolveState
instanceKlass org/gradle/internal/component/model/ComponentGraphResolveState
instanceKlass org/gradle/internal/component/local/model/LocalVariantGraphResolveStateFactory
instanceKlass org/gradle/internal/component/local/model/LocalComponentGraphResolveStateFactory
instanceKlass org/gradle/internal/component/model/ComponentIdGenerator
instanceKlass  @bci org/gradle/launcher/daemon/server/CompatibleDaemonExpirationStrategy checkExpiration ()Lorg/gradle/launcher/daemon/server/expiry/DaemonExpirationResult; 13 <appendix> member <vmtarget> ; # org/gradle/launcher/daemon/server/CompatibleDaemonExpirationStrategy$$Lambda+0x00000000912a4430
instanceKlass org/gradle/api/artifacts/component/ProjectComponentSelector
instanceKlass org/gradle/api/internal/attributes/AttributeDesugaring
instanceKlass java/util/LinkedList$ListItr
instanceKlass org/gradle/internal/id/ConfigurationCacheableIdFactory
instanceKlass org/gradle/api/internal/artifacts/transform/TransformStepNodeFactory
instanceKlass org/gradle/api/internal/project/ProjectStateRegistry
instanceKlass org/gradle/api/internal/artifacts/ivyservice/resolveengine/artifact/ResolvableArtifact
instanceKlass org/gradle/api/internal/artifacts/ivyservice/projectmodule/ProjectArtifactResolver
instanceKlass  @bci org/gradle/cache/internal/FileBackedObjectHolder get ()Ljava/lang/Object; 5 <appendix> member <vmtarget> ; # org/gradle/cache/internal/FileBackedObjectHolder$$Lambda+0x000000009129bb40
instanceKlass org/gradle/api/internal/project/HoldsProjectState
instanceKlass org/gradle/launcher/daemon/registry/PersistentDaemonRegistry$1
instanceKlass org/gradle/internal/resolve/resolver/ArtifactResolver
instanceKlass org/gradle/launcher/daemon/server/health/gc/GarbageCollectionStats
instanceKlass java/util/concurrent/LinkedBlockingDeque$AbstractItr
instanceKlass org/gradle/api/internal/artifacts/ivyservice/ivyresolve/StartParameterResolutionOverride
instanceKlass org/gradle/internal/resource/cached/AbstractCachedIndex
instanceKlass org/gradle/api/internal/artifacts/ivyservice/modulecache/ModuleRepositoryCacheProvider
instanceKlass org/gradle/internal/resource/local/GroupedAndNamedUniqueFileStore
instanceKlass org/gradle/api/internal/artifacts/ivyservice/resolveengine/store/ResolutionResultsStoreFactory
instanceKlass org/gradle/api/internal/filestore/DefaultArtifactIdentifierFileStore$Factory
instanceKlass org/gradle/internal/resource/cached/DefaultExternalResourceFileStore$Factory
instanceKlass org/gradle/api/internal/artifacts/ivyservice/modulecache/FileStoreAndIndexProvider
instanceKlass org/gradle/api/internal/artifacts/ivyservice/modulecache/ModuleRepositoryCaches
instanceKlass org/gradle/api/internal/artifacts/ivyservice/modulecache/ModuleSourcesSerializer
instanceKlass org/gradle/util/internal/BuildCommencedTimeProvider
instanceKlass org/gradle/util/internal/SimpleMapInterner
instanceKlass org/gradle/internal/resource/cached/CachedExternalResourceIndex
instanceKlass org/gradle/api/internal/filestore/ArtifactIdentifierFileStore
instanceKlass org/gradle/internal/resource/cached/ExternalResourceFileStore
instanceKlass org/gradle/internal/resource/local/FileStoreSearcher
instanceKlass org/gradle/internal/resource/local/FileStore
instanceKlass org/gradle/api/internal/artifacts/ivyservice/modulecache/artifacts/AbstractArtifactsCache
instanceKlass org/gradle/api/internal/artifacts/ivyservice/modulecache/artifacts/ModuleArtifactsCache
instanceKlass org/gradle/api/internal/artifacts/ivyservice/modulecache/artifacts/ModuleArtifactCache
instanceKlass org/gradle/api/internal/artifacts/ivyservice/modulecache/AbstractModuleMetadataCache
instanceKlass org/gradle/api/internal/artifacts/ivyservice/modulecache/ModuleMetadataCache
instanceKlass org/gradle/api/internal/artifacts/ivyservice/modulecache/dynamicversions/AbstractModuleVersionsCache
instanceKlass org/gradle/api/internal/artifacts/ivyservice/modulecache/dynamicversions/ModuleVersionsCache
instanceKlass org/gradle/api/internal/artifacts/DependencyManagementBuildTreeScopeServices
instanceKlass org/gradle/api/internal/artifacts/ivyservice/resolveengine/artifact/SelectedArtifactSet
instanceKlass org/gradle/api/internal/artifacts/ivyservice/resolveengine/artifact/ResolvedArtifactSet
instanceKlass org/gradle/api/internal/artifacts/configurations/ResolutionHost
instanceKlass org/gradle/api/internal/artifacts/ivyservice/resolveengine/artifact/ArtifactSetToFileCollectionFactory
instanceKlass org/gradle/internal/buildoption/FeatureFlagListener
instanceKlass org/gradle/api/problems/internal/InternalProblems
instanceKlass org/gradle/api/problems/Problems
instanceKlass org/gradle/execution/TaskSelector
instanceKlass org/gradle/internal/build/BuildStateRegistry
instanceKlass org/gradle/internal/instrumentation/reporting/PropertyUpgradeReportConfig
instanceKlass org/gradle/api/internal/properties/GradlePropertiesListener
instanceKlass org/gradle/initialization/Environment
instanceKlass org/gradle/api/configuration/BuildFeatures
instanceKlass org/gradle/internal/buildoption/FeatureFlags
instanceKlass org/gradle/execution/selection/BuildTaskSelector
instanceKlass org/gradle/api/internal/properties/GradlePropertiesController
instanceKlass org/gradle/initialization/properties/GradlePropertiesLoader
instanceKlass org/gradle/internal/instrumentation/reporting/MethodInterceptionReportCollector
instanceKlass org/gradle/initialization/properties/SystemPropertiesInstaller
instanceKlass org/gradle/internal/buildtree/BuildTreeScopeServices
instanceKlass org/gradle/internal/buildtree/BuildTreeState
instanceKlass org/gradle/internal/id/UniqueId$1
instanceKlass com/google/common/base/Ascii
instanceKlass com/google/common/io/BaseEncoding$Alphabet
instanceKlass com/google/common/io/BaseEncoding
instanceKlass org/gradle/internal/id/UniqueId
instanceKlass org/gradle/internal/buildtree/control/AbstractBuildModelParameters
instanceKlass org/gradle/internal/buildtree/BuildModelParameters
instanceKlass kotlin/collections/MapsKt__MapWithDefaultKt
instanceKlass kotlin/TuplesKt
instanceKlass kotlin/Pair
instanceKlass org/gradle/internal/buildtree/control/InvocationScenarioParameter$Companion
instanceKlass kotlin/collections/AbstractList$Companion
instanceKlass kotlin/collections/AbstractCollection
instanceKlass kotlin/enums/EnumEntries
instanceKlass kotlin/jvm/internal/markers/KMappedMarker
instanceKlass kotlin/enums/EnumEntriesKt
instanceKlass org/gradle/internal/buildtree/control/BuildModelParametersProvider
instanceKlass org/gradle/internal/buildtree/RunTasksRequirements
instanceKlass  @bci org/gradle/initialization/SettingsLocation getSettingsFile ()Ljava/io/File; 7 <appendix> argL0 ; # org/gradle/initialization/SettingsLocation$$Lambda+0x00000000912926b0
instanceKlass org/gradle/internal/logging/sink/ProgressLogEventGenerator$Operation
instanceKlass org/gradle/internal/logging/progress/DefaultProgressLoggerFactory$ProgressLoggerImpl
instanceKlass org/gradle/internal/operations/notify/BuildOperationNotificationBridge$Started
instanceKlass org/gradle/internal/operations/OperationStartEvent
instanceKlass org/gradle/internal/operations/DefaultBuildOperationRunner$DefaultBuildOperationContext
instanceKlass org/gradle/internal/operations/BuildOperationProgressEventListenerAdapter
instanceKlass org/gradle/internal/operations/DefaultBuildOperationRunner$BuildOperationTrackingListener
instanceKlass org/gradle/internal/operations/BuildOperationState
instanceKlass org/gradle/internal/operations/BuildOperationRef
instanceKlass org/gradle/internal/operations/OperationIdentifier
instanceKlass org/gradle/internal/operations/DefaultBuildOperationRunner$2
instanceKlass org/gradle/internal/operations/BuildOperationMetadata$1
instanceKlass org/gradle/internal/operations/BuildOperationDescriptor$Builder
instanceKlass org/gradle/internal/operations/BuildOperationDescriptor
instanceKlass org/gradle/internal/operations/DefaultBuildOperationRunner$CallableBuildOperationWorker
instanceKlass org/gradle/launcher/exec/RunAsBuildOperationBuildActionExecutor$2
instanceKlass org/gradle/internal/operations/notify/BuildOperationProgressNotification
instanceKlass org/gradle/internal/operations/notify/BuildOperationFinishedNotification
instanceKlass org/gradle/internal/operations/notify/BuildOperationStartedNotification
instanceKlass org/gradle/internal/operations/notify/BuildOperationNotificationBridge$Adapter
instanceKlass org/gradle/internal/operations/notify/BuildOperationNotificationBridge$RecordingListener
instanceKlass org/gradle/internal/operations/notify/BuildOperationNotificationBridge$ReplayAndAttachListener
instanceKlass org/gradle/internal/operations/notify/BuildOperationNotificationListener
instanceKlass org/gradle/internal/operations/notify/BuildOperationNotificationBridge$State
instanceKlass  @bci org/gradle/internal/work/DefaultWorkerLeaseService withLocksAcquired (Ljava/util/Collection;Lorg/gradle/internal/Factory;)Ljava/lang/Object; 16 <appendix> member <vmtarget> ; # org/gradle/internal/work/DefaultWorkerLeaseService$$Lambda+0x0000000091287cb0
instanceKlass org/gradle/internal/resources/DefaultResourceLockCoordinationService$AcquireLocks
instanceKlass org/gradle/internal/resources/DefaultResourceLockCoordinationService$1
instanceKlass org/gradle/internal/resources/DefaultResourceLockCoordinationService$DefaultResourceLockState
instanceKlass  @bci org/gradle/internal/resources/DefaultResourceLockCoordinationService withStateLock (Ljava/lang/Runnable;)V 2 <appendix> member <vmtarget> ; # org/gradle/internal/resources/DefaultResourceLockCoordinationService$$Lambda+0x0000000091287188
instanceKlass org/gradle/internal/work/DefaultWorkerLeaseService$2
instanceKlass org/gradle/internal/resources/AbstractTrackedResourceLock
instanceKlass org/gradle/internal/resources/AbstractResourceLockRegistry$ThreadLockDetails
instanceKlass  @bci org/gradle/launcher/exec/RunAsWorkerThreadBuildActionExecutor execute (Lorg/gradle/internal/invocation/BuildAction;Lorg/gradle/internal/session/BuildSessionContext;)Lorg/gradle/internal/buildtree/BuildActionRunner$Result; 7 <appendix> member <vmtarget> ; # org/gradle/launcher/exec/RunAsWorkerThreadBuildActionExecutor$$Lambda+0x0000000091286090
instanceKlass org/gradle/internal/buildtree/BuildActionRunner$Result
instanceKlass org/gradle/internal/buildtree/BuildActionModelRequirements
instanceKlass org/gradle/launcher/exec/BuildTreeLifecycleBuildActionExecutor
instanceKlass org/gradle/launcher/exec/RunAsBuildOperationBuildActionExecutor$1
instanceKlass org/gradle/launcher/exec/RunBuildBuildOperationType$Details
instanceKlass org/gradle/launcher/exec/RunAsBuildOperationBuildActionExecutor
instanceKlass org/gradle/launcher/exec/RunAsWorkerThreadBuildActionExecutor
instanceKlass org/gradle/execution/CancellableOperationManager
instanceKlass org/gradle/tooling/internal/provider/continuous/ContinuousBuildActionExecutor
instanceKlass org/gradle/tooling/internal/provider/SubscribableBuildActionExecutor
# instanceKlass java/lang/invoke/LambdaForm$MH+0x000000009128e000
# instanceKlass java/lang/invoke/LambdaForm$MH+0x000000009128dc00
# instanceKlass java/lang/invoke/LambdaForm$DMH+0x000000009128d800
# instanceKlass java/lang/invoke/LambdaForm$MH+0x000000009128d400
# instanceKlass java/lang/invoke/LambdaForm$DMH+0x000000009128d000
# instanceKlass java/lang/invoke/LambdaForm$MH+0x000000009128cc00
# instanceKlass java/lang/invoke/LambdaForm$DMH+0x000000009128c800
# instanceKlass java/lang/invoke/LambdaForm$MH+0x000000009128c400
# instanceKlass java/lang/invoke/LambdaForm$DMH+0x000000009128c000
# instanceKlass java/lang/invoke/LambdaForm$MH+0x000000009128bc00
# instanceKlass java/lang/invoke/LambdaForm$DMH+0x000000009128b800
# instanceKlass java/lang/invoke/LambdaForm$MH+0x000000009128b400
# instanceKlass java/lang/invoke/LambdaForm$DMH+0x000000009128b000
# instanceKlass java/lang/invoke/LambdaForm$MH+0x000000009128ac00
# instanceKlass java/lang/invoke/LambdaForm$DMH+0x000000009128a800
# instanceKlass java/lang/invoke/LambdaForm$MH+0x000000009128a400
# instanceKlass java/lang/invoke/LambdaForm$DMH+0x000000009128a000
# instanceKlass java/lang/invoke/LambdaForm$MH+0x0000000091289c00
# instanceKlass java/lang/invoke/LambdaForm$DMH+0x0000000091289800
# instanceKlass java/lang/invoke/LambdaForm$MH+0x0000000091289400
# instanceKlass java/lang/invoke/LambdaForm$DMH+0x0000000091289000
# instanceKlass java/lang/invoke/LambdaForm$MH+0x0000000091288c00
# instanceKlass java/lang/invoke/LambdaForm$DMH+0x0000000091288800
# instanceKlass java/lang/invoke/LambdaForm$MH+0x0000000091288400
# instanceKlass java/lang/invoke/LambdaForm$MH+0x0000000091288000
# instanceKlass java/lang/invoke/LambdaForm$MH+0x0000000091283c00
# instanceKlass java/lang/invoke/LambdaForm$MH+0x0000000091283800
# instanceKlass java/lang/invoke/LambdaForm$MH+0x0000000091283400
# instanceKlass java/lang/invoke/LambdaForm$MH+0x0000000091283000
# instanceKlass java/lang/invoke/LambdaForm$MH+0x0000000091282c00
# instanceKlass java/lang/invoke/LambdaForm$MH+0x0000000091282800
# instanceKlass java/lang/invoke/LambdaForm$MH+0x0000000091282400
# instanceKlass java/lang/invoke/LambdaForm$MH+0x0000000091282000
# instanceKlass java/lang/invoke/LambdaForm$MH+0x0000000091281c00
# instanceKlass java/lang/invoke/LambdaForm$MH+0x0000000091281800
# instanceKlass java/lang/invoke/LambdaForm$BMH+0x0000000091281400
# instanceKlass java/lang/invoke/LambdaForm$DMH+0x0000000091281000
# instanceKlass java/lang/invoke/LambdaForm$DMH+0x0000000091280c00
instanceKlass org/gradle/internal/snapshot/ValueSnapshot
instanceKlass org/gradle/internal/snapshot/impl/DefaultValueSnapshotter$ValueSnapshotVisitor
instanceKlass org/gradle/internal/resources/LeaseHolder
instanceKlass org/gradle/internal/resources/LockCache
instanceKlass org/gradle/internal/resources/AbstractResourceLockRegistry
instanceKlass org/gradle/internal/resources/ResourceLockContainer
instanceKlass org/gradle/internal/resources/ResourceLockRegistry
instanceKlass org/gradle/internal/work/DefaultWorkerLeaseService$Registries
instanceKlass org/gradle/internal/work/ResourceLockStatistics$1
instanceKlass org/gradle/internal/work/DefaultWorkerLimits
instanceKlass org/gradle/internal/InternalBuildListener
instanceKlass org/gradle/internal/InternalListener
instanceKlass org/gradle/internal/operations/notify/BuildOperationNotificationBridge$1
instanceKlass org/gradle/internal/operations/DefaultBuildOperationProgressEventEmitter
instanceKlass org/gradle/deployment/internal/DefaultDeploymentRegistry$PendingChanges
instanceKlass org/gradle/deployment/internal/ContinuousExecutionGate$GateKeeper
instanceKlass org/gradle/deployment/internal/DefaultContinuousExecutionGate
instanceKlass org/gradle/deployment/internal/ContinuousExecutionGate
# instanceKlass java/lang/invoke/LambdaForm$MH+0x0000000091280800
# instanceKlass java/lang/invoke/LambdaForm$MH+0x0000000091280400
# instanceKlass java/lang/invoke/LambdaForm$MH+0x0000000091280000
instanceKlass org/gradle/internal/execution/WorkInputListener
instanceKlass org/gradle/internal/service/scopes/DefaultWorkInputListeners
instanceKlass org/gradle/internal/operations/DefaultBuildOperationListenerManager$ProgressShieldingBuildOperationListener
instanceKlass  @bci org/gradle/internal/operations/DefaultBuildOperationListenerManager addListener (Lorg/gradle/internal/operations/BuildOperationListener;)V 5 <appendix> member <vmtarget> ; # org/gradle/internal/operations/DefaultBuildOperationListenerManager$$Lambda+0x000000009127c000
instanceKlass org/gradle/internal/operations/DefaultBuildOperationAncestryTracker
instanceKlass  @bci org/gradle/api/internal/artifacts/DependencyManagementValueSnapshotterSerializerRegistry <init> (Lorg/gradle/api/internal/artifacts/ImmutableModuleIdentifierFactory;Lorg/gradle/api/internal/attributes/AttributesFactory;Lorg/gradle/api/internal/model/NamedObjectInstantiator;Lorg/gradle/api/internal/artifacts/ivyservice/resolveengine/result/ComponentSelectionDescriptorFactory;)V 265 <appendix> member <vmtarget> ; # org/gradle/api/internal/artifacts/DependencyManagementValueSnapshotterSerializerRegistry$$Lambda+0x00000000912788e8
instanceKlass org/gradle/api/internal/artifacts/ivyservice/resolveengine/result/ComponentSelectionReasonInternal
instanceKlass org/gradle/api/internal/artifacts/ivyservice/resolveengine/result/ComponentSelectionReasonSerializer
instanceKlass org/gradle/api/internal/artifacts/ivyservice/resolveengine/result/ComponentSelectionDescriptorSerializer
instanceKlass  @bci org/gradle/api/internal/artifacts/DependencyManagementValueSnapshotterSerializerRegistry <init> (Lorg/gradle/api/internal/artifacts/ImmutableModuleIdentifierFactory;Lorg/gradle/api/internal/attributes/AttributesFactory;Lorg/gradle/api/internal/model/NamedObjectInstantiator;Lorg/gradle/api/internal/artifacts/ivyservice/resolveengine/result/ComponentSelectionDescriptorFactory;)V 202 <appendix> member <vmtarget> ; # org/gradle/api/internal/artifacts/DependencyManagementValueSnapshotterSerializerRegistry$$Lambda+0x0000000091278000
instanceKlass org/gradle/api/internal/artifacts/DefaultProjectComponentIdentifier
instanceKlass org/gradle/api/internal/artifacts/ProjectComponentIdentifierInternal
instanceKlass org/gradle/api/artifacts/component/ProjectComponentIdentifier
instanceKlass org/gradle/internal/component/external/model/DefaultModuleComponentIdentifier
instanceKlass org/gradle/api/artifacts/component/ModuleComponentIdentifier
instanceKlass org/gradle/api/internal/artifacts/metadata/TransformedComponentFileArtifactIdentifierSerializer
instanceKlass org/gradle/internal/component/local/model/TransformedComponentFileArtifactIdentifier
instanceKlass org/gradle/api/internal/artifacts/metadata/ComponentFileArtifactIdentifierSerializer
instanceKlass org/gradle/api/internal/artifacts/metadata/ModuleComponentFileArtifactIdentifierSerializer
instanceKlass org/gradle/api/internal/artifacts/metadata/ComponentArtifactIdentifierSerializer
instanceKlass org/gradle/api/internal/artifacts/DependencyManagementValueSnapshotterSerializerRegistry$OpaqueComponentArtifactIdentifierSerializer
instanceKlass org/gradle/api/artifacts/PublishArtifact
instanceKlass org/gradle/api/internal/artifacts/metadata/PublishArtifactLocalArtifactMetadataSerializer
instanceKlass org/gradle/api/internal/artifacts/ivyservice/resolveengine/result/CapabilitySerializer
instanceKlass org/gradle/api/artifacts/VersionConstraint
instanceKlass org/gradle/api/internal/artifacts/ModuleComponentSelectorSerializer
instanceKlass org/gradle/api/internal/artifacts/ModuleVersionIdentifierSerializer
instanceKlass org/gradle/internal/resolve/caching/DesugaringAttributeContainerSerializer
instanceKlass org/gradle/api/internal/capabilities/ImmutableCapability
instanceKlass org/gradle/api/internal/capabilities/CapabilityInternal
instanceKlass org/gradle/api/artifacts/capability/CapabilitySelector
instanceKlass org/gradle/api/internal/artifacts/capability/CapabilitySelectorSerializer
instanceKlass org/gradle/api/artifacts/result/ResolvedComponentResult
instanceKlass org/gradle/api/artifacts/result/ComponentResult
instanceKlass org/gradle/api/artifacts/component/ComponentSelector
instanceKlass org/gradle/api/artifacts/result/ComponentSelectionReason
instanceKlass org/gradle/api/artifacts/result/ResolvedVariantResult
instanceKlass org/gradle/internal/component/local/model/ComponentFileArtifactIdentifier
instanceKlass org/gradle/internal/component/external/model/DefaultModuleComponentArtifactIdentifier
instanceKlass org/gradle/internal/component/external/model/ModuleComponentArtifactIdentifier
instanceKlass org/gradle/internal/component/local/model/OpaqueComponentArtifactIdentifier
instanceKlass org/gradle/api/artifacts/component/ComponentIdentifier
instanceKlass org/gradle/internal/component/local/model/PublishArtifactLocalArtifactMetadata
instanceKlass org/gradle/api/artifacts/component/ComponentArtifactIdentifier
instanceKlass org/gradle/internal/component/local/model/LocalComponentArtifactMetadata
instanceKlass org/gradle/internal/component/model/ComponentArtifactMetadata
instanceKlass org/gradle/api/artifacts/ModuleVersionIdentifier
instanceKlass org/gradle/api/capabilities/Capability
# instanceKlass java/lang/invoke/LambdaForm$MH+0x0000000091275000
# instanceKlass java/lang/invoke/LambdaForm$MH+0x0000000091274c00
# instanceKlass java/lang/invoke/LambdaForm$MH+0x0000000091274800
# instanceKlass java/lang/invoke/LambdaForm$MH+0x0000000091274400
# instanceKlass java/lang/invoke/LambdaForm$MH+0x0000000091274000
# instanceKlass java/lang/invoke/LambdaForm$MH+0x000000009126ec00
instanceKlass org/gradle/api/internal/artifacts/ivyservice/resolveengine/result/ComponentSelectionDescriptorInternal
instanceKlass org/gradle/api/artifacts/result/ComponentSelectionDescriptor
instanceKlass org/gradle/api/internal/artifacts/ivyservice/resolveengine/result/CachingComponentSelectionDescriptorFactory
instanceKlass org/gradle/api/internal/attributes/UsageCompatibilityHandler
# instanceKlass java/lang/invoke/LambdaForm$MH+0x000000009126e800
instanceKlass org/gradle/api/internal/attributes/AbstractAttributeContainer
instanceKlass org/gradle/internal/snapshot/impl/DefaultIsolatableFactory$IsolatableVisitor
instanceKlass org/gradle/internal/snapshot/impl/AbstractValueProcessor$ValueVisitor
instanceKlass org/gradle/internal/snapshot/impl/AbstractValueProcessor
instanceKlass com/google/common/cache/LocalCache$StrongValueReference
instanceKlass org/gradle/api/internal/provider/ManagedFactories$ProviderManagedFactory
instanceKlass org/gradle/api/internal/provider/ManagedFactories$PropertyManagedFactory
instanceKlass org/gradle/api/internal/provider/ManagedFactories$MapPropertyManagedFactory
instanceKlass org/gradle/api/internal/provider/ManagedFactories$ListPropertyManagedFactory
instanceKlass org/gradle/api/internal/provider/CollectionPropertyInternal
instanceKlass org/gradle/api/internal/provider/CollectionProviderInternal
instanceKlass org/gradle/api/internal/provider/ManagedFactories$SetPropertyManagedFactory
instanceKlass org/gradle/api/internal/file/ManagedFactories$DirectoryPropertyManagedFactory
instanceKlass org/gradle/api/internal/file/ManagedFactories$DirectoryManagedFactory
instanceKlass org/gradle/api/internal/file/ManagedFactories$RegularFilePropertyManagedFactory
instanceKlass org/gradle/api/internal/file/ManagedFactories$RegularFileManagedFactory
instanceKlass org/gradle/api/internal/file/collections/ManagedFactories$ConfigurableFileCollectionManagedFactory
instanceKlass org/gradle/internal/state/DefaultManagedFactoryRegistry
# instanceKlass java/lang/invoke/LambdaForm$MH+0x000000009126e400
# instanceKlass java/lang/invoke/LambdaForm$MH+0x000000009126e000
# instanceKlass java/lang/invoke/LambdaForm$MH+0x000000009126dc00
# instanceKlass java/lang/invoke/LambdaForm$MH+0x000000009126d800
# instanceKlass java/lang/invoke/LambdaForm$MH+0x000000009126d400
# instanceKlass java/lang/invoke/LambdaForm$MH+0x000000009126d000
# instanceKlass java/lang/invoke/LambdaForm$MH+0x000000009126cc00
# instanceKlass java/lang/invoke/LambdaForm$MH+0x000000009126c800
instanceKlass org/gradle/internal/classloader/ConfigurableClassLoaderHierarchyHasher
# instanceKlass java/lang/invoke/LambdaForm$MH+0x000000009126c400
# instanceKlass java/lang/invoke/LambdaForm$MH+0x000000009126c000
instanceKlass org/gradle/api/internal/initialization/loadercache/DefaultClasspathHasher
instanceKlass  @bci org/gradle/api/internal/changedetection/state/PropertiesFileAwareClasspathResourceHasher appendConfigurationToHasher (Lorg/gradle/internal/hash/Hasher;)V 48 <appendix> member <vmtarget> ; # org/gradle/api/internal/changedetection/state/PropertiesFileAwareClasspathResourceHasher$$Lambda+0x0000000091268e00
instanceKlass  @bci org/gradle/api/internal/changedetection/state/PropertiesFileAwareClasspathResourceHasher appendConfigurationToHasher (Lorg/gradle/internal/hash/Hasher;)V 28 <appendix> member <vmtarget> ; # org/gradle/api/internal/changedetection/state/PropertiesFileAwareClasspathResourceHasher$$Lambda+0x0000000091268bc0
instanceKlass org/gradle/internal/fingerprint/impl/EmptyCurrentFileCollectionFingerprint
instanceKlass  @bci org/gradle/api/internal/changedetection/state/ZipHasher <init> (Lorg/gradle/internal/fingerprint/hashing/ResourceHasher;)V 10 <appendix> argL0 ; # org/gradle/api/internal/changedetection/state/ZipHasher$$Lambda+0x0000000091262c90
instanceKlass org/gradle/internal/snapshot/AbstractFileSystemLocationSnapshot
instanceKlass org/gradle/internal/snapshot/FileSystemLeafSnapshot
instanceKlass org/gradle/api/internal/changedetection/state/ZipHasher$HashingExceptionReporter
instanceKlass org/gradle/internal/fingerprint/hashing/ZipEntryContext
instanceKlass org/gradle/api/internal/file/archive/ZipInput
instanceKlass org/gradle/api/internal/changedetection/state/ZipHasher
instanceKlass org/gradle/api/internal/changedetection/state/IgnoringResourceHasher
instanceKlass  @bci org/gradle/api/internal/changedetection/state/PropertiesFileAwareClasspathResourceHasher <init> (Lorg/gradle/internal/fingerprint/hashing/ResourceHasher;Ljava/util/Map;)V 18 <appendix> member <vmtarget> ; # org/gradle/api/internal/changedetection/state/PropertiesFileAwareClasspathResourceHasher$$Lambda+0x00000000912676a0
instanceKlass org/gradle/api/internal/changedetection/state/LineEndingNormalizingResourceHasher$1
instanceKlass org/gradle/api/internal/file/archive/ZipEntry
instanceKlass org/gradle/api/internal/changedetection/state/FallbackHandlingResourceHasher
instanceKlass org/gradle/internal/snapshot/RelativePathTrackingFileSystemSnapshotHierarchyVisitor
instanceKlass org/gradle/internal/fingerprint/CurrentFileCollectionFingerprint
instanceKlass org/gradle/internal/fingerprint/FileCollectionFingerprint
instanceKlass org/gradle/internal/fingerprint/impl/AbstractFingerprintingStrategy
instanceKlass org/gradle/api/internal/changedetection/state/RuntimeClasspathResourceHasher
instanceKlass org/gradle/api/internal/changedetection/state/PropertiesFileFilter
instanceKlass org/gradle/api/internal/changedetection/state/ResourceEntryFilter$1
instanceKlass org/gradle/api/internal/changedetection/state/ResourceEntryFilter
instanceKlass org/gradle/api/internal/changedetection/state/ResourceFilter$1
instanceKlass org/gradle/api/internal/changedetection/state/ResourceFilter
instanceKlass org/gradle/internal/fingerprint/FingerprintingStrategy
instanceKlass org/gradle/internal/fingerprint/impl/AbstractFileCollectionFingerprinter
instanceKlass org/gradle/api/internal/changedetection/state/CachingResourceHasher
instanceKlass org/gradle/internal/fingerprint/hashing/ResourceHasher
instanceKlass org/gradle/internal/fingerprint/hashing/ZipEntryContextHasher
instanceKlass org/gradle/internal/fingerprint/hashing/RegularFileSnapshotContextHasher
instanceKlass org/gradle/internal/fingerprint/hashing/ConfigurableNormalizer
instanceKlass org/gradle/api/internal/changedetection/state/DefaultResourceSnapshotterCacheService
instanceKlass org/gradle/api/internal/file/FileCollectionStructureVisitor
instanceKlass org/gradle/internal/fingerprint/impl/DefaultFileCollectionSnapshotter
instanceKlass  @bci java/util/function/Predicate or (Ljava/util/function/Predicate;)Ljava/util/function/Predicate; 7 <appendix> member <vmtarget> ; # java/util/function/Predicate$$Lambda+0x000000009117b610
instanceKlass  @bci org/gradle/internal/snapshot/impl/DirectorySnapshotter$DefaultExcludes <init> (Ljava/util/Collection;)V 249 <appendix> argL0 ; # org/gradle/internal/snapshot/impl/DirectorySnapshotter$DefaultExcludes$$Lambda+0x000000009125f0e8
instanceKlass  @bci org/gradle/internal/snapshot/impl/DirectorySnapshotter$DefaultExcludes <init> (Ljava/util/Collection;)V 244 <appendix> argL0 ; # org/gradle/internal/snapshot/impl/DirectorySnapshotter$DefaultExcludes$$Lambda+0x000000009125ee90
instanceKlass  @bci org/gradle/internal/snapshot/impl/DirectorySnapshotter$DefaultExcludes <init> (Ljava/util/Collection;)V 146 <appendix> argL0 ; # org/gradle/internal/snapshot/impl/DirectorySnapshotter$DefaultExcludes$$Lambda+0x000000009125ec38
instanceKlass  @bci org/gradle/internal/snapshot/impl/DirectorySnapshotter$DefaultExcludes <init> (Ljava/util/Collection;)V 180 <appendix> argL0 ; # org/gradle/internal/snapshot/impl/DirectorySnapshotter$DefaultExcludes$$Lambda+0x000000009125e9e0
instanceKlass  @bci java/util/function/Predicate and (Ljava/util/function/Predicate;)Ljava/util/function/Predicate; 7 <appendix> member <vmtarget> ; # java/util/function/Predicate$$Lambda+0x000000009117ae00
instanceKlass  @cpi java/util/function/Predicate 72 form vmentry <vmtarget> ; # java/lang/invoke/LambdaForm$DMH+0x0000000091262400
instanceKlass org/gradle/internal/snapshot/impl/DirectorySnapshotter$DefaultExcludes$EndMatcher
instanceKlass org/gradle/internal/snapshot/impl/DirectorySnapshotter$DefaultExcludes$StartMatcher
instanceKlass org/gradle/internal/snapshot/impl/DirectorySnapshotter$DefaultExcludes
instanceKlass org/gradle/internal/snapshot/impl/DirectorySnapshotter$1
instanceKlass org/gradle/internal/snapshot/impl/DirectorySnapshotter$SymbolicLinkMapping
instanceKlass org/gradle/internal/snapshot/impl/DirectorySnapshotter
instanceKlass  @bci com/google/common/util/concurrent/Striped lock (I)Lcom/google/common/util/concurrent/Striped; 1 <appendix> argL0 ; # com/google/common/util/concurrent/Striped$$Lambda+0x000000009125da20
instanceKlass java/util/concurrent/Semaphore
instanceKlass com/google/common/util/concurrent/Striped
instanceKlass org/gradle/internal/vfs/impl/DefaultFileSystemAccess$StripedProducerGuard
instanceKlass org/gradle/internal/snapshot/FileSystemLocationSnapshot
instanceKlass org/gradle/internal/vfs/impl/DefaultFileSystemAccess
# instanceKlass java/lang/invoke/LambdaForm$MH+0x0000000091262000
# instanceKlass java/lang/invoke/LambdaForm$MH+0x0000000091261c00
# instanceKlass java/lang/invoke/LambdaForm$MH+0x0000000091261800
# instanceKlass java/lang/invoke/LambdaForm$MH+0x0000000091261400
# instanceKlass java/lang/invoke/LambdaForm$MH+0x0000000091261000
# instanceKlass java/lang/invoke/LambdaForm$MH+0x0000000091260c00
# instanceKlass java/lang/invoke/LambdaForm$MH+0x0000000091260800
# instanceKlass java/lang/invoke/LambdaForm$MH+0x0000000091260400
# instanceKlass java/lang/invoke/LambdaForm$MH+0x0000000091260000
instanceKlass org/gradle/internal/snapshot/impl/DirectorySnapshotterStatistics
instanceKlass  @bci org/gradle/internal/service/scopes/VirtualFileSystemServices$GradleUserHomeServices createVirtualFileSystem (Lorg/gradle/internal/watch/vfs/impl/FileWatchingFilter;Lorg/gradle/api/internal/DocumentationRegistry;Lorg/gradle/internal/nativeintegration/NativeCapabilities;Lorg/gradle/internal/event/ListenerManager;Lorg/gradle/internal/watch/vfs/FileChangeListeners;Lorg/gradle/internal/nativeintegration/services/NativeServices$FileEventFunctionsProvider;Lorg/gradle/internal/nativeintegration/filesystem/FileSystem;Lorg/gradle/internal/watch/vfs/WatchableFileSystemDetector;)Lorg/gradle/internal/watch/vfs/BuildLifecycleAwareVirtualFileSystem; 88 <appendix> member <vmtarget> ; # org/gradle/internal/service/scopes/VirtualFileSystemServices$GradleUserHomeServices$$Lambda+0x000000009125be80
instanceKlass org/gradle/internal/build/BuildAddedListener
instanceKlass org/gradle/internal/snapshot/EmptyChildMap
instanceKlass org/gradle/internal/snapshot/ChildMap$StoreHandler
instanceKlass org/gradle/internal/snapshot/ChildMap$NodeHandler
instanceKlass org/gradle/internal/vfs/impl/VersionHierarchy
instanceKlass org/gradle/internal/vfs/impl/VersionHierarchyRoot
instanceKlass  @bci org/gradle/internal/service/scopes/VirtualFileSystemServices$GradleUserHomeServices lambda$createVirtualFileSystem$1 (Lorg/gradle/internal/snapshot/SnapshotHierarchy;Lorg/gradle/api/internal/DocumentationRegistry;Lorg/gradle/internal/watch/vfs/impl/FileWatchingFilter;Lorg/gradle/internal/watch/vfs/WatchableFileSystemDetector;Lorg/gradle/internal/watch/vfs/FileChangeListeners;Lorg/gradle/internal/watch/registry/FileWatcherRegistryFactory;)Lorg/gradle/internal/watch/vfs/BuildLifecycleAwareVirtualFileSystem; 8 <appendix> member <vmtarget> ; # org/gradle/internal/service/scopes/VirtualFileSystemServices$GradleUserHomeServices$$Lambda+0x000000009125ac50
instanceKlass org/gradle/internal/watch/registry/impl/FileSystemWatchingDocumentationIndex
instanceKlass org/gradle/internal/snapshot/SnapshotHierarchy$NodeDiffListener
instanceKlass org/gradle/internal/snapshot/MetadataSnapshot
instanceKlass org/gradle/internal/vfs/impl/AbstractVirtualFileSystem
instanceKlass  @bci org/gradle/internal/service/scopes/VirtualFileSystemServices$GradleUserHomeServices createVirtualFileSystem (Lorg/gradle/internal/watch/vfs/impl/FileWatchingFilter;Lorg/gradle/api/internal/DocumentationRegistry;Lorg/gradle/internal/nativeintegration/NativeCapabilities;Lorg/gradle/internal/event/ListenerManager;Lorg/gradle/internal/watch/vfs/FileChangeListeners;Lorg/gradle/internal/nativeintegration/services/NativeServices$FileEventFunctionsProvider;Lorg/gradle/internal/nativeintegration/filesystem/FileSystem;Lorg/gradle/internal/watch/vfs/WatchableFileSystemDetector;)Lorg/gradle/internal/watch/vfs/BuildLifecycleAwareVirtualFileSystem; 59 <appendix> member <vmtarget> ; # org/gradle/internal/service/scopes/VirtualFileSystemServices$GradleUserHomeServices$$Lambda+0x0000000091259df0
instanceKlass org/gradle/fileevents/internal/AbstractFileEventFunctions$AbstractWatcherBuilder
instanceKlass  @bci org/gradle/internal/service/scopes/VirtualFileSystemServices$GradleUserHomeServices determineWatcherRegistryFactory (Lorg/gradle/internal/os/OperatingSystem;Lorg/gradle/internal/nativeintegration/NativeCapabilities;Lorg/gradle/internal/nativeintegration/services/NativeServices$FileEventFunctionsProvider;Ljava/util/function/Predicate;)Ljava/util/Optional; 56 <appendix> member <vmtarget> ; # org/gradle/internal/service/scopes/VirtualFileSystemServices$GradleUserHomeServices$$Lambda+0x0000000091259748
instanceKlass org/gradle/internal/watch/registry/impl/AbstractFileWatcherRegistryFactory$FileEventFunctionsLookup
instanceKlass org/gradle/internal/watch/registry/FileWatcherUpdater
instanceKlass org/gradle/fileevents/FileWatcher
instanceKlass org/gradle/internal/watch/registry/FileWatcherRegistry
instanceKlass org/gradle/internal/watch/registry/FileWatcherProbeRegistry
instanceKlass org/gradle/internal/watch/registry/impl/AbstractFileWatcherRegistryFactory
instanceKlass  @bci org/gradle/internal/service/scopes/VirtualFileSystemServices$GradleUserHomeServices createVirtualFileSystem (Lorg/gradle/internal/watch/vfs/impl/FileWatchingFilter;Lorg/gradle/api/internal/DocumentationRegistry;Lorg/gradle/internal/nativeintegration/NativeCapabilities;Lorg/gradle/internal/event/ListenerManager;Lorg/gradle/internal/watch/vfs/FileChangeListeners;Lorg/gradle/internal/nativeintegration/services/NativeServices$FileEventFunctionsProvider;Lorg/gradle/internal/nativeintegration/filesystem/FileSystem;Lorg/gradle/internal/watch/vfs/WatchableFileSystemDetector;)Lorg/gradle/internal/watch/vfs/BuildLifecycleAwareVirtualFileSystem; 43 <appendix> member <vmtarget> ; # org/gradle/internal/service/scopes/VirtualFileSystemServices$GradleUserHomeServices$$Lambda+0x0000000091258400
instanceKlass org/gradle/internal/snapshot/FileSystemNode
instanceKlass org/gradle/internal/snapshot/ChildMap
instanceKlass org/gradle/internal/vfs/impl/DefaultSnapshotHierarchy$1
instanceKlass org/gradle/internal/vfs/impl/DefaultSnapshotHierarchy
instanceKlass  @bci com/google/common/io/Closer <clinit> ()V 0 <appendix> argL0 ; # com/google/common/io/Closer$$Lambda+0x0000000091257000
instanceKlass  @cpi org/codehaus/groovy/vmplugin/v9/Java9 3421 form vmentry <vmtarget> ; # java/lang/invoke/LambdaForm$DMH+0x0000000091256800
instanceKlass com/google/common/io/Closer$Suppressor
instanceKlass com/google/common/io/Closer
instanceKlass com/google/common/io/CharSource
instanceKlass com/google/common/hash/PrimitiveSink
instanceKlass com/google/common/io/CharSink
instanceKlass java/io/File$TempDirectory
instanceKlass org/gradle/api/internal/file/temp/TempFiles
# instanceKlass java/lang/invoke/LambdaForm$MH+0x0000000091256400
# instanceKlass java/lang/invoke/LambdaForm$MH+0x0000000091256000
# instanceKlass java/lang/invoke/LambdaForm$MH+0x0000000091255c00
# instanceKlass java/lang/invoke/LambdaForm$MH+0x0000000091255800
# instanceKlass java/lang/invoke/LambdaForm$MH+0x0000000091255400
# instanceKlass java/lang/invoke/LambdaForm$MH+0x0000000091255000
# instanceKlass java/lang/invoke/LambdaForm$MH+0x0000000091254c00
# instanceKlass java/lang/invoke/LambdaForm$MH+0x0000000091254800
# instanceKlass java/lang/invoke/LambdaForm$MH+0x0000000091254400
# instanceKlass java/lang/invoke/LambdaForm$DMH+0x0000000091254000
instanceKlass org/gradle/internal/watch/vfs/impl/DefaultWatchableFileSystemDetector
instanceKlass net/rubygrapefruit/platform/internal/PosixFileSystems
instanceKlass net/rubygrapefruit/platform/terminal/Terminals
instanceKlass org/gradle/internal/nativeintegration/services/NativeServices$NativeFeatures$1$1$1
instanceKlass org/gradle/internal/watch/vfs/FileChangeListener
instanceKlass org/gradle/internal/watch/registry/FileWatcherRegistry$ChangeHandler
instanceKlass org/gradle/internal/service/scopes/DefaultFileChangeListeners
instanceKlass org/gradle/internal/nativeintegration/services/NativeServices$3
# instanceKlass java/lang/invoke/LambdaForm$MH+0x000000009124ec00
# instanceKlass java/lang/invoke/LambdaForm$MH+0x000000009124e800
# instanceKlass java/lang/invoke/LambdaForm$MH+0x000000009124e400
instanceKlass org/gradle/internal/service/scopes/VirtualFileSystemServices$GradleUserHomeServices$1
instanceKlass org/gradle/internal/file/FilePathUtil
instanceKlass org/gradle/internal/file/FileHierarchySet$Node
instanceKlass org/gradle/internal/file/FileHierarchySet$NodeVisitor
instanceKlass org/gradle/internal/file/FileHierarchySet
instanceKlass org/gradle/cache/internal/DefaultGlobalCacheLocations
instanceKlass org/gradle/internal/hash/DefaultFileHasher
instanceKlass org/gradle/api/internal/changedetection/state/CachingFileHasher
# instanceKlass java/lang/invoke/LambdaForm$MH+0x000000009124e000
# instanceKlass java/lang/invoke/LambdaForm$MH+0x000000009124dc00
# instanceKlass java/lang/invoke/LambdaForm$MH+0x000000009124d800
# instanceKlass java/lang/invoke/LambdaForm$MH+0x000000009124d400
# instanceKlass java/lang/invoke/LambdaForm$MH+0x000000009124d000
# instanceKlass java/lang/invoke/LambdaForm$MH+0x000000009124cc00
# instanceKlass java/lang/invoke/LambdaForm$MH+0x000000009124c800
# instanceKlass java/lang/invoke/LambdaForm$MH+0x000000009124c400
# instanceKlass java/lang/invoke/LambdaForm$DMH+0x000000009124c000
instanceKlass com/google/common/collect/MapMakerInternalMap$StrongValueEntry
instanceKlass com/google/common/collect/MapMakerInternalMap$WeakKeyDummyValueEntry$Helper
instanceKlass com/google/common/collect/MapMakerInternalMap$InternalEntry
instanceKlass com/google/common/collect/MapMakerInternalMap$1
instanceKlass com/google/common/collect/MapMakerInternalMap$InternalEntryHelper
instanceKlass com/google/common/collect/MapMakerInternalMap$WeakValueReference
instanceKlass com/google/common/collect/Interners$InternerImpl
instanceKlass com/google/common/collect/MapMaker
instanceKlass com/google/common/collect/Interners$InternerBuilder
instanceKlass com/google/common/collect/Interners
instanceKlass org/gradle/internal/hash/HashCode
instanceKlass sun/security/provider/ByteArrayAccess$LE
instanceKlass org/gradle/internal/hash/Hashing$MessageDigestHasher
instanceKlass org/gradle/internal/hash/Hashing$DefaultHasher
instanceKlass org/gradle/internal/hash/PrimitiveHasher
instanceKlass org/gradle/internal/hash/Hasher
instanceKlass org/gradle/internal/hash/Hashing$MessageDigestHashFunction
instanceKlass org/gradle/internal/hash/HashFunction
instanceKlass org/gradle/internal/hash/Hashing
instanceKlass org/gradle/internal/hash/DefaultStreamHasher
instanceKlass  @bci org/gradle/api/internal/changedetection/state/FileTimeStampInspector <init> (Ljava/io/File;)V 29 <appendix> member <vmtarget> ; # org/gradle/api/internal/changedetection/state/FileTimeStampInspector$$Lambda+0x0000000091242450
instanceKlass org/gradle/api/internal/changedetection/state/FileHasherStatistics
instanceKlass  @bci org/gradle/internal/service/scopes/WorkerSharedGlobalScopeServices createGlobalCache (Lorg/gradle/internal/installation/CurrentGradleInstallation;)Lorg/gradle/cache/GlobalCache; 21 <appendix> member <vmtarget> ; # org/gradle/internal/service/scopes/WorkerSharedGlobalScopeServices$$Lambda+0x000000009123fa18
instanceKlass  @bci java/util/regex/CharPredicates forUnicodeBlock (Ljava/lang/String;)Ljava/util/regex/Pattern$CharPredicate; 6 <appendix> member <vmtarget> ; # java/util/regex/CharPredicates$$Lambda+0x0000000091179940
instanceKlass java/lang/Character$Subset
instanceKlass org/apache/commons/lang3/StringUtils
instanceKlass  @bci org/gradle/api/internal/artifacts/ivyservice/DefaultArtifactCaches <init> (Lorg/gradle/cache/scopes/GlobalScopedCacheBuilderFactory;Lorg/gradle/cache/UnscopedCacheBuilderFactory;Lorg/gradle/api/internal/artifacts/ivyservice/DefaultArtifactCaches$WritableArtifactCacheLockingParameters;Lorg/gradle/api/internal/DocumentationRegistry;Lorg/gradle/api/internal/cache/CacheConfigurationsInternal;Lorg/gradle/cache/CacheCleanupStrategyFactory;)V 28 <appendix> member <vmtarget> ; # org/gradle/api/internal/artifacts/ivyservice/DefaultArtifactCaches$$Lambda+0x00000000912442c0
instanceKlass org/gradle/api/internal/artifacts/ivyservice/WritableArtifactCacheLockingAccessCoordinator
instanceKlass org/gradle/api/internal/artifacts/ivyservice/DefaultArtifactCaches$LateInitWritableArtifactCacheLockingAccessCoordinator
instanceKlass com/google/common/primitives/IntsMethodsForWeb
instanceKlass org/apache/commons/lang3/ArrayUtils
instanceKlass org/gradle/cache/internal/CacheVersion
instanceKlass org/gradle/util/internal/DefaultGradleVersion$Stage
instanceKlass org/gradle/internal/versionedcache/CacheVersionMapping$Builder
instanceKlass org/gradle/internal/versionedcache/CacheVersionMapping
instanceKlass org/gradle/api/internal/artifacts/ivyservice/DefaultArtifactCacheMetadata
instanceKlass org/gradle/api/internal/artifacts/ivyservice/ArtifactCacheLockingAccessCoordinator
instanceKlass org/gradle/api/internal/artifacts/ivyservice/ArtifactCacheMetadata
instanceKlass org/gradle/api/internal/artifacts/ivyservice/DefaultArtifactCaches
# instanceKlass java/lang/invoke/LambdaForm$MH+0x0000000091240800
# instanceKlass java/lang/invoke/LambdaForm$MH+0x0000000091240400
# instanceKlass java/lang/invoke/LambdaForm$MH+0x0000000091240000
# instanceKlass java/lang/invoke/LambdaForm$MH+0x000000009123dc00
# instanceKlass java/lang/invoke/LambdaForm$MH+0x000000009123d800
# instanceKlass java/lang/invoke/LambdaForm$MH+0x000000009123d400
# instanceKlass java/lang/invoke/LambdaForm$MH+0x000000009123d000
# instanceKlass java/lang/invoke/LambdaForm$MH+0x000000009123cc00
instanceKlass org/gradle/cache/internal/DefaultCacheCleanupStrategyFactory
instanceKlass org/gradle/api/internal/artifacts/DependencyManagementGradleUserHomeScopeServices$1
instanceKlass  @bci org/gradle/api/internal/changedetection/state/DefaultFileAccessTimeJournal loadOrPersistInceptionTimestamp ()J 5 <appendix> member <vmtarget> ; # org/gradle/api/internal/changedetection/state/DefaultFileAccessTimeJournal$$Lambda+0x000000009123e490
instanceKlass sun/nio/ch/DatagramChannelImpl$DatagramPackets
instanceKlass org/gradle/cache/internal/DefaultCacheCoordinator$IndexedCacheEntry
instanceKlass  @bci java/net/DatagramPacket setData ([BII)V 9 <appendix> argL0 ; # java/net/DatagramPacket$$Lambda+0x0000000091177ef0
instanceKlass  @bci org/gradle/cache/internal/DefaultCacheCoordinator afterLockAcquire (Lorg/gradle/cache/FileLock;)V 38 <appendix> member <vmtarget> ; # org/gradle/cache/internal/DefaultCacheCoordinator$$Lambda+0x000000009123bce8
instanceKlass java/net/DatagramPacket
instanceKlass org/gradle/cache/internal/locklistener/DefaultFileLockContentionHandler$ContendedAction
instanceKlass org/gradle/cache/internal/locklistener/DefaultFileLockContentionHandler$1
instanceKlass  @bci org/gradle/cache/internal/DefaultCacheCoordinator toSupplier (Ljava/lang/Runnable;)Ljava/util/function/Supplier; 1 <appendix> member <vmtarget> ; # org/gradle/cache/internal/DefaultCacheCoordinator$$Lambda+0x000000009123b648
instanceKlass  @bci org/gradle/cache/internal/DefaultCacheCoordinator newCache (Lorg/gradle/cache/IndexedCacheParameters;)Lorg/gradle/cache/MultiProcessSafeIndexedCache; 140 <appendix> argL0 ; # org/gradle/cache/internal/DefaultCacheCoordinator$$Lambda+0x000000009123b420
instanceKlass org/gradle/cache/internal/CrossProcessSynchronizingIndexedCache
instanceKlass org/gradle/cache/internal/InMemoryDecoratedCache
instanceKlass org/gradle/cache/internal/InMemoryCacheController
instanceKlass com/google/common/cache/LongAddable
instanceKlass com/google/common/cache/LongAddables
instanceKlass com/google/common/cache/AbstractCache$SimpleStatsCounter
instanceKlass org/gradle/cache/internal/LoggingEvictionListener
instanceKlass  @bci org/gradle/cache/internal/DefaultInMemoryCacheDecoratorFactory getCache (Ljava/lang/String;I)Lorg/gradle/cache/internal/DefaultInMemoryCacheDecoratorFactory$CacheDetails; 7 <appendix> form vmentry <vmtarget> ; # java/lang/invoke/LambdaForm$DMH+0x000000009123c800
instanceKlass  @bci org/gradle/cache/internal/DefaultInMemoryCacheDecoratorFactory getCache (Ljava/lang/String;I)Lorg/gradle/cache/internal/DefaultInMemoryCacheDecoratorFactory$CacheDetails; 7 <appendix> member <vmtarget> ; # org/gradle/cache/internal/DefaultInMemoryCacheDecoratorFactory$$Lambda+0x0000000091239e98
instanceKlass org/gradle/cache/internal/DefaultInMemoryCacheDecoratorFactory$CacheDetails
instanceKlass org/gradle/cache/internal/AsyncCacheAccessDecoratedCache
instanceKlass org/gradle/cache/internal/ExclusiveCacheAccessingWorker
instanceKlass org/gradle/cache/internal/DefaultMultiProcessSafeIndexedCache
instanceKlass  @bci org/gradle/cache/internal/DefaultCacheCoordinator newCache (Lorg/gradle/cache/IndexedCacheParameters;)Lorg/gradle/cache/MultiProcessSafeIndexedCache; 72 <appendix> member <vmtarget> ; # org/gradle/cache/internal/DefaultCacheCoordinator$$Lambda+0x00000000912391e8
instanceKlass org/gradle/cache/internal/btree/BTreePersistentIndexedCache
instanceKlass org/gradle/cache/internal/DefaultInMemoryCacheDecoratorFactory$InMemoryCacheDecorator
instanceKlass org/gradle/cache/IndexedCacheParameters
instanceKlass org/gradle/api/internal/changedetection/state/DefaultFileAccessTimeJournal
# instanceKlass java/lang/invoke/LambdaForm$MH+0x000000009123c400
# instanceKlass java/lang/invoke/LambdaForm$MH+0x000000009123c000
instanceKlass org/gradle/cache/CacheDecorator
instanceKlass org/gradle/cache/internal/MultiProcessSafeAsyncPersistentIndexedCache
instanceKlass org/gradle/cache/internal/DefaultInMemoryCacheDecoratorFactory
instanceKlass org/gradle/cache/internal/DefaultCacheFactory$ReferenceTrackingPersistentCache
instanceKlass org/gradle/cache/internal/DefaultCacheFactory$DirCacheReference
instanceKlass org/gradle/cache/internal/cacheops/CacheOperationStack
instanceKlass  @bci org/gradle/cache/internal/DefaultCacheCoordinator open ()V 2 <appendix> member <vmtarget> ; # org/gradle/cache/internal/DefaultCacheCoordinator$$Lambda+0x00000000912354b8
instanceKlass org/gradle/cache/internal/LockOnDemandCrossProcessCacheAccess$ContendedAction
instanceKlass org/gradle/cache/internal/LockOnDemandCrossProcessCacheAccess$UnlockAction
instanceKlass org/gradle/cache/internal/DefaultCacheCoordinator$1
instanceKlass  @bci org/gradle/cache/internal/DefaultCacheCoordinator <init> (Ljava/lang/String;Ljava/io/File;Lorg/gradle/cache/LockOptions;Ljava/io/File;Lorg/gradle/cache/FileLockManager;Lorg/gradle/cache/internal/CacheInitializationAction;Lorg/gradle/cache/internal/CacheCleanupExecutor;Lorg/gradle/internal/concurrent/ExecutorFactory;)V 82 <appendix> member <vmtarget> ; # org/gradle/cache/internal/DefaultCacheCoordinator$$Lambda+0x00000000912378f0
instanceKlass  @bci org/gradle/cache/internal/DefaultCacheCoordinator <init> (Ljava/lang/String;Ljava/io/File;Lorg/gradle/cache/LockOptions;Ljava/io/File;Lorg/gradle/cache/FileLockManager;Lorg/gradle/cache/internal/CacheInitializationAction;Lorg/gradle/cache/internal/CacheCleanupExecutor;Lorg/gradle/internal/concurrent/ExecutorFactory;)V 74 <appendix> member <vmtarget> ; # org/gradle/cache/internal/DefaultCacheCoordinator$$Lambda+0x00000000912376b0
instanceKlass org/gradle/cache/internal/cacheops/CacheAccessOperationsStack
instanceKlass org/gradle/cache/internal/CacheInitializationAction$1
instanceKlass org/gradle/cache/internal/CacheInitializationAction
instanceKlass org/gradle/cache/MultiProcessSafeIndexedCache
instanceKlass org/gradle/cache/UnitOfWorkParticipant
instanceKlass org/gradle/cache/AsyncCacheAccess
instanceKlass org/gradle/cache/internal/AbstractCrossProcessCacheAccess
instanceKlass org/gradle/cache/CrossProcessCacheAccess
instanceKlass org/gradle/cache/internal/DefaultCacheCoordinator
instanceKlass org/gradle/cache/internal/CacheCreationCoordinator
instanceKlass org/gradle/cache/internal/DefaultCacheCleanupExecutor
instanceKlass org/gradle/cache/IndexedCache
instanceKlass org/gradle/cache/internal/CacheCleanupExecutor
instanceKlass org/gradle/cache/internal/DefaultPersistentDirectoryStore
instanceKlass  @bci org/gradle/cache/internal/DefaultCacheFactory open (Ljava/io/File;Ljava/lang/String;Ljava/util/Map;Lorg/gradle/cache/LockOptions;Ljava/util/function/Consumer;Lorg/gradle/cache/CacheCleanupStrategy;)Lorg/gradle/cache/PersistentCache; 26 <appendix> form vmentry <vmtarget> ; # java/lang/invoke/LambdaForm$DMH+0x0000000091234c00
instanceKlass  @bci org/gradle/cache/internal/DefaultCacheFactory open (Ljava/io/File;Ljava/lang/String;Ljava/util/Map;Lorg/gradle/cache/LockOptions;Ljava/util/function/Consumer;Lorg/gradle/cache/CacheCleanupStrategy;)Lorg/gradle/cache/PersistentCache; 26 <appendix> member <vmtarget> ; # org/gradle/cache/internal/DefaultCacheFactory$$Lambda+0x000000009122e448
instanceKlass org/gradle/cache/CacheCleanupStrategy$1
instanceKlass org/gradle/cache/CacheCleanupStrategy
instanceKlass org/gradle/cache/internal/DefaultCacheBuilder
instanceKlass org/gradle/cache/internal/scopes/DefaultCacheScopeMapping$1
instanceKlass  @bci org/gradle/language/java/internal/JavaLanguageServices$JavaGlobalScopeServices createJavaSubscribableBuildActionRunnerRegistration ()Lorg/gradle/internal/build/event/OperationResultPostProcessorFactory; 0 <appendix> argL0 ; # org/gradle/language/java/internal/JavaLanguageServices$JavaGlobalScopeServices$$Lambda+0x000000009122a930
# instanceKlass java/lang/invoke/LambdaForm$MH+0x0000000091234800
# instanceKlass java/lang/invoke/LambdaForm$MH+0x0000000091234400
# instanceKlass java/lang/invoke/LambdaForm$DMH+0x0000000091234000
instanceKlass org/gradle/internal/DeprecatedInGradleScope
instanceKlass org/gradle/BuildAdapter
instanceKlass org/gradle/BuildListener
instanceKlass org/gradle/internal/file/DefaultFileSystemDefaultExcludesProvider$1
instanceKlass java/nio/file/attribute/PosixFilePermissions$1
instanceKlass java/util/RegularEnumSet$EnumSetIterator
instanceKlass java/nio/file/attribute/PosixFilePermissions
instanceKlass org/apache/tools/ant/util/FileUtils
instanceKlass org/apache/tools/ant/taskdefs/condition/Os
instanceKlass org/apache/tools/ant/taskdefs/condition/Condition
instanceKlass org/apache/tools/ant/types/resources/Appendable
instanceKlass org/apache/tools/ant/types/resources/FileProvider
instanceKlass org/apache/tools/ant/types/resources/Touchable
instanceKlass org/apache/tools/ant/ProjectComponent
instanceKlass org/apache/tools/ant/types/ResourceCollection
instanceKlass org/apache/tools/ant/DirectoryScanner
instanceKlass org/apache/tools/ant/types/ResourceFactory
instanceKlass org/apache/tools/ant/types/selectors/SelectorScanner
instanceKlass org/apache/tools/ant/FileScanner
instanceKlass org/gradle/internal/file/DefaultFileSystemDefaultExcludesProvider
instanceKlass org/gradle/internal/session/DefaultBuildSessionContext
instanceKlass org/gradle/internal/session/BuildSessionContext
instanceKlass org/gradle/plugin/use/internal/InjectedPluginClasspath
instanceKlass org/gradle/workers/internal/WorkerExecutionQueueFactory
instanceKlass org/gradle/workers/internal/WorkerDaemonClientCancellationHandler
instanceKlass org/gradle/internal/work/ConditionalExecutionQueueFactory
instanceKlass org/gradle/process/internal/worker/child/WorkerDirectoryProvider
instanceKlass org/gradle/workers/internal/WorkersServices$BuildSessionScopeServices
instanceKlass org/gradle/vcs/internal/resolver/PersistentVcsMetadataCache
instanceKlass org/gradle/vcs/internal/VcsDirectoryLayout
instanceKlass org/gradle/vcs/internal/VersionControlRepositoryConnection
instanceKlass org/gradle/vcs/internal/VersionControlSystem
instanceKlass org/gradle/vcs/internal/services/DefaultVersionControlRepositoryFactory
instanceKlass org/gradle/vcs/internal/VersionControlRepositoryConnectionFactory
instanceKlass org/gradle/api/artifacts/ModuleIdentifier
instanceKlass org/gradle/vcs/internal/services/VersionControlServices$VersionControlBuildSessionServices
instanceKlass org/gradle/internal/session/BuildSessionActionExecutor
instanceKlass org/gradle/api/internal/tasks/userinput/UserInputHandler
instanceKlass org/gradle/api/internal/tasks/userinput/BuildScanUserInputHandler
instanceKlass org/gradle/tooling/internal/provider/LauncherServices$ToolingBuildSessionScopeServices
instanceKlass org/gradle/api/problems/internal/ExceptionProblemRegistry
instanceKlass org/gradle/problems/internal/services/ProblemsBuildSessionServices
instanceKlass org/gradle/nativeplatform/toolchain/internal/gcc/metadata/SystemLibraryDiscovery
instanceKlass org/gradle/nativeplatform/toolchain/internal/xcode/AbstractLocator
instanceKlass org/gradle/nativeplatform/toolchain/internal/msvcpp/WindowsKitInstall
instanceKlass org/gradle/platform/base/internal/toolchain/SearchResult
instanceKlass org/gradle/platform/base/internal/toolchain/ToolSearchResult
instanceKlass org/gradle/nativeplatform/toolchain/internal/msvcpp/AbstractWindowsKitComponentLocator
instanceKlass org/gradle/nativeplatform/toolchain/internal/msvcpp/UcrtLocator
instanceKlass org/gradle/nativeplatform/toolchain/internal/msvcpp/version/SystemPathVersionLocator
instanceKlass org/gradle/nativeplatform/toolchain/internal/msvcpp/version/AbstractVisualStudioVersionLocator
instanceKlass org/gradle/nativeplatform/toolchain/internal/msvcpp/VisualStudioLocator
instanceKlass org/gradle/nativeplatform/toolchain/internal/msvcpp/WindowsSdkLocator
instanceKlass org/gradle/nativeplatform/toolchain/internal/msvcpp/WindowsComponentLocator
instanceKlass org/gradle/nativeplatform/toolchain/internal/msvcpp/version/VisualStudioMetaDataProvider
instanceKlass org/gradle/nativeplatform/toolchain/internal/msvcpp/version/VisualStudioVersionLocator
instanceKlass org/gradle/nativeplatform/toolchain/internal/msvcpp/version/VisualCppMetadataProvider
instanceKlass org/gradle/nativeplatform/toolchain/internal/msvcpp/version/VswhereVersionLocator
instanceKlass org/gradle/nativeplatform/internal/services/NativeBinaryServices$BuildSessionScopeServices
instanceKlass org/gradle/jvm/internal/services/DefaultJvmToolchainsConfigurationValidator
instanceKlass org/gradle/initialization/JvmToolchainsConfigurationValidator
instanceKlass org/gradle/internal/jvm/inspection/JvmInstallationProblemReporter
instanceKlass org/gradle/internal/fingerprint/impl/FileCollectionFingerprinterRegistrations
instanceKlass org/gradle/internal/execution/OutputSnapshotter
instanceKlass org/gradle/internal/execution/InputFingerprinter
instanceKlass org/gradle/internal/file/FileSystemDefaultExcludesProvider
instanceKlass org/gradle/internal/execution/FileCollectionFingerprinterRegistry
instanceKlass org/gradle/internal/service/scopes/VirtualFileSystemServices$BuildSessionServices
instanceKlass org/gradle/internal/scopeids/PersistentScopeIdStoreFactory
instanceKlass org/gradle/internal/scopeids/ScopeIdsServices
instanceKlass org/gradle/internal/work/DefaultAsyncWorkTracker
instanceKlass org/gradle/internal/work/AsyncWorkTracker
instanceKlass org/gradle/internal/exceptions/FailureResolutionAware
instanceKlass org/gradle/internal/build/BuildLayoutValidator
instanceKlass org/gradle/internal/model/StateTransitionControllerFactory
instanceKlass org/gradle/internal/model/InMemoryInterner
instanceKlass org/gradle/internal/model/InMemoryLoadingCache
instanceKlass org/gradle/internal/problems/DefaultProblemLocationAnalyzer
instanceKlass org/gradle/initialization/ClassLoaderScopeRegistryListener
instanceKlass org/gradle/internal/problems/ProblemLocationAnalyzer
instanceKlass org/gradle/internal/model/ValueCalculator
instanceKlass org/gradle/internal/model/CalculatedValue
instanceKlass org/gradle/internal/model/CalculatedValueContainerFactory
instanceKlass org/gradle/internal/model/CalculatedValueFactory
instanceKlass org/gradle/initialization/layout/ProjectCacheDir
instanceKlass org/gradle/deployment/internal/DefaultDeploymentRegistry
instanceKlass org/gradle/deployment/internal/PendingChangesListener
instanceKlass org/gradle/deployment/internal/DeploymentRegistryInternal
instanceKlass org/gradle/deployment/internal/DeploymentRegistry
instanceKlass org/gradle/internal/buildevents/BuildStartedTime
instanceKlass org/gradle/internal/scopeids/id/ScopeId
instanceKlass org/gradle/internal/scopeids/PersistentScopeIdLoader
instanceKlass org/gradle/deployment/internal/PendingChangesManager
instanceKlass org/gradle/internal/initialization/layout/BuildTreeLocations
instanceKlass org/gradle/internal/hash/ChecksumService
instanceKlass org/gradle/api/internal/project/CrossProjectConfigurator
instanceKlass org/gradle/api/internal/file/archive/DecompressionCoordinator
instanceKlass org/gradle/internal/service/scopes/CoreBuildSessionServices
instanceKlass org/gradle/internal/cc/impl/ConfigurationCacheEntryCollector
instanceKlass org/gradle/cache/scopes/BuildTreeScopedCacheBuilderFactory
instanceKlass org/gradle/internal/cc/impl/ConfigurationCacheRepository
instanceKlass org/gradle/internal/build/event/DefaultBuildEventsListenerRegistry
instanceKlass org/gradle/internal/build/event/BuildEventListenerRegistryInternal
instanceKlass org/gradle/build/event/BuildEventsListenerRegistry
instanceKlass org/gradle/api/tasks/testing/TestDescriptor
instanceKlass org/gradle/api/internal/tasks/testing/operations/TestListenerBuildOperationAdapter
instanceKlass org/gradle/api/internal/tasks/testing/results/TestListenerInternal
instanceKlass org/gradle/api/internal/tasks/testing/TestingBasePluginServices$TestingBuildSessionScopeServices
instanceKlass org/gradle/api/internal/attributes/matching/AttributeSelectionSchema
instanceKlass org/gradle/api/internal/attributes/AttributeSchemaServices
instanceKlass org/gradle/api/internal/attributes/immutable/artifact/ImmutableArtifactTypeRegistryFactory
instanceKlass org/gradle/api/internal/attributes/immutable/ImmutableAttributesSchemaFactory
instanceKlass org/gradle/internal/component/model/IvyArtifactName
instanceKlass org/gradle/internal/component/external/model/ivy/MutableIvyModuleResolveMetadata
instanceKlass org/gradle/api/internal/artifacts/repositories/metadata/IvyMutableModuleMetadataFactory
instanceKlass org/gradle/internal/component/external/model/PreferJavaRuntimeVariant
instanceKlass org/gradle/internal/component/external/model/maven/MutableMavenModuleResolveMetadata
instanceKlass org/gradle/internal/component/external/model/MutableModuleComponentResolveMetadata
instanceKlass org/gradle/api/internal/artifacts/repositories/metadata/MavenMutableModuleMetadataFactory
instanceKlass org/gradle/api/internal/artifacts/repositories/metadata/MutableModuleMetadataFactory
instanceKlass org/gradle/api/internal/artifacts/ivyservice/resolveengine/result/AttributeContainerSerializer
instanceKlass org/gradle/internal/isolation/Isolatable
instanceKlass org/gradle/internal/hash/Hashable
instanceKlass org/gradle/api/internal/artifacts/repositories/metadata/DefaultMavenVariantAttributesFactory
instanceKlass org/gradle/api/internal/artifacts/repositories/metadata/MavenVariantAttributesFactory
instanceKlass org/gradle/api/internal/attributes/ImmutableAttributes
instanceKlass org/gradle/api/internal/attributes/ImmutableAttributesEntry
instanceKlass org/gradle/api/internal/attributes/AttributeContainerInternal
instanceKlass org/gradle/api/attributes/AttributeContainer
instanceKlass org/gradle/api/attributes/HasAttributes
instanceKlass org/gradle/api/internal/attributes/DefaultAttributesFactory
instanceKlass org/gradle/api/internal/attributes/AttributeValueIsolator
instanceKlass org/gradle/api/internal/catalog/DependenciesAccessorsWorkspaceProvider
instanceKlass org/gradle/internal/model/InMemoryCacheFactory
instanceKlass org/gradle/api/internal/attributes/AttributesFactory
instanceKlass org/gradle/api/internal/artifacts/ivyservice/dependencysubstitution/ComponentSelectorNotationConverter
instanceKlass org/gradle/api/internal/artifacts/ivyservice/resolveengine/result/ComponentSelectionDescriptorFactory
instanceKlass org/gradle/api/internal/artifacts/DependencyManagementBuildSessionScopeServices
instanceKlass org/gradle/internal/snapshot/impl/ValueSnapshotterSerializerRegistry
instanceKlass org/gradle/internal/snapshot/ValueSnapshotter
instanceKlass org/gradle/internal/service/scopes/WorkerSharedBuildSessionScopeServices
instanceKlass org/gradle/internal/service/scopes/DefaultGradleUserHomeScopeServiceRegistry$Services
instanceKlass org/gradle/workers/internal/WorkerDaemonClientsManager
instanceKlass org/gradle/api/problems/internal/IsolatableToBytesSerializer
instanceKlass org/gradle/workers/internal/ClassLoaderStructureProvider
instanceKlass org/gradle/workers/internal/ActionExecutionSpecFactory
instanceKlass org/gradle/workers/internal/WorkersServices$GradleUserHomeServices
instanceKlass org/gradle/kotlin/dsl/normalization/KotlinDslCompileAvoidanceClasspathHashCache
instanceKlass org/gradle/kotlin/dsl/normalization/GradleUserHomeServices
instanceKlass org/gradle/kotlin/dsl/provider/KotlinScriptClassloadingCache
instanceKlass org/gradle/kotlin/dsl/provider/GradleUserHomeServices
instanceKlass org/gradle/kotlin/dsl/support/EmbeddedKotlinProvider
instanceKlass org/gradle/kotlin/dsl/support/GradleUserHomeServices
instanceKlass org/gradle/kotlin/dsl/execution/KotlinMetadataCompatibilityChecker
instanceKlass org/gradle/kotlin/dsl/execution/KotlinMetadataCompatibilityCache
instanceKlass org/gradle/kotlin/dsl/execution/GradleUserHomeServices
instanceKlass org/gradle/kotlin/dsl/cache/KotlinDslWorkspaceProvider
instanceKlass org/gradle/kotlin/dsl/cache/GradleUserHomeServices
instanceKlass org/gradle/kotlin/dsl/accessors/ProjectSchemaProvider
instanceKlass org/gradle/kotlin/dsl/provider/KotlinScriptBasePluginsApplicator
instanceKlass org/gradle/kotlin/dsl/provider/PrecompiledScriptPluginsSupport
instanceKlass org/gradle/kotlin/dsl/provider/plugins/KotlinDslDclSchemaCollector
instanceKlass org/gradle/kotlin/dsl/provider/plugins/GradleUserHomeServices
instanceKlass org/gradle/internal/service/ServiceAccess$PrivateAccessScope
instanceKlass org/gradle/internal/build/BuildState
instanceKlass org/gradle/internal/watch/registry/FileWatcherRegistryFactory
instanceKlass org/gradle/internal/watch/vfs/impl/FileWatchingFilter
instanceKlass org/gradle/internal/vfs/FileSystemAccess$WriteListener
instanceKlass org/gradle/internal/snapshot/SnapshotHierarchy
instanceKlass org/gradle/api/internal/changedetection/state/CrossBuildFileHashCache
instanceKlass org/gradle/internal/hash/FileHasher
instanceKlass org/gradle/internal/watch/vfs/FileChangeListeners
instanceKlass org/gradle/internal/execution/FileCollectionSnapshotter
instanceKlass org/gradle/internal/watch/vfs/WatchableFileSystemDetector
instanceKlass org/gradle/internal/watch/vfs/BuildLifecycleAwareVirtualFileSystem
instanceKlass org/gradle/internal/vfs/VirtualFileSystem
instanceKlass org/gradle/api/internal/changedetection/state/ResourceSnapshotterCacheService
instanceKlass org/gradle/internal/service/scopes/VirtualFileSystemServices$GradleUserHomeServices
instanceKlass org/gradle/tooling/internal/provider/serialization/PayloadSerializer
instanceKlass org/gradle/tooling/internal/provider/serialization/PayloadClassLoaderRegistry
instanceKlass org/gradle/tooling/internal/provider/serialization/PayloadClassLoaderFactory
instanceKlass org/gradle/internal/daemon/services/DaemonServices$DaemonGradleUserHomeServices
instanceKlass org/gradle/api/internal/tasks/compile/incremental/cache/GeneralCompileCaches
instanceKlass org/gradle/api/internal/tasks/CompileServices$UserHomeScopeServices
instanceKlass org/gradle/internal/execution/DeferredResult
instanceKlass org/gradle/api/internal/artifacts/ivyservice/ArtifactCachesProvider
instanceKlass org/gradle/api/internal/artifacts/ivyservice/DefaultArtifactCaches$WritableArtifactCacheLockingParameters
instanceKlass org/gradle/api/internal/artifacts/transform/ImmutableTransformWorkspaceServices
instanceKlass org/gradle/api/internal/artifacts/DependencyManagementGradleUserHomeScopeServices
instanceKlass org/gradle/internal/service/DefaultServiceRegistry$InstanceUnpackingVisitor
instanceKlass org/gradle/internal/execution/workspace/ImmutableWorkspaceProvider
instanceKlass org/gradle/groovy/scripts/internal/GroovyDslWorkspaceProvider
instanceKlass org/gradle/internal/fingerprint/classpath/ClasspathFingerprinter
instanceKlass org/gradle/internal/execution/FileCollectionFingerprinter
instanceKlass org/gradle/internal/snapshot/FileSystemSnapshot
instanceKlass org/gradle/internal/classpath/ClasspathFileTransformer
instanceKlass org/gradle/internal/classpath/DefaultCachedClasspathTransformer
instanceKlass org/gradle/internal/classpath/CachedClasspathTransformer
instanceKlass org/gradle/internal/classpath/transforms/ClasspathElementTransformFactoryForLegacy
instanceKlass org/gradle/internal/classpath/transforms/ClasspathElementTransform
instanceKlass org/gradle/internal/classpath/transforms/ClasspathElementTransformFactoryForAgent
instanceKlass org/gradle/internal/classpath/transforms/ClasspathElementTransformFactory
instanceKlass org/gradle/internal/classpath/types/GradleCoreInstrumentationTypeRegistry
instanceKlass org/gradle/internal/classpath/types/InstrumentationTypeRegistry
instanceKlass org/gradle/api/internal/changedetection/state/FileTimeStampInspector
instanceKlass org/gradle/initialization/RootBuildLifecycleListener
instanceKlass org/gradle/cache/internal/FilesFinder
instanceKlass org/gradle/cache/CleanupAction
instanceKlass org/gradle/internal/file/FileAccessTracker
instanceKlass org/gradle/internal/classpath/DefaultClasspathTransformerCacheFactory
instanceKlass org/gradle/internal/classpath/ClasspathTransformerCacheFactory
instanceKlass org/gradle/internal/classpath/DefaultClasspathBuilder
instanceKlass org/gradle/internal/classpath/ClasspathBuilder
instanceKlass org/gradle/internal/classpath/ClasspathEntryVisitor$Entry
instanceKlass org/gradle/internal/classpath/ClasspathWalker
instanceKlass org/gradle/cache/internal/GradleUserHomeCleanupServices$1
instanceKlass org/gradle/internal/cache/MonitoredCleanupAction
instanceKlass org/gradle/internal/operations/CallableBuildOperation
instanceKlass org/gradle/cache/internal/GradleUserHomeCleanupService
instanceKlass org/gradle/internal/versionedcache/VersionSpecificCacheDirectoryScanner
instanceKlass org/gradle/internal/versionedcache/UsedGradleVersionsFromGradleUserHomeCaches
# instanceKlass java/lang/invoke/LambdaForm$MH+0x0000000091213400
# instanceKlass java/lang/invoke/LambdaForm$MH+0x0000000091213000
# instanceKlass java/lang/invoke/LambdaForm$MH+0x0000000091212c00
# instanceKlass java/lang/invoke/LambdaForm$MH+0x0000000091212800
# instanceKlass java/lang/invoke/LambdaForm$MH+0x0000000091212400
# instanceKlass java/lang/invoke/LambdaForm$MH+0x0000000091212000
# instanceKlass java/lang/invoke/LambdaForm$MH+0x0000000091211c00
# instanceKlass java/lang/invoke/LambdaForm$MH+0x0000000091211800
# instanceKlass java/lang/invoke/LambdaForm$MH+0x0000000091211400
# instanceKlass java/lang/invoke/LambdaForm$MH+0x0000000091211000
# instanceKlass java/lang/invoke/LambdaForm$MH+0x0000000091210c00
# instanceKlass java/lang/invoke/LambdaForm$MH+0x0000000091210800
# instanceKlass java/lang/invoke/LambdaForm$BMH+0x0000000091210400
# instanceKlass java/lang/invoke/LambdaForm$DMH+0x0000000091210000
instanceKlass  @bci org/gradle/api/internal/cache/DefaultCacheConfigurations_Decorated $gradleInit ()V 1 <appendix> member <vmtarget> ; # org/gradle/api/internal/cache/DefaultCacheConfigurations_Decorated$$Lambda+0x000000009120c740
instanceKlass org/gradle/cache/CleanupFrequency$3
instanceKlass org/gradle/cache/CleanupFrequency$2
instanceKlass org/gradle/cache/CleanupFrequency$1
instanceKlass org/gradle/api/internal/cache/DefaultCleanup
instanceKlass org/gradle/api/internal/cache/CleanupInternal
instanceKlass  @bci org/gradle/api/internal/cache/DefaultCacheConfigurations$ContextualErrorMessageProperty convention (Ljava/lang/Object;)Lorg/gradle/api/internal/cache/DefaultCacheConfigurations$ContextualErrorMessageProperty; 3 <appendix> member <vmtarget> ; # org/gradle/api/internal/cache/DefaultCacheConfigurations$ContextualErrorMessageProperty$$Lambda+0x000000009120aec0
instanceKlass org/gradle/internal/serialization/Cached
instanceKlass  @bci org/gradle/internal/instantiation/generator/ManagedObjectFactory cachedOwnerDisplayNameOf (Lorg/gradle/internal/state/ModelObject;)Lorg/gradle/internal/serialization/Cached; 1 <appendix> member <vmtarget> ; # org/gradle/internal/instantiation/generator/ManagedObjectFactory$$Lambda+0x000000009120a858
instanceKlass org/gradle/internal/instantiation/generator/ManagedObjectFactory$ManagedPropertyName
instanceKlass  @bci org/gradle/api/internal/cache/DefaultCacheConfigurations$DefaultCacheResourceConfiguration_Decorated $gradleInit ()V 1 <appendix> member <vmtarget> ; # org/gradle/api/internal/cache/DefaultCacheConfigurations$DefaultCacheResourceConfiguration_Decorated$$Lambda+0x000000009120a3d0
instanceKlass org/gradle/api/internal/provider/ValueSanitizers$5
instanceKlass org/gradle/api/internal/provider/ValueSanitizers$3
instanceKlass org/gradle/api/internal/provider/ValueSanitizers$2
instanceKlass org/gradle/api/internal/provider/ValueSanitizers$1
instanceKlass org/gradle/api/internal/provider/ValueCollector
instanceKlass org/gradle/api/internal/provider/ValueSanitizer
instanceKlass org/gradle/api/internal/provider/ValueSanitizers
instanceKlass  @bci java/util/function/Function identity ()Ljava/util/function/Function; 0 <appendix> argL0 ; # java/util/function/Function$$Lambda+0x0000000091176110
instanceKlass org/gradle/api/internal/provider/ValueState
instanceKlass org/gradle/api/internal/provider/ValueSupplier$Present
instanceKlass org/gradle/api/internal/provider/ValueSupplier$Missing
instanceKlass org/gradle/api/internal/provider/ValueSupplier$Value
instanceKlass org/gradle/api/NamedDomainObjectProvider
instanceKlass org/gradle/api/internal/provider/Providers
instanceKlass org/gradle/internal/Describables$AbstractDescribable
instanceKlass org/gradle/internal/Describables
# instanceKlass java/lang/invoke/LambdaForm$MH+0x0000000091202800
# instanceKlass java/lang/invoke/LambdaForm$MH+0x0000000091202400
# instanceKlass java/lang/invoke/LambdaForm$MH+0x0000000091202000
instanceKlass org/gradle/api/internal/cache/CacheResourceConfigurationInternal$EntryRetention
instanceKlass org/gradle/api/internal/cache/DefaultCacheConfigurations$DefaultCacheResourceConfiguration
instanceKlass org/gradle/internal/instantiation/generator/AsmBackedClassGenerator$ObjectCreationDetails
instanceKlass org/gradle/internal/instantiation/generator/InjectUtil
instanceKlass com/google/common/collect/Ordering
instanceKlass org/gradle/internal/instantiation/generator/ConstructorComparator
instanceKlass org/gradle/internal/instantiation/generator/AsmBackedClassGenerator$InvokeConstructorStrategy
instanceKlass org/gradle/internal/instantiation/generator/AbstractClassGenerator$GeneratedClassImpl$GeneratedConstructorImpl
instanceKlass org/gradle/internal/instantiation/generator/ClassGenerator$GeneratedConstructor
instanceKlass org/gradle/internal/instantiation/generator/ClassGenerator$SerializationConstructor
instanceKlass java/lang/classfile/AccessFlags
instanceKlass java/lang/classfile/MethodModel
instanceKlass java/lang/classfile/FieldModel
instanceKlass  @bci jdk/internal/classfile/impl/ClassFileImpl attributeMapper ()Ljava/util/function/Function; 7 <appendix> argL0 ; # jdk/internal/classfile/impl/ClassFileImpl$$Lambda+0x800000051
instanceKlass java/lang/classfile/ClassModel
instanceKlass java/lang/classfile/AttributedElement
instanceKlass java/lang/classfile/CompoundElement
instanceKlass org/objectweb/asm/Attribute
instanceKlass  @bci org/gradle/internal/instantiation/generator/AsmBackedClassGenerator$ClassBuilderImpl addConstructor (Ljava/lang/reflect/Constructor;Z)V 84 <adapter> ; # java/lang/invoke/LambdaForm$MH+0x0000000091201c00
# instanceKlass java/lang/invoke/LambdaForm$DMH+0x0000000091201800
instanceKlass  @bci org/gradle/internal/instantiation/generator/AsmBackedClassGenerator$ClassBuilderImpl addConstructor (Ljava/lang/reflect/Constructor;Z)V 84 <appendix> form vmentry <vmtarget> ; # java/lang/invoke/LambdaForm$DMH+0x0000000091201400
instanceKlass  @bci org/gradle/internal/instantiation/generator/AsmBackedClassGenerator$ClassBuilderImpl addConstructor (Ljava/lang/reflect/Constructor;Z)V 84 <appendix> member <vmtarget> ; # org/gradle/internal/instantiation/generator/AsmBackedClassGenerator$ClassBuilderImpl$$Lambda+0x00000000911fdce8
instanceKlass  @cpi org/gradle/internal/instantiation/generator/AsmBackedClassGenerator$ClassBuilderImpl 1637 form vmentry <vmtarget> ; # java/lang/invoke/LambdaForm$DMH+0x0000000091201000
instanceKlass  @bci org/gradle/internal/instantiation/generator/AsmBackedClassGenerator$ClassBuilderImpl addLazyGroovySupportSetterOverloads (Lorg/gradle/internal/instantiation/generator/AbstractClassGenerator$PropertyMetadata;Lorg/gradle/internal/instantiation/generator/AbstractClassGenerator$MethodMetadata;)V 21 <appendix> member <vmtarget> ; # org/gradle/internal/instantiation/generator/AsmBackedClassGenerator$ClassBuilderImpl$$Lambda+0x00000000911fd5e0
instanceKlass org/apache/groovy/util/BeanUtils
instanceKlass groovy/lang/MetaProperty
instanceKlass  @bci org/gradle/internal/instantiation/generator/AsmBackedClassGenerator$ClassBuilderImpl addSetMethod (Lorg/gradle/internal/instantiation/generator/AbstractClassGenerator$PropertyMetadata;Ljava/lang/reflect/Method;)V 67 <appendix> member <vmtarget> ; # org/gradle/internal/instantiation/generator/AsmBackedClassGenerator$ClassBuilderImpl$$Lambda+0x00000000911fca88
instanceKlass  @bci org/gradle/internal/instantiation/generator/AsmBackedClassGenerator$ClassBuilderImpl addActionMethod (Ljava/lang/reflect/Method;)V 99 <adapter> ; # java/lang/invoke/LambdaForm$MH+0x0000000091200c00
# instanceKlass java/lang/invoke/LambdaForm$DMH+0x0000000091200800
instanceKlass  @bci org/gradle/internal/instantiation/generator/AsmBackedClassGenerator$ClassBuilderImpl addActionMethod (Ljava/lang/reflect/Method;)V 99 <appendix> form vmentry <vmtarget> ; # java/lang/invoke/LambdaForm$DMH+0x0000000091200400
instanceKlass  @bci org/gradle/internal/instantiation/generator/AsmBackedClassGenerator$ClassBuilderImpl addActionMethod (Ljava/lang/reflect/Method;)V 99 <appendix> member <vmtarget> ; # org/gradle/internal/instantiation/generator/AsmBackedClassGenerator$ClassBuilderImpl$$Lambda+0x00000000911fc380
instanceKlass  @cpi org/gradle/internal/instantiation/generator/AsmBackedClassGenerator$ClassBuilderImpl 1745 form vmentry <vmtarget> ; # java/lang/invoke/LambdaForm$DMH+0x0000000091200000
instanceKlass  @bci org/gradle/internal/instantiation/generator/AsmBackedClassGenerator$ClassBuilderImpl addActionMethod (Ljava/lang/reflect/Method;)V 23 <appendix> argL0 ; # org/gradle/internal/instantiation/generator/AsmBackedClassGenerator$ClassBuilderImpl$$Lambda+0x00000000911fc138
instanceKlass com/google/common/collect/LinkedHashMultimap$ValueSet$1
instanceKlass com/google/common/collect/AbstractMapBasedMultimap$WrappedCollection$WrappedIterator
instanceKlass  @bci org/gradle/internal/instantiation/generator/AsmBackedClassGenerator$ClassBuilderImpl addDynamicMethods ()V 87 <appendix> member <vmtarget> ; # org/gradle/internal/instantiation/generator/AsmBackedClassGenerator$ClassBuilderImpl$$Lambda+0x00000000911fa0f8
instanceKlass  @bci org/gradle/internal/instantiation/generator/AsmBackedClassGenerator$ClassBuilderImpl addDynamicMethods ()V 68 <appendix> member <vmtarget> ; # org/gradle/internal/instantiation/generator/AsmBackedClassGenerator$ClassBuilderImpl$$Lambda+0x00000000911f99f0
instanceKlass  @bci org/gradle/internal/instantiation/generator/AsmBackedClassGenerator$ClassBuilderImpl addDynamicMethods ()V 52 <appendix> member <vmtarget> ; # org/gradle/internal/instantiation/generator/AsmBackedClassGenerator$ClassBuilderImpl$$Lambda+0x00000000911f92e8
instanceKlass  @bci org/gradle/internal/instantiation/generator/AsmBackedClassGenerator$ClassBuilderImpl addDynamicMethods ()V 36 <appendix> member <vmtarget> ; # org/gradle/internal/instantiation/generator/AsmBackedClassGenerator$ClassBuilderImpl$$Lambda+0x00000000911f8be0
instanceKlass  @bci org/gradle/internal/instantiation/generator/AsmBackedClassGenerator$ClassBuilderImpl addSetter (Ljava/lang/String;Ljava/lang/String;Ljava/lang/String;Lorg/gradle/model/internal/asm/BytecodeFragment;)V 7 <appendix> member <vmtarget> ; # org/gradle/internal/instantiation/generator/AsmBackedClassGenerator$ClassBuilderImpl$$Lambda+0x00000000911f8000
instanceKlass  @bci org/gradle/internal/instantiation/generator/AsmBackedClassGenerator$ClassBuilderImpl mixInGroovyObject ()V 54 <appendix> member <vmtarget> ; # org/gradle/internal/instantiation/generator/AsmBackedClassGenerator$ClassBuilderImpl$$Lambda+0x00000000911f5cd8
instanceKlass  @bci org/gradle/internal/instantiation/generator/AsmBackedClassGenerator$ClassBuilderImpl mixInGroovyObject ()V 38 <appendix> member <vmtarget> ; # org/gradle/internal/instantiation/generator/AsmBackedClassGenerator$ClassBuilderImpl$$Lambda+0x00000000911f7c90
instanceKlass  @bci org/gradle/internal/instantiation/generator/AsmBackedClassGenerator$ClassBuilderImpl mixInDynamicAware ()V 38 <appendix> member <vmtarget> ; # org/gradle/internal/instantiation/generator/AsmBackedClassGenerator$ClassBuilderImpl$$Lambda+0x00000000911f7568
instanceKlass  @bci org/gradle/internal/instantiation/generator/AbstractClassGenerator isAttachableMethod (Lorg/gradle/internal/instantiation/generator/AbstractClassGenerator$MethodMetadata;)Z 13 <appendix> member <vmtarget> ; # org/gradle/internal/instantiation/generator/AbstractClassGenerator$$Lambda+0x00000000911f7308
instanceKlass  @bci org/gradle/internal/instantiation/generator/AsmBackedClassGenerator$ClassBuilderImpl applyConventionMappingToGetter (Lorg/gradle/internal/instantiation/generator/AbstractClassGenerator$PropertyMetadata;Lorg/gradle/internal/instantiation/generator/AbstractClassGenerator$MethodMetadata;ZZ)V 55 <adapter> ; # java/lang/invoke/LambdaForm$MH+0x00000000911f5400
# instanceKlass java/lang/invoke/LambdaForm$DMH+0x00000000911f5000
instanceKlass  @bci org/gradle/internal/instantiation/generator/AsmBackedClassGenerator$ClassBuilderImpl applyConventionMappingToGetter (Lorg/gradle/internal/instantiation/generator/AbstractClassGenerator$PropertyMetadata;Lorg/gradle/internal/instantiation/generator/AbstractClassGenerator$MethodMetadata;ZZ)V 55 <appendix> form vmentry <vmtarget> ; # java/lang/invoke/LambdaForm$DMH+0x00000000911f4c00
instanceKlass  @bci org/gradle/internal/instantiation/generator/AsmBackedClassGenerator$ClassBuilderImpl applyConventionMappingToGetter (Lorg/gradle/internal/instantiation/generator/AbstractClassGenerator$PropertyMetadata;Lorg/gradle/internal/instantiation/generator/AbstractClassGenerator$MethodMetadata;ZZ)V 55 <appendix> member <vmtarget> ; # org/gradle/internal/instantiation/generator/AsmBackedClassGenerator$ClassBuilderImpl$$Lambda+0x00000000911f6be0
instanceKlass  @cpi org/gradle/internal/instantiation/generator/AsmBackedClassGenerator$ClassBuilderImpl 1733 form vmentry <vmtarget> ; # java/lang/invoke/LambdaForm$DMH+0x00000000911f4800
instanceKlass  @bci org/gradle/internal/instantiation/generator/AsmBackedClassGenerator$ClassBuilderImpl addLazyGetter (Ljava/lang/String;Lorg/objectweb/asm/Type;Ljava/lang/String;Ljava/lang/String;Ljava/lang/String;Lorg/objectweb/asm/Type;Lorg/gradle/model/internal/asm/BytecodeFragment;Lorg/gradle/model/internal/asm/BytecodeFragment;)V 15 <appendix> member <vmtarget> ; # org/gradle/internal/instantiation/generator/AsmBackedClassGenerator$ClassBuilderImpl$$Lambda+0x00000000911f6000
instanceKlass org/gradle/model/internal/asm/BytecodeFragment$1
instanceKlass  @bci org/gradle/internal/instantiation/generator/AsmBackedClassGenerator$ClassBuilderImpl mixInConventionAware ()V 35 <appendix> member <vmtarget> ; # org/gradle/internal/instantiation/generator/AsmBackedClassGenerator$ClassBuilderImpl$$Lambda+0x00000000911f3a58
instanceKlass org/objectweb/asm/Handler
instanceKlass org/gradle/model/internal/asm/ClassVisitorScope$1
instanceKlass  @bci org/gradle/internal/instantiation/generator/AsmBackedClassGenerator$ClassBuilderImpl addExtensionsProperty ()V 11 <appendix> member <vmtarget> ; # org/gradle/internal/instantiation/generator/AsmBackedClassGenerator$ClassBuilderImpl$$Lambda+0x00000000911f2a28
instanceKlass  @bci org/gradle/internal/configuration/problems/CommonReport <init> (Lorg/gradle/internal/concurrent/ExecutorFactory;Lorg/gradle/api/internal/file/temp/TemporaryFileProvider;Lorg/gradle/internal/buildoption/InternalOptions;Ljava/lang/String;Ljava/lang/String;Z)V 96 <appendix> form vmentry <vmtarget> ; # java/lang/invoke/LambdaForm$DMH+0x00000000911f4400
instanceKlass  @bci org/gradle/internal/instantiation/generator/AsmBackedClassGenerator$ClassBuilderImpl addServiceGetter (Ljava/lang/String;Ljava/lang/String;Lorg/objectweb/asm/Type;Ljava/lang/String;Ljava/lang/String;)V 11 <appendix> member <vmtarget> ; # org/gradle/internal/instantiation/generator/AsmBackedClassGenerator$ClassBuilderImpl$$Lambda+0x00000000911f2320
instanceKlass  @cpi org/gradle/internal/instantiation/generator/AsmBackedClassGenerator$ClassBuilderImpl 1670 form vmentry <vmtarget> ; # java/lang/invoke/LambdaForm$DMH+0x00000000911f4000
instanceKlass  @bci org/gradle/internal/instantiation/generator/AsmBackedClassGenerator$ClassBuilderImpl generateToStringSupport ()V 8 <appendix> member <vmtarget> ; # org/gradle/internal/instantiation/generator/AsmBackedClassGenerator$ClassBuilderImpl$$Lambda+0x00000000911f1c18
instanceKlass  @bci org/gradle/internal/instantiation/generator/AsmBackedClassGenerator$ClassBuilderImpl generateModelObjectMethods ()V 108 <appendix> member <vmtarget> ; # org/gradle/internal/instantiation/generator/AsmBackedClassGenerator$ClassBuilderImpl$$Lambda+0x00000000911f14f0
instanceKlass  @bci org/gradle/internal/instantiation/generator/AsmBackedClassGenerator$ClassBuilderImpl generateModelObjectMethods ()V 92 <appendix> member <vmtarget> ; # org/gradle/internal/instantiation/generator/AsmBackedClassGenerator$ClassBuilderImpl$$Lambda+0x00000000911f0de8
instanceKlass  @bci org/gradle/internal/instantiation/generator/AsmBackedClassGenerator$ClassBuilderImpl generateModelObjectMethods ()V 76 <appendix> member <vmtarget> ; # org/gradle/internal/instantiation/generator/AsmBackedClassGenerator$ClassBuilderImpl$$Lambda+0x00000000911f06e0
instanceKlass org/gradle/api/Task
instanceKlass  @bci org/gradle/internal/instantiation/generator/AsmBackedClassGenerator$ClassBuilderImpl generateModelObjectMethods ()V 50 <appendix> member <vmtarget> ; # org/gradle/internal/instantiation/generator/AsmBackedClassGenerator$ClassBuilderImpl$$Lambda+0x00000000911efa20
instanceKlass org/objectweb/asm/Edge
instanceKlass  @bci org/gradle/internal/instantiation/generator/AsmBackedClassGenerator$ClassBuilderImpl generateModelObjectMethods ()V 34 <appendix> member <vmtarget> ; # org/gradle/internal/instantiation/generator/AsmBackedClassGenerator$ClassBuilderImpl$$Lambda+0x00000000911ef100
instanceKlass  @bci org/gradle/internal/instantiation/generator/AsmBackedClassGenerator$ClassBuilderImpl generateGeneratedSubtypeMethods ()V 26 <appendix> member <vmtarget> ; # org/gradle/internal/instantiation/generator/AsmBackedClassGenerator$ClassBuilderImpl$$Lambda+0x00000000911ee9f8
instanceKlass  @bci org/gradle/internal/instantiation/generator/AsmBackedClassGenerator$ClassBuilderImpl generateGeneratedSubtypeMethods ()V 8 <appendix> member <vmtarget> ; # org/gradle/internal/instantiation/generator/AsmBackedClassGenerator$ClassBuilderImpl$$Lambda+0x00000000911ee2f0
instanceKlass  @bci org/gradle/internal/instantiation/generator/AsmBackedClassGenerator$ClassBuilderImpl generateInitMethod ()V 62 <appendix> member <vmtarget> ; # org/gradle/internal/instantiation/generator/AsmBackedClassGenerator$ClassBuilderImpl$$Lambda+0x00000000911edbc8
instanceKlass  @bci org/gradle/internal/instantiation/generator/AsmBackedClassGenerator$ClassBuilderImpl generateInitMethod ()V 46 <appendix> member <vmtarget> ; # org/gradle/internal/instantiation/generator/AsmBackedClassGenerator$ClassBuilderImpl$$Lambda+0x00000000911ed4a0
instanceKlass org/objectweb/asm/Label
instanceKlass org/objectweb/asm/Frame
instanceKlass  @bci org/gradle/internal/instantiation/generator/AsmBackedClassGenerator$ClassBuilderImpl generateInitMethod ()V 30 <appendix> member <vmtarget> ; # org/gradle/internal/instantiation/generator/AsmBackedClassGenerator$ClassBuilderImpl$$Lambda+0x00000000911ebae0
instanceKlass org/gradle/model/internal/asm/AsmClassGeneratorUtils
instanceKlass org/objectweb/asm/ByteVector
instanceKlass org/objectweb/asm/Symbol
instanceKlass org/objectweb/asm/SymbolTable
instanceKlass org/objectweb/asm/AnnotationVisitor
instanceKlass org/objectweb/asm/ModuleVisitor
instanceKlass org/objectweb/asm/FieldVisitor
instanceKlass org/objectweb/asm/MethodVisitor
instanceKlass org/objectweb/asm/RecordComponentVisitor
instanceKlass org/gradle/model/internal/asm/AsmClassGenerator
instanceKlass org/objectweb/asm/Handle
instanceKlass org/gradle/internal/DisplayName
instanceKlass org/gradle/api/Project
instanceKlass org/gradle/api/internal/provider/AbstractMinimalProvider
instanceKlass org/gradle/api/internal/provider/PropertyInternal
instanceKlass org/gradle/api/internal/provider/support/LazyGroovySupport
instanceKlass org/gradle/api/internal/provider/HasConfigurableValueInternal
instanceKlass org/gradle/api/internal/provider/ProviderInternal
instanceKlass org/gradle/internal/evaluation/EvaluationOwner
instanceKlass org/gradle/api/internal/provider/ValueSupplier
instanceKlass org/gradle/internal/instantiation/generator/ManagedObjectFactory
instanceKlass org/gradle/util/internal/ConfigureUtil
instanceKlass org/gradle/internal/metaobject/AbstractDynamicObject
instanceKlass org/gradle/internal/metaobject/DynamicObject
instanceKlass org/gradle/internal/metaobject/PropertyAccess
instanceKlass org/gradle/internal/metaobject/MethodAccess
instanceKlass org/gradle/internal/extensibility/ConventionAwareHelper
instanceKlass org/gradle/api/internal/IConventionAware
instanceKlass org/gradle/internal/state/OwnerAware
instanceKlass org/gradle/api/internal/ConventionMapping
instanceKlass org/gradle/model/internal/asm/BytecodeFragment
instanceKlass groovy/lang/GroovyObjectSupport
instanceKlass groovy/lang/GroovyCallable
instanceKlass org/gradle/api/IsolatedAction
instanceKlass groovy/transform/Generated
instanceKlass  @bci org/gradle/internal/instantiation/generator/AbstractClassGenerator$PropertyMetadata findAnnotation (Ljava/lang/Class;)Ljava/lang/annotation/Annotation; 10 <appendix> member <vmtarget> ; # org/gradle/internal/instantiation/generator/AbstractClassGenerator$PropertyMetadata$$Lambda+0x00000000911e5c48
instanceKlass  @bci org/gradle/internal/instantiation/generator/AbstractClassGenerator isAttachProperty (Lorg/gradle/internal/instantiation/generator/AbstractClassGenerator$PropertyMetadata;)Z 17 <appendix> member <vmtarget> ; # org/gradle/internal/instantiation/generator/AbstractClassGenerator$$Lambda+0x00000000911e59e8
instanceKlass  @cpi org/gradle/internal/watch/registry/impl/AbstractFileWatcherUpdater 374 form vmentry <vmtarget> ; # java/lang/invoke/LambdaForm$DMH+0x00000000911e0400
instanceKlass  @bci org/gradle/internal/instantiation/generator/AbstractClassGenerator$PropertyMetadata isReadableWithoutSetterOfPropertyType ()Z 17 <appendix> member <vmtarget> ; # org/gradle/internal/instantiation/generator/AbstractClassGenerator$PropertyMetadata$$Lambda+0x00000000911e5788
instanceKlass jdk/internal/vm/annotation/IntrinsicCandidate
instanceKlass org/gradle/api/internal/DynamicObjectAware
instanceKlass org/gradle/internal/extensibility/NoConventionMapping
instanceKlass org/gradle/api/Incubating
instanceKlass org/gradle/api/NonExtensible
instanceKlass org/gradle/api/cache/MarkingStrategy
instanceKlass sun/reflect/generics/tree/Wildcard
instanceKlass sun/reflect/generics/tree/BottomSignature
instanceKlass org/gradle/internal/instantiation/generator/AbstractClassGenerator$MethodMetadata
instanceKlass org/gradle/internal/reflect/PropertyAccessor
instanceKlass org/gradle/internal/reflect/PropertyMutator
instanceKlass org/gradle/internal/reflect/JavaPropertyReflectionUtil
instanceKlass org/gradle/internal/instantiation/generator/AbstractClassGenerator$PropertyMetadata
instanceKlass org/gradle/internal/instantiation/generator/AbstractClassGenerator$ClassMetadata
instanceKlass org/gradle/internal/reflect/MutablePropertyDetails
instanceKlass java/beans/Introspector$1
instanceKlass jdk/internal/access/JavaBeansAccess
instanceKlass java/beans/FeatureDescriptor
instanceKlass java/beans/Introspector
instanceKlass org/gradle/internal/reflect/MethodSet$MethodKey
instanceKlass org/gradle/api/cache/Cleanup
instanceKlass org/gradle/api/internal/cache/CacheResourceConfigurationInternal
instanceKlass org/gradle/api/invocation/Gradle
instanceKlass org/gradle/api/plugins/ExtensionAware
instanceKlass org/gradle/api/plugins/PluginAware
instanceKlass org/gradle/cache/CleanupFrequency
instanceKlass org/gradle/api/cache/CacheResourceConfiguration
instanceKlass  @bci org/gradle/internal/reflect/ClassInspector inspect (Ljava/lang/Class;)Lorg/gradle/internal/reflect/ClassDetails; 12 <appendix> member <vmtarget> ; # org/gradle/internal/reflect/ClassInspector$$Lambda+0x00000000911ddb78
instanceKlass  @cpi org/gradle/internal/watch/registry/impl/DefaultFileWatcherRegistry 336 form vmentry <vmtarget> ; # java/lang/invoke/LambdaForm$DMH+0x00000000911e0000
instanceKlass org/gradle/internal/reflect/PropertyDetails
instanceKlass org/gradle/internal/reflect/MutableClassDetails
instanceKlass org/gradle/internal/reflect/ClassDetails
instanceKlass org/gradle/internal/reflect/ClassInspector
instanceKlass org/gradle/internal/instantiation/generator/AbstractClassGenerator$ClassGenerationVisitor
instanceKlass org/gradle/internal/instantiation/generator/AsmBackedClassGenerator$ClassInspectionVisitorImpl
instanceKlass org/gradle/internal/instantiation/generator/AbstractClassGenerator$BooleanPropertyDeprecatingValidator
instanceKlass org/gradle/internal/instantiation/generator/AbstractClassGenerator$InjectionAnnotationValidator
instanceKlass org/gradle/internal/instantiation/generator/AbstractClassGenerator$DisabledAnnotationValidator
instanceKlass org/gradle/internal/instantiation/generator/AbstractClassGenerator$ClassValidator
instanceKlass com/google/common/collect/LinkedHashMultimap$ValueSetLink
instanceKlass com/google/common/base/Converter
instanceKlass com/google/common/collect/SortedMapDifference
instanceKlass com/google/common/collect/MapDifference
instanceKlass com/google/common/collect/Maps
instanceKlass org/gradle/internal/reflect/MethodSet
instanceKlass com/google/common/collect/SetMultimap
instanceKlass org/gradle/internal/instantiation/generator/AbstractClassGenerator$ClassGenerationHandler
instanceKlass  @bci org/gradle/internal/instantiation/generator/AbstractClassGenerator generate (Ljava/lang/Class;)Lorg/gradle/internal/instantiation/generator/ClassGenerator$GeneratedClass; 9 <appendix> member <vmtarget> ; # org/gradle/internal/instantiation/generator/AbstractClassGenerator$$Lambda+0x00000000911d7ab8
instanceKlass org/gradle/internal/instantiation/generator/AbstractClassGenerator$GeneratedClassImpl
instanceKlass org/gradle/internal/instantiation/generator/ClassGenerator$GeneratedClass
instanceKlass org/gradle/api/internal/GeneratedSubclass
instanceKlass org/gradle/api/internal/GeneratedSubclasses
instanceKlass  @bci org/gradle/cache/internal/DefaultCrossBuildInMemoryCacheFactory$AbstractCrossBuildInMemoryCache lambda$get$2 (Ljava/util/function/Function;Ljava/lang/Object;)Lorg/gradle/internal/lazy/Lazy; 23 <appendix> member <vmtarget> ; # org/gradle/cache/internal/DefaultCrossBuildInMemoryCacheFactory$AbstractCrossBuildInMemoryCache$$Lambda+0x00000000911d7000
instanceKlass  @bci org/gradle/cache/internal/DefaultCrossBuildInMemoryCacheFactory$AbstractCrossBuildInMemoryCache get (Ljava/lang/Object;Ljava/util/function/Function;)Ljava/lang/Object; 7 <appendix> member <vmtarget> ; # org/gradle/cache/internal/DefaultCrossBuildInMemoryCacheFactory$AbstractCrossBuildInMemoryCache$$Lambda+0x00000000911d3c48
instanceKlass  @bci org/gradle/internal/instantiation/generator/Jsr330ConstructorSelector forType (Ljava/lang/Class;)Lorg/gradle/internal/instantiation/generator/ClassGenerator$GeneratedConstructor; 7 <appendix> member <vmtarget> ; # org/gradle/internal/instantiation/generator/Jsr330ConstructorSelector$$Lambda+0x00000000911d3a18
instanceKlass org/gradle/internal/instantiation/generator/Jsr330ConstructorSelector$CachedConstructor
instanceKlass org/gradle/api/internal/cache/DefaultCacheConfigurations
instanceKlass org/gradle/api/provider/ListProperty
instanceKlass org/gradle/api/provider/MapProperty
instanceKlass org/gradle/api/provider/SetProperty
instanceKlass org/gradle/api/provider/HasMultipleValues
instanceKlass org/gradle/api/internal/model/DefaultObjectFactory
# instanceKlass java/lang/invoke/LambdaForm$MH+0x00000000911d6c00
# instanceKlass java/lang/invoke/LambdaForm$MH+0x00000000911d6800
# instanceKlass java/lang/invoke/LambdaForm$MH+0x00000000911d6400
# instanceKlass java/lang/invoke/LambdaForm$MH+0x00000000911d6000
# instanceKlass java/lang/invoke/LambdaForm$MH+0x00000000911d5c00
# instanceKlass java/lang/invoke/LambdaForm$MH+0x00000000911d5800
# instanceKlass java/lang/invoke/LambdaForm$MH+0x00000000911d5400
# instanceKlass java/lang/invoke/LambdaForm$MH+0x00000000911d5000
# instanceKlass java/lang/invoke/LambdaForm$MH+0x00000000911d4c00
# instanceKlass java/lang/invoke/LambdaForm$MH+0x00000000911d4800
# instanceKlass java/lang/invoke/LambdaForm$MH+0x00000000911d4400
# instanceKlass java/lang/invoke/LambdaForm$DMH+0x00000000911d4000
instanceKlass  @bci org/gradle/api/internal/model/NamedObjectInstantiator <init> (Lorg/gradle/cache/internal/ClassCacheFactory;)V 6 <appendix> member <vmtarget> ; # org/gradle/api/internal/model/NamedObjectInstantiator$$Lambda+0x00000000911d2620
instanceKlass org/gradle/internal/state/Managed
instanceKlass com/google/common/base/ExtraObjectsMethodsForWeb
instanceKlass org/gradle/model/internal/inspect/ValidationProblemCollector
instanceKlass org/gradle/api/internal/MutationGuards$1
instanceKlass org/gradle/api/internal/MutationGuard
instanceKlass org/gradle/api/internal/MutationGuards
instanceKlass org/gradle/api/internal/CollectionCallbackActionDecorator$1
instanceKlass org/gradle/api/internal/collections/DefaultDomainObjectCollectionFactory
instanceKlass org/gradle/api/file/RegularFileProperty
instanceKlass org/gradle/api/file/DirectoryProperty
instanceKlass org/gradle/api/file/FileSystemLocationProperty
instanceKlass org/gradle/api/provider/Property
instanceKlass org/gradle/api/provider/Provider
instanceKlass org/gradle/api/file/Directory
instanceKlass org/gradle/api/file/RegularFile
instanceKlass org/gradle/api/file/FileSystemLocation
instanceKlass  @bci org/gradle/api/internal/file/DefaultFileCollectionFactory <init> (Lorg/gradle/internal/file/PathToFileResolver;Lorg/gradle/api/internal/tasks/TaskDependencyFactory;Lorg/gradle/api/internal/file/collections/DirectoryFileTreeFactory;Lorg/gradle/api/tasks/util/internal/PatternSetFactory;Lorg/gradle/api/internal/provider/PropertyHost;Lorg/gradle/internal/nativeintegration/filesystem/FileSystem;)V 10 <appendix> argL0 ; # org/gradle/api/internal/file/DefaultFileCollectionFactory$$Lambda+0x00000000911cfcc0
instanceKlass  @cpi org/gradle/api/internal/artifacts/DefaultDependencyManagementServices 163 form vmentry <vmtarget> ; # java/lang/invoke/LambdaForm$DMH+0x00000000911cdc00
instanceKlass org/gradle/api/internal/file/collections/FileCollectionObservationListener
instanceKlass org/gradle/api/internal/tasks/DefaultTaskDependencyFactory
instanceKlass org/gradle/api/internal/file/collections/MinimalFileTree
instanceKlass org/gradle/api/internal/file/collections/MinimalFileCollection
instanceKlass org/gradle/api/file/ConfigurableFileTree
instanceKlass org/gradle/api/file/DirectoryTree
instanceKlass org/gradle/api/file/ConfigurableFileCollection
instanceKlass org/gradle/api/provider/SupportsConvention
instanceKlass org/gradle/api/provider/HasConfigurableValue
instanceKlass org/gradle/api/internal/file/FileTreeInternal
instanceKlass org/gradle/api/file/FileTree
instanceKlass org/gradle/api/internal/file/FileCollectionInternal
instanceKlass org/gradle/api/internal/tasks/TaskDependencyContainer
instanceKlass org/gradle/api/file/FileCollection
instanceKlass org/gradle/api/internal/file/DefaultFileCollectionFactory
# instanceKlass java/lang/invoke/LambdaForm$MH+0x00000000911cd800
# instanceKlass java/lang/invoke/LambdaForm$MH+0x00000000911cd400
# instanceKlass java/lang/invoke/LambdaForm$MH+0x00000000911cd000
# instanceKlass java/lang/invoke/LambdaForm$MH+0x00000000911ccc00
# instanceKlass java/lang/invoke/LambdaForm$MH+0x00000000911cc800
# instanceKlass java/lang/invoke/LambdaForm$MH+0x00000000911cc400
# instanceKlass java/lang/invoke/LambdaForm$MH+0x00000000911cc000
instanceKlass org/gradle/internal/typeconversion/CompositeNotationConverter
instanceKlass  @bci org/gradle/api/internal/file/AbstractFileResolver <init> ()V 47 <appendix> member <vmtarget> ; # org/gradle/api/internal/file/AbstractFileResolver$$Lambda+0x00000000911cb638
instanceKlass org/gradle/internal/typeconversion/TransformingConverter
instanceKlass org/gradle/api/internal/file/UriNotationConverter
instanceKlass org/gradle/internal/exceptions/DiagnosticsVisitor
instanceKlass org/gradle/internal/typeconversion/ErrorHandlingNotationParser
instanceKlass org/gradle/internal/typeconversion/NotationConvertResult
instanceKlass org/gradle/internal/typeconversion/NotationConverterToNotationParserAdapter
instanceKlass org/gradle/internal/typeconversion/TypeInfo
instanceKlass org/gradle/internal/typeconversion/NotationParserBuilder
instanceKlass org/gradle/api/internal/file/FileNotationConverter
instanceKlass org/gradle/internal/typeconversion/NotationParser
instanceKlass org/gradle/internal/typeconversion/NotationConverter
instanceKlass org/gradle/api/internal/file/AbstractFileResolver
instanceKlass org/gradle/api/internal/provider/DefaultPropertyFactory
instanceKlass  @bci org/gradle/api/internal/provider/PropertyHost <clinit> ()V 0 <appendix> argL0 ; # org/gradle/api/internal/provider/PropertyHost$$Lambda+0x00000000911c8c10
instanceKlass org/gradle/internal/state/ModelObject
instanceKlass org/gradle/api/internal/file/collections/DefaultDirectoryFileTreeFactory
instanceKlass org/gradle/api/tasks/util/PatternSet
instanceKlass org/gradle/api/tasks/util/PatternFilterable
instanceKlass org/gradle/api/tasks/AntBuilderAware
instanceKlass org/gradle/api/tasks/util/internal/DefaultPatternSetFactory
instanceKlass com/google/common/cache/LocalCache$AbstractReferenceEntry
instanceKlass com/google/common/cache/LocalCache$LoadingValueReference
instanceKlass com/google/common/cache/RemovalListener
instanceKlass com/google/common/cache/Weigher
instanceKlass com/google/common/base/Equivalence
instanceKlass java/util/function/BiPredicate
instanceKlass com/google/common/base/MoreObjects
instanceKlass com/google/common/cache/LocalCache$1
instanceKlass com/google/common/cache/ReferenceEntry
instanceKlass com/google/common/cache/LocalCache$ValueReference
instanceKlass com/google/common/cache/CacheLoader
instanceKlass com/google/common/cache/LocalCache$LocalManualCache
instanceKlass com/google/common/cache/CacheBuilder$2
instanceKlass com/google/common/cache/CacheStats
instanceKlass com/google/common/base/Suppliers$SupplierOfInstance
instanceKlass com/google/common/base/Suppliers
instanceKlass com/google/common/cache/CacheBuilder$1
instanceKlass com/google/common/cache/AbstractCache$StatsCounter
instanceKlass com/google/common/cache/LoadingCache
instanceKlass com/google/common/cache/Cache
instanceKlass com/google/common/base/Ticker
instanceKlass com/google/common/cache/CacheBuilder
instanceKlass org/gradle/cache/internal/HeapProportionalCacheSizer
instanceKlass org/gradle/internal/instantiation/generator/DefaultInstantiationScheme$DefaultDeserializationInstantiator
instanceKlass org/gradle/internal/instantiation/InstanceFactory
instanceKlass org/gradle/internal/instantiation/generator/DependencyInjectingInstantiator
instanceKlass org/gradle/internal/instantiation/DeserializationInstantiator
instanceKlass org/gradle/internal/instantiation/generator/DefaultInstantiationScheme
instanceKlass org/gradle/internal/instantiation/generator/ParamsMatchingConstructorSelector
instanceKlass org/gradle/cache/internal/DefaultCrossBuildInMemoryCacheFactory$2
instanceKlass org/gradle/internal/instantiation/generator/Jsr330ConstructorSelector
instanceKlass com/google/common/collect/ImmutableMultimap$Builder
instanceKlass com/google/common/collect/Multiset
instanceKlass org/gradle/cache/internal/DefaultCrossBuildInMemoryCacheFactory$AbstractCrossBuildInMemoryCache
instanceKlass org/gradle/internal/session/BuildSessionLifecycleListener
instanceKlass org/gradle/model/internal/asm/ClassGeneratorSuffixRegistry
instanceKlass org/gradle/internal/instantiation/generator/AbstractClassGenerator$InstantiationStrategy
instanceKlass org/gradle/internal/instantiation/generator/AbstractClassGenerator$ClassInspectionVisitor
instanceKlass org/gradle/internal/instantiation/generator/AbstractClassGenerator$UnclaimedPropertyHandler
instanceKlass com/google/common/reflect/TypeCapture
instanceKlass com/google/common/collect/ListMultimap
instanceKlass com/google/common/collect/AbstractMultimap
instanceKlass com/google/common/collect/Multimap
instanceKlass org/gradle/internal/instantiation/generator/AbstractClassGenerator
instanceKlass org/gradle/internal/instantiation/generator/ClassGenerator
instanceKlass org/gradle/internal/service/ServiceRegistryBuilder$1
instanceKlass  @bci org/gradle/internal/instantiation/generator/DefaultInstantiatorFactory defaultServiceRegistry ()Lorg/gradle/internal/service/ServiceRegistry; 9 <appendix> member <vmtarget> ; # org/gradle/internal/instantiation/generator/DefaultInstantiatorFactory$$Lambda+0x00000000911b6aa8
instanceKlass org/gradle/internal/service/ServiceRegistrationAction
instanceKlass org/gradle/api/internal/tasks/properties/annotations/OutputPropertyRoleAnnotationHandler
instanceKlass org/gradle/internal/instantiation/generator/DefaultInstantiatorFactory$ManagedTypeFactory
instanceKlass org/gradle/internal/instantiation/InstantiationScheme
instanceKlass org/gradle/internal/instantiation/generator/ConstructorSelector
instanceKlass org/gradle/internal/instantiation/generator/DefaultInstantiatorFactory
# instanceKlass java/lang/invoke/LambdaForm$MH+0x00000000911b5000
instanceKlass java/util/TreeMap$PrivateEntryIterator
instanceKlass java/lang/invoke/LambdaFormEditor$1
instanceKlass org/gradle/cache/internal/CrossBuildInMemoryCache
instanceKlass org/gradle/cache/internal/DefaultCrossBuildInMemoryCacheFactory
instanceKlass java/util/stream/ForEachOps$ForEachOp
instanceKlass java/util/stream/ForEachOps
instanceKlass  @bci org/gradle/internal/execution/model/annotations/ModifierAnnotationCategory annotationsOf ([Lorg/gradle/internal/execution/model/annotations/ModifierAnnotationCategory;)Lcom/google/common/collect/ImmutableSet; 24 <appendix> member <vmtarget> ; # org/gradle/internal/execution/model/annotations/ModifierAnnotationCategory$$Lambda+0x00000000911b2898
instanceKlass  @bci org/gradle/internal/execution/model/annotations/ModifierAnnotationCategory annotationsOf ([Lorg/gradle/internal/execution/model/annotations/ModifierAnnotationCategory;)Lcom/google/common/collect/ImmutableSet; 8 <appendix> argL0 ; # org/gradle/internal/execution/model/annotations/ModifierAnnotationCategory$$Lambda+0x00000000911b2650
instanceKlass org/gradle/work/NormalizeLineEndings
instanceKlass org/gradle/api/tasks/IgnoreEmptyDirectories
instanceKlass org/gradle/api/tasks/Optional
instanceKlass org/gradle/api/tasks/PathSensitive
instanceKlass org/gradle/api/tasks/CompileClasspath
instanceKlass org/gradle/api/tasks/Classpath
instanceKlass org/gradle/api/tasks/SkipWhenEmpty
instanceKlass org/gradle/work/Incremental
instanceKlass  @bci org/gradle/internal/service/scopes/WorkerSharedGlobalScopeServices createDeleter (Lorg/gradle/internal/time/Clock;Lorg/gradle/internal/nativeintegration/filesystem/FileSystem;Lorg/gradle/internal/os/OperatingSystem;)Lorg/gradle/internal/file/Deleter; 21 <appendix> member <vmtarget> ; # org/gradle/internal/service/scopes/WorkerSharedGlobalScopeServices$$Lambda+0x00000000911b06e8
instanceKlass  @bci org/gradle/internal/service/scopes/WorkerSharedGlobalScopeServices createDeleter (Lorg/gradle/internal/time/Clock;Lorg/gradle/internal/nativeintegration/filesystem/FileSystem;Lorg/gradle/internal/os/OperatingSystem;)Lorg/gradle/internal/file/Deleter; 10 <appendix> member <vmtarget> ; # org/gradle/internal/service/scopes/WorkerSharedGlobalScopeServices$$Lambda+0x00000000911b04b8
instanceKlass  @cpi org/gradle/internal/service/scopes/WorkerSharedGlobalScopeServices 307 form vmentry <vmtarget> ; # java/lang/invoke/LambdaForm$DMH+0x00000000911b4c00
instanceKlass org/gradle/internal/file/impl/DefaultDeleter
# instanceKlass java/lang/invoke/LambdaForm$MH+0x00000000911b4800
# instanceKlass java/lang/invoke/LambdaForm$MH+0x00000000911b4400
# instanceKlass java/lang/invoke/LambdaForm$MH+0x00000000911b4000
instanceKlass org/gradle/cache/internal/scopes/DefaultCacheScopeMapping
instanceKlass org/gradle/cache/internal/CacheScopeMapping
instanceKlass org/gradle/cache/FineGrainedCacheBuilder
instanceKlass org/gradle/cache/CacheBuilder
instanceKlass org/gradle/cache/internal/DefaultUnscopedCacheBuilderFactory
instanceKlass org/gradle/cache/internal/ReferencablePersistentCache
instanceKlass org/gradle/cache/FineGrainedPersistentCache
instanceKlass org/gradle/cache/PersistentCache
instanceKlass org/gradle/cache/HasCleanupAction
instanceKlass org/gradle/cache/CleanableStore
instanceKlass org/gradle/cache/ExclusiveCacheAccessCoordinator
instanceKlass org/gradle/cache/internal/DefaultCacheFactory
# instanceKlass java/lang/invoke/LambdaForm$MH+0x00000000911af800
# instanceKlass java/lang/invoke/LambdaForm$MH+0x00000000911af400
instanceKlass  @bci org/gradle/internal/service/scopes/WorkerSharedGlobalScopeServices createBuildOperationRunner (Lorg/gradle/internal/time/Clock;Lorg/gradle/internal/operations/CurrentBuildOperationRef;Lorg/gradle/internal/logging/progress/ProgressLoggerFactory;Lorg/gradle/internal/operations/BuildOperationIdFactory;Lorg/gradle/internal/operations/BuildOperationListenerManager;)Lorg/gradle/internal/operations/BuildOperationRunner; 21 <appendix> member <vmtarget> ; # org/gradle/internal/service/scopes/WorkerSharedGlobalScopeServices$$Lambda+0x00000000911aa7b0
instanceKlass org/gradle/internal/operations/DefaultBuildOperationRunner$BuildOperationExecutionListenerFactory
instanceKlass org/gradle/internal/operations/DefaultBuildOperationRunner$1
instanceKlass org/gradle/internal/operations/DefaultBuildOperationRunner$ReadableBuildOperationContext
instanceKlass org/gradle/internal/operations/BuildOperationContext
instanceKlass org/gradle/internal/operations/DefaultBuildOperationRunner$BuildOperationExecution
instanceKlass org/gradle/internal/operations/BuildOperation
instanceKlass org/gradle/internal/operations/BuildOperationWorker
instanceKlass org/gradle/internal/operations/DefaultBuildOperationRunner
# instanceKlass java/lang/invoke/LambdaForm$MH+0x00000000911af000
# instanceKlass java/lang/invoke/LambdaForm$MH+0x00000000911aec00
# instanceKlass java/lang/invoke/LambdaForm$MH+0x00000000911ae800
# instanceKlass java/lang/invoke/LambdaForm$MH+0x00000000911ae400
# instanceKlass java/lang/invoke/LambdaForm$MH+0x00000000911ae000
# instanceKlass java/lang/invoke/LambdaForm$MH+0x00000000911adc00
# instanceKlass java/lang/invoke/LambdaForm$MH+0x00000000911ad800
# instanceKlass java/lang/invoke/LambdaForm$DMH+0x00000000911ad400
instanceKlass org/gradle/internal/logging/services/ProgressLoggingBridge
instanceKlass org/gradle/internal/logging/progress/ProgressLogger
instanceKlass org/gradle/internal/logging/progress/DefaultProgressLoggerFactory
# instanceKlass java/lang/invoke/LambdaForm$MH+0x00000000911ad000
# instanceKlass java/lang/invoke/LambdaForm$MH+0x00000000911acc00
# instanceKlass java/lang/invoke/LambdaForm$MH+0x00000000911ac800
# instanceKlass java/lang/invoke/LambdaForm$MH+0x00000000911ac400
instanceKlass org/gradle/internal/operations/DefaultBuildOperationIdFactory
instanceKlass  @bci org/gradle/internal/service/scopes/DefaultGradleUserHomeScopeServiceRegistry$1 createGradleUserHomeDirProvider ()Lorg/gradle/initialization/GradleUserHomeDirProvider; 4 <appendix> member <vmtarget> ; # org/gradle/internal/service/scopes/DefaultGradleUserHomeScopeServiceRegistry$1$$Lambda+0x00000000911a8ba0
# instanceKlass java/lang/invoke/LambdaForm$DMH+0x00000000911ac000
instanceKlass org/gradle/internal/versionedcache/UsedGradleVersions
instanceKlass org/gradle/cache/internal/GradleUserHomeCleanupServices
instanceKlass org/gradle/cache/internal/scopes/AbstractScopedCacheBuilderFactory
instanceKlass org/gradle/initialization/layout/GlobalCacheDir
instanceKlass org/gradle/internal/vfs/FileSystemAccess
instanceKlass org/gradle/api/internal/plugins/DefaultPluginRegistry
instanceKlass org/gradle/cache/internal/DefaultGeneratedGradleJarCache
instanceKlass org/gradle/cache/internal/GeneratedGradleJarCache
instanceKlass org/gradle/execution/plan/ToPlannedNodeConverterRegistry
instanceKlass org/gradle/api/internal/plugins/CorePluginRegistryProvider
instanceKlass org/gradle/groovy/scripts/internal/CrossBuildInMemoryCachingScriptClassCache
instanceKlass org/gradle/cache/scopes/GlobalScopedCacheBuilderFactory
instanceKlass org/gradle/process/internal/worker/child/WorkerProcessClassPathProvider
instanceKlass org/gradle/initialization/ClassLoaderScopeRegistryListenerManager
instanceKlass org/gradle/internal/classloader/ClasspathHasher
instanceKlass org/gradle/internal/jvm/JavaModuleDetector
instanceKlass org/gradle/api/internal/cache/CacheConfigurationsInternal
instanceKlass org/gradle/api/cache/CacheConfigurations
instanceKlass org/gradle/internal/service/scopes/DefaultGradleUserHomeScopeServiceRegistry$1
instanceKlass org/gradle/internal/session/BuildSessionState
instanceKlass com/fasterxml/jackson/core/type/TypeReference
instanceKlass org/gradle/internal/operations/trace/BuildOperationTrace$TraceWriter
# instanceKlass java/lang/invoke/LambdaForm$MH+0x00000000911a2400
# instanceKlass java/lang/invoke/LambdaForm$MH+0x00000000911a2000
# instanceKlass java/lang/invoke/LambdaForm$MH+0x00000000911a1c00
# instanceKlass java/lang/invoke/LambdaForm$MH+0x00000000911a1800
instanceKlass org/gradle/internal/operations/DefaultBuildOperationListenerManager$1
instanceKlass org/gradle/internal/operations/DefaultBuildOperationListenerManager
instanceKlass org/gradle/internal/buildoption/DefaultInternalOptions
instanceKlass  @bci java/util/stream/Collectors uniqKeysMapMerger ()Ljava/util/function/BinaryOperator; 0 <appendix> argL0 ; # java/util/stream/Collectors$$Lambda+0x0000000091172180
instanceKlass  @bci java/util/stream/Collectors uniqKeysMapAccumulator (Ljava/util/function/Function;Ljava/util/function/Function;)Ljava/util/function/BiConsumer; 2 <appendix> member <vmtarget> ; # java/util/stream/Collectors$$Lambda+0x0000000091171f40
instanceKlass  @bci java/util/stream/Collectors toMap (Ljava/util/function/Function;Ljava/util/function/Function;)Ljava/util/stream/Collector; 4 <appendix> argL0 ; # java/util/stream/Collectors$$Lambda+0x0000000091171d18
instanceKlass  @bci org/gradle/api/internal/options/InternalOptionsFactory filterInternalOptions (Ljava/util/Map;)Ljava/util/Map; 26 <appendix> argL0 ; # org/gradle/api/internal/options/InternalOptionsFactory$$Lambda+0x00000000911a59e0
instanceKlass  @bci org/gradle/api/internal/options/InternalOptionsFactory filterInternalOptions (Ljava/util/Map;)Ljava/util/Map; 21 <appendix> argL0 ; # org/gradle/api/internal/options/InternalOptionsFactory$$Lambda+0x00000000911a5798
instanceKlass  @bci org/gradle/api/internal/options/InternalOptionsFactory filterInternalOptions (Ljava/util/Map;)Ljava/util/Map; 11 <appendix> argL0 ; # org/gradle/api/internal/options/InternalOptionsFactory$$Lambda+0x00000000911a5540
instanceKlass org/gradle/api/internal/options/InternalOptionsFactory
# instanceKlass java/lang/invoke/LambdaForm$MH+0x00000000911a1400
# instanceKlass java/lang/invoke/LambdaForm$MH+0x00000000911a1000
instanceKlass org/gradle/internal/operations/DefaultBuildOperationsParameters
instanceKlass org/gradle/internal/work/WorkerLeaseRegistry$WorkerLeaseCompletion
instanceKlass org/gradle/internal/work/WorkerLeaseRegistry$WorkerLease
instanceKlass org/gradle/internal/resources/ResourceLock
instanceKlass org/gradle/internal/work/Synchronizer
instanceKlass org/gradle/internal/work/DefaultWorkerLeaseService
instanceKlass org/gradle/internal/work/ProjectParallelExecutionController
instanceKlass org/gradle/internal/resources/ResourceLockState
instanceKlass org/gradle/internal/resources/DefaultResourceLockCoordinationService
instanceKlass org/gradle/internal/resources/ResourceLockCoordinationService
instanceKlass org/gradle/internal/operations/logging/LoggingBuildOperationProgressBroadcaster
instanceKlass org/gradle/internal/work/WorkerLeaseService
instanceKlass org/gradle/internal/work/WorkerThreadRegistry
instanceKlass org/gradle/internal/resources/ProjectLeaseRegistry
instanceKlass org/gradle/internal/work/WorkerLeaseRegistry
instanceKlass org/gradle/internal/operations/BuildOperationsParameters
instanceKlass org/gradle/internal/operations/notify/BuildOperationNotificationValve
instanceKlass org/gradle/internal/operations/notify/BuildOperationNotificationBridge
instanceKlass org/gradle/internal/operations/notify/BuildOperationNotificationListenerRegistrar
instanceKlass org/gradle/internal/operations/trace/BuildOperationTrace
instanceKlass org/gradle/api/internal/CollectionCallbackActionDecorator
instanceKlass org/gradle/configuration/internal/ListenerBuildOperationDecorator
instanceKlass org/gradle/internal/operations/BuildOperationExecutor
instanceKlass org/gradle/internal/operations/BuildOperationQueueFactory
instanceKlass org/gradle/internal/work/ResourceLockStatistics
instanceKlass org/gradle/internal/code/UserCodeApplicationContext
instanceKlass org/gradle/internal/work/WorkerLimits
instanceKlass org/gradle/internal/service/scopes/CoreCrossBuildSessionServices
# instanceKlass java/lang/invoke/LambdaForm$MH+0x00000000911a0c00
# instanceKlass java/lang/invoke/LambdaForm$MH+0x00000000911a0800
# instanceKlass java/lang/invoke/LambdaForm$MH+0x00000000911a0400
# instanceKlass java/lang/invoke/LambdaForm$MH+0x00000000911a0000
instanceKlass org/gradle/internal/service/DefaultServiceRegistry$CollectionService
instanceKlass org/gradle/internal/collect/PersistentArrayTrie$1
instanceKlass org/gradle/internal/service/DefaultServiceRegistry$CollectingVisitor
instanceKlass sun/reflect/generics/tree/VoidDescriptor
instanceKlass org/gradle/internal/buildoption/InternalOptions
instanceKlass org/gradle/internal/service/scopes/CrossBuildSessionParameters
instanceKlass org/gradle/internal/session/CrossBuildSessionState$Services
instanceKlass org/gradle/internal/session/CrossBuildSessionState
instanceKlass org/gradle/internal/buildprocess/execution/BuildSessionLifecycleBuildActionExecutor$ActionImpl
instanceKlass org/gradle/initialization/SettingsLocation
instanceKlass org/gradle/internal/scripts/ScriptResolutionResult
instanceKlass org/gradle/initialization/layout/BuildLayoutConfiguration
instanceKlass org/gradle/internal/scripts/ScriptingLanguages$1
instanceKlass org/gradle/scripts/ScriptingLanguage
instanceKlass org/gradle/internal/scripts/ScriptingLanguages
instanceKlass org/gradle/internal/scripts/ScriptFileUtil
instanceKlass org/gradle/internal/scripts/DefaultScriptFileResolver
instanceKlass org/gradle/internal/scripts/ScriptFileResolvedListener
instanceKlass org/gradle/internal/logging/sink/OutputEventRenderer$3
instanceKlass org/gradle/internal/logging/sink/ProgressLogEventGenerator
instanceKlass org/gradle/internal/logging/console/BuildLogLevelFilterRenderer
instanceKlass org/gradle/launcher/daemon/server/exec/ExecuteBuild$1
instanceKlass org/gradle/initialization/DefaultBuildRequestContext
instanceKlass org/gradle/initialization/DefaultBuildRequestMetaData
instanceKlass org/gradle/configuration/DefaultBuildClientMetaData
instanceKlass org/gradle/launcher/daemon/server/exec/DaemonConnectionBackedEventConsumer
instanceKlass org/gradle/launcher/daemon/server/exec/WatchForDisconnection$1
instanceKlass org/gradle/internal/featurelifecycle/LoggingIncubatingFeatureHandler
instanceKlass org/gradle/util/internal/IncubationLogger
instanceKlass org/gradle/internal/problems/NoOpProblemDiagnosticsFactory$2
instanceKlass org/gradle/internal/problems/NoOpProblemDiagnosticsFactory$1
instanceKlass org/gradle/problems/buildtree/ProblemStream
instanceKlass org/gradle/problems/ProblemDiagnostics
instanceKlass org/gradle/internal/problems/NoOpProblemDiagnosticsFactory
instanceKlass org/gradle/api/problems/Problem
instanceKlass org/gradle/problems/buildtree/ProblemStream$StackTraceTransformer
instanceKlass org/gradle/internal/featurelifecycle/LoggingDeprecatedFeatureHandler
instanceKlass org/gradle/internal/featurelifecycle/FeatureHandler
instanceKlass org/gradle/internal/deprecation/DeprecationMessageBuilder
instanceKlass org/gradle/internal/deprecation/DeprecationLogger
instanceKlass org/gradle/internal/daemon/clientinput/ClientInputForwarder$2
instanceKlass org/gradle/internal/daemon/clientinput/ClientInputForwarder$1
instanceKlass  @bci org/gradle/launcher/daemon/server/exec/ForwardClientInput execute (Lorg/gradle/launcher/daemon/server/api/DaemonCommandExecution;)V 5 <appendix> member <vmtarget> ; # org/gradle/launcher/daemon/server/exec/ForwardClientInput$$Lambda+0x0000000091195c80
instanceKlass java/util/concurrent/ForkJoinTask$Aux
instanceKlass java/math/MathContext
instanceKlass org/gradle/internal/util/NumberUtil
instanceKlass org/gradle/launcher/daemon/server/exec/LogToClient$AsynchronousLogDispatcher$1
instanceKlass jdk/internal/reflect/FieldAccessorImpl
instanceKlass jdk/internal/reflect/FieldAccessor
instanceKlass java/util/Collections$UnmodifiableMap$UnmodifiableEntrySet$UnmodifiableEntry
instanceKlass java/util/Collections$UnmodifiableMap$UnmodifiableEntrySet$1
instanceKlass  @bci org/gradle/launcher/daemon/server/DaemonStateCoordinator runCommand (Ljava/lang/Runnable;Ljava/lang/String;)V 11 <appendix> member <vmtarget> ; # org/gradle/launcher/daemon/server/DaemonStateCoordinator$$Lambda+0x0000000091194798
instanceKlass org/gradle/launcher/daemon/registry/PersistentDaemonRegistry$5
instanceKlass jdk/internal/math/ToDecimal
instanceKlass org/gradle/launcher/daemon/server/exec/StartBuildOrRespondWithBusy$1
instanceKlass org/gradle/launcher/daemon/server/DefaultDaemonConnection$CommandQueue$1
instanceKlass org/gradle/launcher/daemon/server/exec/HandleCancel$1
instanceKlass com/google/common/collect/Platform
instanceKlass org/gradle/launcher/daemon/server/api/DaemonCommandExecution
instanceKlass org/gradle/launcher/exec/DefaultBuildActionParameters
instanceKlass org/gradle/configuration/GradleLauncherMetaData
instanceKlass com/google/common/collect/CollectPreconditions
instanceKlass com/google/common/collect/AbstractMapEntry
instanceKlass com/google/common/collect/ImmutableMap$Builder
instanceKlass com/google/common/collect/BiMap
instanceKlass com/google/common/collect/ImmutableMap
instanceKlass com/google/common/collect/Sets
instanceKlass com/google/common/collect/Lists
instanceKlass org/gradle/internal/DefaultTaskExecutionRequest
instanceKlass org/gradle/internal/buildoption/Option$Value
instanceKlass org/gradle/internal/RunDefaultTasksExecutionRequest
instanceKlass org/gradle/TaskExecutionRequest
instanceKlass org/gradle/api/launcher/cli/WelcomeMessageConfiguration
instanceKlass org/gradle/internal/concurrent/DefaultParallelismConfiguration
instanceKlass org/gradle/internal/logging/DefaultLoggingConfiguration
instanceKlass org/gradle/initialization/BuildLayoutParameters
instanceKlass org/gradle/launcher/daemon/server/DefaultDaemonConnection$1
instanceKlass org/gradle/launcher/daemon/server/DefaultDaemonConnection$ReceiveQueue
instanceKlass org/gradle/launcher/daemon/server/DefaultDaemonConnection$DisconnectQueue
instanceKlass org/gradle/launcher/daemon/server/DefaultDaemonConnection$CommandQueue
instanceKlass org/gradle/launcher/daemon/server/DefaultDaemonConnection
instanceKlass org/gradle/launcher/daemon/server/api/DaemonConnection
instanceKlass org/gradle/launcher/daemon/server/DefaultIncomingConnectionHandler$ConnectionWorker
instanceKlass org/gradle/launcher/daemon/server/SynchronizedDispatchConnection
instanceKlass org/gradle/internal/serialize/Serializers$StatefulSerializerAdapter$2
instanceKlass org/gradle/internal/serialize/PositionAwareEncoder
instanceKlass org/gradle/internal/serialize/Serializers$StatefulSerializerAdapter$1
instanceKlass org/gradle/internal/remote/internal/inet/SocketInetAddress$Serializer
instanceKlass org/gradle/internal/io/BufferCaster
instanceKlass java/lang/invoke/ConstantBootstraps
instanceKlass java/nio/channels/SelectionKey
instanceKlass java/nio/BufferMismatch
instanceKlass org/jcp/xml/dsig/internal/dom/XMLDSigRI$2
instanceKlass org/jcp/xml/dsig/internal/dom/XMLDSigRI$1
instanceKlass  @bci sun/security/pkcs11/SunPKCS11 register (Lsun/security/pkcs11/SunPKCS11$Descriptor;)V 27 <appendix> argL0 ; # sun/security/pkcs11/SunPKCS11$$Lambda+0x0000000091185718
instanceKlass sun/security/pkcs11/SunPKCS11$Descriptor
instanceKlass javax/security/auth/callback/CallbackHandler
instanceKlass javax/security/auth/Subject
instanceKlass sun/security/smartcardio/SunPCSC$1
instanceKlass sun/security/jca/ProviderConfig$ProviderLoader
instanceKlass java/security/spec/ECFieldF2m
instanceKlass sun/security/util/ObjectIdentifier
instanceKlass sun/security/util/ByteArrayTagOrder
instanceKlass sun/security/util/ByteArrayLexOrder
instanceKlass sun/security/util/DerEncoder
instanceKlass java/security/spec/ECParameterSpec
instanceKlass java/security/spec/AlgorithmParameterSpec
instanceKlass java/security/spec/ECPoint
instanceKlass java/security/spec/EllipticCurve
instanceKlass java/security/spec/ECFieldFp
instanceKlass java/security/spec/ECField
instanceKlass sun/security/util/CurveDB
instanceKlass sun/security/rsa/SunRsaSignEntries
instanceKlass sun/net/NetProperties
instanceKlass sun/nio/ch/UnixDomainSocketsUtil
instanceKlass sun/nio/ch/UnixDomainSockets
instanceKlass sun/nio/ch/PipeImpl$Initializer$LoopbackConnector
instanceKlass sun/nio/ch/PipeImpl$Initializer
instanceKlass java/nio/channels/Pipe
instanceKlass sun/nio/ch/WEPoll
instanceKlass sun/nio/ch/Util$2
instanceKlass java/nio/channels/spi/AbstractSelector$1
instanceKlass java/nio/channels/Selector
instanceKlass java/nio/BufferCleaner$CleaningRunnable
instanceKlass sun/nio/Cleaner
instanceKlass java/nio/BufferCleaner$CleanerList$Node
instanceKlass java/nio/BufferCleaner$CleanerList
instanceKlass java/nio/BufferCleaner
instanceKlass org/gradle/internal/remote/internal/KryoBackedMessageSerializer
instanceKlass org/gradle/internal/remote/internal/inet/SocketConnection
instanceKlass org/gradle/internal/serialize/ObjectWriter
instanceKlass org/gradle/internal/serialize/ObjectReader
instanceKlass org/gradle/internal/serialize/Serializers$StatefulSerializerAdapter
instanceKlass org/gradle/internal/serialize/StatefulSerializer
instanceKlass org/gradle/internal/serialize/Serializers
instanceKlass org/gradle/internal/remote/internal/RemoteConnection
instanceKlass org/gradle/internal/remote/internal/Connection
instanceKlass org/gradle/internal/dispatch/Receive
instanceKlass org/gradle/internal/remote/internal/MessageSerializer
instanceKlass org/gradle/internal/remote/internal/inet/SocketConnectCompletion
instanceKlass org/gradle/internal/remote/internal/ConnectCompletion
instanceKlass org/gradle/launcher/daemon/server/DaemonStateCoordinator$1
instanceKlass org/gradle/internal/remote/internal/inet/TcpOutgoingConnector
instanceKlass org/gradle/internal/remote/internal/inet/SocketBlockingUtil
instanceKlass java/net/Socket
instanceKlass  @bci org/gradle/internal/event/DefaultListenerManager$ExclusiveEventBroadcast doAdd (Lorg/gradle/internal/event/DefaultListenerManager$ListenerDetails;)V 3 <appendix> member <vmtarget> ; # org/gradle/internal/event/DefaultListenerManager$ExclusiveEventBroadcast$$Lambda+0x000000009113a6a8
instanceKlass org/gradle/launcher/daemon/server/Daemon$DefaultDaemonExpirationListener
instanceKlass org/gradle/launcher/daemon/server/Daemon$DaemonExpirationPeriodicCheck
instanceKlass org/gradle/launcher/daemon/server/expiry/AnyDaemonExpirationStrategy
instanceKlass org/gradle/launcher/daemon/server/DaemonRegistryUnavailableExpirationStrategy
instanceKlass  @bci org/gradle/api/internal/runtimeshaded/RuntimeShadedJarCreator processFiles (Lorg/gradle/internal/classpath/ClasspathBuilder$EntryBuilder;Ljava/lang/Iterable;Lorg/gradle/internal/logging/progress/ProgressLogger;)V 88 <appendix> form vmentry <vmtarget> ; # java/lang/invoke/LambdaForm$DMH+0x0000000091139c00
instanceKlass  @bci sun/reflect/annotation/AnnotationParser parseEnumArray (ILjava/lang/Class;Ljava/nio/ByteBuffer;Ljdk/internal/reflect/ConstantPool;Ljava/lang/Class;)Ljava/lang/Object; 16 <appendix> member <vmtarget> ; # sun/reflect/annotation/AnnotationParser$$Lambda+0x0000000091161f30
instanceKlass org/gradle/internal/reflect/JavaReflectionUtil
instanceKlass org/gradle/internal/service/scopes/ParallelListener
instanceKlass org/gradle/internal/event/DefaultListenerManager$ListenerDetails
instanceKlass org/gradle/launcher/daemon/server/health/LowMemoryDaemonExpirationStrategy
instanceKlass org/gradle/process/internal/health/memory/OsMemoryStatusListener
instanceKlass org/gradle/launcher/daemon/server/NotMostRecentlyUsedDaemonExpirationStrategy
instanceKlass com/google/common/base/Functions$ConstantFunction
instanceKlass com/google/common/base/Functions
instanceKlass org/gradle/launcher/daemon/server/DaemonIdleTimeoutExpirationStrategy
instanceKlass org/gradle/launcher/daemon/toolchain/DaemonJvmCriteria$JavaHome
instanceKlass org/gradle/launcher/daemon/context/DaemonRequestContext
instanceKlass org/gradle/launcher/daemon/context/DaemonCompatibilitySpec
instanceKlass org/gradle/api/internal/specs/ExplainingSpec
instanceKlass org/gradle/launcher/daemon/server/CompatibleDaemonExpirationStrategy
instanceKlass org/gradle/launcher/daemon/server/expiry/AllDaemonExpirationStrategy
instanceKlass org/gradle/launcher/daemon/server/FileLockContentionExpirationStrategy
# instanceKlass java/lang/invoke/LambdaForm$MH+0x0000000091139800
# instanceKlass java/lang/invoke/LambdaForm$MH+0x0000000091139400
# instanceKlass java/lang/invoke/LambdaForm$MH+0x0000000091139000
# instanceKlass java/lang/invoke/LambdaForm$MH+0x0000000091138c00
# instanceKlass java/lang/invoke/LambdaForm$MH+0x0000000091138800
# instanceKlass java/lang/invoke/LambdaForm$MH+0x0000000091138400
instanceKlass org/gradle/internal/stream/EncodedStream
instanceKlass org/gradle/launcher/daemon/bootstrap/DaemonStartupCommunication
instanceKlass  @bci org/gradle/cache/internal/DefaultFileLockManager$DefaultFileLock close ()V 32 <appendix> member <vmtarget> ; # org/gradle/cache/internal/DefaultFileLockManager$DefaultFileLock$$Lambda+0x000000009113c958
instanceKlass  @bci org/gradle/cache/internal/DefaultFileLockManager$DefaultFileLock close ()V 21 <appendix> member <vmtarget> ; # org/gradle/cache/internal/DefaultFileLockManager$DefaultFileLock$$Lambda+0x000000009113c728
instanceKlass  @bci org/gradle/cache/internal/DefaultFileLockManager$DefaultFileLock close ()V 10 <appendix> member <vmtarget> ; # org/gradle/cache/internal/DefaultFileLockManager$DefaultFileLock$$Lambda+0x000000009113c4f8
instanceKlass java/io/FileOutputStream$1
instanceKlass org/gradle/internal/remote/internal/inet/SocketInetAddress
instanceKlass org/gradle/internal/serialize/AbstractEncoder
instanceKlass org/gradle/internal/serialize/FlushableEncoder
instanceKlass  @bci org/gradle/launcher/daemon/registry/DaemonRegistryContent removeInfo (I)V 10 <appendix> member <vmtarget> ; # org/gradle/launcher/daemon/registry/DaemonRegistryContent$$Lambda+0x0000000091133348
instanceKlass  @cpi org/gradle/launcher/daemon/registry/DaemonRegistryContent 159 form vmentry <vmtarget> ; # java/lang/invoke/LambdaForm$DMH+0x0000000091138000
instanceKlass org/gradle/launcher/daemon/registry/DaemonInfo$Serializer
instanceKlass java/lang/runtime/ExactConversionsSupport
instanceKlass org/gradle/cache/internal/filelock/LockInfo
instanceKlass  @bci org/gradle/cache/internal/DefaultFileLockManager$DefaultFileLock lockInformationRegion (Lorg/gradle/cache/FileLockManager$LockMode;Lorg/gradle/internal/time/ExponentialBackoff;)Lorg/gradle/cache/internal/filelock/FileLockOutcome; 3 <appendix> member <vmtarget> ; # org/gradle/cache/internal/DefaultFileLockManager$DefaultFileLock$$Lambda+0x0000000091132908
instanceKlass org/gradle/cache/internal/filelock/DefaultLockStateSerializer$SequenceNumberLockState
instanceKlass org/gradle/internal/time/ExponentialBackoff$Result
instanceKlass org/gradle/cache/internal/filelock/FileLockOutcome
instanceKlass org/gradle/cache/internal/DefaultFileLockManager$DefaultFileLock$1
instanceKlass org/gradle/internal/time/ExponentialBackoff
instanceKlass org/gradle/cache/internal/DefaultFileLockManager$AwaitableFileLockReleasedSignal
instanceKlass org/gradle/cache/FileLockReleasedSignal
instanceKlass org/gradle/cache/internal/filelock/LockInfoSerializer
instanceKlass org/gradle/cache/internal/filelock/LockInfoAccess
instanceKlass org/gradle/cache/internal/filelock/LockFileAccess
instanceKlass  @bci org/gradle/cache/internal/DefaultFileLockManager$DefaultFileLock <init> (Lorg/gradle/cache/internal/DefaultFileLockManager;Ljava/io/File;Lorg/gradle/cache/LockOptions;Ljava/lang/String;Ljava/lang/String;ILjava/util/function/Consumer;)V 188 <appendix> member <vmtarget> ; # org/gradle/cache/internal/DefaultFileLockManager$DefaultFileLock$$Lambda+0x0000000091135d28
instanceKlass org/gradle/cache/internal/filelock/LockStateAccess
instanceKlass org/gradle/cache/internal/filelock/LockState
instanceKlass org/gradle/cache/internal/filelock/DefaultLockStateSerializer
instanceKlass org/apache/commons/io/filefilter/IOFileFilter
instanceKlass java/nio/file/PathMatcher
instanceKlass java/io/FilenameFilter
instanceKlass java/nio/file/FileVisitor
instanceKlass org/apache/commons/io/file/PathFilter
instanceKlass org/apache/commons/io/FileUtils
instanceKlass org/gradle/internal/time/ExponentialBackoff$Query
instanceKlass org/gradle/cache/FileLock$State
instanceKlass org/gradle/cache/internal/filelock/LockStateSerializer
instanceKlass org/gradle/cache/internal/filelock/DefaultLockOptions
instanceKlass org/gradle/cache/internal/FileBackedObjectHolder$1Updater
instanceKlass  @bci org/gradle/cache/internal/FileIntegrityViolationSuppressingObjectHolderDecorator update (Lorg/gradle/cache/ObjectHolder$UpdateAction;)Ljava/lang/Object; 4 <appendix> member <vmtarget> ; # org/gradle/cache/internal/FileIntegrityViolationSuppressingObjectHolderDecorator$$Lambda+0x000000009112f210
instanceKlass org/gradle/launcher/daemon/registry/PersistentDaemonRegistry$8
instanceKlass org/gradle/launcher/daemon/registry/DaemonInfo
instanceKlass org/gradle/launcher/daemon/context/DaemonConnectDetails
instanceKlass  @bci sun/util/cldr/CLDRTimeZoneNameProviderImpl deriveFallbackName ([Ljava/lang/String;ILjava/util/Locale;Z)V 176 <adapter> ; # java/lang/invoke/LambdaForm$MH+0x0000000091131c00
instanceKlass  @bci sun/util/cldr/CLDRTimeZoneNameProviderImpl deriveFallbackName ([Ljava/lang/String;ILjava/util/Locale;Z)V 176 <appendix> form vmentry <vmtarget> ; # java/lang/invoke/LambdaForm$DMH+0x0000000091131800
instanceKlass  @bci sun/util/cldr/CLDRTimeZoneNameProviderImpl deriveFallbackName ([Ljava/lang/String;ILjava/util/Locale;Z)V 176 <appendix> member <vmtarget> ; # sun/util/cldr/CLDRTimeZoneNameProviderImpl$$Lambda+0x000000009115f900
instanceKlass sun/util/cldr/CLDRBaseLocaleDataMetaInfo$CLDRMapHolder
instanceKlass java/time/LocalTime
instanceKlass java/time/Instant
instanceKlass java/time/temporal/ValueRange
instanceKlass java/time/Duration
instanceKlass java/time/temporal/TemporalAmount
instanceKlass java/time/temporal/TemporalUnit
instanceKlass java/time/temporal/TemporalField
instanceKlass java/time/LocalDate
instanceKlass java/time/chrono/ChronoLocalDate
instanceKlass java/time/zone/ZoneOffsetTransition
instanceKlass java/util/concurrent/atomic/AtomicReferenceArray
instanceKlass java/time/LocalDateTime
instanceKlass java/time/chrono/ChronoLocalDateTime
instanceKlass java/time/temporal/TemporalAdjuster
instanceKlass java/time/temporal/Temporal
instanceKlass java/time/temporal/TemporalAccessor
instanceKlass java/time/zone/ZoneOffsetTransitionRule
instanceKlass java/time/zone/ZoneRules
instanceKlass java/time/zone/Ser
instanceKlass java/io/Externalizable
instanceKlass java/time/zone/ZoneRulesProvider
instanceKlass sun/util/resources/OpenListResourceBundle$2
instanceKlass sun/util/resources/OpenListResourceBundle$1
instanceKlass sun/util/resources/provider/NonBaseLocaleDataMetaInfo
instanceKlass sun/util/locale/provider/BaseLocaleDataMetaInfo
instanceKlass sun/util/locale/provider/TimeZoneNameUtility$TimeZoneNameGetter
instanceKlass sun/util/locale/provider/TimeZoneNameUtility
instanceKlass org/gradle/internal/remote/internal/inet/TcpIncomingConnector$1
instanceKlass org/gradle/internal/remote/internal/inet/TcpIncomingConnector$Receiver
instanceKlass jdk/internal/util/ByteArrayLittleEndian
instanceKlass org/gradle/internal/remote/internal/inet/MultiChoiceAddress
instanceKlass org/gradle/internal/remote/internal/inet/InetEndpoint
instanceKlass java/util/UUID$Holder
instanceKlass java/util/UUID
instanceKlass java/net/SocketImpl
instanceKlass java/net/SocketOptions
instanceKlass java/net/ServerSocket
instanceKlass java/nio/channels/spi/SelectorProvider$Holder
instanceKlass org/gradle/launcher/daemon/server/DaemonTcpServerConnector$1
instanceKlass org/gradle/launcher/daemon/server/Daemon$5
instanceKlass org/gradle/launcher/daemon/server/DefaultIncomingConnectionHandler
instanceKlass java/util/LinkedList$Node
instanceKlass org/gradle/initialization/DefaultBuildCancellationToken
instanceKlass org/gradle/launcher/daemon/server/DaemonStateCoordinator
instanceKlass org/gradle/launcher/daemon/server/Daemon$4
instanceKlass org/gradle/launcher/daemon/server/Daemon$3
instanceKlass org/gradle/launcher/daemon/server/Daemon$2
instanceKlass org/gradle/launcher/daemon/server/Daemon$1
instanceKlass org/gradle/launcher/daemon/server/DaemonRegistryUpdater
instanceKlass sun/security/provider/AbstractDrbg$NonceProvider
instanceKlass  @bci sun/security/provider/AbstractDrbg$SeederHolder <clinit> ()V 42 <appendix> member <vmtarget> ; # sun/security/provider/AbstractDrbg$SeederHolder$$Lambda+0x0000000091157d58
instanceKlass  @cpi sun/security/provider/AbstractDrbg$SeederHolder 91 form vmentry <vmtarget> ; # java/lang/invoke/LambdaForm$DMH+0x0000000091130c00
# instanceKlass java/lang/invoke/LambdaForm$DMH+0x0000000091130800
instanceKlass sun/nio/fs/BasicFileAttributesHolder
instanceKlass sun/nio/fs/WindowsDirectoryStream$WindowsDirectoryIterator
instanceKlass sun/nio/fs/WindowsDirectoryStream
instanceKlass java/nio/file/DirectoryStream
instanceKlass java/nio/file/Files$AcceptAllFilter
instanceKlass java/nio/file/DirectoryStream$Filter
instanceKlass sun/security/provider/ByteArrayAccess$BE
instanceKlass sun/security/provider/ByteArrayAccess
instanceKlass sun/security/util/MessageDigestSpi2
instanceKlass sun/security/jca/GetInstance$Instance
instanceKlass sun/security/jca/GetInstance
instanceKlass sun/security/util/CryptoAlgorithmConstraints$CryptoHolder
instanceKlass sun/security/util/AbstractAlgorithmConstraints
instanceKlass java/security/AlgorithmConstraints
instanceKlass java/security/MessageDigestSpi
instanceKlass sun/security/provider/SeedGenerator
instanceKlass sun/security/provider/AbstractDrbg$SeederHolder
instanceKlass java/security/DrbgParameters$NextBytes
instanceKlass  @bci sun/security/provider/AbstractDrbg <clinit> ()V 12 <appendix> argL0 ; # sun/security/provider/AbstractDrbg$$Lambda+0x0000000091153e00
instanceKlass  @cpi sun/security/provider/AbstractDrbg 383 form vmentry <vmtarget> ; # java/lang/invoke/LambdaForm$DMH+0x0000000091130400
# instanceKlass java/lang/invoke/LambdaForm$DMH+0x0000000091130000
instanceKlass sun/security/provider/EntropySource
instanceKlass sun/security/provider/AbstractDrbg
instanceKlass java/security/DrbgParameters$Instantiation
instanceKlass java/security/DrbgParameters
instanceKlass sun/security/provider/MoreDrbgParameters
instanceKlass java/security/SecureRandomSpi
instanceKlass jdk/internal/event/Event
instanceKlass sun/security/util/SecurityProviderConstants
instanceKlass java/security/Provider$UString
instanceKlass java/security/Provider$Service
instanceKlass sun/security/provider/NativePRNG$NonBlocking
instanceKlass sun/security/provider/NativePRNG$Blocking
instanceKlass sun/security/provider/NativePRNG
instanceKlass sun/security/provider/SunEntries
instanceKlass java/security/Permission
instanceKlass java/security/Guard
instanceKlass sun/security/util/SecurityConstants
instanceKlass jdk/internal/math/FloatingDecimal$ASCIIToBinaryBuffer
instanceKlass jdk/internal/math/MathUtils
instanceKlass  @bci jdk/internal/math/FloatingDecimal <clinit> ()V 52 <appendix> argL0 ; # jdk/internal/math/FloatingDecimal$$Lambda+0x000000009114f828
instanceKlass jdk/internal/math/FloatingDecimal$BinaryToASCIIBuffer
instanceKlass jdk/internal/math/FloatingDecimal
instanceKlass javax/security/auth/login/Configuration$Parameters
instanceKlass java/security/Policy$Parameters
instanceKlass javax/crypto/KDFParameters
instanceKlass java/security/cert/CertStoreParameters
instanceKlass java/security/SecureRandomParameters
instanceKlass java/security/Provider$EngineDescription
instanceKlass  @bci java/security/Provider <clinit> ()V 28 <appendix> argL0 ; # java/security/Provider$$Lambda+0x000000009114e330
instanceKlass java/security/Provider$ServiceKey
instanceKlass sun/security/jca/ProviderConfig
instanceKlass sun/security/jca/ProviderList
instanceKlass sun/security/jca/Providers
instanceKlass com/google/common/base/Joiner
instanceKlass org/gradle/launcher/daemon/server/exec/DaemonCommandExecuter
instanceKlass org/gradle/internal/remote/ConnectionAcceptor
instanceKlass org/gradle/internal/remote/Address
instanceKlass org/gradle/internal/remote/internal/inet/TcpIncomingConnector
instanceKlass org/gradle/launcher/daemon/protocol/DaemonMessageSerializer$OutputMessageSerializer
instanceKlass org/gradle/internal/logging/serializer/LogLevelChangeEventSerializer
instanceKlass org/gradle/internal/logging/serializer/ProgressEventSerializer
instanceKlass org/gradle/internal/logging/serializer/ProgressCompleteEventSerializer
instanceKlass org/gradle/internal/operations/BuildOperationMetadata
instanceKlass org/gradle/internal/logging/serializer/ProgressStartEventSerializer
instanceKlass org/gradle/internal/logging/serializer/SpanSerializer
instanceKlass org/gradle/internal/logging/serializer/StyledTextOutputEventSerializer
instanceKlass org/gradle/internal/logging/serializer/ReadStdInEventSerializer
instanceKlass org/gradle/internal/logging/serializer/UserInputResumeEventSerializer
instanceKlass org/gradle/internal/logging/serializer/SelectOptionPromptEventSerializer
instanceKlass org/gradle/internal/logging/serializer/IntQuestionPromptEventSerializer
instanceKlass org/gradle/internal/logging/serializer/TextQuestionPromptEventSerializer
instanceKlass org/gradle/internal/logging/serializer/BooleanQuestionPromptEventSerializer
instanceKlass org/gradle/internal/logging/serializer/YesNoQuestionPromptEventSerializer
instanceKlass org/gradle/internal/logging/serializer/UserInputRequestEventSerializer
instanceKlass org/gradle/internal/logging/serializer/LogEventSerializer
instanceKlass org/gradle/launcher/daemon/protocol/DaemonMessageSerializer$CloseInputSerializer
instanceKlass org/gradle/launcher/daemon/protocol/DaemonMessageSerializer$UserResponseSerializer
instanceKlass org/gradle/launcher/daemon/protocol/DaemonMessageSerializer$ForwardInputSerializer
instanceKlass org/gradle/launcher/daemon/protocol/DaemonMessageSerializer$BuildEventSerializer
instanceKlass org/gradle/launcher/daemon/protocol/DaemonMessageSerializer$FinishedSerializer
instanceKlass org/gradle/launcher/daemon/protocol/DaemonMessageSerializer$SuccessSerializer
instanceKlass org/gradle/launcher/daemon/protocol/DaemonMessageSerializer$FailureSerializer
instanceKlass org/gradle/launcher/daemon/protocol/DaemonMessageSerializer$BuildStartedSerializer
instanceKlass org/gradle/launcher/daemon/protocol/DaemonMessageSerializer$DaemonUnavailableSerializer
instanceKlass org/gradle/launcher/daemon/protocol/DaemonMessageSerializer$CancelSerializer
instanceKlass org/gradle/launcher/exec/BuildActionParameters
instanceKlass org/gradle/launcher/daemon/protocol/DaemonMessageSerializer$BuildActionParametersSerializer
instanceKlass org/gradle/launcher/daemon/protocol/DaemonMessageSerializer$BuildSerializer
instanceKlass org/gradle/launcher/daemon/protocol/DaemonMessageSerializer
instanceKlass org/gradle/launcher/daemon/server/DaemonTcpServerConnector
instanceKlass org/gradle/launcher/daemon/server/IncomingConnectionHandler
instanceKlass org/gradle/launcher/daemon/server/api/DaemonStateControl
# instanceKlass java/lang/invoke/LambdaForm$MH+0x0000000091126400
# instanceKlass java/lang/invoke/LambdaForm$MH+0x0000000091126000
# instanceKlass java/lang/invoke/LambdaForm$MH+0x0000000091125c00
# instanceKlass java/lang/invoke/LambdaForm$MH+0x0000000091125800
# instanceKlass java/lang/invoke/LambdaForm$MH+0x0000000091125400
# instanceKlass java/lang/invoke/LambdaForm$MH+0x0000000091125000
# instanceKlass java/lang/invoke/LambdaForm$MH+0x0000000091124c00
# instanceKlass java/lang/invoke/LambdaForm$MH+0x0000000091124800
# instanceKlass java/lang/invoke/LambdaForm$MH+0x0000000091124400
# instanceKlass java/lang/invoke/LambdaForm$DMH+0x0000000091124000
instanceKlass org/gradle/internal/remote/internal/inet/MultiChoiceAddressSerializer
instanceKlass org/gradle/launcher/daemon/registry/DaemonRegistryContent$Serializer
instanceKlass org/gradle/launcher/daemon/registry/DaemonRegistryContent
instanceKlass org/gradle/cache/LockOptions
instanceKlass org/gradle/cache/internal/AbstractFileAccess
instanceKlass org/gradle/internal/serialize/Encoder
instanceKlass org/gradle/cache/internal/FileBackedObjectHolder
instanceKlass org/gradle/cache/internal/FileIntegrityViolationSuppressingObjectHolderDecorator
instanceKlass org/gradle/cache/ObjectHolder$UpdateAction
instanceKlass org/gradle/cache/ObjectHolder
instanceKlass org/gradle/launcher/daemon/registry/PersistentDaemonRegistry
instanceKlass  @bci org/gradle/cache/internal/CacheAccessSerializer get (Ljava/lang/Object;Ljava/util/function/Function;)Ljava/lang/Object; 7 <appendix> member <vmtarget> ; # org/gradle/cache/internal/CacheAccessSerializer$$Lambda+0x000000009111fbd0
instanceKlass  @bci org/gradle/cache/Cache get (Ljava/lang/Object;Ljava/util/function/Supplier;)Ljava/lang/Object; 3 <appendix> member <vmtarget> ; # org/gradle/cache/Cache$$Lambda+0x000000009111f980
instanceKlass  @bci org/gradle/launcher/daemon/registry/DaemonRegistryServices createDaemonRegistry (Lorg/gradle/launcher/daemon/registry/DaemonDir;Lorg/gradle/cache/FileLockManager;Lorg/gradle/internal/file/Chmod;)Lorg/gradle/launcher/daemon/registry/DaemonRegistry; 16 <appendix> member <vmtarget> ; # org/gradle/launcher/daemon/registry/DaemonRegistryServices$$Lambda+0x000000009111f750
# instanceKlass java/lang/invoke/LambdaForm$MH+0x000000009111a000
# instanceKlass java/lang/invoke/LambdaForm$MH+0x0000000091119c00
# instanceKlass java/lang/invoke/LambdaForm$MH+0x0000000091119800
instanceKlass org/gradle/internal/nativeintegration/filesystem/services/FallbackStat
instanceKlass org/gradle/internal/nativeintegration/filesystem/services/EmptyChmod
instanceKlass org/gradle/internal/nativeintegration/filesystem/jdk7/Jdk7Symlink
# instanceKlass java/lang/invoke/LambdaForm$MH+0x0000000091119400
# instanceKlass java/lang/invoke/LambdaForm$MH+0x0000000091119000
# instanceKlass java/lang/invoke/LambdaForm$MH+0x0000000091118c00
instanceKlass org/gradle/api/internal/file/temp/GradleUserHomeTemporaryFileProvider$1
instanceKlass org/gradle/internal/nativeintegration/services/NativeServices$2
instanceKlass org/gradle/internal/file/nio/NioFileMetadataAccessor
instanceKlass org/gradle/cache/internal/DefaultFileLockManager$RandomLongIdGenerator
instanceKlass org/gradle/cache/internal/DefaultProcessMetaDataProvider
instanceKlass org/gradle/internal/time/ExponentialBackoff$Signal
instanceKlass org/gradle/cache/FileLock
instanceKlass org/gradle/cache/FileAccess
instanceKlass java/util/function/LongSupplier
instanceKlass org/gradle/cache/internal/DefaultFileLockManager
# instanceKlass java/lang/invoke/LambdaForm$MH+0x0000000091118800
# instanceKlass java/lang/invoke/LambdaForm$MH+0x0000000091118400
instanceKlass it/unimi/dsi/fastutil/longs/Long2IntMap$FastEntrySet
instanceKlass it/unimi/dsi/fastutil/ints/IntCollection
instanceKlass it/unimi/dsi/fastutil/ints/IntIterable
instanceKlass java/util/function/IntBinaryOperator
instanceKlass it/unimi/dsi/fastutil/longs/AbstractLong2IntFunction
instanceKlass it/unimi/dsi/fastutil/longs/Long2IntMap
instanceKlass it/unimi/dsi/fastutil/longs/Long2IntFunction
instanceKlass java/util/function/LongToIntFunction
instanceKlass it/unimi/dsi/fastutil/HashCommon
instanceKlass it/unimi/dsi/fastutil/longs/Long2ObjectMap$FastEntrySet
instanceKlass it/unimi/dsi/fastutil/objects/ObjectSet
instanceKlass it/unimi/dsi/fastutil/longs/LongSet
instanceKlass it/unimi/dsi/fastutil/longs/LongCollection
instanceKlass it/unimi/dsi/fastutil/longs/LongIterable
instanceKlass it/unimi/dsi/fastutil/objects/ObjectCollection
instanceKlass it/unimi/dsi/fastutil/objects/ObjectIterable
instanceKlass it/unimi/dsi/fastutil/longs/AbstractLong2ObjectFunction
instanceKlass it/unimi/dsi/fastutil/longs/Long2ObjectMap
instanceKlass it/unimi/dsi/fastutil/longs/Long2ObjectFunction
instanceKlass java/util/function/LongFunction
instanceKlass it/unimi/dsi/fastutil/Function
instanceKlass it/unimi/dsi/fastutil/Hash
instanceKlass sun/nio/ch/ExtendedSocketOption$1
instanceKlass sun/nio/ch/ExtendedSocketOption
instanceKlass sun/nio/ch/OptionKey
instanceKlass sun/nio/ch/SocketOptionRegistry$LazyInitialization
instanceKlass sun/nio/ch/SocketOptionRegistry$RegistryKey
instanceKlass sun/nio/ch/SocketOptionRegistry
instanceKlass sun/nio/ch/DatagramChannelImpl$DefaultOptionsHolder
instanceKlass java/net/StandardSocketOptions$StdSocketOption
instanceKlass java/net/StandardSocketOptions
instanceKlass sun/nio/ch/DatagramSocketAdaptor$DatagramSockets
instanceKlass  @bci sun/nio/ch/DatagramChannelImpl releaserFor (Ljava/io/FileDescriptor;[Lsun/nio/ch/NativeSocketAddress;)Ljava/lang/Runnable; 2 <appendix> member <vmtarget> ; # sun/nio/ch/DatagramChannelImpl$$Lambda+0x00000000911492a0
instanceKlass sun/nio/ch/NativeSocketAddress
instanceKlass jdk/net/ExtendedSocketOptions$2
instanceKlass jdk/net/ExtendedSocketOptions$PlatformSocketOptions
instanceKlass jdk/net/ExtendedSocketOptions$ExtSocketOption
instanceKlass java/net/SocketOption
instanceKlass jdk/net/ExtendedSocketOptions
instanceKlass sun/net/ext/ExtendedSocketOptions
instanceKlass sun/nio/ch/Net$2
instanceKlass sun/nio/ch/Net$1
instanceKlass java/net/ProtocolFamily
instanceKlass sun/nio/ch/Net
instanceKlass java/nio/channels/MulticastChannel
instanceKlass java/nio/channels/spi/SelectorProvider
instanceKlass sun/nio/ch/DefaultSelectorProvider
instanceKlass java/net/InetSocketAddress$InetSocketAddressHolder
# instanceKlass java/lang/invoke/LambdaForm$MH+0x0000000091118000
instanceKlass java/net/NetworkInterface$1
instanceKlass java/net/DefaultInterface
instanceKlass java/net/Inet6Address$Inet6AddressHolder
instanceKlass java/net/InetAddress$PlatformResolver
instanceKlass java/net/spi/InetAddressResolver
instanceKlass java/net/spi/InetAddressResolver$LookupPolicy
instanceKlass java/net/Inet4AddressImpl
instanceKlass java/net/Inet6AddressImpl
instanceKlass java/net/InetAddressImpl
instanceKlass java/util/NavigableSet
instanceKlass java/util/SortedSet
instanceKlass java/util/concurrent/LinkedBlockingDeque$Node
instanceKlass java/net/InetAddress$InetAddressHolder
instanceKlass java/lang/management/MemoryUsage
instanceKlass java/security/Security$2
instanceKlass jdk/internal/access/JavaSecurityPropertiesAccess
instanceKlass org/gradle/launcher/daemon/server/health/gc/GarbageCollectionEvent
instanceKlass java/security/Security$SecPropLoader
instanceKlass java/security/Security
instanceKlass sun/security/util/SecurityProperties
instanceKlass jdk/internal/util/Exceptions
instanceKlass java/net/InetAddress$1
instanceKlass jdk/internal/access/JavaNetInetAddressAccess
instanceKlass java/net/InetAddress
instanceKlass java/net/InterfaceAddress
instanceKlass java/net/NetworkInterface
instanceKlass org/gradle/internal/remote/internal/inet/InetAddresses
instanceKlass java/net/SocketAddress
instanceKlass java/net/DatagramSocket
instanceKlass org/gradle/cache/internal/locklistener/DefaultFileLockCommunicator
instanceKlass org/gradle/internal/service/scopes/BasicGlobalScopeServices$1
instanceKlass org/gradle/cache/internal/locklistener/FileLockCommunicator
instanceKlass org/gradle/cache/internal/locklistener/DefaultFileLockContentionHandler
instanceKlass org/gradle/internal/serialize/DefaultSerializerRegistry$TypeInfo
instanceKlass java/util/AbstractMap$SimpleImmutableEntry
instanceKlass java/util/concurrent/ConcurrentSkipListMap$Iter
instanceKlass org/gradle/tooling/internal/protocol/test/InternalTaskSpec
instanceKlass org/gradle/tooling/internal/provider/action/BuildActionSerializer$InternalTaskSpecSerializer
instanceKlass org/gradle/tooling/internal/provider/action/BuildActionSerializer$TestExecutionRequestActionSerializer
instanceKlass org/gradle/tooling/internal/provider/action/BuildActionSerializer$ClientProvidedPhasedActionSerializer
instanceKlass org/gradle/tooling/internal/provider/serialization/SerializedPayloadSerializer
instanceKlass org/gradle/tooling/internal/provider/action/BuildActionSerializer$ClientProvidedBuildActionSerializer
instanceKlass org/gradle/tooling/internal/provider/action/BuildActionSerializer$BuildEventSubscriptionsSerializer
instanceKlass org/gradle/tooling/internal/provider/action/BuildActionSerializer$BuildModelActionSerializer
instanceKlass org/gradle/tooling/internal/provider/action/SubscribableBuildAction
instanceKlass java/util/concurrent/ThreadLocalRandom$Access$1
instanceKlass jdk/internal/access/JavaUtilConcurrentTLRAccess
instanceKlass java/util/concurrent/ThreadLocalRandom$Access
instanceKlass jdk/internal/util/random/RandomSupport
instanceKlass java/util/Random
instanceKlass java/util/random/RandomGenerator
instanceKlass org/gradle/internal/serialize/DefaultSerializerRegistry$InstanceBasedSerializerFactory
instanceKlass org/gradle/tooling/internal/provider/action/BuildActionSerializer$ValueSerializer
instanceKlass org/gradle/internal/serialize/AbstractSerializer
instanceKlass org/gradle/internal/serialize/BaseSerializerFactory
instanceKlass org/gradle/internal/serialize/AbstractCollectionSerializer
instanceKlass org/gradle/tooling/internal/provider/action/BuildActionSerializer$NullableFileSerializer
instanceKlass org/gradle/tooling/internal/provider/action/BuildActionSerializer$StartParameterSerializer
instanceKlass org/gradle/tooling/internal/provider/action/BuildActionSerializer$ExecuteBuildActionSerializer
instanceKlass org/gradle/tooling/internal/provider/action/ExecuteBuildAction
instanceKlass org/gradle/internal/serialize/DefaultSerializerRegistry$HierarchySerializerMatcher
instanceKlass org/gradle/internal/serialize/DefaultSerializerRegistry$StrictSerializerMatcher
instanceKlass org/gradle/internal/serialize/DefaultSerializerRegistry$SerializerClassMatcherStrategy
instanceKlass java/util/concurrent/ConcurrentSkipListMap$Node
instanceKlass java/util/concurrent/ConcurrentSkipListMap$Index
instanceKlass java/util/concurrent/ConcurrentNavigableMap
instanceKlass org/gradle/internal/serialize/DefaultSerializerRegistry$1
instanceKlass org/gradle/internal/serialize/DefaultSerializerRegistry$SerializerFactory
instanceKlass org/gradle/internal/serialize/DefaultSerializerRegistry
instanceKlass org/gradle/internal/serialize/SerializerRegistry
instanceKlass org/gradle/tooling/internal/provider/action/BuildActionSerializer
instanceKlass org/gradle/initialization/BuildRequestContext
instanceKlass org/gradle/launcher/daemon/server/exec/WatchForDisconnection
instanceKlass org/gradle/launcher/daemon/server/exec/ResetDeprecationLogger
instanceKlass org/gradle/launcher/daemon/server/exec/RequestStopIfSingleUsedDaemon
instanceKlass org/gradle/internal/daemon/clientinput/StdinHandler
instanceKlass org/gradle/internal/daemon/clientinput/ClientInputForwarder
instanceKlass org/gradle/launcher/daemon/server/exec/ForwardClientInput
instanceKlass org/gradle/launcher/daemon/server/exec/LogAndCheckHealth
instanceKlass org/gradle/launcher/daemon/server/exec/ReturnResult
instanceKlass java/util/concurrent/LinkedTransferQueue$DualNode
instanceKlass java/util/concurrent/TransferQueue
instanceKlass java/util/concurrent/CompletableFuture$AsynchronousCompletionTask
instanceKlass java/util/concurrent/ForkJoinPool$DefaultForkJoinWorkerThreadFactory
instanceKlass java/util/concurrent/ForkJoinPool$1
instanceKlass jdk/internal/access/JavaUtilConcurrentFJPAccess
instanceKlass java/util/concurrent/ForkJoinTask
instanceKlass java/util/concurrent/ForkJoinPool$WorkQueue
instanceKlass java/util/concurrent/CountDownLatch
instanceKlass java/util/concurrent/ForkJoinPool$ForkJoinWorkerThreadFactory
instanceKlass java/util/concurrent/CompletableFuture$AltResult
instanceKlass java/util/concurrent/CompletableFuture
instanceKlass java/util/concurrent/CompletionStage
instanceKlass org/gradle/launcher/daemon/server/exec/BuildCommandOnly
instanceKlass org/gradle/launcher/daemon/server/api/HandleReportStatus
instanceKlass org/gradle/launcher/daemon/server/exec/HandleCancel
instanceKlass org/gradle/launcher/daemon/server/api/HandleInvalidateVirtualFileSystem
instanceKlass org/gradle/launcher/daemon/protocol/Message
instanceKlass org/gradle/launcher/daemon/server/api/HandleStop
instanceKlass org/gradle/launcher/daemon/diagnostics/DaemonDiagnostics
# instanceKlass java/lang/invoke/LambdaForm$MH+0x0000000091109c00
# instanceKlass java/lang/invoke/LambdaForm$MH+0x0000000091109800
# instanceKlass java/lang/invoke/LambdaForm$MH+0x0000000091109400
# instanceKlass java/lang/invoke/LambdaForm$DMH+0x0000000091109000
# instanceKlass java/lang/invoke/LambdaForm$MH+0x0000000091108c00
# instanceKlass java/lang/invoke/LambdaForm$DMH+0x0000000091108800
# instanceKlass java/lang/invoke/LambdaForm$MH+0x0000000091108400
instanceKlass  @cpi org/gradle/api/internal/artifacts/DependencyManagementBuildTreeScopeServices 531 form vmentry <vmtarget> ; # java/lang/invoke/LambdaForm$DMH+0x0000000091108000
# instanceKlass java/lang/invoke/LambdaForm$MH+0x0000000091107c00
instanceKlass  @cpi org/gradle/api/internal/artifacts/DependencyManagementBuildTreeScopeServices 526 form vmentry <vmtarget> ; # java/lang/invoke/LambdaForm$DMH+0x0000000091107800
# instanceKlass java/lang/invoke/LambdaForm$MH+0x0000000091107400
instanceKlass  @cpi org/gradle/api/internal/artifacts/DependencyManagementBuildScopeServices 527 form vmentry <vmtarget> ; # java/lang/invoke/LambdaForm$DMH+0x0000000091107000
# instanceKlass java/lang/invoke/LambdaForm$MH+0x0000000091106c00
# instanceKlass java/lang/invoke/LambdaForm$DMH+0x0000000091106800
# instanceKlass java/lang/invoke/LambdaForm$MH+0x0000000091106400
# instanceKlass java/lang/invoke/LambdaForm$DMH+0x0000000091106000
# instanceKlass java/lang/invoke/LambdaForm$MH+0x0000000091105c00
# instanceKlass java/lang/invoke/LambdaForm$MH+0x0000000091105800
# instanceKlass java/lang/invoke/LambdaForm$MH+0x0000000091105400
# instanceKlass java/lang/invoke/LambdaForm$MH+0x0000000091105000
# instanceKlass java/lang/invoke/LambdaForm$MH+0x0000000091104c00
# instanceKlass java/lang/invoke/LambdaForm$BMH+0x0000000091104800
# instanceKlass java/lang/invoke/LambdaForm$DMH+0x0000000091104400
# instanceKlass java/lang/invoke/LambdaForm$DMH+0x0000000091104000
instanceKlass org/gradle/launcher/daemon/server/expiry/DaemonExpirationResult
instanceKlass org/gradle/launcher/daemon/server/expiry/DaemonExpirationListener
instanceKlass java/util/concurrent/ForkJoinPool$ManagedBlocker
instanceKlass java/util/concurrent/locks/AbstractQueuedSynchronizer$Node
instanceKlass java/lang/Thread$ThreadNumbering
instanceKlass java/util/concurrent/Executors$RunnableAdapter
instanceKlass java/util/concurrent/Executors
instanceKlass java/util/concurrent/FutureTask$WaitNode
instanceKlass java/util/concurrent/FutureTask
instanceKlass org/gradle/internal/concurrent/AbstractManagedExecutor$1
instanceKlass org/gradle/launcher/daemon/server/health/gc/GarbageCollectionCheck
instanceKlass  @bci org/gradle/launcher/daemon/server/health/gc/DefaultGarbageCollectionMonitor pollForValues ()V 4 <appendix> member <vmtarget> ; # org/gradle/launcher/daemon/server/health/gc/DefaultGarbageCollectionMonitor$$Lambda+0x00000000910ff8c8
instanceKlass java/util/concurrent/BlockingDeque
instanceKlass org/gradle/launcher/daemon/server/health/gc/DefaultSlidingWindow
instanceKlass org/gradle/launcher/daemon/server/health/gc/SlidingWindow
instanceKlass org/gradle/launcher/daemon/server/health/gc/DefaultGarbageCollectionMonitor
instanceKlass org/gradle/launcher/daemon/server/health/gc/GarbageCollectionInfo
instanceKlass org/gradle/internal/concurrent/ExecutorPolicy$CatchAndRecordFailures
instanceKlass jdk/internal/vm/ThreadContainers
instanceKlass java/util/concurrent/RunnableScheduledFuture
instanceKlass java/util/concurrent/ScheduledFuture
instanceKlass java/util/concurrent/Delayed
instanceKlass java/util/concurrent/RunnableFuture
instanceKlass java/util/concurrent/Future
instanceKlass org/gradle/internal/concurrent/ThreadFactoryImpl
instanceKlass java/util/concurrent/ThreadPoolExecutor$AbortPolicy
instanceKlass java/util/concurrent/RejectedExecutionHandler
instanceKlass java/util/concurrent/AbstractExecutorService
# instanceKlass java/lang/invoke/LambdaForm$MH+0x00000000910fd400
# instanceKlass java/lang/invoke/LambdaForm$MH+0x00000000910fd000
# instanceKlass java/lang/invoke/LambdaForm$MH+0x00000000910fcc00
# instanceKlass java/lang/invoke/LambdaForm$MH+0x00000000910fc800
instanceKlass org/gradle/internal/concurrent/ManagedScheduledExecutor
instanceKlass org/gradle/internal/concurrent/ManagedThreadPoolExecutor
instanceKlass java/util/concurrent/ScheduledExecutorService
instanceKlass org/gradle/internal/concurrent/ManagedExecutor
instanceKlass java/util/concurrent/ExecutorService
instanceKlass java/util/concurrent/Executor
instanceKlass org/gradle/internal/concurrent/AsyncStoppable
instanceKlass org/gradle/internal/concurrent/ExecutorPolicy
instanceKlass org/gradle/internal/concurrent/DefaultExecutorFactory
instanceKlass  @bci org/gradle/launcher/daemon/server/health/gc/GarbageCollectorMonitoringStrategy determineGcStrategy ()Lorg/gradle/launcher/daemon/server/health/gc/GarbageCollectorMonitoringStrategy; 52 <appendix> argL0 ; # org/gradle/launcher/daemon/server/health/gc/GarbageCollectorMonitoringStrategy$$Lambda+0x00000000910fa6d0
instanceKlass sun/management/Sensor
instanceKlass sun/management/MemoryPoolImpl
instanceKlass java/lang/management/MemoryPoolMXBean
instanceKlass  @bci org/gradle/launcher/daemon/server/health/gc/GarbageCollectorMonitoringStrategy determineGcStrategy ()Lorg/gradle/launcher/daemon/server/health/gc/GarbageCollectorMonitoringStrategy; 16 <appendix> member <vmtarget> ; # org/gradle/launcher/daemon/server/health/gc/GarbageCollectorMonitoringStrategy$$Lambda+0x00000000910fa4a0
instanceKlass  @bci org/gradle/launcher/daemon/server/health/gc/GarbageCollectorMonitoringStrategy determineGcStrategy ()Lorg/gradle/launcher/daemon/server/health/gc/GarbageCollectorMonitoringStrategy; 3 <appendix> argL0 ; # org/gradle/launcher/daemon/server/health/gc/GarbageCollectorMonitoringStrategy$$Lambda+0x00000000910fa258
instanceKlass  @bci sun/management/spi/PlatformMBeanProvider$PlatformComponent getMBeans (Ljava/lang/Class;)Ljava/util/List; 63 <appendix> member <vmtarget> ; # sun/management/spi/PlatformMBeanProvider$PlatformComponent$$Lambda+0x0000000091035080
instanceKlass  @bci sun/management/spi/PlatformMBeanProvider$PlatformComponent getMBeans (Ljava/lang/Class;)Ljava/util/List; 47 <appendix> member <vmtarget> ; # sun/management/spi/PlatformMBeanProvider$PlatformComponent$$Lambda+0x0000000091034e20
instanceKlass javax/management/ObjectName$Property
instanceKlass javax/management/ObjectName
instanceKlass javax/management/QueryExp
instanceKlass  @bci sun/management/Util newObjectName (Ljava/lang/String;Ljava/lang/String;)Ljavax/management/ObjectName; 2 <appendix> form vmentry <vmtarget> ; # java/lang/invoke/LambdaForm$MH+0x00000000910fc400
instanceKlass java/lang/StringConcatHelper$StringConcatBase
instanceKlass java/lang/invoke/StringConcatFactory$InlineHiddenClassStrategy$6
instanceKlass java/lang/invoke/StringConcatFactory$InlineHiddenClassStrategy$3$4
instanceKlass java/lang/invoke/StringConcatFactory$InlineHiddenClassStrategy$4
instanceKlass java/lang/invoke/StringConcatFactory$InlineHiddenClassStrategy$3$1
instanceKlass java/lang/invoke/StringConcatFactory$InlineHiddenClassStrategy$7
instanceKlass java/lang/invoke/StringConcatFactory$InlineHiddenClassStrategy$3$2
instanceKlass java/lang/invoke/StringConcatFactory$InlineHiddenClassStrategy$5
instanceKlass java/lang/invoke/StringConcatFactory$InlineHiddenClassStrategy$3$3
instanceKlass java/lang/invoke/StringConcatFactory$InlineHiddenClassStrategy$3
instanceKlass java/lang/invoke/StringConcatFactory$InlineHiddenClassStrategy$2
instanceKlass java/lang/invoke/StringConcatFactory$InlineHiddenClassStrategy$1
instanceKlass java/lang/invoke/StringConcatFactory$InlineHiddenClassStrategy
instanceKlass sun/management/Util
instanceKlass com/sun/management/GarbageCollectorMXBean
instanceKlass java/lang/management/MemoryMXBean
instanceKlass  @bci java/util/stream/Collectors toList ()Ljava/util/stream/Collector; 14 <appendix> argL0 ; # java/util/stream/Collectors$$Lambda+0x0000000091032c20
instanceKlass  @bci java/util/stream/Collectors toList ()Ljava/util/stream/Collector; 9 <appendix> argL0 ; # java/util/stream/Collectors$$Lambda+0x00000000910329e8
instanceKlass  @bci java/util/stream/Collectors toList ()Ljava/util/stream/Collector; 4 <appendix> argL0 ; # java/util/stream/Collectors$$Lambda+0x00000000910327c0
instanceKlass  @bci java/lang/management/ManagementFactory getPlatformMXBeans (Ljava/lang/Class;)Ljava/util/List; 35 <appendix> member <vmtarget> ; # java/lang/management/ManagementFactory$$Lambda+0x0000000091032570
instanceKlass  @bci java/lang/management/ManagementFactory$PlatformMBeanFinder findFirst (Ljava/lang/Class;)Lsun/management/spi/PlatformMBeanProvider$PlatformComponent; 19 <appendix> member <vmtarget> ; # java/lang/management/ManagementFactory$PlatformMBeanFinder$$Lambda+0x0000000091032310
instanceKlass java/util/HashMap$HashMapSpliterator
instanceKlass jdk/management/jfr/internal/FlightRecorderMXBeanProvider$SingleMBeanComponent
instanceKlass jdk/management/jfr/FlightRecorderMXBean
instanceKlass java/lang/management/DefaultPlatformMBeanProvider$11
instanceKlass java/lang/management/DefaultPlatformMBeanProvider$10
instanceKlass java/lang/management/DefaultPlatformMBeanProvider$9
instanceKlass sun/management/ManagementFactoryHelper$LoggingMXBeanAccess
instanceKlass java/lang/management/DefaultPlatformMBeanProvider$8
instanceKlass java/lang/management/DefaultPlatformMBeanProvider$7
instanceKlass java/lang/management/DefaultPlatformMBeanProvider$6
instanceKlass java/lang/management/DefaultPlatformMBeanProvider$5
instanceKlass java/lang/management/DefaultPlatformMBeanProvider$4
instanceKlass java/lang/management/DefaultPlatformMBeanProvider$3
instanceKlass java/lang/management/DefaultPlatformMBeanProvider$2
instanceKlass java/lang/management/DefaultPlatformMBeanProvider$1
instanceKlass com/sun/management/internal/PlatformMBeanProviderImpl$7
instanceKlass sun/management/VMManagementImpl
instanceKlass sun/management/VMManagement
instanceKlass sun/management/ManagementFactoryHelper
instanceKlass sun/management/NotificationEmitterSupport
instanceKlass javax/management/NotificationEmitter
instanceKlass javax/management/NotificationBroadcaster
instanceKlass com/sun/management/DiagnosticCommandMBean
instanceKlass javax/management/DynamicMBean
instanceKlass com/sun/management/internal/PlatformMBeanProviderImpl$6
instanceKlass com/sun/management/internal/PlatformMBeanProviderImpl$5
instanceKlass jdk/management/VirtualThreadSchedulerMXBean
instanceKlass com/sun/management/internal/PlatformMBeanProviderImpl$4
instanceKlass jdk/management/HotSpotAOTCacheMXBean
instanceKlass com/sun/management/internal/PlatformMBeanProviderImpl$3
instanceKlass com/sun/management/internal/PlatformMBeanProviderImpl$2
instanceKlass com/sun/management/internal/PlatformMBeanProviderImpl$1
instanceKlass sun/management/spi/PlatformMBeanProvider$PlatformComponent
instanceKlass java/util/concurrent/Callable
instanceKlass sun/management/spi/PlatformMBeanProvider
instanceKlass java/lang/management/ManagementFactory$PlatformMBeanFinder
instanceKlass java/lang/management/GarbageCollectorMXBean
instanceKlass java/lang/management/MemoryManagerMXBean
instanceKlass java/lang/management/PlatformManagedObject
instanceKlass java/lang/management/ManagementFactory
instanceKlass org/gradle/launcher/daemon/server/health/gc/GarbageCollectionMonitor
instanceKlass org/gradle/internal/time/DefaultTimer
instanceKlass org/gradle/internal/collect/ArrayIterator
instanceKlass java/lang/Deprecated
instanceKlass org/gradle/internal/service/scopes/EventScope
instanceKlass com/google/errorprone/annotations/DoNotMock
instanceKlass org/gradle/internal/collect/PersistentList$Cons$PersistentListIterator
instanceKlass org/gradle/internal/service/scopes/ListenerService
instanceKlass org/gradle/internal/service/scopes/StatefulListener
instanceKlass org/gradle/internal/event/DefaultListenerManager$EventBroadcast
instanceKlass org/gradle/internal/event/DefaultListenerManager
instanceKlass org/gradle/internal/buildprocess/execution/BuildSessionLifecycleBuildActionExecutor
instanceKlass org/gradle/internal/buildprocess/execution/StartParamsValidatingActionExecutor
instanceKlass org/gradle/initialization/BuildRequestMetaData
instanceKlass org/gradle/internal/exception/ExceptionAnalyser
instanceKlass org/gradle/initialization/exception/ExceptionCollector
instanceKlass org/gradle/problems/buildtree/ProblemDiagnosticsFactory
instanceKlass org/gradle/internal/buildprocess/execution/SessionFailureReportingActionExecutor
instanceKlass org/gradle/StartParameter
instanceKlass org/gradle/concurrent/ParallelismConfiguration
instanceKlass org/gradle/internal/buildprocess/execution/SetupLoggingActionExecutor
# instanceKlass java/lang/invoke/LambdaForm$MH+0x00000000910f3000
# instanceKlass java/lang/invoke/LambdaForm$DMH+0x00000000910f2c00
instanceKlass java/lang/invoke/ClassSpecializer$Factory$1$5$1
instanceKlass java/lang/invoke/ClassSpecializer$Factory$1$5
instanceKlass java/lang/invoke/ClassSpecializer$Factory$1$4
instanceKlass java/lang/invoke/ClassSpecializer$Factory$1$3
instanceKlass java/lang/invoke/ClassSpecializer$Factory$1$2
instanceKlass java/lang/invoke/ClassSpecializer$Factory$1$1Var
instanceKlass java/lang/invoke/ClassSpecializer$Factory$1$1
instanceKlass java/lang/invoke/ClassSpecializer$Factory$1
# instanceKlass java/lang/invoke/LambdaForm$MH+0x00000000910f2800
# instanceKlass java/lang/invoke/LambdaForm$MH+0x00000000910f2400
# instanceKlass java/lang/invoke/LambdaForm$MH+0x00000000910f2000
# instanceKlass java/lang/invoke/LambdaForm$MH+0x00000000910f1c00
# instanceKlass java/lang/invoke/LambdaForm$MH+0x00000000910f1800
# instanceKlass java/lang/invoke/LambdaForm$DMH+0x00000000910f1400
instanceKlass org/gradle/cache/internal/FileContentCacheFactory
instanceKlass org/gradle/cache/scopes/ScopedCacheBuilderFactory
instanceKlass org/gradle/internal/hash/ClassLoaderHierarchyHasher
instanceKlass org/gradle/api/internal/plugins/PluginRegistry
instanceKlass org/gradle/execution/plan/ToPlannedNodeConverter
instanceKlass org/gradle/internal/file/FileAccessTimeJournal
instanceKlass org/gradle/initialization/ClassLoaderScopeRegistry
instanceKlass org/gradle/internal/classloader/HashingClassLoaderFactory
instanceKlass org/gradle/cache/FineGrainedCacheCleanupStrategyFactory
instanceKlass org/gradle/api/internal/initialization/loadercache/ClassLoaderCache
instanceKlass org/gradle/internal/jvm/inspection/JvmMetadataDetector
instanceKlass org/gradle/cache/GlobalCacheLocations
instanceKlass org/gradle/internal/execution/timeout/TimeoutHandler
instanceKlass org/gradle/process/internal/worker/WorkerProcessFactory
instanceKlass org/gradle/internal/jvm/inspection/JvmVersionDetector
instanceKlass org/gradle/internal/isolation/IsolatableFactory
instanceKlass org/gradle/cache/UnscopedCacheBuilderFactory
instanceKlass org/gradle/internal/service/scopes/WorkerSharedUserHomeScopeServices
instanceKlass org/gradle/internal/service/scopes/DefaultGradleUserHomeScopeServiceRegistry
instanceKlass  @bci jdk/internal/reflect/DirectMethodHandleAccessor invokeImpl (Ljava/lang/Object;[Ljava/lang/Object;)Ljava/lang/Object; 92 <adapter> ; # java/lang/invoke/LambdaForm$MH+0x00000000910f1000
# instanceKlass java/lang/invoke/LambdaForm$MH+0x00000000910f0c00
# instanceKlass java/lang/invoke/LambdaForm$MH+0x00000000910f0800
# instanceKlass java/lang/invoke/LambdaForm$MH+0x00000000910f0400
# instanceKlass java/lang/invoke/LambdaForm$MH+0x00000000910f0000
# instanceKlass java/lang/invoke/LambdaForm$DMH+0x00000000910e9c00
instanceKlass org/gradle/internal/problems/failure/StackTraceClassifier$1
instanceKlass org/gradle/internal/problems/failure/InternalStackTraceClassifier
instanceKlass org/gradle/internal/problems/failure/CompositeStackTraceClassifier
instanceKlass org/gradle/internal/problems/failure/StackTraceClassifier
instanceKlass org/gradle/internal/problems/failure/DefaultFailureFactory
instanceKlass org/gradle/internal/logging/text/AbstractStyledTextOutputFactory
# instanceKlass java/lang/invoke/LambdaForm$MH+0x00000000910e9800
# instanceKlass java/lang/invoke/LambdaForm$MH+0x00000000910e9400
# instanceKlass java/lang/invoke/LambdaForm$MH+0x00000000910e9000
instanceKlass java/util/concurrent/atomic/AtomicBoolean
instanceKlass org/gradle/internal/instrumentation/agent/DefaultClassFileTransformer
instanceKlass sun/nio/ch/IOStatus
instanceKlass sun/nio/ch/Util$BufferCache
instanceKlass sun/nio/ch/Util
instanceKlass org/gradle/internal/logging/text/AbstractLineChoppingStyledTextOutput$StateContext
instanceKlass java/text/DontCareFieldPosition$1
instanceKlass java/text/Format$FieldDelegate
instanceKlass java/text/StringBufFactory$StringBuilderImpl
instanceKlass java/text/Format$StringBuf
instanceKlass java/text/StringBufFactory
instanceKlass java/util/Date
instanceKlass java/text/DigitList
instanceKlass java/text/FieldPosition
instanceKlass java/text/DecimalFormatSymbols
instanceKlass java/text/DateFormatSymbols
instanceKlass sun/util/calendar/CalendarUtils
instanceKlass sun/util/calendar/CalendarDate
instanceKlass sun/util/resources/Bundles$CacheKeyReference
instanceKlass java/util/ResourceBundle$ResourceBundleProviderHelper
instanceKlass  @bci sun/util/cldr/CLDRLocaleProviderAdapter applyAliases (Ljava/util/Locale;)Ljava/util/Locale; 4 <appendix> argL0 ; # sun/util/cldr/CLDRLocaleProviderAdapter$$Lambda+0x800000060
instanceKlass sun/util/resources/Bundles$CacheKey
instanceKlass java/util/ResourceBundle$3
instanceKlass java/util/ResourceBundle$1
instanceKlass jdk/internal/access/JavaUtilResourceBundleAccess
instanceKlass sun/util/resources/Bundles
instanceKlass sun/util/resources/LocaleData$LocaleDataStrategy
instanceKlass sun/util/resources/Bundles$Strategy
instanceKlass sun/util/resources/LocaleData
instanceKlass sun/util/locale/provider/LocaleResources
instanceKlass  @bci sun/util/locale/provider/LocaleProviderAdapter toLocaleArray (Ljava/util/Set;)[Ljava/util/Locale; 21 <appendix> argL0 ; # sun/util/locale/provider/LocaleProviderAdapter$$Lambda+0x800000063
instanceKlass java/util/stream/DistinctOps
instanceKlass  @bci sun/util/locale/provider/LocaleProviderAdapter toLocaleArray (Ljava/util/Set;)[Ljava/util/Locale; 6 <appendix> argL0 ; # sun/util/locale/provider/LocaleProviderAdapter$$Lambda+0x800000061
instanceKlass  @bci java/util/ResourceBundle$Control getCandidateLocales (Ljava/lang/String;Ljava/util/Locale;)Ljava/util/List; 23 <appendix> argL0 ; # java/util/ResourceBundle$Control$$Lambda+0x800000021
instanceKlass  @bci java/util/ResourceBundle$Control <clinit> ()V 39 <appendix> argL0 ; # java/util/ResourceBundle$Control$$Lambda+0x800000022
instanceKlass java/util/ResourceBundle
instanceKlass java/util/ResourceBundle$Control
instanceKlass sun/util/locale/provider/CalendarDataUtility$CalendarWeekParameterGetter
instanceKlass sun/util/locale/provider/LocaleServiceProviderPool$LocalizedObjectGetter
instanceKlass sun/util/locale/provider/LocaleServiceProviderPool
instanceKlass java/util/Locale$Builder
instanceKlass sun/util/locale/provider/CalendarDataUtility
instanceKlass sun/util/calendar/CalendarSystem$GregorianHolder
instanceKlass sun/util/calendar/CalendarSystem
instanceKlass java/util/Calendar$Builder
instanceKlass sun/util/locale/provider/AvailableLanguageTags
instanceKlass sun/util/resources/cldr/provider/CLDRLocaleDataMetaInfo
instanceKlass  @bci jdk/internal/module/SystemModuleFinders$SystemModuleReader read (Ljava/lang/String;)Ljava/util/Optional; 19 <appendix> member <vmtarget> ; # jdk/internal/module/SystemModuleFinders$SystemModuleReader$$Lambda+0x0000000091028428
instanceKlass jdk/internal/module/ModulePatcher$PatchedModuleReader
instanceKlass jdk/internal/util/ReferencedKeyMap$1
instanceKlass sun/util/locale/InternalLocaleBuilder$CaseInsensitiveChar
instanceKlass sun/util/locale/InternalLocaleBuilder
instanceKlass sun/util/locale/StringTokenIterator
instanceKlass java/text/ParsePosition
instanceKlass sun/util/cldr/CLDRBaseLocaleDataMetaInfo
instanceKlass sun/util/locale/provider/LocaleDataMetaInfo
instanceKlass sun/util/locale/provider/ResourceBundleBasedAdapter
instanceKlass sun/util/locale/provider/LocaleProviderAdapter
instanceKlass java/util/spi/LocaleServiceProvider
instanceKlass sun/util/calendar/ZoneInfoFile$ZoneOffsetTransitionRule
instanceKlass jdk/internal/util/ByteArray
instanceKlass sun/util/calendar/ZoneInfoFile
instanceKlass java/time/ZoneId
instanceKlass java/util/TimeZone
instanceKlass java/util/Calendar
instanceKlass java/text/AttributedCharacterIterator$Attribute
instanceKlass java/text/Format
instanceKlass org/gradle/internal/logging/sink/LogEventDispatcher
instanceKlass org/gradle/internal/logging/text/AbstractLineChoppingStyledTextOutput$SeenFromEol
instanceKlass org/gradle/internal/SystemProperties
instanceKlass org/gradle/internal/logging/text/AbstractLineChoppingStyledTextOutput$4
instanceKlass org/gradle/internal/logging/text/AbstractLineChoppingStyledTextOutput$3
instanceKlass org/gradle/internal/logging/text/AbstractLineChoppingStyledTextOutput$2
instanceKlass org/gradle/internal/logging/text/AbstractLineChoppingStyledTextOutput$1
instanceKlass org/gradle/internal/logging/text/AbstractLineChoppingStyledTextOutput$State
instanceKlass org/gradle/internal/logging/text/StreamBackedStandardOutputListener
instanceKlass org/gradle/internal/logging/text/AbstractStyledTextOutput
instanceKlass org/gradle/internal/logging/console/StyledTextOutputBackedRenderer
instanceKlass org/slf4j/helpers/FormattingTuple
instanceKlass org/slf4j/helpers/NormalizedParameters
instanceKlass org/slf4j/helpers/MessageFormatter
instanceKlass net/rubygrapefruit/platform/internal/FunctionResult
instanceKlass org/gradle/internal/logging/source/PrintStreamLoggingSystem$PrintStreamDestination
instanceKlass java/util/logging/ErrorManager
instanceKlass org/gradle/internal/logging/source/JavaUtilLoggingSystem$SnapshotImpl
instanceKlass org/gradle/internal/logging/config/LoggingSystemAdapter$SnapshotImpl
instanceKlass org/gradle/internal/logging/events/OutputEventListener$1
instanceKlass org/gradle/internal/dispatch/MethodInvocation
instanceKlass org/gradle/internal/logging/sink/OutputEventRenderer$SnapshotImpl
instanceKlass org/gradle/process/internal/shutdown/ShutdownHooks
instanceKlass org/gradle/launcher/daemon/bootstrap/DaemonMain$1
instanceKlass sun/nio/ch/SelChImpl
instanceKlass java/nio/channels/NetworkChannel
instanceKlass sun/nio/ch/Streams
instanceKlass java/nio/channels/Channels
instanceKlass sun/nio/ch/FileChannelImpl$Closer
instanceKlass sun/nio/fs/WindowsChannelFactory$2
instanceKlass sun/nio/fs/WindowsChannelFactory$Flags
instanceKlass sun/nio/fs/WindowsChannelFactory$1
instanceKlass sun/nio/fs/WindowsChannelFactory
instanceKlass sun/nio/fs/WindowsSecurityDescriptor
instanceKlass  @bci com/google/common/io/Files <clinit> ()V 0 <appendix> argL0 ; # com/google/common/io/Files$$Lambda+0x00000000910e7730
instanceKlass com/google/common/graph/SuccessorsFunction
instanceKlass com/google/common/io/LineProcessor
instanceKlass com/google/common/io/ByteSink
instanceKlass com/google/common/io/ByteSource
instanceKlass com/google/common/base/Predicate
instanceKlass com/google/common/io/Files
instanceKlass org/gradle/util/internal/GFileUtils
instanceKlass java/util/regex/ASCII
instanceKlass  @bci java/util/regex/CharPredicates ASCII_WORD ()Ljava/util/regex/Pattern$BmpCharPredicate; 0 <appendix> argL0 ; # java/util/regex/CharPredicates$$Lambda+0x0000000091025f28
instanceKlass  @bci java/util/regex/CharPredicates ctype (I)Ljava/util/regex/Pattern$CharPredicate; 1 <appendix> member <vmtarget> ; # java/util/regex/CharPredicates$$Lambda+0x0000000091025c90
instanceKlass org/gradle/util/GradleVersion
# instanceKlass java/lang/invoke/LambdaForm$MH+0x00000000910e8800
instanceKlass sun/invoke/util/ValueConversions$WrapperCache
# instanceKlass java/lang/invoke/LambdaForm$MH+0x00000000910e8400
# instanceKlass java/lang/invoke/LambdaForm$BMH+0x00000000910e8000
instanceKlass net/rubygrapefruit/platform/internal/jni/PosixProcessFunctions
instanceKlass org/gradle/jvm/toolchain/internal/DefaultJavaLanguageVersion$1
instanceKlass org/gradle/jvm/toolchain/internal/DefaultJavaLanguageVersion
instanceKlass org/gradle/jvm/toolchain/JavaLanguageVersion
instanceKlass org/gradle/internal/FileUtils$1
instanceKlass org/gradle/internal/FileUtils
instanceKlass  @bci java/util/regex/CharPredicates ASCII_DIGIT ()Ljava/util/regex/Pattern$BmpCharPredicate; 0 <appendix> argL0 ; # java/util/regex/CharPredicates$$Lambda+0x800000028
instanceKlass java/util/regex/CharPredicates
instanceKlass org/gradle/launcher/daemon/context/DefaultDaemonContext$Serializer
instanceKlass org/gradle/launcher/daemon/toolchain/DaemonJvmCriteria
instanceKlass org/gradle/launcher/daemon/context/DefaultDaemonContext
instanceKlass org/gradle/internal/nativeintegration/ReflectiveEnvironment
instanceKlass org/gradle/internal/nativeintegration/processenvironment/AbstractProcessEnvironment
instanceKlass net/rubygrapefruit/platform/internal/DefaultProcess
instanceKlass net/rubygrapefruit/platform/internal/WrapperProcess
instanceKlass net/rubygrapefruit/platform/file/WindowsFiles
instanceKlass net/rubygrapefruit/platform/file/Files
instanceKlass org/gradle/launcher/daemon/server/api/DaemonCommandAction
instanceKlass org/gradle/internal/invocation/BuildAction
instanceKlass org/gradle/launcher/daemon/server/DaemonLogFile
instanceKlass org/gradle/launcher/daemon/registry/DaemonDir
instanceKlass org/gradle/launcher/daemon/server/stats/DaemonRunningStats
instanceKlass org/gradle/launcher/daemon/server/health/DaemonHealthCheck
instanceKlass org/gradle/internal/serialize/Serializer
instanceKlass org/gradle/launcher/daemon/server/health/gc/GarbageCollectorMonitoringStrategy
instanceKlass org/gradle/launcher/daemon/server/health/DaemonHealthStats
instanceKlass org/gradle/launcher/daemon/server/MasterExpirationStrategy
instanceKlass org/gradle/launcher/daemon/server/health/HealthExpirationStrategy
instanceKlass org/gradle/launcher/daemon/server/Daemon
instanceKlass org/gradle/tooling/internal/provider/runner/OperationDependencyLookup
instanceKlass org/gradle/tooling/internal/provider/runner/ToolingApiBuildEventListenerFactory
instanceKlass org/gradle/internal/build/event/BuildEventListenerFactory
instanceKlass org/gradle/tooling/internal/provider/LauncherServices$ToolingGlobalScopeServices
instanceKlass org/gradle/tooling/internal/provider/ExecuteBuildActionRunner
instanceKlass org/gradle/internal/buildtree/BuildActionRunner
instanceKlass org/gradle/platform/base/internal/registry/ComponentModelBaseServices$GlobalScopeServices
instanceKlass org/gradle/nativeplatform/NativeBinarySpec
instanceKlass org/gradle/platform/base/BinarySpec
instanceKlass org/gradle/platform/base/Binary
instanceKlass org/gradle/api/CheckableComponentSpec
instanceKlass org/gradle/api/BuildableComponentSpec
instanceKlass org/gradle/platform/base/ComponentSpec
instanceKlass org/gradle/model/ModelElement
instanceKlass org/gradle/api/Buildable
instanceKlass org/gradle/nativeplatform/TargetMachineBuilder
instanceKlass org/gradle/nativeplatform/TargetMachine
instanceKlass org/gradle/nativeplatform/internal/DefaultTargetMachineFactory
instanceKlass org/gradle/nativeplatform/TargetMachineFactory
instanceKlass org/gradle/nativeplatform/internal/NativePlatformResolver
instanceKlass org/gradle/platform/base/internal/PlatformResolver
instanceKlass org/gradle/nativeplatform/platform/internal/NativePlatformInternal
instanceKlass org/gradle/nativeplatform/platform/NativePlatform
instanceKlass org/gradle/platform/base/Platform
instanceKlass org/gradle/nativeplatform/platform/internal/OperatingSystemInternal
instanceKlass org/gradle/nativeplatform/platform/OperatingSystem
instanceKlass org/gradle/api/Named
instanceKlass org/gradle/nativeplatform/platform/internal/NativePlatforms
instanceKlass org/gradle/internal/logging/text/DiagnosticsVisitor
# instanceKlass java/lang/invoke/LambdaForm$MH+0x00000000910d8400
instanceKlass org/gradle/initialization/BuildEventConsumer
instanceKlass org/gradle/internal/build/event/BuildEventSubscriptions
instanceKlass org/gradle/internal/build/event/OperationResultPostProcessorFactory
instanceKlass org/gradle/language/java/internal/JavaLanguageServices$JavaGlobalScopeServices
instanceKlass org/gradle/kotlin/dsl/support/ImplicitImports
instanceKlass org/gradle/api/internal/GradleApiImplicitImportsProvider
instanceKlass org/gradle/kotlin/dsl/support/GlobalServices
instanceKlass org/gradle/jvm/toolchain/internal/install/JavaToolchainHttpRedirectVerifierFactory
instanceKlass com/google/common/base/Supplier
instanceKlass org/gradle/platform/internal/CurrentBuildPlatform
instanceKlass org/gradle/jvm/toolchain/internal/DefaultToolchainSpec
instanceKlass org/gradle/jvm/toolchain/internal/JavaToolchainSpecInternal
instanceKlass org/gradle/jvm/toolchain/JavaToolchainSpec
instanceKlass org/gradle/jvm/internal/services/ToolchainsJvmServices$GlobalServices
instanceKlass org/gradle/api/internal/changedetection/state/FileHasherStatistics$Collector
instanceKlass org/gradle/internal/snapshot/impl/DirectorySnapshotterStatistics$Collector
instanceKlass org/gradle/internal/service/scopes/VirtualFileSystemServices$GlobalScopeServices
instanceKlass org/gradle/internal/collect/PersistentArrayTrie
# instanceKlass java/lang/invoke/LambdaForm$MH+0x00000000910d8000
instanceKlass java/lang/invoke/MethodHandle$1
instanceKlass org/gradle/internal/service/scopes/ExecutionGlobalServices$AnnotationHandlerRegistration
instanceKlass org/gradle/internal/properties/bean/PropertyWalker
instanceKlass org/gradle/internal/service/scopes/ExecutionGlobalServices$AnnotationHandlerRegistar
instanceKlass org/gradle/internal/instrumentation/api/annotations/ReplacesEagerProperty
instanceKlass org/gradle/api/model/ReplacedBy
instanceKlass org/gradle/api/tasks/Internal
instanceKlass org/gradle/api/tasks/TaskAction
instanceKlass org/gradle/api/services/ServiceReference
instanceKlass org/gradle/api/tasks/OutputFiles
instanceKlass org/gradle/api/tasks/OutputFile
instanceKlass org/gradle/api/tasks/OutputDirectory
instanceKlass org/gradle/api/tasks/OutputDirectories
instanceKlass org/gradle/api/tasks/options/OptionValues
instanceKlass org/gradle/api/tasks/Nested
instanceKlass org/gradle/api/tasks/LocalState
instanceKlass org/gradle/api/tasks/InputFiles
instanceKlass org/gradle/api/tasks/InputFile
instanceKlass org/gradle/api/tasks/InputDirectory
instanceKlass org/gradle/api/artifacts/transform/InputArtifactDependencies
instanceKlass org/gradle/api/artifacts/transform/InputArtifact
instanceKlass org/gradle/api/tasks/Input
instanceKlass org/gradle/api/tasks/Destroys
instanceKlass org/gradle/api/tasks/Console
instanceKlass org/gradle/internal/execution/history/ImmutableWorkspaceMetadataStore
instanceKlass org/gradle/internal/reflect/annotations/TypeAnnotationMetadataStore
instanceKlass org/gradle/internal/properties/annotations/FunctionAnnotationHandler
instanceKlass org/gradle/internal/execution/WorkInputListeners
instanceKlass org/gradle/api/internal/project/taskfactory/TaskClassInfoStore
instanceKlass org/gradle/internal/execution/WorkExecutionTracker
instanceKlass org/gradle/internal/service/scopes/ExecutionGlobalServices
instanceKlass org/gradle/internal/serialize/beans/services/BeanConstructors
instanceKlass org/gradle/internal/resource/transport/sftp/SftpClientFactory
instanceKlass org/gradle/internal/resource/transport/sftp/SftpResourcesServices$GlobalScopeServices
instanceKlass org/gradle/internal/resource/transport/http/HttpClientFactory
instanceKlass org/gradle/internal/resource/transport/http/SslContextFactory
instanceKlass org/gradle/internal/resource/transport/http/HttpResourcesServices$GlobalScopeServices
instanceKlass org/gradle/internal/resource/transport/gcp/gcs/GcsResourcesServices$GlobalScopeServices
instanceKlass org/gradle/internal/resource/transport/aws/s3/S3ResourcesServices$GlobalScopeServices
instanceKlass org/gradle/tooling/internal/provider/serialization/ClassLoaderCache
instanceKlass org/gradle/api/internal/tasks/userinput/UserInputReader$UserInput
instanceKlass org/gradle/api/internal/tasks/userinput/DefaultUserInputReader
instanceKlass org/gradle/api/internal/tasks/userinput/UserInputReader
instanceKlass org/gradle/internal/buildtree/control/DefaultBuildModelParametersFactory
instanceKlass org/gradle/internal/buildtree/BuildModelParametersFactory
instanceKlass org/gradle/internal/operations/BuildOperationAncestryTracker
instanceKlass org/gradle/internal/build/event/BuildEventServices$1
instanceKlass kotlin/annotation/Target
instanceKlass kotlin/annotation/Retention
instanceKlass kotlin/Metadata
instanceKlass org/gradle/internal/file/BufferProvider
instanceKlass org/gradle/caching/internal/BuildCacheServices$1
instanceKlass org/gradle/buildinit/plugins/internal/action/InitBuiltInCommand
instanceKlass org/gradle/reporting/ReportRenderer
instanceKlass org/gradle/api/reporting/components/internal/DiagnosticsServices$1
instanceKlass org/gradle/api/plugins/internal/HelpBuiltInCommand
instanceKlass org/gradle/configuration/project/BuiltInCommand
instanceKlass org/gradle/api/component/SoftwareComponentFactory
instanceKlass org/gradle/api/publish/internal/service/PublishServices$GlobalScopeServices
instanceKlass org/gradle/internal/fingerprint/FileNormalizer
instanceKlass org/gradle/internal/reflect/annotations/AnnotationCategory
instanceKlass org/gradle/api/problems/ProblemSpec
instanceKlass org/gradle/api/problems/DocLink
instanceKlass org/gradle/internal/component/model/ExcludeMetadata
instanceKlass org/gradle/api/internal/artifacts/ivyservice/moduleconverter/dependencies/DefaultExcludeRuleConverter
instanceKlass org/gradle/api/internal/artifacts/DefaultImmutableModuleIdentifierFactory
instanceKlass org/gradle/api/internal/artifacts/ImmutableModuleIdentifierFactory
instanceKlass org/apache/ivy/util/MessageLogger
instanceKlass org/gradle/api/internal/artifacts/ivyservice/DefaultIvyContextManager
instanceKlass org/gradle/api/internal/artifacts/ivyservice/IvyContextManager
instanceKlass org/gradle/api/internal/artifacts/ivyservice/ivyresolve/strategy/Version
instanceKlass org/gradle/api/internal/artifacts/ivyservice/ivyresolve/strategy/VersionParser
instanceKlass org/gradle/api/Transformer
instanceKlass java/lang/reflect/WildcardType
instanceKlass org/gradle/internal/resource/ExternalResourceName
instanceKlass org/gradle/api/Describable
instanceKlass org/gradle/api/internal/artifacts/dsl/dependencies/PlatformSupport
instanceKlass org/gradle/cache/internal/ProducerGuard
instanceKlass org/gradle/api/internal/artifacts/ivyservice/moduleconverter/dependencies/ExcludeRuleConverter
instanceKlass org/gradle/api/internal/tasks/properties/AbstractTypeScheme
instanceKlass org/gradle/api/internal/tasks/properties/TypeScheme
instanceKlass org/gradle/api/internal/tasks/properties/InspectionSchemeFactory
instanceKlass org/gradle/internal/resource/connector/ResourceConnectorFactory
instanceKlass org/gradle/api/internal/artifacts/ivyservice/moduleconverter/dependencies/DependencyMetadataFactory
instanceKlass org/gradle/internal/properties/annotations/TypeAnnotationHandler
instanceKlass org/gradle/api/internal/artifacts/DependencyManagementGlobalScopeServices
instanceKlass org/gradle/internal/buildoption/InternalOption
instanceKlass org/gradle/internal/buildoption/Option
instanceKlass org/gradle/internal/service/DefaultServiceLocator$ServiceFactory
instanceKlass org/gradle/internal/service/scopes/AbstractGradleModuleServices
instanceKlass jdk/internal/foreign/MemorySessionImpl
instanceKlass java/lang/foreign/MemorySegment$Scope
instanceKlass org/gradle/internal/service/scopes/GradleModuleServices
# instanceKlass java/lang/invoke/LambdaForm$MH+0x00000000910b9800
# instanceKlass java/lang/invoke/LambdaForm$MH+0x00000000910b9400
# instanceKlass java/lang/invoke/LambdaForm$MH+0x00000000910b9000
# instanceKlass java/lang/invoke/LambdaForm$MH+0x00000000910b8c00
instanceKlass  @cpi org/gradle/api/internal/runtimeshaded/RuntimeShadedJarCreator 549 form vmentry <vmtarget> ; # java/lang/invoke/LambdaForm$DMH+0x00000000910b8800
# instanceKlass java/lang/invoke/LambdaForm$DMH+0x00000000910b8400
instanceKlass org/gradle/internal/classpath/intercept/JvmBytecodeInterceptorFactoryProvider$CompositeJvmBytecodeInterceptorFactoryProvider
instanceKlass org/gradle/internal/classpath/GroovyCallInterceptorsProvider$CompositeGroovyCallInterceptorsProvider
instanceKlass  @bci org/gradle/internal/classpath/GroovyCallInterceptorsProvider$ClassLoaderSourceGroovyCallInterceptorsProvider <init> (Ljava/lang/ClassLoader;Ljava/lang/String;)V 10 <appendix> member <vmtarget> ; # org/gradle/internal/classpath/GroovyCallInterceptorsProvider$ClassLoaderSourceGroovyCallInterceptorsProvider$$Lambda+0x00000000910bf0d8
instanceKlass org/gradle/internal/classpath/GroovyCallInterceptorsProvider$ClassLoaderSourceGroovyCallInterceptorsProvider
instanceKlass  @bci org/gradle/internal/classpath/intercept/JvmBytecodeInterceptorFactoryProvider$ClassLoaderSourceJvmBytecodeInterceptorFactoryProvider <init> (Ljava/lang/ClassLoader;Ljava/lang/String;)V 10 <appendix> member <vmtarget> ; # org/gradle/internal/classpath/intercept/JvmBytecodeInterceptorFactoryProvider$ClassLoaderSourceJvmBytecodeInterceptorFactoryProvider$$Lambda+0x00000000910bec60
instanceKlass org/gradle/internal/classpath/intercept/JvmBytecodeInterceptorFactoryProvider$ClassLoaderSourceJvmBytecodeInterceptorFactoryProvider
instanceKlass org/gradle/internal/classpath/intercept/JvmBytecodeInterceptorSet
instanceKlass org/gradle/internal/classpath/intercept/DefaultJvmBytecodeInterceptorFactorySet
instanceKlass  @bci org/gradle/internal/classpath/GroovyCallInterceptorsProvider$ClassSourceGroovyCallInterceptorsProvider <init> (Ljava/lang/String;)V 9 <appendix> member <vmtarget> ; # org/gradle/internal/classpath/GroovyCallInterceptorsProvider$ClassSourceGroovyCallInterceptorsProvider$$Lambda+0x00000000910be3a8
instanceKlass org/gradle/internal/classpath/Instrumented
instanceKlass org/gradle/internal/classpath/GroovyCallInterceptorsProvider$ClassSourceGroovyCallInterceptorsProvider
instanceKlass org/gradle/internal/classpath/intercept/DefaultCallSiteInterceptorSet
instanceKlass org/gradle/internal/classpath/intercept/JvmBytecodeInterceptorFactoryProvider
instanceKlass org/gradle/internal/classpath/GroovyCallInterceptorsProvider
instanceKlass org/gradle/internal/classpath/intercept/CallSiteDecorator
instanceKlass org/gradle/internal/classpath/intercept/JvmBytecodeInterceptorFactorySet
instanceKlass org/gradle/internal/classpath/intercept/CallSiteInterceptorSet
instanceKlass org/gradle/internal/classpath/intercept/CallInterceptorRegistry
instanceKlass com/google/common/collect/Iterators$ConcatenatedIterator
instanceKlass org/gradle/api/internal/classpath/DefaultModuleRegistry$DefaultModuleAlias
instanceKlass com/google/common/collect/TransformedIterator
instanceKlass com/google/common/base/Optional
instanceKlass com/google/common/collect/FluentIterable
instanceKlass com/google/common/collect/Iterables
instanceKlass  @bci org/gradle/api/internal/DynamicModulesClassPathProvider allRequiredModulesOf (Ljava/lang/Iterable;)Ljava/util/List; 10 <appendix> member <vmtarget> ; # org/gradle/api/internal/DynamicModulesClassPathProvider$$Lambda+0x00000000910b6a18
instanceKlass  @cpi org/gradle/api/internal/DependencyClassPathProvider 251 form vmentry <vmtarget> ; # java/lang/invoke/LambdaForm$DMH+0x00000000910b8000
instanceKlass groovy/lang/MetaClass
instanceKlass groovy/lang/MetaObjectProtocol
instanceKlass groovy/lang/GroovySystem
instanceKlass groovy/lang/MetaClassRegistry
instanceKlass groovy/lang/GroovyObject
instanceKlass java/util/ComparableTimSort
instanceKlass org/gradle/internal/classloader/FilteringClassLoader$Trie$Builder
instanceKlass org/gradle/internal/classloader/FilteringClassLoader$Trie
instanceKlass org/gradle/internal/classloader/FilteringClassLoader$TrieSet
instanceKlass  @bci java/lang/ClassLoader definePackage (Ljava/lang/String;Ljava/lang/Module;)Ljava/lang/Package; 73 <appendix> member <vmtarget> ; # java/lang/ClassLoader$$Lambda+0x00000000910241e0
instanceKlass  @bci jdk/internal/loader/BootLoader$PackageHelper findModule (Ljava/lang/String;)Ljava/lang/Module; 90 <appendix> member <vmtarget> ; # jdk/internal/loader/BootLoader$PackageHelper$$Lambda+0x0000000091023fb0
instanceKlass jdk/internal/loader/BootLoader$PackageHelper
instanceKlass  @bci java/util/stream/StreamSpliterators$WrappingSpliterator forEachRemaining (Ljava/util/function/Consumer;)V 33 <appendix> member <vmtarget> ; # java/util/stream/StreamSpliterators$WrappingSpliterator$$Lambda+0x0000000091023ae8
instanceKlass java/util/stream/StreamSpliterators
instanceKlass java/util/stream/Node$Builder
instanceKlass java/util/stream/AbstractSpinedBuffer
instanceKlass java/util/stream/Node$OfDouble
instanceKlass java/util/stream/Node$OfLong
instanceKlass java/util/stream/Node$OfInt
instanceKlass java/util/stream/Node$OfPrimitive
instanceKlass java/util/stream/Nodes$EmptyNode
instanceKlass java/util/stream/Node
instanceKlass java/util/stream/Nodes
instanceKlass  @bci java/lang/ClassLoader getPackages ()[Ljava/lang/Package; 38 <appendix> argL0 ; # java/lang/ClassLoader$$Lambda+0x00000000910236b0
instanceKlass java/util/function/IntFunction
instanceKlass  @bci jdk/internal/loader/BootLoader packages ()Ljava/util/stream/Stream; 6 <appendix> argL0 ; # jdk/internal/loader/BootLoader$$Lambda+0x0000000091023068
instanceKlass java/util/stream/Streams$2
instanceKlass java/util/stream/StreamSpliterators$AbstractWrappingSpliterator
instanceKlass  @bci java/util/stream/AbstractPipeline spliterator ()Ljava/util/Spliterator; 103 <appendix> member <vmtarget> ; # java/util/stream/AbstractPipeline$$Lambda+0x00000000910226c0
instanceKlass java/util/stream/Streams$ConcatSpliterator
instanceKlass  @bci java/lang/ClassLoader packages ()Ljava/util/stream/Stream; 13 <appendix> member <vmtarget> ; # java/lang/ClassLoader$$Lambda+0x0000000091021f20
instanceKlass org/gradle/internal/classloader/ClassLoaderUtils$Java9PackagesFetcher
instanceKlass org/gradle/internal/classloader/ClassLoaderUtils$AbstractClassLoaderLookuper
instanceKlass org/gradle/internal/classloader/ClassLoaderUtils$ClassLoaderPackagesFetcher
instanceKlass org/gradle/internal/classloader/ClassLoaderUtils$ClassDefiner
instanceKlass org/gradle/internal/classloader/ClassLoaderUtils
instanceKlass org/gradle/initialization/GradleApiSpecAggregator$DefaultSpec
instanceKlass kotlin/jvm/internal/Intrinsics
instanceKlass kotlin/collections/SetsKt__SetsJVMKt
instanceKlass com/google/common/collect/Hashing
instanceKlass com/google/common/math/IntMath$1
instanceKlass com/google/common/math/MathPreconditions
instanceKlass com/google/common/math/IntMath
instanceKlass org/apache/groovy/json/DefaultFastStringServiceFactory
instanceKlass org/apache/groovy/json/FastStringServiceFactory
instanceKlass org/gradle/internal/reflect/ReflectionCache$CacheEntry
instanceKlass com/google/common/collect/ImmutableCollection$Builder
instanceKlass com/google/common/collect/ImmutableSet$SetBuilderImpl
instanceKlass org/gradle/internal/service/DefaultServiceLocator$ServiceImplementationComparator
instanceKlass org/gradle/kotlin/dsl/provider/KotlinGradleApiSpecProvider
instanceKlass org/gradle/initialization/GradleApiSpecProvider$SpecAdapter
instanceKlass java/util/regex/IntHashSet
instanceKlass java/util/regex/Matcher
instanceKlass java/util/regex/MatchResult
instanceKlass  @bci java/util/regex/Pattern DOT ()Ljava/util/regex/Pattern$CharPredicate; 0 <appendix> argL0 ; # java/util/regex/Pattern$$Lambda+0x0000000091021638
instanceKlass  @bci java/util/regex/Pattern Single (I)Ljava/util/regex/Pattern$BmpCharPredicate; 1 <appendix> member <vmtarget> ; # java/util/regex/Pattern$$Lambda+0x80000002d
instanceKlass org/gradle/initialization/GradleApiSpecProvider
instanceKlass org/gradle/initialization/GradleApiSpecProvider$Spec
instanceKlass org/gradle/initialization/GradleApiSpecAggregator
instanceKlass com/google/common/base/Function
instanceKlass org/gradle/internal/reflect/CachedInvokable
instanceKlass org/gradle/internal/reflect/ReflectionCache
instanceKlass org/gradle/internal/reflect/DirectInstantiator
instanceKlass org/gradle/initialization/DefaultClassLoaderRegistry
instanceKlass org/gradle/internal/installation/GradleRuntimeShadedJarDetector
instanceKlass com/google/common/base/Preconditions
instanceKlass com/google/common/collect/PeekingIterator
instanceKlass com/google/common/collect/Iterators
instanceKlass kotlin/jvm/JvmClassMappingKt
instanceKlass org/gradle/api/plugins/internal/DelegatingConvention
instanceKlass org/gradle/api/plugins/ExtensionContainer
instanceKlass org/gradle/internal/classpath/transforms/CommonTypes
instanceKlass org/objectweb/asm/Type
instanceKlass kotlin/reflect/KClass
instanceKlass kotlin/reflect/KClassifier
instanceKlass kotlin/reflect/KAnnotatedElement
instanceKlass kotlin/reflect/KDeclarationContainer
instanceKlass org/objectweb/asm/ClassVisitor
instanceKlass org/gradle/initialization/ConventionInterfaceGenerator
instanceKlass org/gradle/initialization/DefaultLegacyTypesSupport
instanceKlass org/gradle/api/internal/jvm/JavaVersionParser
instanceKlass com/google/common/collect/ObjectArrays
instanceKlass com/google/common/collect/UnmodifiableIterator
instanceKlass org/gradle/api/internal/DynamicModulesClassPathProvider
instanceKlass org/gradle/api/internal/DefaultClassPathProvider
instanceKlass org/gradle/api/internal/ClassPathProvider
instanceKlass org/gradle/api/internal/DefaultClassPathRegistry
instanceKlass org/gradle/api/internal/classpath/DefaultPluginModuleRegistry
# instanceKlass java/lang/invoke/LambdaForm$MH+0x00000000910a4c00
# instanceKlass java/lang/invoke/LambdaForm$MH+0x00000000910a4800
# instanceKlass java/lang/invoke/LambdaForm$MH+0x00000000910a4400
# instanceKlass java/lang/invoke/LambdaForm$DMH+0x00000000910a4000
instanceKlass org/gradle/internal/classpath/TransformedClassPath
instanceKlass org/gradle/internal/classloader/InstrumentingClassLoader
instanceKlass org/gradle/internal/classloader/ClassLoaderSpec
instanceKlass org/gradle/internal/service/DefaultServiceLocator
instanceKlass org/gradle/internal/classloader/ClassLoaderHierarchy
instanceKlass org/gradle/internal/classloader/DefaultClassLoaderFactory
instanceKlass org/gradle/api/internal/classpath/DefaultModuleRegistry$DefaultModule
instanceKlass org/gradle/api/internal/classpath/Module
instanceKlass org/gradle/internal/classpath/DefaultClassPath$ImmutableUniqueList$Builder
instanceKlass org/gradle/internal/classpath/DefaultClassPath
instanceKlass org/gradle/internal/classpath/ClassPath
instanceKlass org/gradle/internal/IoActions
instanceKlass org/gradle/api/specs/Spec
instanceKlass org/gradle/util/internal/GUtil
instanceKlass  @bci org/gradle/api/internal/classpath/DefaultModuleRegistry findModule (Ljava/lang/String;)Lorg/gradle/api/internal/classpath/Module; 7 <appendix> member <vmtarget> ; # org/gradle/api/internal/classpath/DefaultModuleRegistry$$Lambda+0x000000009109d6e8
instanceKlass org/gradle/api/internal/classpath/Module$ModuleAlias
instanceKlass org/gradle/api/internal/classpath/DefaultModuleRegistry
instanceKlass org/gradle/internal/buildevents/BuildLoggerFactory
instanceKlass org/gradle/execution/DefaultWorkValidationWarningRecorder
instanceKlass org/gradle/execution/WorkValidationWarningReporter
instanceKlass org/gradle/internal/execution/steps/ValidateStep$ValidationWarningRecorder
instanceKlass javax/inject/Inject
instanceKlass org/gradle/initialization/layout/BuildLayoutFactory
instanceKlass org/gradle/internal/scripts/DefaultScriptFileResolverListeners
instanceKlass org/gradle/internal/id/UUIDGenerator
instanceKlass org/gradle/internal/remote/MessagingClient
instanceKlass org/gradle/internal/remote/internal/IncomingConnector
instanceKlass org/gradle/internal/remote/internal/OutgoingConnector
instanceKlass org/gradle/internal/remote/MessagingServer
instanceKlass org/gradle/internal/id/IdGenerator
instanceKlass org/gradle/internal/remote/services/MessagingServices
instanceKlass org/gradle/api/internal/file/DefaultFileLookup
# instanceKlass java/lang/invoke/LambdaForm$MH+0x000000009109c800
# instanceKlass java/lang/invoke/LambdaForm$MH+0x000000009109c400
# instanceKlass java/lang/invoke/LambdaForm$MH+0x000000009109c000
instanceKlass org/gradle/internal/service/scopes/Scope$Settings
instanceKlass org/gradle/internal/service/scopes/Scope$Project
instanceKlass org/gradle/internal/service/scopes/Scope$Build
instanceKlass org/gradle/internal/service/scopes/Scope$BuildTree
instanceKlass org/gradle/internal/service/scopes/Scope$BuildSession
instanceKlass org/gradle/internal/service/scopes/Scope$CrossBuildSession
instanceKlass org/gradle/internal/service/scopes/Scope$UserHome
instanceKlass org/gradle/internal/instantiation/managed/ManagedObjectProvider
instanceKlass org/jspecify/annotations/NullMarked
instanceKlass java/lang/annotation/Documented
instanceKlass org/gradle/internal/service/ServiceScopeValidatorWorkarounds
instanceKlass org/gradle/api/internal/file/FileLookup
instanceKlass org/gradle/internal/remote/internal/inet/InetAddressFactory
instanceKlass org/gradle/api/internal/DocumentationRegistry
instanceKlass org/gradle/cache/GlobalCache
instanceKlass org/gradle/api/internal/file/DefaultFilePropertyFactory
instanceKlass org/gradle/api/internal/provider/PropertyHost
instanceKlass org/gradle/internal/state/ManagedFactoryRegistry
instanceKlass org/gradle/api/internal/file/FileFactory
instanceKlass org/gradle/internal/operations/BuildOperationListener
instanceKlass org/gradle/internal/properties/annotations/AbstractAnnotationHandler
instanceKlass org/gradle/internal/properties/annotations/PropertyAnnotationHandler
instanceKlass org/gradle/internal/properties/annotations/AnnotationHandler
instanceKlass org/gradle/internal/instantiation/InjectAnnotationHandler
instanceKlass org/gradle/model/internal/manage/schema/extract/ModelSchemaAspectExtractionStrategy
instanceKlass org/gradle/model/internal/manage/schema/extract/ModelSchemaExtractionStrategy
instanceKlass sun/reflect/generics/reflectiveObjects/LazyReflectiveObjectGenerator
instanceKlass sun/reflect/generics/tree/TypeVariableSignature
instanceKlass sun/reflect/generics/tree/ClassSignature
instanceKlass sun/reflect/generics/reflectiveObjects/ParameterizedTypeImpl
instanceKlass org/gradle/model/internal/inspect/MethodModelRuleExtractor
instanceKlass sun/reflect/generics/visitor/Reifier
instanceKlass sun/reflect/generics/visitor/TypeTreeVisitor
instanceKlass sun/reflect/generics/tree/MethodTypeSignature
instanceKlass sun/reflect/generics/tree/Signature
instanceKlass sun/reflect/generics/tree/ClassTypeSignature
instanceKlass sun/reflect/generics/tree/SimpleClassTypeSignature
instanceKlass sun/reflect/generics/tree/FieldTypeSignature
instanceKlass sun/reflect/generics/tree/TypeArgument
instanceKlass sun/reflect/generics/tree/BaseType
instanceKlass sun/reflect/generics/tree/TypeSignature
instanceKlass sun/reflect/generics/tree/ReturnType
instanceKlass sun/reflect/generics/tree/FormalTypeParameter
instanceKlass sun/reflect/generics/tree/TypeTree
instanceKlass sun/reflect/generics/tree/Tree
instanceKlass sun/reflect/generics/parser/SignatureParser
instanceKlass java/lang/reflect/TypeVariable
instanceKlass sun/reflect/generics/repository/AbstractRepository
instanceKlass sun/reflect/generics/factory/CoreReflectionFactory
instanceKlass sun/reflect/generics/factory/GenericsFactory
instanceKlass sun/reflect/generics/scope/AbstractScope
instanceKlass sun/reflect/generics/scope/Scope
instanceKlass org/gradle/api/internal/plugins/PluginInspector
instanceKlass org/gradle/internal/instrumentation/agent/AgentInitializer
instanceKlass org/gradle/api/internal/model/NamedObjectInstantiator
instanceKlass org/gradle/internal/state/ManagedFactory
instanceKlass org/gradle/api/internal/tasks/TaskDependencyFactory
instanceKlass org/gradle/api/internal/file/FilePropertyFactory
instanceKlass org/gradle/api/internal/cache/StringInterner
instanceKlass com/google/common/collect/Interner
instanceKlass org/gradle/api/internal/file/FileResolver
instanceKlass org/gradle/internal/file/RelativeFilePathResolver
instanceKlass org/gradle/internal/operations/CurrentBuildOperationRef
instanceKlass org/gradle/internal/service/CachingServiceLocator
instanceKlass org/gradle/model/internal/inspect/ModelRuleSourceDetector
instanceKlass org/gradle/internal/instantiation/InstanceGenerator
instanceKlass org/gradle/model/internal/manage/schema/extract/ModelSchemaAspectExtractor
instanceKlass org/gradle/model/internal/inspect/ModelRuleExtractor
instanceKlass org/gradle/model/internal/manage/instance/ManagedProxyFactory
instanceKlass org/gradle/api/internal/classpath/RuntimeApiInfo
instanceKlass org/gradle/internal/scripts/ScriptFileResolverListeners
instanceKlass org/gradle/internal/service/DefaultServiceRegistry$RegistrationWrapper
instanceKlass java/lang/Class$AnnotationData
instanceKlass org/gradle/internal/collect/SingletonIterator
instanceKlass  @bci org/gradle/internal/service/DefaultServiceRegistry$OwnServices annotationHandlerCreated (Lorg/gradle/internal/service/AnnotatedServiceLifecycleHandler;)V 5 <appendix> member <vmtarget> ; # org/gradle/internal/service/DefaultServiceRegistry$OwnServices$$Lambda+0x0000000091094708
instanceKlass  @bci org/gradle/internal/service/DefaultServiceRegistry$FixedInstanceService instanceRealized (Ljava/lang/Object;)V 13 <appendix> member <vmtarget> ; # org/gradle/internal/service/DefaultServiceRegistry$FixedInstanceService$$Lambda+0x00000000910944d8
instanceKlass org/gradle/internal/service/scopes/ServiceScope
instanceKlass org/gradle/internal/service/ServiceScopeValidator
instanceKlass org/gradle/internal/service/DefaultServiceRegistry$CompositeServiceProvider
instanceKlass org/gradle/internal/service/DefaultServiceRegistry$ParentServices
instanceKlass org/gradle/cache/internal/Synchronizer
instanceKlass org/gradle/cache/internal/CacheSupport
instanceKlass org/gradle/cache/internal/CacheAccessSerializer
instanceKlass org/gradle/launcher/daemon/registry/DaemonRegistry
instanceKlass org/gradle/cache/Cache
instanceKlass org/gradle/launcher/daemon/registry/DaemonRegistryServices
instanceKlass org/gradle/launcher/daemon/server/scaninfo/DaemonScanInfo
instanceKlass org/gradle/launcher/daemon/server/expiry/DaemonExpirationStrategy
instanceKlass org/gradle/launcher/daemon/context/DaemonContext
instanceKlass org/gradle/launcher/daemon/server/DaemonServerConnector
instanceKlass org/gradle/launcher/daemon/server/DaemonServices
instanceKlass org/gradle/launcher/exec/BuildExecutor
instanceKlass org/gradle/launcher/exec/BuildActionExecutor
instanceKlass org/gradle/internal/buildprocess/BuildProcessScopeServices
instanceKlass  @bci org/gradle/internal/service/scopes/GlobalScopeServices <init> (ZLorg/gradle/internal/instrumentation/agent/AgentStatus;Lorg/gradle/internal/installation/CurrentGradleInstallation;)V 12 <appendix> member <vmtarget> ; # org/gradle/internal/service/scopes/GlobalScopeServices$$Lambda+0x0000000091091500
instanceKlass org/gradle/internal/environment/GradleBuildEnvironment
instanceKlass org/gradle/api/internal/classpath/PluginModuleRegistry
instanceKlass org/gradle/process/internal/health/memory/OsMemoryInfo
instanceKlass org/gradle/api/tasks/util/internal/PatternSpecFactory
instanceKlass org/gradle/internal/file/excludes/FileSystemDefaultExcludesListener
instanceKlass org/gradle/api/model/ObjectFactory
instanceKlass org/gradle/internal/reflect/Instantiator
instanceKlass org/gradle/initialization/ClassLoaderRegistry
instanceKlass org/gradle/groovy/scripts/internal/ScriptSourceHasher
instanceKlass org/gradle/api/internal/ClassPathRegistry
instanceKlass org/gradle/process/internal/health/memory/JvmMemoryInfo
instanceKlass org/gradle/process/internal/ExecFactory
instanceKlass org/gradle/api/internal/ProcessOperations
instanceKlass org/gradle/process/internal/JavaForkOptionsFactory
instanceKlass org/gradle/process/internal/JavaExecHandleFactory
instanceKlass org/gradle/process/internal/ExecHandleFactory
instanceKlass org/gradle/process/internal/ExecActionFactory
instanceKlass org/gradle/internal/instantiation/InstantiatorFactory
instanceKlass org/gradle/internal/instantiation/PropertyRoleAnnotationHandler
instanceKlass org/gradle/internal/operations/BuildOperationProgressEventEmitter
instanceKlass org/gradle/cache/internal/InMemoryCacheDecoratorFactory
instanceKlass org/gradle/internal/service/ServiceLocator
instanceKlass org/gradle/cache/CacheCleanupStrategyFactory
instanceKlass org/gradle/api/internal/collections/DomainObjectCollectionFactory
instanceKlass org/gradle/internal/service/scopes/GradleUserHomeScopeServiceRegistry
instanceKlass org/gradle/internal/execution/history/changes/ExecutionStateChangeDetector
instanceKlass org/gradle/internal/execution/history/OverlappingOutputDetector
instanceKlass org/gradle/initialization/JdkToolsInitializer
instanceKlass org/gradle/model/internal/manage/binding/StructBindingsStore
instanceKlass org/gradle/model/internal/manage/schema/ModelSchemaStore
instanceKlass org/gradle/model/internal/manage/schema/extract/ModelSchemaExtractor
instanceKlass org/gradle/configuration/ImportsReader
instanceKlass org/gradle/internal/scripts/ScriptFileResolver
instanceKlass org/gradle/process/internal/health/memory/MemoryManager
instanceKlass org/gradle/internal/operations/BuildOperationRunner
instanceKlass org/gradle/internal/classloader/ClassLoaderFactory
instanceKlass org/gradle/cache/internal/CacheFactory
instanceKlass org/gradle/api/internal/classpath/ModuleRegistry
instanceKlass org/gradle/internal/file/Deleter
instanceKlass org/gradle/internal/hash/StreamHasher
instanceKlass org/gradle/initialization/LegacyTypesSupport
instanceKlass org/gradle/api/internal/provider/PropertyFactory
instanceKlass org/gradle/cache/internal/CrossBuildInMemoryCacheFactory
instanceKlass org/gradle/internal/operations/DefaultBuildOperationRunner$BuildOperationExecutionListener
instanceKlass org/gradle/internal/operations/BuildOperationListenerManager
instanceKlass org/gradle/internal/logging/progress/ProgressLoggerFactory
instanceKlass org/gradle/internal/logging/progress/ProgressListener
instanceKlass org/gradle/cache/internal/ClassCacheFactory
instanceKlass org/gradle/internal/operations/BuildOperationIdFactory
instanceKlass org/gradle/process/internal/ClientExecHandleBuilderFactory
instanceKlass org/gradle/internal/file/PathToFileResolver
instanceKlass org/gradle/cache/FileLockManager
instanceKlass org/gradle/cache/internal/ProcessMetaDataProvider
instanceKlass org/gradle/internal/concurrent/ExecutorFactory
instanceKlass org/gradle/internal/event/ScopedListenerManager
instanceKlass org/gradle/internal/event/ListenerManager
instanceKlass org/gradle/api/tasks/util/internal/PatternSetFactory
instanceKlass org/gradle/api/internal/file/FileCollectionFactory
instanceKlass org/gradle/internal/instantiation/managed/ManagedObjectRegistry
instanceKlass org/gradle/api/internal/file/collections/DirectoryFileTreeFactory
instanceKlass org/gradle/initialization/BuildCancellationToken
instanceKlass org/gradle/cache/internal/locklistener/FileLockContentionHandler
instanceKlass org/gradle/cache/internal/locklistener/InetAddressProvider
instanceKlass org/gradle/internal/service/scopes/BasicGlobalScopeServices
instanceKlass org/gradle/internal/service/scopes/Scope$Global
instanceKlass org/gradle/internal/service/scopes/Scope
instanceKlass org/gradle/internal/installation/GradleInstallation$1
instanceKlass org/gradle/internal/installation/GradleInstallation
instanceKlass org/gradle/internal/classloader/ClasspathUtil
instanceKlass org/gradle/internal/installation/CurrentGradleInstallationLocator
instanceKlass org/gradle/internal/installation/CurrentGradleInstallation
instanceKlass  @bci org/gradle/internal/instrumentation/agent/DefaultAgentStatus <clinit> ()V 3 <appendix> argL0 ; # org/gradle/internal/instrumentation/agent/DefaultAgentStatus$$Lambda+0x0000000091087ad0
instanceKlass java/lang/invoke/TypeConvertingMethodAdapter$BoxHolder
instanceKlass java/lang/invoke/TypeConvertingMethodAdapter$1
instanceKlass  @cpi org/gradle/internal/instrumentation/agent/DefaultAgentStatus 60 form vmentry <vmtarget> ; # java/lang/invoke/LambdaForm$DMH+0x0000000091085400
# instanceKlass java/lang/invoke/LambdaForm$DMH+0x0000000091085000
instanceKlass org/gradle/internal/instrumentation/agent/AgentControl
instanceKlass  @bci org/gradle/internal/lazy/Lazy locking ()Lorg/gradle/internal/lazy/Lazy$Factory; 0 <appendix> argL0 ; # org/gradle/internal/lazy/Lazy$$Lambda+0x0000000091087698
instanceKlass org/gradle/internal/lazy/LockingLazy
instanceKlass org/gradle/internal/lazy/Lazy$Factory
instanceKlass org/gradle/internal/lazy/Lazy
instanceKlass org/gradle/internal/instrumentation/agent/DefaultAgentStatus
instanceKlass org/gradle/internal/instrumentation/agent/AgentStatus
instanceKlass org/gradle/internal/buildprocess/BuildProcessState
instanceKlass org/gradle/launcher/daemon/server/DaemonProcessState
instanceKlass org/gradle/internal/logging/services/DefaultLoggingManager$StartableLoggingSystem
instanceKlass org/gradle/internal/logging/services/DefaultLoggingManager$StartableLoggingRouter
instanceKlass org/gradle/internal/logging/services/DefaultLoggingManager
instanceKlass java/util/logging/Logger$SystemLoggerHelper
instanceKlass jdk/internal/logger/BootstrapLogger$BootstrapExecutors
instanceKlass jdk/internal/logger/BootstrapLogger$RedirectedLoggers
instanceKlass java/util/concurrent/CopyOnWriteArrayList$COWIterator
instanceKlass java/util/Spliterators$ArraySpliterator
instanceKlass jdk/internal/logger/BootstrapLogger$DetectBackend
instanceKlass jdk/internal/logger/BootstrapLogger
instanceKlass sun/util/logging/PlatformLogger$ConfigurableBridge
instanceKlass sun/util/logging/PlatformLogger$Bridge
instanceKlass java/lang/System$Logger
instanceKlass  @bci java/util/stream/MatchOps makeRef (Ljava/util/function/Predicate;Ljava/util/stream/MatchOps$MatchKind;)Ljava/util/stream/TerminalOp; 20 <appendix> member <vmtarget> ; # java/util/stream/MatchOps$$Lambda+0x800000004
instanceKlass java/util/stream/MatchOps$BooleanTerminalSink
instanceKlass java/util/stream/MatchOps$MatchOp
instanceKlass java/util/stream/MatchOps
instanceKlass java/util/stream/Streams
instanceKlass java/util/stream/Stream$Builder
instanceKlass java/util/stream/Streams$AbstractStreamBuilderImpl
instanceKlass java/util/stream/ReferencePipeline$7$1FlatMap
instanceKlass  @bci java/util/logging/Level$KnownLevel findByName (Ljava/lang/String;Ljava/util/function/Function;)Ljava/util/Optional; 29 <appendix> argL0 ; # java/util/logging/Level$KnownLevel$$Lambda+0x800000026
instanceKlass java/util/ArrayList$ArrayListSpliterator
instanceKlass  @bci java/util/logging/Level findLevel (Ljava/lang/String;)Ljava/util/logging/Level; 13 <appendix> argL0 ; # java/util/logging/Level$$Lambda+0x800000023
instanceKlass java/util/Hashtable$Enumerator
instanceKlass java/util/concurrent/ConcurrentHashMap$MapEntry
instanceKlass java/util/Collections$SynchronizedCollection
instanceKlass java/util/Properties$EntrySet
instanceKlass java/util/Collections$3
instanceKlass java/util/logging/LogManager$VisitedLoggers
instanceKlass  @bci java/beans/Introspector findCustomizerClass (Ljava/lang/Class;)Ljava/lang/Class; 4 <appendix> form vmentry <vmtarget> ; # java/lang/invoke/LambdaForm$MH+0x0000000091084c00
instanceKlass java/lang/invoke/StringConcatFactory
instanceKlass java/nio/file/FileSystems$DefaultFileSystemHolder
instanceKlass java/nio/file/FileSystems
instanceKlass java/nio/file/Paths
instanceKlass java/lang/System$LoggerFinder
instanceKlass java/util/logging/LogManager$LoggingProviderAccess
instanceKlass sun/util/logging/internal/LoggingProviderImpl$LogManagerAccess
instanceKlass java/lang/Shutdown$Lock
instanceKlass java/lang/Shutdown
instanceKlass java/lang/ApplicationShutdownHooks$1
instanceKlass java/lang/ApplicationShutdownHooks
instanceKlass java/util/Collections$SynchronizedMap
instanceKlass java/util/logging/LogManager$LogNode
instanceKlass java/util/logging/LogManager$LoggerContext
instanceKlass java/util/logging/LogManager
instanceKlass java/util/logging/Logger$ConfigurationData
instanceKlass java/util/logging/Logger$LoggerBundle
instanceKlass java/util/logging/Handler
instanceKlass java/util/logging/Logger
instanceKlass  @bci java/util/logging/Level$KnownLevel add (Ljava/util/logging/Level;)V 49 <appendix> argL0 ; # java/util/logging/Level$KnownLevel$$Lambda+0x800000025
instanceKlass  @bci java/util/logging/Level$KnownLevel add (Ljava/util/logging/Level;)V 19 <appendix> argL0 ; # java/util/logging/Level$KnownLevel$$Lambda+0x800000024
instanceKlass java/util/logging/Level
instanceKlass org/gradle/internal/logging/source/JavaUtilLoggingSystem
instanceKlass org/gradle/internal/logging/slf4j/Slf4jLoggingConfigurer
instanceKlass org/gradle/internal/logging/config/LoggingSystemAdapter
instanceKlass org/gradle/internal/logging/LoggingManagerInternal
instanceKlass org/gradle/internal/logging/StandardOutputCapture
instanceKlass org/gradle/api/logging/LoggingManager
instanceKlass org/gradle/internal/logging/services/DefaultLoggingManagerFactory
instanceKlass org/gradle/internal/logging/source/StdErrLoggingSystem
instanceKlass org/gradle/internal/logging/source/PrintStreamLoggingSystem$SnapshotImpl
instanceKlass org/gradle/internal/logging/source/PrintStreamLoggingSystem$OutputEventDestination
instanceKlass org/gradle/internal/logging/source/PrintStreamLoggingSystem$1
instanceKlass org/gradle/internal/logging/events/operations/StyledTextBuildOperationProgressDetails
instanceKlass org/gradle/internal/operations/logging/StyledTextBuildOperationProgressDetails
instanceKlass org/gradle/internal/io/TextStream
instanceKlass org/gradle/internal/logging/source/PrintStreamLoggingSystem
instanceKlass org/gradle/internal/logging/source/StdOutLoggingSystem
# instanceKlass java/lang/invoke/LambdaForm$MH+0x0000000091084800
# instanceKlass java/lang/invoke/LambdaForm$MH+0x0000000091084400
instanceKlass org/gradle/internal/service/AnnotatedServiceLifecycleHandler
instanceKlass  @bci org/gradle/internal/service/DefaultServiceRegistry$ManagedObjectServiceProvider instanceRealized (Ljava/lang/Object;)V 12 <appendix> member <vmtarget> ; # org/gradle/internal/service/DefaultServiceRegistry$ManagedObjectServiceProvider$$Lambda+0x0000000091080210
instanceKlass  @cpi org/gradle/initialization/properties/DefaultGradleProperties 122 form vmentry <vmtarget> ; # java/lang/invoke/LambdaForm$DMH+0x0000000091084000
instanceKlass org/gradle/internal/collect/ChampLookup
instanceKlass  @bci org/gradle/internal/collect/PersistentMapTrie getOrDefault (Ljava/lang/Object;Ljava/lang/Object;)Ljava/lang/Object; 7 <appendix> argL0 ; # org/gradle/internal/collect/PersistentMapTrie$$Lambda+0x000000009107ec40
instanceKlass org/gradle/internal/collect/ChampLookup$LookupResult
instanceKlass java/lang/reflect/ParameterizedType
instanceKlass org/gradle/internal/logging/services/TextStreamOutputEventListener
instanceKlass org/gradle/internal/logging/sink/OutputEventListenerManager$1
instanceKlass org/gradle/internal/logging/sink/OutputEventListenerManager
instanceKlass org/gradle/internal/logging/services/LoggingServiceRegistry$1
instanceKlass org/gradle/internal/logging/LoggingManagerFactory
instanceKlass org/gradle/internal/logging/config/LoggingConfigurer
instanceKlass org/gradle/internal/logging/config/LoggingSourceSystem
instanceKlass org/gradle/internal/logging/services/LoggingServiceRegistry
instanceKlass org/gradle/api/internal/file/temp/DefaultTemporaryFileProvider
instanceKlass java/lang/Class$EnclosingMethodInfo
instanceKlass  @cpi org/gradle/internal/watch/registry/impl/AbstractFileWatcherUpdater 407 form vmentry <vmtarget> ; # java/lang/invoke/LambdaForm$DMH+0x000000009107e400
instanceKlass net/rubygrapefruit/platform/memory/Memory
instanceKlass net/rubygrapefruit/platform/file/FileSystems
instanceKlass net/rubygrapefruit/platform/WindowsRegistry
instanceKlass net/rubygrapefruit/platform/SystemInfo
instanceKlass org/gradle/internal/jvm/Jvm
instanceKlass org/gradle/internal/jvm/JavaInfo
instanceKlass org/gradle/internal/file/StatStatistics
instanceKlass org/gradle/internal/file/StatStatistics$Collector
instanceKlass org/gradle/internal/nativeintegration/filesystem/services/GenericFileSystem
instanceKlass org/gradle/internal/service/InjectUtil
# instanceKlass java/lang/invoke/LambdaForm$MH+0x000000009107e000
# instanceKlass java/lang/invoke/LambdaForm$MH+0x000000009107dc00
# instanceKlass java/lang/invoke/LambdaForm$MH+0x000000009107d800
# instanceKlass java/lang/invoke/LambdaForm$MH+0x000000009107d400
# instanceKlass java/lang/invoke/LambdaForm$DMH+0x000000009107d000
# instanceKlass java/lang/invoke/LambdaForm$DMH+0x000000009107cc00
instanceKlass  @cpi org/gradle/cache/internal/DefaultInMemoryCacheDecoratorFactory 222 form vmentry <vmtarget> ; # java/lang/invoke/LambdaForm$DMH+0x000000009107c800
instanceKlass java/lang/ClassValue$RemovalToken
instanceKlass java/lang/invoke/MethodHandleImpl$ArrayAccessor
instanceKlass java/lang/invoke/MethodHandleImpl$CasesHolder
instanceKlass java/lang/invoke/MethodHandleImpl$LoopClauses
# instanceKlass java/lang/invoke/LambdaForm$MH+0x000000009107c400
# instanceKlass java/lang/invoke/LambdaForm$MH+0x000000009107c000
instanceKlass org/gradle/internal/service/DefaultServiceRegistry$1
instanceKlass org/gradle/internal/collect/PersistentArraySmall
instanceKlass org/gradle/internal/collect/PersistentMapTrie$1
instanceKlass org/gradle/internal/collect/ArrayCopy
instanceKlass java/lang/invoke/VarHandle$AccessDescriptor
instanceKlass org/gradle/internal/collect/ChampNode
instanceKlass org/gradle/internal/collect/Modification
instanceKlass org/gradle/internal/collect/PersistentMapTrie
instanceKlass  @bci org/gradle/internal/service/DefaultServiceRegistry$ServicesSnapshot collectProvidersForClassHierarchyOf (Lorg/gradle/internal/service/DefaultServiceRegistry$SingletonService;Lorg/gradle/internal/service/DefaultServiceRegistry$ClassInspector;Lorg/gradle/internal/collect/PersistentMap;)Lorg/gradle/internal/collect/PersistentMap; 128 <appendix> member <vmtarget> ; # org/gradle/internal/service/DefaultServiceRegistry$ServicesSnapshot$$Lambda+0x00000000910788e0
instanceKlass org/gradle/internal/service/DefaultServiceRegistry$ClassInspector$ClassDetails
instanceKlass  @bci org/gradle/internal/service/DefaultServiceRegistry$OwnServices add (Lorg/gradle/internal/service/DefaultServiceRegistry$SingletonService;)V 22 <appendix> member <vmtarget> ; # org/gradle/internal/service/DefaultServiceRegistry$OwnServices$$Lambda+0x0000000091078458
instanceKlass java/util/function/UnaryOperator
instanceKlass org/gradle/util/internal/CollectionUtils
instanceKlass  @bci org/gradle/internal/service/DefaultServiceRegistry$SingletonService <init> (Lorg/gradle/internal/service/DefaultServiceRegistry;Lorg/gradle/internal/service/ServiceAccessScope;Ljava/util/List;)V 43 <appendix> argL0 ; # org/gradle/internal/service/DefaultServiceRegistry$SingletonService$$Lambda+0x0000000091078000
instanceKlass java/util/concurrent/ConcurrentLinkedQueue$Node
instanceKlass org/gradle/internal/service/PrivateService
instanceKlass org/gradle/internal/reflect/JavaMethod
instanceKlass org/gradle/util/internal/ArrayUtils
instanceKlass com/google/errorprone/annotations/Keep
instanceKlass java/lang/annotation/Target
instanceKlass sun/reflect/annotation/AnnotationInvocationHandler
instanceKlass java/lang/annotation/Inherited
instanceKlass java/lang/annotation/Retention
instanceKlass sun/reflect/annotation/ExceptionProxy
instanceKlass  @bci sun/reflect/annotation/AnnotationParser parseClassArray (ILjava/nio/ByteBuffer;Ljdk/internal/reflect/ConstantPool;Ljava/lang/Class;)Ljava/lang/Object; 10 <appendix> member <vmtarget> ; # sun/reflect/annotation/AnnotationParser$$Lambda+0x0000000091016360
instanceKlass sun/reflect/annotation/AnnotationType
instanceKlass sun/invoke/util/BytecodeDescriptor
instanceKlass org/gradle/internal/service/Provides
instanceKlass org/gradle/internal/service/AbstractServiceMethod
instanceKlass org/gradle/internal/nativeintegration/filesystem/services/GenericFileSystem$Factory
instanceKlass org/gradle/api/internal/file/temp/TemporaryFileProvider
instanceKlass org/gradle/internal/service/RelevantMethods$RelevantMethodsBuilder
instanceKlass org/gradle/internal/Cast
instanceKlass org/gradle/internal/service/ServiceMethod
instanceKlass org/gradle/internal/service/MethodHandleBasedServiceMethodFactory
instanceKlass org/gradle/internal/service/DefaultServiceMethodFactory
instanceKlass org/gradle/internal/service/ServiceMethodFactory
instanceKlass org/gradle/internal/service/RelevantMethods
instanceKlass org/gradle/internal/service/DefaultServiceAccessToken
instanceKlass org/gradle/internal/service/TypeStringFormatter
instanceKlass org/gradle/internal/service/DefaultServiceRegistry$ClassInspector
instanceKlass org/gradle/internal/collect/PersistentArray0
instanceKlass org/gradle/internal/collect/PersistentList
instanceKlass org/gradle/internal/service/DefaultServiceRegistry$ServicesSnapshot
instanceKlass org/gradle/internal/collect/PersistentMap1
instanceKlass org/gradle/internal/collect/Preconditions
instanceKlass org/gradle/internal/collect/PersistentMap
instanceKlass org/gradle/internal/collect/PersistentArray1
instanceKlass org/gradle/internal/collect/PersistentArray
instanceKlass org/gradle/internal/service/ServiceAccess$1
instanceKlass org/gradle/internal/service/ServiceAccessToken
instanceKlass org/gradle/internal/service/ServiceAccessScope
instanceKlass org/gradle/internal/service/ServiceAccess
instanceKlass org/gradle/internal/service/DefaultServiceRegistry$ThisAsService
instanceKlass org/gradle/internal/concurrent/CompositeStoppable
instanceKlass org/gradle/internal/service/AnnotatedServiceLifecycleHandler$Registration
instanceKlass org/gradle/internal/service/DefaultServiceRegistry$OwnServices
instanceKlass org/gradle/internal/service/ServiceRegistration
instanceKlass org/gradle/internal/service/ServiceProvider$Visitor
instanceKlass org/gradle/internal/service/DefaultServiceRegistry$ManagedObjectServiceProvider
instanceKlass org/gradle/internal/service/Service
instanceKlass org/gradle/internal/service/ServiceProvider
instanceKlass org/gradle/internal/concurrent/Stoppable
instanceKlass org/gradle/internal/nativeintegration/jansi/JansiStorage
instanceKlass org/fusesource/jansi/Ansi
instanceKlass org/fusesource/jansi/internal/OSInfo
instanceKlass org/gradle/internal/nativeintegration/jansi/JansiLibrary
instanceKlass org/gradle/internal/nativeintegration/services/NativeServices$FileEventFunctionsProvider
instanceKlass org/gradle/internal/nativeintegration/services/NativeServices$NativeFeatures$1$1
instanceKlass org/gradle/fileevents/internal/AbstractFileEventFunctions
instanceKlass  @bci org/gradle/fileevents/internal/NativeLogger$LogLevel <clinit> ()V 119 <appendix> member <vmtarget> ; # org/gradle/fileevents/internal/NativeLogger$LogLevel$$Lambda+0x000000009106d808
instanceKlass  @bci org/gradle/fileevents/internal/NativeLogger$LogLevel <clinit> ()V 93 <appendix> member <vmtarget> ; # org/gradle/fileevents/internal/NativeLogger$LogLevel$$Lambda+0x000000009106d5c8
instanceKlass  @bci org/gradle/fileevents/internal/NativeLogger$LogLevel <clinit> ()V 67 <appendix> member <vmtarget> ; # org/gradle/fileevents/internal/NativeLogger$LogLevel$$Lambda+0x000000009106d388
instanceKlass  @bci org/gradle/fileevents/internal/NativeLogger$LogLevel <clinit> ()V 41 <appendix> member <vmtarget> ; # org/gradle/fileevents/internal/NativeLogger$LogLevel$$Lambda+0x000000009106d148
instanceKlass  @bci org/gradle/fileevents/internal/NativeLogger$LogLevel <clinit> ()V 15 <appendix> member <vmtarget> ; # org/gradle/fileevents/internal/NativeLogger$LogLevel$$Lambda+0x000000009106cf08
instanceKlass  @cpi org/gradle/api/internal/changedetection/state/PropertiesFileAwareClasspathResourceHasher 467 form vmentry <vmtarget> ; # java/lang/invoke/LambdaForm$DMH+0x0000000091070000
instanceKlass org/gradle/fileevents/internal/NativeLogger
instanceKlass org/gradle/fileevents/FileEvents
instanceKlass org/gradle/internal/os/OperatingSystem
instanceKlass org/gradle/internal/nativeintegration/services/NativeServices$1
instanceKlass org/gradle/internal/nativeintegration/filesystem/FileSystem
instanceKlass org/gradle/internal/file/FileSystem
instanceKlass org/gradle/internal/file/Stat
instanceKlass org/gradle/internal/file/Chmod
instanceKlass org/gradle/internal/file/FileModeMutator
instanceKlass org/gradle/internal/file/FileModeAccessor
instanceKlass org/gradle/internal/nativeintegration/filesystem/Symlink
instanceKlass org/gradle/internal/file/FileCanonicalizer
instanceKlass org/gradle/internal/nativeintegration/filesystem/services/FileSystemServices
instanceKlass org/gradle/internal/service/DefaultServiceRegistry
instanceKlass org/gradle/internal/service/ContainsServices
instanceKlass org/gradle/internal/service/CloseableServiceRegistry
instanceKlass net/rubygrapefruit/platform/internal/jni/NativeLibraryFunctions
instanceKlass jdk/internal/loader/NativeLibraries$Unloader
instanceKlass java/io/RandomAccessFile$1
instanceKlass sun/nio/ch/FileKey
instanceKlass sun/nio/ch/FileLockTable
instanceKlass sun/nio/ch/NativeThread
instanceKlass java/nio/channels/FileLock
instanceKlass sun/nio/ch/NativeThreadSet
instanceKlass java/nio/channels/spi/AbstractInterruptibleChannel$1
instanceKlass sun/nio/ch/Interruptible
instanceKlass sun/nio/ch/IOUtil
instanceKlass sun/nio/ch/NativeDispatcher
instanceKlass java/nio/file/attribute/FileAttribute
instanceKlass java/nio/channels/ScatteringByteChannel
instanceKlass java/nio/channels/GatheringByteChannel
instanceKlass java/nio/channels/SeekableByteChannel
instanceKlass java/nio/channels/ByteChannel
instanceKlass java/nio/channels/WritableByteChannel
instanceKlass java/nio/channels/ReadableByteChannel
instanceKlass java/nio/channels/spi/AbstractInterruptibleChannel
instanceKlass java/nio/channels/InterruptibleChannel
instanceKlass java/nio/channels/Channel
instanceKlass java/util/Formatter$Flags
instanceKlass java/util/Formattable
instanceKlass java/util/Formatter$FormatSpecifier
instanceKlass java/util/Formatter$Conversion
instanceKlass java/util/Formatter$FormatString
instanceKlass java/util/Formatter
instanceKlass net/rubygrapefruit/platform/internal/LibraryDef
instanceKlass net/rubygrapefruit/platform/internal/NativeLibraryLocator
instanceKlass net/rubygrapefruit/platform/internal/NativeLibraryLoader
instanceKlass net/rubygrapefruit/platform/Process
instanceKlass net/rubygrapefruit/platform/internal/Platform
instanceKlass net/rubygrapefruit/platform/Native
instanceKlass java/util/TreeMap$Entry
instanceKlass java/lang/ProcessEnvironment$CheckedEntry
instanceKlass java/lang/ProcessEnvironment$CheckedEntrySet$1
instanceKlass java/util/NavigableMap
instanceKlass java/util/SortedMap
instanceKlass java/lang/ProcessEnvironment$EntryComparator
instanceKlass java/lang/ProcessEnvironment$NameComparator
instanceKlass org/gradle/internal/service/ServiceRegistryBuilder
instanceKlass org/gradle/internal/nativeintegration/jansi/JansiLibraryFactory
instanceKlass org/gradle/internal/nativeintegration/jansi/JansiStorageLocator
instanceKlass org/gradle/internal/nativeintegration/jansi/JansiBootPathConfigurer
instanceKlass org/gradle/internal/nativeintegration/network/HostnameLookup
instanceKlass org/gradle/internal/nativeintegration/ProcessEnvironment
instanceKlass org/gradle/internal/nativeintegration/console/ConsoleDetector
instanceKlass org/gradle/internal/nativeintegration/NativeCapabilities
instanceKlass org/gradle/internal/file/FileMetadataAccessor
instanceKlass net/rubygrapefruit/platform/ProcessLauncher
instanceKlass net/rubygrapefruit/platform/NativeIntegration
instanceKlass org/gradle/initialization/GradleUserHomeDirProvider
instanceKlass org/gradle/internal/service/ServiceRegistry
instanceKlass org/gradle/internal/service/ServiceLookup
instanceKlass org/gradle/internal/nativeintegration/services/NativeServices
instanceKlass org/gradle/internal/service/ServiceRegistrationProvider
instanceKlass org/gradle/launcher/daemon/configuration/DefaultDaemonServerConfiguration
instanceKlass jdk/internal/misc/Blocker
instanceKlass org/gradle/internal/serialize/AbstractDecoder
instanceKlass org/gradle/internal/serialize/Decoder
instanceKlass org/gradle/launcher/bootstrap/EntryPoint$RecordingExecutionListener
# instanceKlass java/lang/invoke/LambdaForm$MH+0x000000009105d000
# instanceKlass java/lang/invoke/LambdaForm$MH+0x000000009105cc00
# instanceKlass java/lang/invoke/LambdaForm$MH+0x000000009105c800
instanceKlass org/gradle/internal/logging/events/operations/LogEventBuildOperationProgressDetails
instanceKlass org/gradle/internal/operations/logging/LogEventBuildOperationProgressDetails
instanceKlass org/gradle/internal/logging/slf4j/BuildOperationAwareLogger
instanceKlass org/slf4j/helpers/BasicMarker
instanceKlass org/slf4j/helpers/Reporter
instanceKlass org/gradle/internal/logging/sink/OutputEventRenderer$2
instanceKlass org/gradle/internal/dispatch/ReflectionDispatch
instanceKlass org/gradle/internal/logging/sink/OutputEventRenderer$1
instanceKlass org/gradle/internal/logging/sink/OutputEventRenderer$LazyListener
# instanceKlass java/lang/invoke/LambdaForm$MH+0x000000009105c400
instanceKlass java/util/TimSort
instanceKlass java/util/Arrays$LegacyMergeSort
instanceKlass jdk/internal/classfile/impl/StackMapDecoder$1
instanceKlass jdk/internal/classfile/impl/StackMapDecoder
instanceKlass jdk/internal/classfile/impl/StackCounter
instanceKlass  @bci java/lang/reflect/ProxyGenerator lambda$generateLookupAccessor$0 (Ljava/lang/classfile/MethodBuilder;)V 30 <appendix> member <vmtarget> ; # java/lang/reflect/ProxyGenerator$$Lambda+0x0000000091012520
instanceKlass  @bci java/lang/reflect/ProxyGenerator generateLookupAccessor (Ljava/lang/classfile/ClassBuilder;)V 10 <appendix> member <vmtarget> ; # java/lang/reflect/ProxyGenerator$$Lambda+0x00000000910122e0
instanceKlass java/lang/classfile/constantpool/StringEntry
instanceKlass java/lang/classfile/constantpool/ConstantValueEntry
instanceKlass  @bci java/lang/reflect/ProxyGenerator generateStaticInitializer (Ljava/lang/classfile/ClassBuilder;)V 10 <appendix> member <vmtarget> ; # java/lang/reflect/ProxyGenerator$$Lambda+0x0000000091011938
instanceKlass jdk/internal/classfile/impl/BytecodeHelpers$1
instanceKlass java/lang/classfile/attribute/StackMapTableAttribute
instanceKlass java/lang/classfile/attribute/StackMapFrameInfo
instanceKlass java/lang/classfile/instruction/ExceptionCatch
instanceKlass  @bci java/lang/reflect/ProxyGenerator$ProxyMethod lambda$generateMethod$0 (Ljava/lang/classfile/MethodBuilder;)V 30 <appendix> member <vmtarget> ; # java/lang/reflect/ProxyGenerator$ProxyMethod$$Lambda+0x0000000091010bc8
instanceKlass java/lang/classfile/attribute/ExceptionsAttribute
instanceKlass  @bci java/lang/reflect/ProxyGenerator$ProxyMethod generateMethod (Ljava/lang/classfile/ClassBuilder;)V 42 <appendix> member <vmtarget> ; # java/lang/reflect/ProxyGenerator$ProxyMethod$$Lambda+0x0000000091010260
instanceKlass  @bci java/lang/reflect/ProxyGenerator generateConstructor (Ljava/lang/classfile/ClassBuilder;)V 8 <appendix> member <vmtarget> ; # java/lang/reflect/ProxyGenerator$$Lambda+0x0000000091010020
instanceKlass  @bci java/lang/reflect/ProxyGenerator generateClassFile ()[B 197 <appendix> member <vmtarget> ; # java/lang/reflect/ProxyGenerator$$Lambda+0x000000009100fde0
instanceKlass  @cpi org/codehaus/groovy/runtime/metaclass/MetaClassRegistryImpl 694 form vmentry <vmtarget> ; # java/lang/invoke/LambdaForm$DMH+0x000000009105c000
instanceKlass  @bci java/lang/reflect/ProxyGenerator proxyMethodsFor (Ljava/lang/String;)Ljava/util/List; 5 <appendix> argL0 ; # java/lang/reflect/ProxyGenerator$$Lambda+0x000000009100fb98
instanceKlass java/lang/reflect/ProxyGenerator$ProxyMethod
instanceKlass java/lang/classfile/constantpool/InterfaceMethodRefEntry
instanceKlass java/lang/classfile/attribute/StackMapFrameInfo$ObjectVerificationTypeInfo
instanceKlass java/lang/classfile/attribute/StackMapFrameInfo$VerificationTypeInfo
instanceKlass java/util/StringJoiner
instanceKlass java/lang/classfile/ClassFile$Option
instanceKlass java/lang/reflect/ProxyGenerator
instanceKlass  @bci java/lang/WeakPairMap computeIfAbsent (Ljava/lang/Object;Ljava/lang/Object;Ljava/util/function/BiFunction;)Ljava/lang/Object; 18 <appendix> member <vmtarget> ; # java/lang/WeakPairMap$$Lambda+0x000000009100ec98
instanceKlass  @bci java/lang/Module implAddExportsOrOpens (Ljava/lang/String;Ljava/lang/Module;ZZZ)V 150 <appendix> argL0 ; # java/lang/Module$$Lambda+0x000000009100ea60
instanceKlass  @bci java/lang/module/ModuleDescriptor$Builder packages (Ljava/util/Set;)Ljava/lang/module/ModuleDescriptor$Builder; 17 <appendix> argL0 ; # java/lang/module/ModuleDescriptor$Builder$$Lambda+0x80000000e
instanceKlass jdk/internal/module/Checks
instanceKlass java/lang/module/ModuleDescriptor$Builder
instanceKlass  @bci java/lang/reflect/Proxy$ProxyBuilder getDynamicModule (Ljava/lang/ClassLoader;)Ljava/lang/Module; 4 <appendix> argL0 ; # java/lang/reflect/Proxy$ProxyBuilder$$Lambda+0x000000009100e0d0
instanceKlass java/lang/PublicMethods
instanceKlass java/lang/reflect/Proxy$ProxyBuilder
instanceKlass  @bci java/lang/reflect/Proxy getProxyConstructor (Ljava/lang/ClassLoader;[Ljava/lang/Class;)Ljava/lang/reflect/Constructor; 18 <appendix> argL0 ; # java/lang/reflect/Proxy$$Lambda+0x000000009100cdd0
instanceKlass java/lang/ClassValue$Identity
instanceKlass java/lang/ClassValue$Entry
instanceKlass java/lang/ClassValue
instanceKlass java/lang/reflect/Proxy
instanceKlass org/gradle/internal/dispatch/ProxyDispatchAdapter$DispatchingInvocationHandler
instanceKlass java/lang/reflect/InvocationHandler
instanceKlass org/gradle/internal/dispatch/ProxyDispatchAdapter
instanceKlass org/gradle/internal/logging/events/operations/ProgressStartBuildOperationProgressDetails
instanceKlass org/gradle/internal/operations/logging/ProgressStartBuildOperationProgressDetails
instanceKlass org/gradle/internal/logging/sink/OutputEventTransformer
instanceKlass org/gradle/internal/exceptions/NonGradleCauseExceptionsHolder
instanceKlass org/gradle/internal/exceptions/MultiCauseException
instanceKlass org/gradle/internal/exceptions/ResolutionProvider
instanceKlass org/gradle/internal/event/AbstractBroadcastDispatch
instanceKlass org/gradle/internal/event/ListenerBroadcast
instanceKlass org/gradle/internal/dispatch/Dispatch
instanceKlass org/gradle/internal/logging/format/LogHeaderFormatter
instanceKlass org/gradle/internal/Factory
instanceKlass org/gradle/internal/nativeintegration/console/ConsoleMetaData
instanceKlass org/gradle/api/logging/StandardOutputListener
instanceKlass org/gradle/internal/logging/console/ColorMap
instanceKlass org/gradle/internal/logging/text/StyledTextOutput
instanceKlass org/gradle/internal/logging/config/LoggingSystem$Snapshot
instanceKlass org/gradle/internal/logging/events/InteractiveEvent
instanceKlass org/gradle/internal/logging/events/OutputEvent
instanceKlass org/gradle/internal/logging/sink/OutputEventRenderer
instanceKlass org/gradle/internal/logging/config/LoggingRouter
instanceKlass org/gradle/internal/logging/LoggingOutputInternal
instanceKlass org/gradle/api/logging/LoggingOutput
instanceKlass org/gradle/internal/logging/config/LoggingSystem
instanceKlass org/gradle/internal/logging/console/UserInputReceiver$Normalizer
instanceKlass org/gradle/internal/logging/console/DefaultUserInputReceiver
instanceKlass org/slf4j/spi/LoggingEventBuilder
instanceKlass org/gradle/internal/logging/slf4j/OutputEventListenerBackedLoggerContext$NoOpLogger
instanceKlass org/gradle/api/logging/Logger
instanceKlass java/lang/invoke/VarForm
instanceKlass java/lang/invoke/VarHandleGuards
instanceKlass java/lang/invoke/VarHandles
instanceKlass jdk/internal/invoke/MhUtil
instanceKlass java/util/concurrent/atomic/AtomicReference
instanceKlass org/gradle/internal/time/TimeSource$1
instanceKlass org/gradle/internal/time/TimeSource
instanceKlass org/gradle/internal/time/MonotonicClock
instanceKlass org/gradle/internal/time/CountdownTimer
instanceKlass org/gradle/internal/time/Timer
instanceKlass org/gradle/internal/time/Clock
instanceKlass org/gradle/internal/time/Time
instanceKlass org/gradle/internal/logging/events/OutputEventListener
instanceKlass org/gradle/internal/logging/console/GlobalUserInputReceiver
instanceKlass org/gradle/internal/logging/slf4j/OutputEventListenerBackedLoggerContext
instanceKlass org/slf4j/MDC
instanceKlass java/util/ServiceLoader$ProviderImpl
instanceKlass java/util/ServiceLoader$Provider
instanceKlass org/gradle/internal/logging/slf4j/StaticLoggerProvider
instanceKlass java/util/LinkedHashMap$LinkedHashIterator
instanceKlass java/nio/charset/CoderResult
instanceKlass  @cpi org/codehaus/groovy/vmplugin/VMPluginFactory 214 form vmentry <vmtarget> ; # java/lang/invoke/LambdaForm$DMH+0x0000000091052000
instanceKlass sun/net/www/MessageHeader
instanceKlass sun/net/www/protocol/jar/JarFileFactory
instanceKlass sun/net/www/protocol/jar/URLJarFile$URLJarFileCloseController
instanceKlass java/net/URLConnection
instanceKlass java/net/URLClassLoader$1
instanceKlass jdk/internal/loader/URLClassPath$1
instanceKlass java/lang/CompoundEnumeration
instanceKlass jdk/internal/loader/BuiltinClassLoader$1
instanceKlass java/util/Collections$EmptyEnumeration
instanceKlass java/util/ServiceLoader$2
instanceKlass java/util/ServiceLoader$1
instanceKlass java/util/ServiceLoader$LazyClassPathLookupIterator
instanceKlass java/util/Spliterators$1Adapter
instanceKlass java/util/Spliterators$EmptySpliterator
instanceKlass java/util/ServiceLoader$ModuleServicesLookupIterator
instanceKlass java/util/ServiceLoader
instanceKlass org/slf4j/helpers/Util
instanceKlass org/slf4j/helpers/NOPMDCAdapter
instanceKlass org/slf4j/helpers/NOPLoggerFactory
instanceKlass org/slf4j/helpers/NOP_FallbackServiceProvider
instanceKlass org/slf4j/helpers/ThreadLocalMapOfStacks
instanceKlass org/slf4j/helpers/BasicMDCAdapter
instanceKlass org/slf4j/Marker
instanceKlass org/slf4j/helpers/BasicMarkerFactory
instanceKlass java/util/concurrent/LinkedBlockingQueue$Node
instanceKlass java/util/concurrent/locks/AbstractQueuedSynchronizer$ConditionObject
instanceKlass java/util/concurrent/locks/Condition
instanceKlass java/util/concurrent/BlockingQueue
instanceKlass org/slf4j/Logger
instanceKlass org/slf4j/helpers/SubstituteLoggerFactory
instanceKlass org/slf4j/ILoggerFactory
instanceKlass org/slf4j/spi/MDCAdapter
instanceKlass org/slf4j/helpers/SubstituteServiceProvider
instanceKlass org/slf4j/event/LoggingEvent
instanceKlass org/slf4j/spi/SLF4JServiceProvider
instanceKlass org/slf4j/LoggerFactory
instanceKlass org/slf4j/IMarkerFactory
instanceKlass org/slf4j/MarkerFactory
instanceKlass org/gradle/api/logging/Logging
instanceKlass org/gradle/launcher/daemon/configuration/DaemonServerConfiguration
instanceKlass org/gradle/launcher/bootstrap/ExecutionCompleter
instanceKlass org/gradle/api/Action
instanceKlass org/gradle/internal/logging/text/StyledTextOutputFactory
instanceKlass org/gradle/api/logging/configuration/LoggingConfiguration
instanceKlass org/gradle/initialization/BuildClientMetaData
instanceKlass org/gradle/internal/problems/failure/FailureFactory
instanceKlass  @bci java/util/zip/ZipFile$Source initCEN (ILjava/util/zip/ZipCoder;)V 507 <appendix> argL0 ; # java/util/zip/ZipFile$Source$$Lambda+0x0000000091005908
instanceKlass org/gradle/launcher/bootstrap/ExecutionListener
instanceKlass org/gradle/launcher/bootstrap/EntryPoint
instanceKlass org/gradle/internal/classloader/InstrumentingClassLoader
instanceKlass org/gradle/internal/classloader/ClassLoaderSpec
instanceKlass jdk/internal/jimage/ImageReader$Node
instanceKlass jdk/internal/jimage/ImageLocation
instanceKlass jdk/internal/jimage/decompressor/Decompressor
instanceKlass jdk/internal/jimage/ImageStringsReader
instanceKlass jdk/internal/jimage/ImageStrings
instanceKlass jdk/internal/jimage/ImageHeader
instanceKlass jdk/internal/jimage/NativeImageBuffer$1
instanceKlass jdk/internal/jimage/NativeImageBuffer
instanceKlass java/security/AccessControlContext
instanceKlass java/security/AccessController
instanceKlass jdk/internal/jimage/BasicImageReader$1
instanceKlass java/security/PrivilegedAction
instanceKlass jdk/internal/jimage/BasicImageReader
instanceKlass jdk/internal/jimage/ImageReader
instanceKlass jdk/internal/jimage/ImageReaderFactory$1
instanceKlass jdk/internal/jimage/ImageReaderFactory
instanceKlass jdk/internal/module/SystemModuleFinders$SystemImage
instanceKlass jdk/internal/module/SystemModuleFinders$SystemModuleReader
instanceKlass java/lang/module/ModuleReader
instanceKlass jdk/internal/loader/BuiltinClassLoader$2
instanceKlass jdk/internal/module/Resources
instanceKlass java/util/Collections$EmptyIterator
instanceKlass java/util/Collections$1
instanceKlass org/gradle/internal/Cast
instanceKlass java/util/AbstractList$Itr
instanceKlass org/gradle/internal/classpath/TransformedClassPath
instanceKlass org/gradle/api/internal/classpath/DefaultModuleRegistry$DefaultModule
instanceKlass org/gradle/api/internal/classpath/Module
instanceKlass org/gradle/api/internal/classpath/DefaultModuleRegistry$DefaultModuleAlias
instanceKlass java/util/Arrays$ArrayItr
instanceKlass org/gradle/internal/classpath/DefaultClassPath$ImmutableUniqueList$Builder
instanceKlass java/io/FileInputStream$1
instanceKlass org/gradle/api/Action
instanceKlass org/gradle/internal/IoActions
instanceKlass java/util/Properties$LineReader
instanceKlass java/util/regex/Pattern$TreeInfo
instanceKlass  @bci java/util/regex/Pattern union (Ljava/util/regex/Pattern$CharPredicate;Ljava/util/regex/Pattern$CharPredicate;Z)Ljava/util/regex/Pattern$CharPredicate; 6 <appendix> member <vmtarget> ; # java/util/regex/Pattern$$Lambda+0x800000036
instanceKlass  @bci java/util/regex/Pattern Range (II)Ljava/util/regex/Pattern$CharPredicate; 23 <appendix> member <vmtarget> ; # java/util/regex/Pattern$$Lambda+0x80000002e
instanceKlass java/util/regex/Pattern$BitClass
instanceKlass java/util/regex/Pattern$BmpCharPredicate
instanceKlass java/util/regex/Pattern$CharPredicate
instanceKlass java/util/regex/Pattern$Node
instanceKlass java/util/regex/Pattern
instanceKlass org/gradle/util/internal/GUtil
instanceKlass  @bci org/gradle/api/internal/classpath/DefaultModuleRegistry findModule (Ljava/lang/String;)Lorg/gradle/api/internal/classpath/Module; 7 <appendix> member <vmtarget> ; # org/gradle/api/internal/classpath/DefaultModuleRegistry$$Lambda+0x0000000091047160
instanceKlass org/gradle/api/specs/Spec
instanceKlass org/gradle/internal/classpath/DefaultClassPath
instanceKlass org/gradle/internal/classpath/ClassPath
instanceKlass org/gradle/internal/service/CachingServiceLocator
instanceKlass java/io/Reader
instanceKlass java/lang/Readable
instanceKlass org/gradle/internal/service/DefaultServiceLocator
instanceKlass org/gradle/internal/service/ServiceLocator
instanceKlass org/gradle/internal/classloader/DefaultClassLoaderFactory
instanceKlass org/gradle/api/internal/DefaultClassPathProvider
instanceKlass org/gradle/api/internal/ClassPathProvider
instanceKlass org/gradle/api/internal/DefaultClassPathRegistry
instanceKlass org/gradle/internal/installation/GradleInstallation$1
instanceKlass java/io/FileFilter
instanceKlass org/gradle/internal/installation/GradleInstallation
instanceKlass java/net/URI$Parser
instanceKlass org/gradle/internal/classloader/ClasspathUtil
instanceKlass org/gradle/internal/installation/CurrentGradleInstallationLocator
instanceKlass org/gradle/internal/installation/CurrentGradleInstallation
instanceKlass org/gradle/api/internal/classpath/Module$ModuleAlias
instanceKlass org/gradle/api/internal/classpath/DefaultModuleRegistry
instanceKlass org/gradle/internal/classloader/ClassLoaderHierarchy
instanceKlass org/gradle/internal/classloader/ClassLoaderFactory
instanceKlass org/gradle/api/internal/ClassPathRegistry
instanceKlass org/gradle/api/internal/classpath/ModuleRegistry
instanceKlass org/gradle/launcher/bootstrap/ProcessBootstrap
instanceKlass jdk/internal/misc/MethodFinder
instanceKlass org/gradle/launcher/daemon/bootstrap/GradleDaemon
instanceKlass sun/security/util/ManifestEntryVerifier
instanceKlass jdk/internal/vm/StackableScope
instanceKlass java/lang/ScopedValue$Snapshot
instanceKlass java/util/jar/JarFile$1
instanceKlass java/lang/ScopedValue$Carrier
instanceKlass sun/nio/cs/ArrayDecoder
instanceKlass java/nio/charset/CharsetDecoder
instanceKlass sun/launcher/LauncherHelper
instanceKlass sun/usagetracker/UsageTrackerClient
instanceKlass jdk/internal/util/EnvUtils
instanceKlass jdk/internal/vm/PostVMInitHook
instanceKlass  @bci jdk/internal/reflect/DirectConstructorHandleAccessor invokeImpl ([Ljava/lang/Object;)Ljava/lang/Object; 88 <adapter> ; # java/lang/invoke/LambdaForm$MH+0x0000000091042400
# instanceKlass java/lang/invoke/LambdaForm$MH+0x0000000091042000
# instanceKlass java/lang/invoke/LambdaForm$MH+0x0000000091041c00
# instanceKlass java/lang/invoke/LambdaForm$MH+0x0000000091041800
# instanceKlass java/lang/invoke/LambdaForm$MH+0x0000000091041400
# instanceKlass java/lang/invoke/LambdaForm$MH+0x0000000091041000
instanceKlass  @cpi org/gradle/api/internal/artifacts/JavaEcosystemSupport 219 form vmentry <vmtarget> ; # java/lang/invoke/LambdaForm$DMH+0x0000000091040400
instanceKlass java/lang/instrument/ClassFileTransformer
instanceKlass org/gradle/instrumentation/agent/Agent
instanceKlass java/security/PermissionCollection
instanceKlass java/security/SecureClassLoader$1
instanceKlass java/util/zip/Checksum$1
instanceKlass java/util/zip/CRC32
instanceKlass java/util/zip/Checksum
instanceKlass java/lang/Package$VersionInfo
instanceKlass java/lang/NamedPackage
instanceKlass jdk/internal/loader/Resource
instanceKlass java/util/StringTokenizer
instanceKlass java/util/jar/Attributes
instanceKlass java/util/jar/JarVerifier
instanceKlass sun/security/util/Debug
instanceKlass sun/security/util/SignatureFileVerifier
instanceKlass java/util/zip/ZipFile$InflaterCleanupAction
instanceKlass java/util/zip/Inflater$InflaterZStreamRef
instanceKlass java/util/zip/Inflater
instanceKlass java/util/zip/ZipEntry
instanceKlass java/nio/Bits$1
instanceKlass jdk/internal/misc/VM$BufferPool
instanceKlass java/nio/Bits
instanceKlass sun/nio/ch/DirectBuffer
instanceKlass jdk/internal/perf/PerfCounter$CoreCounters
instanceKlass jdk/internal/perf/Perf
instanceKlass jdk/internal/perf/PerfCounter
instanceKlass java/util/Locale$2
instanceKlass java/util/Locale$1
instanceKlass sun/util/locale/LocaleUtils
instanceKlass java/util/Locale$3
instanceKlass sun/util/locale/BaseLocale$1
instanceKlass java/util/Locale
instanceKlass java/nio/file/attribute/FileTime
instanceKlass java/util/zip/ZipUtils
instanceKlass java/util/zip/ZipFile$Source$End
instanceKlass java/io/RandomAccessFile$2
instanceKlass jdk/internal/access/JavaIORandomAccessFileAccess
instanceKlass java/io/RandomAccessFile
instanceKlass java/io/DataInput
instanceKlass java/io/DataOutput
instanceKlass sun/nio/fs/WindowsNativeDispatcher$CompletionStatus
instanceKlass sun/nio/fs/WindowsNativeDispatcher$AclInformation
instanceKlass sun/nio/fs/WindowsNativeDispatcher$Account
instanceKlass sun/nio/fs/WindowsNativeDispatcher$DiskFreeSpace
instanceKlass sun/nio/fs/WindowsNativeDispatcher$VolumeInformation
instanceKlass sun/nio/fs/WindowsNativeDispatcher$FirstStream
instanceKlass sun/nio/fs/WindowsNativeDispatcher$FirstFile
instanceKlass java/util/Enumeration
instanceKlass java/util/concurrent/ConcurrentHashMap$Traverser
instanceKlass sun/nio/fs/WindowsNativeDispatcher
instanceKlass sun/nio/fs/NativeBuffer$Deallocator
instanceKlass sun/nio/fs/NativeBuffer
instanceKlass java/lang/ThreadLocal$ThreadLocalMap
instanceKlass java/lang/ThreadLocal
instanceKlass sun/nio/fs/NativeBuffers
instanceKlass sun/nio/fs/WindowsFileAttributes
instanceKlass java/nio/file/attribute/DosFileAttributes
instanceKlass sun/nio/fs/AbstractBasicFileAttributeView
instanceKlass sun/nio/fs/DynamicFileAttributeView
instanceKlass sun/nio/fs/WindowsFileAttributeViews
instanceKlass sun/nio/fs/Util
instanceKlass java/nio/file/attribute/BasicFileAttributeView
instanceKlass java/nio/file/attribute/FileAttributeView
instanceKlass java/nio/file/attribute/AttributeView
instanceKlass java/nio/file/Files
instanceKlass java/nio/file/CopyOption
instanceKlass java/nio/file/attribute/BasicFileAttributes
instanceKlass sun/nio/fs/WindowsPath
instanceKlass java/util/zip/ZipFile$Source$Key
instanceKlass sun/nio/fs/WindowsPathParser
instanceKlass java/nio/file/FileSystem
instanceKlass java/nio/file/OpenOption
instanceKlass java/nio/file/spi/FileSystemProvider
instanceKlass sun/nio/fs/DefaultFileSystemProvider
instanceKlass java/util/zip/ZipFile$Source
instanceKlass java/lang/ref/Cleaner$Cleanable
instanceKlass jdk/internal/ref/CleanerImpl$CleanableList$Node
instanceKlass jdk/internal/ref/CleanerImpl$CleanableList
instanceKlass jdk/internal/ref/CleanerImpl
instanceKlass java/lang/ref/Cleaner$1
instanceKlass java/lang/ref/Cleaner
instanceKlass jdk/internal/ref/CleanerFactory$1
instanceKlass java/util/concurrent/ThreadFactory
instanceKlass jdk/internal/ref/CleanerFactory
instanceKlass java/util/zip/ZipFile$CleanableResource
instanceKlass java/util/zip/ZipCoder
instanceKlass java/lang/Runtime$Version
instanceKlass java/util/jar/JavaUtilJarAccessImpl
instanceKlass jdk/internal/access/JavaUtilJarAccess
instanceKlass jdk/internal/loader/FileURLMapper
instanceKlass java/util/zip/ZipFile$1
instanceKlass jdk/internal/access/JavaUtilZipFileAccess
instanceKlass java/util/BitSet
instanceKlass java/util/zip/ZipFile
instanceKlass java/util/zip/ZipConstants
instanceKlass jdk/internal/loader/URLClassPath$Loader
instanceKlass sun/net/util/URLUtil
instanceKlass sun/instrument/TransformerManager$TransformerInfo
instanceKlass sun/instrument/TransformerManager
instanceKlass jdk/internal/loader/NativeLibraries$2
instanceKlass jdk/internal/loader/NativeLibrary
instanceKlass java/util/ArrayDeque$DeqIterator
instanceKlass jdk/internal/loader/NativeLibraries$NativeLibraryContext$1
instanceKlass jdk/internal/loader/NativeLibraries$NativeLibraryContext
instanceKlass java/util/concurrent/ConcurrentHashMap$CollectionView
instanceKlass jdk/internal/loader/NativeLibraries$Holder
instanceKlass jdk/internal/loader/NativeLibraries$1
instanceKlass jdk/internal/loader/NativeLibraries$LibraryPaths
instanceKlass jdk/internal/loader/BootLoader$Holder
instanceKlass jdk/internal/reflect/Reflection$1Holder
instanceKlass sun/instrument/InstrumentationImpl
instanceKlass java/lang/instrument/Instrumentation
instanceKlass jdk/internal/vm/ContinuationSupport
instanceKlass java/lang/ClassLoader$Holder
instanceKlass jdk/internal/module/ModuleBootstrap$SafeModuleFinder
instanceKlass  @bci java/lang/Module implAddExportsOrOpens (Ljava/lang/String;Ljava/lang/Module;ZZZ)V 234 <appendix> member <vmtarget> ; # java/lang/Module$$Lambda+0x0000000091001260
instanceKlass java/lang/WeakPairMap$Pair$Lookup
instanceKlass java/lang/WeakPairMap$Pair
instanceKlass java/lang/WeakPairMap
instanceKlass java/lang/Module$ReflectionData
instanceKlass  @bci jdk/internal/module/ModuleBootstrap decode (Ljava/lang/String;Ljava/lang/String;Z)Ljava/util/Map; 193 <appendix> argL0 ; # jdk/internal/module/ModuleBootstrap$$Lambda+0x0000000091001018
instanceKlass java/lang/invoke/TypeConvertingMethodAdapter
instanceKlass java/lang/invoke/InnerClassLambdaMetafactory$6
instanceKlass java/lang/invoke/InnerClassLambdaMetafactory$3
instanceKlass java/lang/classfile/Interfaces
instanceKlass java/util/ImmutableCollections$Access$1
instanceKlass jdk/internal/access/JavaUtilCollectionAccess
instanceKlass java/util/ImmutableCollections$Access
instanceKlass java/lang/invoke/InnerClassLambdaMetafactory$1
instanceKlass java/lang/ModuleLayer$Controller
instanceKlass java/util/concurrent/CopyOnWriteArrayList
instanceKlass jdk/internal/module/ServicesCatalog$ServiceProvider
instanceKlass jdk/internal/loader/AbstractClassLoaderValue$Memoizer
instanceKlass java/util/ArrayList$Itr
instanceKlass java/util/Collections$UnmodifiableCollection$1
instanceKlass java/util/SequencedMap
instanceKlass java/util/SequencedSet
instanceKlass java/lang/module/ModuleFinder$1
instanceKlass java/nio/file/Path
instanceKlass java/nio/file/Watchable
instanceKlass java/lang/module/Resolver
instanceKlass java/util/Collections$2
instanceKlass java/util/stream/FindOps$FindOp
instanceKlass  @bci java/util/stream/FindOps$FindSink$OfRef <clinit> ()V 6 <appendix> argL0 ; # java/util/stream/FindOps$FindSink$OfRef$$Lambda+0x80000004e
instanceKlass  @bci java/util/stream/FindOps$FindSink$OfRef <clinit> ()V 0 <appendix> argL0 ; # java/util/stream/FindOps$FindSink$OfRef$$Lambda+0x80000004f
instanceKlass java/util/stream/FindOps$FindSink
instanceKlass java/util/stream/FindOps
instanceKlass  @bci jdk/internal/module/DefaultRoots exportsAPI (Ljava/lang/module/ModuleDescriptor;)Z 9 <appendix> argL0 ; # jdk/internal/module/DefaultRoots$$Lambda+0x800000055
instanceKlass java/util/stream/Sink$ChainedReference
instanceKlass java/util/stream/ReduceOps$AccumulatingSink
instanceKlass java/util/stream/TerminalSink
instanceKlass java/util/stream/Sink
instanceKlass java/util/stream/ReduceOps$Box
instanceKlass java/util/stream/ReduceOps$ReduceOp
instanceKlass java/util/stream/TerminalOp
instanceKlass java/util/stream/ReduceOps
instanceKlass  @bci java/util/stream/Collectors castingIdentity ()Ljava/util/function/Function; 0 <appendix> argL0 ; # java/util/stream/Collectors$$Lambda+0x800000048
instanceKlass  @bci java/util/stream/Collectors toSet ()Ljava/util/stream/Collector; 14 <appendix> argL0 ; # java/util/stream/Collectors$$Lambda+0x800000046
instanceKlass java/util/function/BinaryOperator
instanceKlass  @bci java/util/stream/Collectors toSet ()Ljava/util/stream/Collector; 9 <appendix> argL0 ; # java/util/stream/Collectors$$Lambda+0x80000003e
instanceKlass java/util/function/BiConsumer
instanceKlass  @bci java/util/stream/Collectors toSet ()Ljava/util/stream/Collector; 4 <appendix> argL0 ; # java/util/stream/Collectors$$Lambda+0x80000004b
instanceKlass java/util/stream/Collector
instanceKlass java/util/Collections$UnmodifiableCollection
instanceKlass java/util/stream/Collectors
instanceKlass  @bci jdk/internal/module/DefaultRoots compute (Ljava/lang/module/ModuleFinder;Ljava/lang/module/ModuleFinder;)Ljava/util/Set; 42 <appendix> argL0 ; # jdk/internal/module/DefaultRoots$$Lambda+0x800000052
instanceKlass  @bci jdk/internal/module/DefaultRoots compute (Ljava/lang/module/ModuleFinder;Ljava/lang/module/ModuleFinder;)Ljava/util/Set; 32 <appendix> member <vmtarget> ; # jdk/internal/module/DefaultRoots$$Lambda+0x800000056
instanceKlass  @bci jdk/internal/module/DefaultRoots compute (Ljava/lang/module/ModuleFinder;Ljava/lang/module/ModuleFinder;)Ljava/util/Set; 21 <appendix> argL0 ; # jdk/internal/module/DefaultRoots$$Lambda+0x800000053
instanceKlass  @bci jdk/internal/module/DefaultRoots compute (Ljava/lang/module/ModuleFinder;Ljava/lang/module/ModuleFinder;)Ljava/util/Set; 11 <appendix> argL0 ; # jdk/internal/module/DefaultRoots$$Lambda+0x800000054
instanceKlass java/lang/invoke/LambdaProxyClassArchive
instanceKlass java/lang/invoke/InfoFromMemberName
instanceKlass java/lang/invoke/MethodHandleInfo
instanceKlass java/lang/invoke/AbstractValidatingLambdaMetafactory
instanceKlass java/lang/invoke/BootstrapMethodInvoker
instanceKlass java/util/function/Predicate
instanceKlass java/lang/invoke/LambdaMetafactory
# instanceKlass java/lang/invoke/LambdaForm$MH+0x0000000091040000
instanceKlass java/lang/StringCoding
instanceKlass jdk/internal/classfile/impl/ClassReaderImpl
instanceKlass java/lang/classfile/ClassReader
instanceKlass jdk/internal/classfile/impl/ClassHierarchyImpl$CachedClassHierarchyResolver$1
instanceKlass java/lang/classfile/ClassHierarchyResolver$ClassHierarchyInfo
instanceKlass jdk/internal/classfile/impl/ClassHierarchyImpl$CachedClassHierarchyResolver
instanceKlass jdk/internal/classfile/impl/ClassHierarchyImpl$ClassLoadingClassHierarchyResolver$1
instanceKlass jdk/internal/classfile/impl/ClassHierarchyImpl$ClassLoadingClassHierarchyResolver
instanceKlass java/lang/classfile/ClassHierarchyResolver
instanceKlass jdk/internal/classfile/impl/ClassHierarchyImpl
instanceKlass jdk/internal/classfile/impl/RawBytecodeHelper$1
instanceKlass jdk/internal/classfile/impl/RawBytecodeHelper
instanceKlass jdk/internal/classfile/impl/StackMapGenerator$Frame
instanceKlass jdk/internal/classfile/impl/StackMapGenerator
instanceKlass jdk/internal/classfile/impl/AnnotationReader
instanceKlass java/lang/classfile/CustomAttribute
instanceKlass jdk/internal/classfile/impl/TerminalFieldBuilder
instanceKlass java/lang/classfile/FieldBuilder
instanceKlass java/lang/invoke/InvokerBytecodeGenerator$2
instanceKlass jdk/internal/classfile/impl/BytecodeHelpers
instanceKlass java/lang/classfile/constantpool/MethodRefEntry
instanceKlass sun/invoke/util/VerifyType
instanceKlass jdk/internal/classfile/impl/DirectCodeBuilder$8
instanceKlass java/lang/classfile/instruction/LabelTarget
instanceKlass java/lang/classfile/Label
instanceKlass jdk/internal/classfile/impl/BufWriterImpl
instanceKlass java/lang/classfile/BufWriter
instanceKlass java/lang/classfile/instruction/LocalVariableType
instanceKlass java/lang/classfile/instruction/LocalVariable
instanceKlass java/lang/classfile/instruction/CharacterRange
instanceKlass java/lang/classfile/PseudoInstruction
instanceKlass java/lang/classfile/CodeElement
instanceKlass jdk/internal/classfile/impl/TerminalCodeBuilder
instanceKlass jdk/internal/classfile/impl/LabelContext
instanceKlass java/lang/classfile/CodeBuilder
instanceKlass java/lang/invoke/InvokerBytecodeGenerator$4$1
instanceKlass java/lang/classfile/constantpool/FieldRefEntry
instanceKlass java/lang/classfile/constantpool/MemberRefEntry
instanceKlass java/lang/classfile/constantpool/NameAndTypeEntry
instanceKlass jdk/internal/classfile/impl/TerminalMethodBuilder
instanceKlass jdk/internal/classfile/impl/MethodInfo
instanceKlass java/lang/classfile/MethodBuilder
instanceKlass java/lang/invoke/InvokerBytecodeGenerator$4
instanceKlass java/lang/classfile/attribute/SourceFileAttribute
instanceKlass java/lang/classfile/Superclass
instanceKlass jdk/internal/classfile/impl/AttributeHolder
instanceKlass java/lang/classfile/ClassBuilder
instanceKlass java/lang/classfile/ClassFileBuilder
instanceKlass jdk/internal/classfile/impl/AbstractDirectBuilder
instanceKlass java/lang/invoke/InvokerBytecodeGenerator$1
instanceKlass jdk/internal/classfile/impl/ClassFileImpl
instanceKlass java/lang/classfile/ClassFile
instanceKlass java/lang/invoke/InvokerBytecodeGenerator$3
instanceKlass java/util/function/Consumer
instanceKlass java/lang/classfile/constantpool/ClassEntry
instanceKlass java/lang/classfile/constantpool/LoadableConstantEntry
instanceKlass jdk/internal/classfile/impl/EntryMap
instanceKlass jdk/internal/classfile/impl/BootstrapMethodEntryImpl
instanceKlass java/lang/classfile/BootstrapMethodEntry
instanceKlass jdk/internal/classfile/impl/SplitConstantPool
instanceKlass java/lang/invoke/LambdaFormBuffer
instanceKlass java/lang/invoke/LambdaFormEditor$TransformKey
instanceKlass java/lang/invoke/LambdaFormEditor
instanceKlass java/lang/invoke/Invokers$Holder
instanceKlass java/lang/invoke/DelegatingMethodHandle$Holder
instanceKlass java/lang/invoke/DirectMethodHandle$2
instanceKlass java/lang/invoke/ClassSpecializer$Factory
instanceKlass java/lang/invoke/ClassSpecializer$SpeciesData
instanceKlass java/lang/invoke/ClassSpecializer$1
instanceKlass jdk/internal/vm/annotation/Stable
instanceKlass jdk/internal/vm/annotation/AOTSafeClassInitializer
instanceKlass java/lang/invoke/ClassSpecializer
instanceKlass java/lang/invoke/InvokerBytecodeGenerator$8
instanceKlass jdk/internal/classfile/impl/AbstractAttributeMapper
instanceKlass java/lang/classfile/AttributeMapper
instanceKlass java/lang/classfile/Attributes
instanceKlass jdk/internal/classfile/impl/Util$Writable
instanceKlass jdk/internal/classfile/impl/AbstractElement
instanceKlass java/lang/classfile/attribute/RuntimeVisibleAnnotationsAttribute
instanceKlass java/lang/classfile/FieldElement
instanceKlass java/lang/classfile/MethodElement
instanceKlass java/lang/classfile/ClassElement
instanceKlass java/lang/classfile/Attribute
instanceKlass java/lang/classfile/ClassFileElement
instanceKlass jdk/internal/classfile/impl/Util
instanceKlass java/lang/classfile/constantpool/Utf8Entry
instanceKlass java/lang/classfile/constantpool/AnnotationConstantValueEntry
instanceKlass java/lang/classfile/constantpool/PoolEntry
instanceKlass jdk/internal/classfile/impl/AbstractPoolEntry
instanceKlass jdk/internal/classfile/impl/TemporaryConstantPool
instanceKlass java/lang/classfile/constantpool/ConstantPoolBuilder
instanceKlass java/lang/classfile/constantpool/ConstantPool
instanceKlass java/lang/classfile/Annotation
instanceKlass java/lang/classfile/AnnotationElement
instanceKlass java/lang/invoke/InvokerBytecodeGenerator
instanceKlass java/lang/invoke/LambdaForm$Holder
instanceKlass java/lang/invoke/LambdaForm$Name
instanceKlass java/lang/reflect/Array
instanceKlass java/lang/invoke/Invokers
instanceKlass sun/invoke/util/ValueConversions
instanceKlass java/lang/invoke/DirectMethodHandle$Holder
instanceKlass java/lang/constant/DynamicConstantDesc
instanceKlass jdk/internal/constant/DirectMethodHandleDescImpl$1
instanceKlass jdk/internal/constant/DirectMethodHandleDescImpl
instanceKlass java/lang/constant/DirectMethodHandleDesc
instanceKlass java/lang/constant/MethodHandleDesc$1
instanceKlass java/lang/constant/MethodHandleDesc
instanceKlass jdk/internal/constant/MethodTypeDescImpl
instanceKlass java/lang/constant/MethodTypeDesc
instanceKlass jdk/internal/constant/ConstantUtils
instanceKlass jdk/internal/constant/ArrayClassDescImpl
instanceKlass jdk/internal/constant/ClassOrInterfaceDescImpl
instanceKlass java/lang/constant/ClassDesc
instanceKlass java/lang/constant/ConstantDescs
instanceKlass sun/invoke/util/Wrapper$Format
instanceKlass java/lang/invoke/MethodHandleImpl$1
instanceKlass jdk/internal/access/JavaLangInvokeAccess
instanceKlass java/lang/invoke/LambdaForm$NamedFunction
instanceKlass jdk/internal/reflect/MethodHandleAccessorFactory$LazyStaticHolder
instanceKlass java/lang/invoke/MethodTypeForm
instanceKlass jdk/internal/util/StrongReferenceKey
instanceKlass jdk/internal/util/ReferenceKey
instanceKlass jdk/internal/util/ReferencedKeyMap
instanceKlass java/lang/invoke/MethodType$1
instanceKlass sun/reflect/annotation/AnnotationParser
instanceKlass java/lang/PublicMethods$Key
instanceKlass java/lang/PublicMethods$MethodList
instanceKlass java/util/EnumMap$1
instanceKlass java/util/stream/StreamOpFlag$MaskBuilder
instanceKlass java/util/stream/Stream
instanceKlass java/util/stream/BaseStream
instanceKlass java/util/stream/PipelineHelper
instanceKlass java/util/stream/StreamSupport
instanceKlass java/util/Spliterators$IteratorSpliterator
instanceKlass java/util/Spliterator
instanceKlass java/util/Spliterators
instanceKlass jdk/internal/module/DefaultRoots
instanceKlass jdk/internal/loader/BuiltinClassLoader$LoadedModule
instanceKlass java/util/Optional
instanceKlass jdk/internal/module/ModuleResolution
instanceKlass jdk/internal/module/ModuleHashes$Builder
instanceKlass java/util/ImmutableCollections$Set12$1
instanceKlass java/util/ImmutableCollections$ListItr
instanceKlass java/util/ListIterator
instanceKlass java/util/ImmutableCollections$SetN$SetNIterator
instanceKlass jdk/internal/module/Builder
instanceKlass jdk/internal/module/SystemModules$all
instanceKlass jdk/internal/module/SystemModules
instanceKlass jdk/internal/module/SystemModulesMap
instanceKlass jdk/internal/module/SystemModuleFinders
instanceKlass java/lang/Module$EnableNativeAccess
instanceKlass jdk/internal/loader/BootLoader
instanceKlass jdk/internal/loader/AbstractClassLoaderValue
instanceKlass jdk/internal/module/ServicesCatalog
instanceKlass java/util/Deque
instanceKlass java/util/Queue
instanceKlass sun/net/util/IPAddressUtil$MASKS
instanceKlass sun/net/util/IPAddressUtil
instanceKlass java/net/URLStreamHandler
instanceKlass sun/net/www/ParseUtil
instanceKlass java/net/URL$1
instanceKlass jdk/internal/access/JavaNetURLAccess
instanceKlass java/net/URL$DefaultFactory
instanceKlass java/net/URLStreamHandlerFactory
instanceKlass jdk/internal/loader/URLClassPath
instanceKlass jdk/internal/loader/ClassLoaderHelper
instanceKlass jdk/internal/loader/NativeLibraries
instanceKlass java/security/Principal
instanceKlass java/lang/ClassLoader$ParallelLoaders
instanceKlass java/security/cert/Certificate
instanceKlass jdk/internal/loader/ArchivedClassLoaders
instanceKlass java/net/URI$1
instanceKlass jdk/internal/access/JavaNetUriAccess
instanceKlass jdk/internal/module/ArchivedBootLayer
instanceKlass jdk/internal/module/ModuleBootstrap$Counters
instanceKlass jdk/internal/module/ModuleLoaderMap$Modules
instanceKlass jdk/internal/module/ModuleLoaderMap
instanceKlass jdk/internal/module/ModulePatcher
instanceKlass jdk/internal/util/DecimalDigits
instanceKlass java/io/FileSystem
instanceKlass java/io/DefaultFileSystem
instanceKlass java/io/File
instanceKlass java/lang/module/ModuleDescriptor$1
instanceKlass jdk/internal/access/JavaLangModuleAccess
instanceKlass sun/invoke/util/VerifyAccess
instanceKlass java/util/KeyValueHolder
instanceKlass java/util/ImmutableCollections$MapN$MapNIterator
instanceKlass java/lang/invoke/MethodHandles$Lookup
instanceKlass java/lang/invoke/MemberName$Factory
instanceKlass java/lang/invoke/MethodHandles
instanceKlass jdk/internal/module/ModuleBootstrap
instanceKlass java/util/HexFormat
instanceKlass jdk/internal/util/ClassFileDumper
instanceKlass java/lang/CharacterData
instanceKlass java/lang/invoke/MethodHandleStatics
instanceKlass java/util/Collections
instanceKlass java/lang/Thread$ThreadIdentifiers
instanceKlass sun/io/Win32ErrorMode
instanceKlass jdk/internal/misc/OSEnvironment
instanceKlass jdk/internal/misc/Signal$NativeHandler
instanceKlass java/util/Hashtable$Entry
instanceKlass jdk/internal/misc/Signal
instanceKlass java/lang/Terminator$1
instanceKlass jdk/internal/misc/Signal$Handler
instanceKlass java/lang/Terminator
instanceKlass java/nio/Buffer$2
instanceKlass jdk/internal/access/JavaNioAccess
instanceKlass java/nio/Buffer$1
instanceKlass jdk/internal/misc/ScopedMemoryAccess
instanceKlass java/nio/charset/CodingErrorAction
instanceKlass sun/nio/cs/SingleByte
instanceKlass java/lang/StringUTF16
instanceKlass sun/nio/cs/MS1252$Holder
instanceKlass sun/nio/cs/ArrayEncoder
instanceKlass java/nio/charset/CharsetEncoder
instanceKlass java/io/Writer
instanceKlass java/io/OutputStream
instanceKlass java/io/Flushable
instanceKlass java/io/FileDescriptor$1
instanceKlass jdk/internal/access/JavaIOFileDescriptorAccess
instanceKlass java/io/FileDescriptor
instanceKlass jdk/internal/util/StaticProperty
instanceKlass jdk/internal/reflect/MethodHandleAccessorFactory
instanceKlass jdk/internal/reflect/Reflection
instanceKlass java/lang/reflect/Modifier
instanceKlass java/lang/Class$Atomic
instanceKlass java/lang/Class$ReflectionData
instanceKlass jdk/internal/util/ModifiedUtf
instanceKlass java/nio/charset/StandardCharsets
instanceKlass java/nio/charset/Charset$5
instanceKlass sun/nio/cs/HistoricallyNamedCharset
instanceKlass java/util/Arrays
instanceKlass jdk/internal/util/Preconditions$3
instanceKlass jdk/internal/util/Preconditions$2
instanceKlass jdk/internal/util/Preconditions$4
instanceKlass java/util/function/BiFunction
instanceKlass jdk/internal/util/Preconditions$1
instanceKlass jdk/internal/util/Preconditions
instanceKlass java/nio/charset/Charset$4
instanceKlass jdk/internal/lang/LazyConstantImpl
instanceKlass java/lang/LazyConstant
instanceKlass java/nio/charset/Charset$3
instanceKlass java/lang/ScopedValue$Cache
instanceKlass java/lang/ScopedValue
instanceKlass java/nio/charset/spi/CharsetProvider
instanceKlass java/nio/charset/Charset
instanceKlass java/util/HashMap$HashIterator
instanceKlass java/util/concurrent/locks/LockSupport
instanceKlass java/util/concurrent/ConcurrentHashMap$Node
instanceKlass java/util/concurrent/ConcurrentHashMap$CounterCell
instanceKlass java/util/concurrent/locks/ReentrantLock
instanceKlass java/util/concurrent/locks/Lock
instanceKlass java/lang/Runtime
instanceKlass java/lang/VersionProps
instanceKlass java/lang/StringConcatHelper
instanceKlass jdk/internal/util/ArraysSupport
instanceKlass java/lang/StringLatin1
instanceKlass java/lang/StrictMath
instanceKlass jdk/internal/util/SystemProps$Raw
instanceKlass jdk/internal/util/SystemProps
instanceKlass java/lang/System$1
instanceKlass jdk/internal/access/JavaLangAccess
instanceKlass java/lang/ref/ReferenceQueue$Lock
instanceKlass java/lang/ref/ReferenceQueue
instanceKlass java/lang/ref/Reference$1
instanceKlass jdk/internal/access/JavaLangRefAccess
instanceKlass java/lang/Math
instanceKlass java/io/ObjectStreamClass
instanceKlass jdk/internal/reflect/ReflectionFactory
instanceKlass jdk/internal/access/SharedSecrets
instanceKlass java/lang/reflect/ReflectAccess
instanceKlass jdk/internal/access/JavaLangReflectAccess
instanceKlass java/util/Objects
instanceKlass jdk/internal/misc/CDS
instanceKlass java/lang/Module$ArchivedData
instanceKlass jdk/internal/misc/VM
instanceKlass java/lang/String$FoldCaseComparator
instanceKlass java/lang/String$CaseInsensitiveComparator
instanceKlass java/util/Comparator
instanceKlass java/io/ObjectStreamField
instanceKlass jdk/internal/math/FDBigInteger
instanceKlass java/lang/ModuleLayer
instanceKlass java/util/ImmutableCollections
instanceKlass jdk/internal/module/ModuleLoaderMap$Mapper
instanceKlass java/util/function/Function
instanceKlass java/lang/module/ResolvedModule
instanceKlass java/lang/module/Configuration
instanceKlass java/lang/module/ModuleDescriptor$Opens
instanceKlass java/util/HashMap$Node
instanceKlass java/util/Map$Entry
instanceKlass java/util/Collections$UnmodifiableMap
instanceKlass jdk/internal/module/ModuleHashes
instanceKlass jdk/internal/module/ModuleTarget
instanceKlass jdk/internal/module/SystemModuleFinders$2
instanceKlass jdk/internal/module/ModuleHashes$HashSupplier
instanceKlass jdk/internal/module/SystemModuleFinders$1
instanceKlass java/util/function/Supplier
instanceKlass java/net/URI
instanceKlass java/lang/module/ModuleDescriptor$Provides
instanceKlass java/lang/module/ModuleDescriptor$Exports
instanceKlass java/lang/module/ModuleDescriptor$Requires
instanceKlass java/lang/module/ModuleDescriptor$Version
instanceKlass java/lang/module/ModuleDescriptor
instanceKlass java/lang/module/ModuleReference
instanceKlass java/util/Set
instanceKlass jdk/internal/module/SystemModuleFinders$SystemModuleFinder
instanceKlass java/lang/module/ModuleFinder
instanceKlass jdk/internal/module/ArchivedModuleGraph
instanceKlass sun/util/locale/BaseLocale
instanceKlass java/util/jar/Attributes$Name
instanceKlass java/lang/Character$CharacterCache
instanceKlass java/lang/Short$ShortCache
instanceKlass java/lang/Byte$ByteCache
instanceKlass java/lang/Long$LongCache
instanceKlass java/lang/Integer$IntegerCache
instanceKlass jdk/internal/vm/FillerObject
instanceKlass jdk/internal/vm/vector/VectorSupport$VectorPayload
instanceKlass jdk/internal/vm/vector/VectorSupport
instanceKlass java/lang/reflect/RecordComponent
instanceKlass java/util/Iterator
instanceKlass java/lang/Void
instanceKlass java/lang/Number
instanceKlass java/lang/Character
instanceKlass java/lang/Boolean
instanceKlass java/util/concurrent/locks/AbstractOwnableSynchronizer
instanceKlass java/lang/LiveStackFrame
instanceKlass java/lang/ClassFrameInfo
instanceKlass java/lang/StackWalker$StackFrame
instanceKlass java/lang/StackStreamFactory$AbstractStackWalker
instanceKlass java/lang/StackWalker
instanceKlass java/nio/Buffer
instanceKlass java/lang/StackTraceElement
instanceKlass java/util/RandomAccess
instanceKlass java/util/List
instanceKlass java/util/SequencedCollection
instanceKlass java/util/AbstractCollection
instanceKlass java/util/Collection
instanceKlass java/lang/Iterable
instanceKlass java/util/concurrent/ConcurrentMap
instanceKlass java/util/AbstractMap
instanceKlass java/security/CodeSource
instanceKlass jdk/internal/loader/ClassLoaders
instanceKlass java/util/jar/Manifest
instanceKlass java/lang/Enum
instanceKlass java/net/URL
instanceKlass java/io/InputStream
instanceKlass java/io/Closeable
instanceKlass java/lang/AutoCloseable
instanceKlass jdk/internal/module/Modules
instanceKlass jdk/internal/misc/Unsafe
instanceKlass jdk/internal/misc/UnsafeConstants
instanceKlass java/lang/AbstractStringBuilder
instanceKlass java/lang/Appendable
instanceKlass java/lang/AssertionStatusDirectives
instanceKlass jdk/internal/foreign/abi/ABIDescriptor
instanceKlass jdk/internal/foreign/abi/NativeEntryPoint
instanceKlass java/lang/invoke/CallSite
instanceKlass java/lang/invoke/MethodType
instanceKlass java/lang/invoke/TypeDescriptor$OfMethod
instanceKlass java/lang/invoke/LambdaForm
instanceKlass java/lang/invoke/MethodHandleNatives
instanceKlass java/lang/invoke/MethodHandleImpl
instanceKlass java/lang/invoke/ResolvedMethodName
instanceKlass java/lang/invoke/MemberName
instanceKlass java/lang/invoke/VarHandle
instanceKlass java/lang/invoke/MethodHandle
instanceKlass jdk/internal/reflect/ConstructorAccessorImpl
instanceKlass jdk/internal/reflect/ConstructorAccessor
instanceKlass jdk/internal/reflect/CallerSensitive
instanceKlass java/lang/annotation/Annotation
instanceKlass jdk/internal/reflect/ConstantPool
instanceKlass jdk/internal/reflect/MethodAccessorImpl
instanceKlass jdk/internal/reflect/MethodAccessor
instanceKlass jdk/internal/vm/StackChunk
instanceKlass jdk/internal/vm/Continuation
instanceKlass jdk/internal/vm/ContinuationScope
instanceKlass java/lang/reflect/Parameter
instanceKlass java/lang/reflect/Member
instanceKlass java/lang/reflect/AccessibleObject
instanceKlass java/lang/Module
instanceKlass java/util/Map
instanceKlass java/util/Dictionary
instanceKlass java/lang/ThreadGroup
instanceKlass java/lang/Thread$UncaughtExceptionHandler
instanceKlass java/lang/Thread$Constants
instanceKlass java/lang/Thread$FieldHolder
instanceKlass java/lang/Thread
instanceKlass java/lang/Runnable
instanceKlass java/lang/ref/Reference
instanceKlass java/lang/Record
instanceKlass java/security/ProtectionDomain
instanceKlass java/lang/Throwable
instanceKlass java/lang/System
instanceKlass java/lang/ClassLoader
instanceKlass java/lang/Cloneable
instanceKlass java/lang/Class
instanceKlass java/lang/invoke/TypeDescriptor$OfField
instanceKlass java/lang/invoke/TypeDescriptor
instanceKlass java/lang/reflect/Type
instanceKlass java/lang/reflect/GenericDeclaration
instanceKlass java/lang/reflect/AnnotatedElement
instanceKlass java/lang/String
instanceKlass java/lang/constant/ConstantDesc
instanceKlass java/lang/constant/Constable
instanceKlass java/lang/CharSequence
instanceKlass java/lang/Comparable
instanceKlass java/io/Serializable
ciInstanceKlass java/lang/Object 1 1 116 7 1 10 12 1 1 10 7 12 1 1 1 10 7 12 1 1 1 10 12 1 1 8 1 10 12 1 1 10 7 12 1 1 1 10 12 1 10 12 1 1 100 1 8 1 10 12 1 10 7 12 1 1 1 7 1 10 12 1 7 1 10 12 1 1 8 1 3 8 1 100 1 5 0 1 1 1 1 1 1 1 1 1 1 1 1 1 1 1 1 7 1 1 1 1 1 1 1 1 1 1 1 1 1 7 1 1 1 1 1 1 3 1 1 1
ciMethod java/lang/Object clone ()Ljava/lang/Object; 256 0 128 0 -1
ciInstanceKlass java/io/Serializable 1 0 7 100 1 100 1 1 1
ciInstanceKlass java/lang/System 1 1 591 10 100 12 1 1 1 10 7 12 1 1 1 10 12 1 1 10 12 1 9 12 1 1 10 7 12 1 1 1 11 100 12 1 1 1 10 100 12 1 1 1 10 12 1 1 100 1 8 1 10 12 1 9 12 1 1 9 12 1 1 10 7 12 1 1 1 10 7 12 1 1 1 10 12 1 1 10 12 1 10 7 12 1 1 1 10 12 1 10 12 1 1 7 1 10 12 1 1 100 1 8 1 10 10 12 1 1 100 1 8 1 10 10 7 12 1 1 10 12 10 100 12 1 1 10 7 12 1 1 1 100 1 8 1 10 10 100 12 1 1 1 10 100 12 1 1 1 100 1 10 100 12 1 1 1 10 12 1 1 10 7 12 1 1 1 10 12 1 1 10 12 1 10 12 1 8 1 10 12 1 1 10 12 1 1 8 1 10 12 1 7 1 7 1 10 12 1 9 7 12 1 1 1 10 7 12 1 1 1 10 12 1 10 12 1 10 7 12 1 1 1 100 1 8 1 10 9 12 1 1 9 12 1 10 12 1 10 100 12 1 1 10 12 1 10 12 1 1 100 1 10 8 1 10 12 1 1 10 12 1 10 12 1 1 10 12 1 1 8 1 11 7 12 1 1 10 12 11 12 1 1 11 7 12 1 1 1 11 7 12 1 1 11 12 1 1 7 1 11 12 1 10 12 1 8 1 10 12 1 1 8 1 8 1 8 1 8 1 11 12 1 10 12 1 1 10 12 1 10 12 1 8 1 10 12 1 1 8 1 9 12 1 8 1 10 7 12 1 1 8 1 7 1 9 7 12 1 1 1 10 12 1 7 1 9 12 10 9 12 7 1 10 12 9 12 1 1 8 1 10 12 1 1 8 1 9 12 1 10 7 12 1 1 10 12 1 10 12 1 1 11 7 12 1 1 10 12 10 7 12 1 1 1 9 12 1 1 100 1 100 1 8 1 10 12 1 1 10 12 1 8 1 8 1 10 8 1 8 1 8 1 8 1 8 1 10 8 1 10 7 12 1 1 1 10 7 12 1 1 1 10 12 1 1 7 1 10 10 12 1 10 12 1 9 12 1 1 1 1 1 1 1 1 1 1 1 1 100 1 1 100 1 1 1 1 1 1 1 1 1 1 3 1 1 1 1 1 1 1 1 1 1 1 1 1 1 1 1 1 1 1 1 1 1 1 1 1 1 1 1 1 1 1 1 1 1 1 1 1 1 1 1 1 1 1 1 1 1 1 1 1 1 1 100 1 1 1 1 1 1 1 1 1 1 1 1 1 1 1 1 1 1 1 1 1 1 1 1 1 100 1 100 1 1 1 1 1 1 1 1
staticfield java/lang/System in Ljava/io/InputStream; org/gradle/internal/daemon/clientinput/StdInStream
staticfield java/lang/System out Ljava/io/PrintStream; org/gradle/internal/io/LinePerThreadBufferingOutputStream
staticfield java/lang/System err Ljava/io/PrintStream; org/gradle/internal/io/LinePerThreadBufferingOutputStream
instanceKlass java/security/Provider
instanceKlass java/security/Security$1
ciInstanceKlass java/util/Properties 1 1 690 10 7 12 1 1 1 100 1 10 7 12 1 1 7 1 10 12 1 9 12 1 1 9 12 1 1 9 12 1 1 10 7 12 1 1 1 10 12 1 1 8 1 10 7 12 1 1 1 7 1 10 12 1 10 12 1 1 8 1 10 12 1 7 1 10 12 10 12 1 1 9 12 1 1 10 12 1 1 7 1 10 12 1 10 12 1 10 12 1 1 100 1 8 1 10 12 1 10 12 1 10 12 1 1 10 12 1 100 1 3 10 10 100 12 1 1 1 10 12 1 10 12 1 1 8 1 10 12 1 10 12 1 1 8 1 10 100 12 1 1 10 12 1 1 10 12 1 10 12 1 1 100 1 10 12 1 10 12 1 1 100 1 9 100 12 1 1 1 10 12 1 10 12 1 1 10 12 1 1 10 12 1 1 100 1 9 12 1 1 7 1 100 1 10 12 1 100 1 11 7 12 1 1 1 11 12 1 1 11 100 12 1 1 1 11 7 12 1 1 1 11 12 1 1 11 12 1 11 12 1 10 12 1 1 8 1 10 12 1 10 100 12 1 1 10 12 1 100 1 10 10 12 1 10 12 1 100 1 10 10 12 1 1 10 100 12 1 1 9 100 12 1 1 10 12 1 1 10 100 12 1 1 1 100 1 100 1 100 1 10 8 1 8 1 10 12 1 10 12 1 10 12 1 1 10 10 12 1 1 10 12 1 1 7 1 10 10 12 1 11 7 12 1 1 10 7 12 1 1 1 8 1 10 100 12 1 1 11 11 7 1 8 1 10 100 1 11 10 12 1 10 10 12 1 10 12 1 1 10 12 1 1 10 12 1 1 10 12 1 10 12 1 10 10 12 1 10 12 1 10 12 1 10 10 12 1 1 10 12 1 1 10 10 12 1 10 12 1 10 12 1 10 12 1 10 12 1 1 10 12 1 1 10 12 1 10 12 1 10 12 1 1 10 12 10 12 1 1 10 12 1 1 10 12 1 10 12 1 1 10 12 1 1 10 12 10 11 12 1 4 11 10 12 1 1 10 100 12 1 1 11 12 1 10 12 1 1 10 100 12 1 1 10 12 1 100 1 8 1 10 12 1 10 10 100 12 1 1 1 100 1 6 0 10 12 1 1 11 100 12 1 1 1 10 12 1 10 12 1 1 1 1 1 5 0 1 1 1 1 1 1 1 1 1 1 1 1 1 1 1 1 1 1 1 1 1 1 1 1 1 1 1 1 1 1 1 1 1 1 1 1 1 1 1 100 1 1 1 1 1 1 1 1 1 1 1 1 1 1 1 1 1 1 1 1 100 1 1 1 1 1 1 1 1 1 1 1 1 100 1 100 1 1 1 1 1 100 1 1 1 1 1 1 1 1 1 1 1 1 1 1 1 1 1 1 1 1 1 1 1 1 1 1 1 1 1 1 1 1 1 1 1 1 1 1 1 1 1 1 1 1 1 1 1 1 1 1 1 1 1 1 1 1 1 1 1 1 1 1 1 1 1 1 1 1 1 1 1 1 1 1 1 1 1 100 1 1 1 1 1 1 1 1 1 1 1 100 1 1
staticfield java/util/Properties UNSAFE Ljdk/internal/misc/Unsafe; jdk/internal/misc/Unsafe
instanceKlass java/util/Hashtable
ciInstanceKlass java/util/Dictionary 1 1 36 10 7 12 1 1 1 100 1 1 1 1 1 1 1 1 1 1 1 1 1 1 1 1 1 1 1 1 1 1 1 1 1 1 1 1
instanceKlass java/util/Properties
ciInstanceKlass java/util/Hashtable 1 1 516 100 1 10 7 12 1 1 1 9 7 12 1 1 1 100 1 100 1 10 8 1 10 12 1 1 10 12 1 10 12 1 1 10 12 1 10 7 12 1 1 1 8 1 10 12 1 9 12 1 1 7 1 9 12 1 1 4 10 7 12 1 1 1 9 12 1 4 10 12 1 11 7 12 1 1 1 10 12 1 1 10 12 1 1 9 12 1 10 12 1 1 100 1 10 9 12 1 1 10 7 12 1 1 1 9 12 1 1 10 12 1 10 12 1 3 9 12 1 9 12 1 3 10 12 1 10 12 1 10 12 1 1 11 12 1 1 11 7 12 1 1 1 11 7 12 1 1 1 11 12 1 7 1 11 12 1 11 12 1 10 12 1 1 10 12 1 1 10 12 1 9 12 1 1 9 12 9 12 1 1 10 100 1 100 1 10 12 1 10 8 1 10 10 12 1 8 1 10 8 1 10 7 12 1 1 1 7 1 10 12 1 10 12 1 100 1 10 12 1 10 12 1 1 7 1 10 100 1 10 10 12 1 1 11 12 1 1 11 12 1 100 1 10 10 10 100 12 1 1 11 100 12 1 1 1 100 1 10 11 100 12 1 1 11 100 12 1 10 12 1 10 12 1 1 10 100 12 1 1 10 12 1 1 10 12 1 1 10 12 1 1 10 100 12 1 1 1 8 10 100 12 1 1 100 1 8 1 10 4 4 10 12 1 1 10 12 1 8 1 4 10 12 10 100 12 1 1 1 100 1 11 100 12 1 1 1 10 100 12 1 1 1 10 12 1 10 12 1 1 10 100 1 100 1 1 1 1 1 1 5 0 1 1 1 1 1 3 1 3 1 3 1 1 1 1 1 1 1 1 1 1 1 1 1 1 1 1 1 1 1 1 1 1 1 1 1 100 1 1 1 1 1 1 1 1 1 1 1 1 1 1 1 1 1 1 1 1 1 1 1 1 1 1 1 1 1 100 1 1 1 1 1 1 1 1 1 1 1 1 1 1 100 1 1 1 1 1 1 1 1 1 1 1 1 1 1 1 1 1 1 1 1 1 1 1 1 1 1 1 1 1 1 1 1 1 1 1 1 1 1 1 1 1 1 1 1 100 1 1 1 100 1 1 1 1 1 100 1 1 1 1 1 1 1 1 1 1 1 1 1 1 1 1 1 1
ciInstanceKlass java/util/Map 1 1 297 11 7 12 1 1 1 11 12 1 1 10 7 12 1 1 11 12 1 1 11 100 12 1 1 1 11 100 12 1 1 1 11 12 1 1 7 1 11 12 1 11 12 1 100 1 100 1 10 12 1 1 11 100 12 1 1 1 11 100 12 1 1 1 11 12 1 11 12 1 10 12 1 1 11 12 1 11 7 12 1 9 7 12 1 1 1 7 1 10 12 7 1 7 1 10 12 1 7 1 10 100 1 11 12 1 11 12 1 1 11 12 1 1 100 1 11 12 1 1 11 12 1 1 100 1 11 10 100 12 1 1 1 10 12 1 1 1 1 1 1 1 1 1 1 1 1 1 1 1 1 1 1 1 1 1 1 1 1 1 1 1 1 1 1 1 1 1 1 1 1 1 1 1 1 1 1 1 1 1 1 1 1 1 1 1 1 1 1 1 1 1 1 1 1 1 1 1 1 1 1 1 1 1 1 1 1 1 1 1 1 1 1 1 1 1 1 1 1 1 1 1 1 1 1 1 1 1 1 1 1 1 1 1 1 1 1 1 1 1 1 1 1 1 1 1 1 1 1 1 1 1 1 1 1 1 1 1 1 1 100 1 1 1 1 1 1 1 1 1 1 1 1 1 1 1 1 1 1 1 1 1 1 1 1 1 1 1 1 1 1 1 100 1 100 1 1
ciInstanceKlass java/lang/String 1 1 1518 10 7 12 1 1 1 8 1 9 7 12 1 1 1 9 12 1 1 9 12 1 1 9 12 1 1 10 12 1 10 12 1 1 10 12 1 1 9 12 1 10 7 12 1 1 1 10 12 1 1 10 12 1 10 7 12 1 1 1 10 12 1 1 10 12 1 1 10 12 1 10 12 1 1 10 12 1 10 7 12 1 1 1 7 1 9 7 12 1 1 1 10 12 1 1 9 7 12 1 1 10 12 1 9 7 12 1 1 10 12 1 10 12 1 1 10 12 1 10 7 12 1 1 1 10 12 1 10 12 1 1 10 12 1 1 10 7 12 1 1 1 10 12 1 1 10 12 10 12 1 1 3 10 12 1 1 7 1 11 12 1 1 11 12 1 11 12 1 1 10 100 12 1 1 1 10 12 1 1 9 100 12 1 1 1 10 12 1 1 10 12 1 11 12 1 10 12 1 1 100 1 100 1 10 12 1 10 7 12 1 1 1 10 12 1 10 12 1 10 12 1 1 10 12 1 10 12 1 10 12 10 12 1 100 1 100 1 100 1 10 10 12 1 1 10 12 1 10 12 1 10 12 1 1 10 12 1 1 10 100 12 1 1 100 1 11 10 7 12 1 1 11 12 1 11 12 1 10 12 1 10 12 1 10 12 10 12 1 1 10 10 100 12 1 1 1 10 100 12 1 1 10 12 1 1 10 100 12 1 1 10 12 1 10 12 1 1 10 12 1 1 10 12 1 10 12 1 10 12 1 10 12 1 1 10 12 1 10 12 1 1 10 12 1 1 10 12 1 1 10 7 12 1 1 1 10 12 1 10 12 1 100 1 10 12 1 1 10 12 1 1 10 12 1 3 3 10 12 1 100 1 10 12 1 1 10 12 1 1 10 12 1 1 10 12 1 1 10 12 1 1 10 12 1 10 12 1 1 10 12 1 1 10 12 1 10 12 1 10 12 1 10 12 1 1 10 12 1 10 12 1 10 12 1 10 12 1 10 12 1 10 12 1 10 10 12 1 100 1 10 8 1 10 12 1 1 10 12 1 8 1 10 12 1 1 100 1 10 10 12 1 1 10 8 1 10 12 1 10 10 12 10 12 1 1 10 12 1 1 7 1 5 0 100 1 8 1 10 10 12 1 1 5 0 5 0 5 0 10 12 1 1 10 100 1 10 12 1 10 12 1 10 12 1 10 10 12 1 1 10 12 1 10 12 1 10 12 1 10 12 1 10 12 1 10 12 1 1 10 12 1 1 10 12 1 1 10 10 12 1 1 10 10 12 1 100 1 10 9 100 12 1 1 1 11 100 12 1 1 1 10 12 1 1 10 12 1 1 10 7 1 10 12 1 10 12 1 10 7 12 1 1 1 10 12 1 10 12 1 1 10 12 1 11 7 1 11 12 10 12 1 10 12 1 1 9 12 1 1 11 7 12 1 1 1 10 12 1 1 10 10 12 1 10 12 1 9 12 1 10 12 10 10 12 1 10 12 1 1 10 10 12 1 10 12 1 10 12 1 1 10 12 1 1 10 10 12 1 1 10 10 7 12 1 1 1 10 12 1 10 12 1 10 12 10 10 12 10 10 12 1 10 12 1 10 10 12 10 12 1 1 10 12 10 10 12 10 12 1 10 12 10 12 10 10 12 1 10 12 1 1 10 12 1 10 10 12 1 10 7 12 1 1 1 10 12 1 1 10 10 7 12 1 1 1 11 10 12 1 10 12 1 1 10 12 1 1 10 7 12 1 1 1 10 12 1 10 12 1 10 12 1 10 12 1 10 12 1 10 12 1 100 1 10 10 12 1 10 12 1 1 8 1 10 12 1 3 3 10 12 1 10 12 1 1 10 12 7 1 10 10 12 1 1 10 12 10 12 1 10 12 1 10 12 1 1 10 12 1 1 11 7 12 1 1 1 7 1 10 12 1 10 12 1 1 8 1 10 12 1 10 12 1 11 100 12 1 1 1 11 100 12 1 1 11 12 1 10 12 1 10 12 1 1 10 10 7 12 1 1 1 10 12 1 10 12 1 10 10 12 10 12 1 1 10 10 12 1 10 10 12 1 10 10 12 1 10 10 12 1 10 12 1 1 10 10 12 1 8 1 10 12 1 1 18 12 1 1 11 100 12 1 1 1 3 18 12 1 18 12 1 8 1 10 100 12 1 1 1 11 12 1 1 10 12 10 10 12 1 10 11 12 1 1 10 12 1 1 11 12 1 18 3 11 10 11 11 10 12 1 10 12 1 1 8 1 10 12 1 10 12 1 10 12 1 1 10 12 1 11 100 12 1 100 1 100 1 10 12 100 1 10 10 100 12 1 1 1 100 1 10 7 1 10 10 12 1 10 10 12 1 8 1 10 10 12 1 8 1 8 1 10 12 1 10 12 1 10 10 12 10 100 12 1 1 10 100 12 1 1 10 100 12 1 1 8 1 10 12 1 10 12 1 10 9 12 1 10 12 9 7 12 1 1 1 10 12 1 10 12 1 10 12 1 10 12 10 12 1 10 12 1 8 1 10 100 12 1 1 1 10 12 10 12 1 1 10 12 10 12 10 12 7 1 9 12 1 1 7 1 10 7 1 10 100 1 100 1 100 1 100 1 1 1 1 1 1 5 0 1 1 1 1 1 3 1 3 1 1 1 1 1 1 1 1 1 1 1 1 1 1 1 100 1 1 1 1 1 1 1 1 1 1 1 1 1 1 1 1 1 1 1 1 1 1 1 1 1 1 1 1 1 1 1 100 1 1 1 1 1 1 1 1 1 1 1 1 1 1 1 1 1 1 1 1 1 1 1 1 1 1 1 1 1 1 1 1 100 1 100 1 1 1 1 1 1 1 1 1 1 1 1 1 1 1 1 1 1 1 1 1 1 1 1 1 1 1 1 1 1 1 1 1 1 1 1 1 1 1 1 1 1 1 1 1 1 1 1 1 1 1 1 1 1 1 1 1 1 1 1 1 1 1 1 1 1 100 1 1 1 1 1 1 1 1 1 1 1 1 1 1 1 1 1 1 1 1 1 1 1 1 1 1 1 1 1 1 1 1 1 1 1 1 1 1 1 1 1 1 1 1 1 1 1 1 1 1 1 1 1 1 1 1 1 1 1 1 1 1 1 1 1 1 1 1 1 1 1 1 1 1 1 1 1 1 1 1 1 1 1 1 1 1 1 1 1 1 1 1 1 1 1 1 1 1 1 1 1 1 1 1 1 1 1 1 1 100 1 1 1 1 1 1 1 1 1 1 1 1 1 1 1 1 1 1 1 1 1 1 1 100 1 1 1 1 1 1 1 1 1 1 1 1 1 1 1 100 1 1 1 1 1 1 1 1 1 1 1 1 1 1 1 16 15 10 12 16 15 10 12 15 10 12 15 10 12 15 10 100 12 1 1 1 1 100 1 1 1 1 1 100 1 100 1 1 1 1
staticfield java/lang/String COMPACT_STRINGS Z 1
staticfield java/lang/String serialPersistentFields [Ljava/io/ObjectStreamField; 0 [Ljava/io/ObjectStreamField;
staticfield java/lang/String CASE_INSENSITIVE_ORDER Ljava/util/Comparator; java/lang/String$CaseInsensitiveComparator
staticfield java/lang/String UNICODE_CASEFOLD_ORDER Ljava/util/Comparator; java/lang/String$FoldCaseComparator
ciMethod java/lang/String equals (Ljava/lang/Object;)Z 638 0 7158 0 456
ciInstanceKlass java/lang/Comparable 1 0 12 100 1 100 1 1 1 1 1 1 1 1
ciInstanceKlass java/lang/CharSequence 1 1 145 11 7 12 1 1 1 18 12 1 1 100 1 10 100 12 1 1 1 18 10 100 12 1 1 1 11 12 1 1 11 100 1 11 12 1 1 10 100 12 1 1 1 11 12 1 1 10 12 1 1 10 12 1 100 1 10 12 1 1 10 100 12 1 1 1 100 1 10 10 12 1 1 100 1 1 1 1 1 1 1 1 1 1 1 1 1 1 1 1 1 1 1 1 1 1 1 1 1 1 1 1 1 1 1 1 1 1 1 1 1 1 1 1 16 1 15 11 12 16 15 11 12 15 10 100 12 1 1 1 1 1 100 1 100 1 1 100 1 1 100 1 100 1 1
ciMethod java/lang/String length ()I 554 0 895838 0 104
ciMethod java/lang/String charAt (I)C 530 0 4159598 0 200
ciInstanceKlass java/lang/constant/Constable 1 0 11 100 1 100 1 1 1 1 1 1 1
ciInstanceKlass java/lang/constant/ConstantDesc 1 0 37 100 1 100 1 1 1 1 100 1 1 1 1 100 1 100 1 100 1 100 1 100 1 100 1 100 1 100 1 100 1 1 100 1 100 1 1
ciInstanceKlass java/lang/AutoCloseable 1 0 12 100 1 100 1 1 1 1 7 1 1 1
ciInstanceKlass java/io/Closeable 1 0 14 100 1 100 1 100 1 1 1 1 7 1 1 1
ciInstanceKlass java/lang/Appendable 1 0 14 100 1 100 1 1 1 1 7 1 1 1 1 1
ciInstanceKlass java/util/Iterator 1 1 53 100 1 8 1 10 12 1 1 10 7 12 1 1 1 11 7 12 1 1 1 11 12 1 1 11 7 12 1 1 1 100 1 1 1 1 1 1 1 1 1 1 1 1 1 1 1 1 1 1 1 1 1
instanceKlass java/io/ObjectInputStream
instanceKlass com/google/common/io/BaseEncoding$StandardBaseEncoding$2
instanceKlass org/gradle/util/internal/BulkReadInputStream
instanceKlass org/apache/tools/ant/util/FileUtils$1
instanceKlass org/gradle/internal/remote/internal/inet/SocketConnection$SocketInputStream
instanceKlass org/gradle/internal/file/RandomAccessFileInputStream
instanceKlass sun/nio/ch/ChannelInputStream
instanceKlass org/gradle/internal/daemon/clientinput/StdInStream
instanceKlass com/esotericsoftware/kryo/io/Input
instanceKlass org/gradle/internal/serialize/kryo/KryoBackedDecoder$1
instanceKlass org/gradle/internal/serialize/AbstractDecoder$DecoderStream
instanceKlass org/gradle/internal/stream/EncodedStream$EncodedInput
instanceKlass java/util/zip/ZipFile$ZipFileInputStream
instanceKlass java/io/FilterInputStream
instanceKlass java/io/FileInputStream
instanceKlass java/io/ByteArrayInputStream
ciInstanceKlass java/io/InputStream 1 1 197 100 1 10 7 12 1 1 1 100 1 10 10 7 12 1 1 1 10 7 12 1 1 1 10 12 1 7 1 100 1 3 10 12 1 1 100 1 8 1 10 12 1 10 7 12 1 1 1 3 100 1 8 1 10 10 7 12 1 1 1 7 1 10 11 7 12 1 1 1 10 12 1 1 11 12 1 1 11 7 12 1 1 1 11 12 1 1 7 1 10 7 12 1 1 1 5 0 10 12 1 10 12 1 1 100 1 10 8 1 10 8 1 8 1 10 12 1 1 10 100 12 1 1 1 100 1 5 0 10 12 1 100 1 100 1 1 1 1 3 1 3 1 1 1 1 1 1 1 1 1 1 1 1 1 1 1 1 1 1 1 1 1 1 1 1 1 1 1 1 1 1 1 1 1 1 1 1 1 1 1 1 1 1 1 1 1 1 1 1 1 1 1 1 1 1 1
instanceKlass org/gradle/internal/classloader/CachingClassLoader
instanceKlass org/gradle/internal/classloader/MultiParentClassLoader
instanceKlass org/gradle/internal/classloader/FilteringClassLoader$RetrieveSystemPackagesClassLoader
instanceKlass org/gradle/internal/classloader/FilteringClassLoader
instanceKlass org/gradle/internal/classloader/FilteringClassLoader
instanceKlass java/security/SecureClassLoader
ciInstanceKlass java/lang/ClassLoader 1 1 1189 10 7 12 1 1 1 9 12 1 1 10 7 12 1 1 1 9 12 1 1 10 7 12 1 1 1 7 1 10 12 1 1 10 12 1 1 9 12 1 1 10 12 1 1 100 1 10 12 10 12 1 1 10 7 12 1 1 1 100 1 8 1 10 12 1 10 7 1 10 7 1 7 1 7 1 10 12 1 10 12 1 9 12 1 1 10 10 7 12 1 1 1 9 12 1 1 9 12 1 9 12 1 1 9 12 1 9 12 1 1 9 12 1 1 7 1 10 12 1 9 12 1 1 10 12 1 1 10 7 12 1 1 1 9 12 1 9 12 1 1 9 12 1 10 12 1 1 9 12 10 12 1 1 7 1 10 8 1 10 12 1 1 10 12 1 10 7 1 7 1 10 7 12 1 1 1 10 7 12 1 1 1 8 1 10 12 1 10 12 1 10 12 1 1 10 12 1 1 10 12 1 1 10 12 1 1 10 12 1 1 10 12 1 7 1 10 12 1 10 7 12 1 1 1 10 12 1 1 10 12 1 10 12 1 10 12 1 10 12 1 10 12 1 1 10 10 12 1 10 12 1 10 10 12 1 1 10 12 1 1 100 1 8 1 10 8 1 10 12 1 10 12 1 100 1 8 1 10 12 1 1 10 12 1 1 10 10 12 1 1 10 12 1 1 10 12 1 1 10 7 1 10 12 1 10 12 1 1 10 12 1 1 10 12 1 1 10 12 1 1 10 12 1 1 10 12 1 1 10 12 1 1 10 7 12 1 1 1 10 12 1 10 12 1 10 12 1 1 10 12 1 10 12 1 10 12 1 10 12 1 11 100 12 1 1 1 11 12 1 1 11 100 12 1 1 1 10 12 1 1 11 12 1 100 1 10 12 1 1 10 7 12 1 1 1 11 7 12 1 1 1 10 12 1 1 11 12 1 10 12 1 10 12 1 1 8 1 9 12 1 10 12 1 1 8 1 8 1 10 7 12 1 1 100 1 10 10 12 10 12 1 10 12 1 10 12 1 10 12 1 1 10 7 12 1 1 10 12 1 10 7 1 7 1 10 12 1 1 10 12 1 10 7 1 10 12 1 100 1 18 12 1 10 100 12 1 1 1 10 100 12 1 1 1 10 7 12 1 1 10 12 1 10 12 1 100 1 10 12 1 8 1 10 10 12 1 1 10 12 1 10 12 1 1 7 1 10 12 1 1 10 100 12 1 1 10 12 1 10 7 12 1 1 10 12 1 8 1 100 1 10 10 12 1 9 7 12 1 1 10 7 12 1 1 10 12 1 100 1 8 1 10 12 1 10 8 1 8 1 10 12 1 1 10 12 1 1 10 12 1 1 10 100 12 1 1 100 1 100 1 10 12 1 1 100 1 100 1 10 12 1 10 12 1 10 12 1 10 12 1 10 12 1 10 12 1 1 10 12 1 8 1 7 1 18 12 1 1 10 12 1 1 10 12 1 10 12 1 10 12 1 8 1 10 12 1 10 12 1 18 12 1 11 7 12 1 1 1 7 1 10 12 1 1 10 12 1 10 11 12 1 1 10 18 10 12 1 1 11 7 12 1 18 12 1 11 12 1 1 10 12 1 10 12 1 1 10 12 1 1 100 1 8 1 10 10 12 1 8 1 8 1 10 100 12 1 1 10 12 1 100 1 10 10 12 1 8 1 8 1 8 1 10 12 1 10 12 1 10 12 1 1 10 12 1 1 10 12 1 10 100 12 1 1 1 11 100 12 1 100 1 10 11 10 12 1 10 12 1 10 12 1 1 9 100 12 1 1 9 12 1 1 9 12 9 12 1 9 12 1 9 12 1 8 10 12 1 1 10 7 12 1 1 1 10 12 1 1 10 12 1 1 10 12 1 1 8 1 10 12 1 1 8 10 12 1 1 10 100 12 1 1 8 1 10 12 1 1 11 100 12 1 1 1 11 100 12 1 1 11 12 1 1 100 1 11 12 1 11 12 1 9 12 1 1 8 1 8 1 8 1 8 1 8 1 10 100 12 1 1 8 8 10 12 1 10 12 1 10 12 1 11 12 1 10 100 12 1 1 1 100 1 10 12 1 10 12 1 10 12 1 1 1 1 1 1 1 1 1 1 1 1 1 1 1 1 1 1 1 1 1 1 1 1 1 1 1 1 100 1 1 1 1 1 1 1 1 1 1 1 1 1 1 1 1 1 1 1 1 1 1 1 1 1 7 1 1 1 1 1 1 1 1 1 1 1 1 1 1 1 1 1 1 1 1 1 1 1 1 1 1 1 1 1 1 1 1 1 1 1 1 1 1 1 1 1 1 1 1 1 1 1 100 1 1 1 1 1 1 1 1 1 1 1 1 1 1 1 1 1 1 1 1 1 100 1 1 1 1 1 1 1 1 1 1 1 1 1 1 1 1 1 1 1 1 1 1 1 1 1 1 1 1 1 1 1 1 1 1 1 1 1 1 1 1 1 1 1 1 100 1 1 1 1 1 1 1 1 1 1 1 1 1 1 1 1 1 1 1 1 1 1 1 1 1 1 1 1 1 1 1 1 1 1 1 1 1 1 1 1 1 1 1 1 1 1 1 1 1 1 1 1 1 1 1 1 16 15 10 12 16 1 16 15 10 12 16 1 16 1 15 10 12 16 15 10 12 16 15 10 12 16 15 10 7 12 1 1 1 1 1 1 1 100 1 100 1 1
staticfield java/lang/ClassLoader nocerts [Ljava/security/cert/Certificate; 0 [Ljava/security/cert/Certificate;
staticfield java/lang/ClassLoader $assertionsDisabled Z 1
instanceKlass org/gradle/fileevents/internal/AbstractFileEventFunctions$AbstractFileWatcher$1
instanceKlass org/gradle/launcher/daemon/server/exec/DaemonConnectionBackedEventConsumer$ForwardEvents
instanceKlass org/gradle/launcher/daemon/server/exec/LogToClient$AsynchronousLogDispatcher
instanceKlass java/util/concurrent/ForkJoinWorkerThread
instanceKlass java/util/concurrent/DelayScheduler
instanceKlass java/util/logging/LogManager$Cleaner
instanceKlass jdk/internal/misc/InnocuousThread
instanceKlass java/lang/ref/Finalizer$FinalizerThread
instanceKlass java/lang/ref/Reference$ReferenceHandler
instanceKlass java/lang/BaseVirtualThread
ciInstanceKlass java/lang/Thread 1 1 756 9 7 12 1 1 1 9 7 12 1 1 1 9 12 1 9 12 1 10 12 1 1 9 12 1 1 10 7 12 1 1 10 12 1 10 100 12 1 1 100 1 8 1 10 12 1 1 9 12 1 1 9 12 1 9 12 1 1 7 1 10 12 1 1 10 12 1 7 1 10 12 10 12 1 1 9 12 1 1 10 12 1 100 1 10 12 1 10 12 1 1 10 12 1 1 10 12 1 10 12 1 1 100 1 8 1 10 9 7 12 1 1 1 10 12 1 1 10 3 8 1 100 1 5 0 10 7 12 1 1 1 9 12 1 10 12 1 1 10 7 1 100 1 8 1 10 10 12 1 10 12 1 1 10 12 1 1 10 7 12 1 1 10 12 1 10 12 1 10 7 12 1 1 5 0 9 12 1 10 7 12 1 1 1 10 12 1 1 9 12 1 1 10 100 12 1 1 10 100 12 1 1 1 10 12 1 10 12 1 1 9 12 1 1 10 7 12 1 1 9 12 1 8 1 9 100 12 1 1 1 5 0 100 1 10 100 1 10 100 1 10 7 1 10 8 1 10 12 1 1 10 7 12 1 10 12 1 10 12 1 100 1 8 1 10 10 12 1 10 12 1 1 10 100 12 1 1 1 10 100 12 1 1 1 10 12 1 7 1 9 12 1 1 100 1 10 10 12 1 9 12 1 1 10 12 1 1 10 12 1 1 10 12 1 10 12 1 9 12 1 1 10 10 12 1 1 10 12 1 1 11 7 12 1 1 10 100 12 1 1 9 12 1 1 9 12 1 1 10 100 12 1 1 10 12 1 1 10 12 1 10 100 12 1 1 10 12 1 9 12 1 1 10 12 1 11 100 12 1 1 11 12 1 10 12 1 10 12 1 10 12 1 9 12 1 10 10 12 1 10 12 1 1 9 12 1 9 12 10 12 1 8 1 10 12 1 10 12 1 10 12 1 10 12 1 10 12 1 1 10 12 1 10 12 1 1 10 100 12 1 1 10 12 1 10 12 1 10 12 1 10 12 1 1 9 7 12 1 1 1 8 1 10 9 12 1 10 12 1 100 1 8 1 10 10 12 1 8 1 10 12 1 1 9 12 8 1 10 10 12 1 10 12 1 8 1 10 12 1 10 8 1 9 12 1 1 10 12 1 1 10 10 12 1 10 12 1 100 10 7 12 1 1 1 10 12 1 1 10 12 1 1 10 100 12 1 1 1 11 100 12 1 1 1 10 12 1 1 9 12 1 10 12 1 10 12 1 1 11 100 12 1 1 1 10 12 1 1 1 1 3 1 3 1 3 1 3 1 1 1 1 1 1 1 1 1 1 1 1 1 1 1 1 1 1 1 1 1 1 1 1 1 1 1 100 1 1 1 1 1 1 1 1 1 1 1 1 1 1 1 1 1 1 100 1 1 1 1 1 1 1 1 1 1 1 1 1 1 1 100 1 1 1 1 1 1 1 1 1 1 1 1 1 1 1 1 1 1 1 1 1 1 1 1 1 1 1 1 1 1 1 1 1 1 1 1 1 1 1 1 1 1 1 1 1 1 1 1 1 1 1 1 1 1 1 1 1 1 1 1 1 1 1 1 1 1 1 1 100 100 1 1 1 1 1 1 1 1 1 1 1 1 1 1 1 1 1 1 1 1 1 1 1 100 1 100 1 100 1 1 1 1 100 1 1 1 1 1 1 1 1 1 1 1 1
staticfield java/lang/Thread NEW_THREAD_BINDINGS Ljava/lang/Object; java/lang/Class
staticfield java/lang/Thread EMPTY_STACK_TRACE [Ljava/lang/StackTraceElement; 0 [Ljava/lang/StackTraceElement;
ciInstanceKlass java/lang/Runnable 1 0 11 100 1 100 1 1 1 1 1 1 1
ciMethod java/lang/System arraycopy (Ljava/lang/Object;ILjava/lang/Object;II)V 256 0 128 0 -1
ciInstanceKlass java/lang/Class 1 1 1658 10 7 12 1 1 1 10 7 12 1 1 9 12 1 1 9 12 1 1 9 12 1 1 9 12 1 1 9 12 1 1 9 12 1 10 12 1 1 8 1 10 12 1 8 1 8 1 10 12 1 1 10 7 12 1 1 1 10 12 1 7 1 10 10 12 1 10 12 1 1 10 12 1 1 10 12 1 1 10 7 12 1 1 10 12 1 10 12 1 10 12 1 1 10 12 1 8 1 10 12 1 8 1 10 12 1 8 1 8 1 10 12 1 1 10 100 12 1 1 1 18 12 1 1 11 100 12 1 1 1 8 1 8 1 8 1 10 100 12 1 1 1 11 12 1 1 8 1 10 12 1 10 10 12 1 1 10 12 1 8 1 10 12 1 1 8 1 10 12 1 10 12 1 1 11 7 12 1 1 1 11 100 12 1 1 1 11 8 1 18 8 1 10 12 1 10 7 12 1 1 10 12 1 1 10 12 1 1 10 7 12 1 1 1 10 12 1 1 10 12 1 1 10 7 12 1 1 1 10 7 12 1 1 1 10 7 12 1 10 12 1 1 10 7 1 10 12 1 8 1 10 8 1 8 1 8 1 8 1 8 1 8 1 8 1 8 1 9 100 12 1 1 9 100 1 9 100 1 9 100 1 9 100 1 9 100 1 9 100 1 9 100 1 9 100 1 9 12 1 1 100 1 8 1 10 12 10 12 1 1 100 1 10 12 1 1 10 7 12 1 1 1 10 7 12 1 1 1 7 1 100 1 10 10 12 1 1 10 12 1 1 100 1 10 100 12 1 1 1 10 12 1 1 10 12 1 1 10 12 9 12 1 1 10 12 1 9 12 1 1 9 12 1 1 10 12 1 1 10 7 1 10 12 1 10 12 1 1 10 9 12 1 10 12 1 8 1 10 12 1 1 10 12 1 1 10 12 1 10 12 1 10 12 1 1 9 7 12 1 1 1 10 12 1 10 7 12 1 1 10 12 1 10 12 1 10 12 1 10 12 1 9 100 12 1 1 1 9 12 1 10 12 1 10 12 1 1 9 12 1 1 10 7 10 12 1 1 10 7 12 1 1 10 12 1 10 10 7 12 1 1 1 11 7 12 1 1 9 12 1 11 12 1 1 10 12 1 10 12 1 1 10 7 1 10 10 12 1 1 10 12 1 1 10 12 1 10 10 12 1 1 100 1 8 1 10 10 12 1 1 10 12 1 100 1 11 12 1 10 12 1 1 10 12 1 10 12 1 10 12 1 1 8 1 10 12 1 8 1 9 12 1 10 12 1 10 12 1 10 12 1 10 12 100 1 9 12 1 10 12 1 9 12 1 10 12 1 10 12 1 10 12 1 10 10 12 1 10 12 1 10 12 1 10 12 1 10 12 1 10 12 1 7 1 10 10 12 1 10 12 1 11 12 1 10 12 1 1 10 12 1 1 10 12 1 1 10 12 1 1 10 12 1 1 10 12 1 1 100 1 10 10 12 1 1 10 12 1 1 10 12 1 1 10 10 12 1 10 12 1 1 10 12 1 1 10 12 1 1 10 12 1 1 10 12 10 12 1 1 10 7 12 1 1 1 10 12 1 10 12 1 1 10 12 1 10 100 12 1 1 10 12 1 1 10 10 12 1 1 100 1 10 10 12 1 1 10 100 12 1 1 1 100 1 100 1 10 12 1 1 10 12 1 10 10 12 1 1 10 12 1 10 12 1 10 12 1 10 100 12 1 1 1 11 7 12 1 1 10 12 1 10 12 1 9 100 12 1 1 8 1 10 12 1 10 12 1 10 12 1 10 12 1 1 9 12 1 9 12 1 1 10 7 12 1 1 9 12 1 10 12 1 1 10 10 12 1 10 7 12 1 1 1 10 7 12 1 1 1 10 7 12 1 1 9 12 1 1 10 12 1 9 12 1 10 12 1 1 10 12 1 10 12 1 1 9 12 1 1 9 12 1 10 12 1 10 12 1 1 9 12 1 100 1 10 10 12 1 1 7 1 10 100 11 100 1 9 12 1 1 9 12 1 10 12 1 9 12 1 1 9 12 1 10 12 1 10 12 1 1 9 12 1 7 1 10 10 12 1 1 10 10 12 1 10 12 10 10 12 1 10 12 1 1 10 12 1 8 10 7 8 1 18 8 1 8 1 10 12 1 9 12 1 9 12 1 1 10 12 1 7 1 7 1 10 12 1 9 12 1 1 10 10 12 1 9 12 1 8 1 10 12 1 10 10 12 1 1 100 1 100 1 9 12 1 100 1 8 1 10 10 7 12 1 1 1 10 12 11 7 12 1 1 1 10 12 1 10 12 1 1 10 8 1 10 12 1 8 1 10 12 1 1 9 7 12 1 1 11 12 7 1 11 7 12 1 1 9 12 1 10 100 12 1 1 1 10 7 12 1 1 10 12 1 1 9 12 1 9 10 12 1 1 10 12 1 1 10 12 1 1 10 12 1 1 10 12 1 1 11 12 1 11 12 1 1 11 7 12 1 1 11 12 1 7 1 11 12 1 10 7 12 1 1 1 10 12 1 11 12 1 10 7 12 1 1 1 10 12 1 10 7 12 1 1 1 11 12 1 11 12 1 1 10 12 1 10 12 1 1 9 12 1 1 10 12 1 10 100 12 1 1 1 10 12 1 1 10 12 1 10 12 1 10 12 1 10 7 12 1 1 1 10 12 1 8 1 10 12 1 10 12 1 10 12 1 8 1 8 1 10 7 12 1 1 10 7 12 1 1 100 1 10 12 10 7 12 1 1 1 10 7 12 1 1 1 10 12 1 1 10 12 1 18 12 1 1 11 12 1 1 18 11 12 1 18 12 1 11 12 1 10 12 1 10 12 1 100 1 8 1 8 1 10 10 12 10 12 1 8 1 10 12 1 7 1 9 12 1 1 100 1 100 1 100 1 100 1 1 1 3 1 3 1 3 1 1 1 1 1 1 1 1 1 5 0 1 1 1 1 1 1 1 1 1 1 1 1 1 1 1 1 1 1 1 1 1 1 1 1 1 1 1 1 1 100 1 1 1 1 1 1 1 1 1 1 1 100 1 1 1 1 1 1 1 1 1 1 1 1 1 1 1 1 1 1 1 1 1 1 1 1 1 1 1 1 1 1 1 1 1 1 1 1 100 1 1 1 1 1 1 1 1 1 1 1 1 1 1 1 1 1 1 1 1 1 1 1 1 1 1 1 1 1 1 100 1 1 1 1 1 1 1 1 1 1 1 1 1 1 1 1 1 1 1 1 1 1 1 1 1 1 1 1 1 1 1 1 1 1 1 1 1 1 1 1 1 1 1 1 1 1 1 1 1 1 1 1 1 1 1 1 1 1 1 100 1 100 1 1 1 1 1 1 1 1 1 1 1 1 1 1 1 1 1 1 1 1 1 1 1 1 1 1 1 1 1 1 1 1 1 1 1 1 1 1 1 1 1 1 1 1 1 1 1 1 1 1 1 1 1 1 1 1 1 1 1 1 1 1 1 1 1 1 1 1 1 1 1 1 1 1 1 1 1 1 1 1 1 1 1 1 1 1 1 1 1 1 1 1 1 1 1 1 1 1 1 1 1 1 1 1 1 1 1 1 1 1 1 1 1 1 1 1 1 1 1 1 1 1 16 15 10 12 16 15 11 12 16 1 15 10 12 16 16 15 10 12 16 15 16 1 15 10 12 16 15 10 100 12 1 1 1 1 1 100 1 1 1 1 1 1 1 1 100 1 1 100 1 100 1 1 100 1 100 1 1
staticfield java/lang/Class EMPTY_CLASS_ARRAY [Ljava/lang/Class; 0 [Ljava/lang/Class;
staticfield java/lang/Class serialPersistentFields [Ljava/io/ObjectStreamField; 0 [Ljava/io/ObjectStreamField;
ciInstanceKlass java/lang/reflect/AnnotatedElement 1 1 165 11 7 12 1 1 1 11 12 1 1 100 1 10 100 12 1 1 1 10 12 1 1 10 12 1 1 10 12 1 10 100 12 1 1 1 11 12 1 1 11 100 12 1 1 10 100 12 1 1 1 10 12 1 10 100 12 1 1 1 18 12 1 1 11 100 12 1 1 18 12 1 18 12 1 1 10 100 12 1 1 1 11 100 12 1 1 1 100 1 10 100 12 1 1 1 1 1 1 1 1 1 1 1 1 1 1 1 1 1 1 1 1 1 1 1 1 1 1 100 1 1 1 1 1 1 1 1 1 1 1 16 15 16 1 16 1 15 11 12 16 16 1 15 10 100 12 1 1 1 16 1 15 10 100 12 1 1 1 1 100 1 100 1 1
ciInstanceKlass java/lang/reflect/Type 1 1 17 11 7 12 1 1 1 100 1 1 1 1 1 1 1 1 1
ciInstanceKlass java/lang/invoke/TypeDescriptor 1 0 17 100 1 100 1 1 1 1 1 1 100 1 100 1 1 1 1
ciInstanceKlass java/lang/invoke/TypeDescriptor$OfField 1 0 21 100 1 100 1 100 1 1 1 1 1 1 1 1 1 1 1 1 1 1 1
ciInstanceKlass java/lang/reflect/GenericDeclaration 1 0 30 100 1 100 1 100 1 1 1 1 1 1 1 1 100 1 8 1 1 12 10 1 1 1 8 1 1 1 8 1
ciInstanceKlass java/lang/Module 1 1 1098 10 7 12 1 1 1 9 7 12 1 1 1 10 7 12 1 1 1 9 12 1 9 12 1 1 9 12 1 1 10 12 1 1 10 12 1 10 12 1 1 10 7 12 1 1 1 7 1 10 7 12 1 1 1 10 12 1 1 11 7 12 1 1 1 10 12 1 1 10 12 1 8 1 10 7 12 1 1 1 10 7 12 1 1 1 10 7 12 1 1 1 10 12 1 1 10 12 1 9 12 1 1 10 7 12 1 1 1 9 7 12 1 1 1 100 1 10 8 1 10 12 1 1 10 12 1 10 12 8 1 10 7 12 1 1 1 10 100 12 1 1 1 10 100 12 1 1 1 8 1 10 12 1 8 1 9 12 1 100 1 8 1 10 12 1 10 8 1 8 1 8 1 10 7 12 1 1 1 8 1 10 100 12 1 1 1 8 1 10 100 12 1 1 10 12 1 10 12 1 9 12 1 1 11 12 1 9 7 12 1 1 10 7 12 1 1 1 10 100 12 1 1 1 10 12 1 1 8 1 10 12 1 1 10 12 1 10 12 1 1 9 7 12 1 1 1 10 12 1 1 10 12 1 1 9 12 1 10 12 1 10 12 1 10 12 1 9 12 1 1 11 7 12 1 1 10 12 1 1 9 12 1 9 12 1 10 12 1 10 12 1 100 1 8 1 10 10 12 1 1 10 12 1 8 1 10 12 1 10 12 1 1 10 12 1 10 12 1 1 8 1 8 1 10 12 1 1 10 12 1 10 12 1 1 18 12 1 1 10 12 1 1 11 12 1 9 12 1 11 12 7 1 10 12 1 18 12 1 11 12 1 1 11 12 1 1 11 12 1 10 12 1 1 10 12 1 1 9 12 1 10 12 10 7 12 1 1 10 7 1 18 12 1 1 11 100 12 1 1 1 18 12 1 11 12 1 1 10 100 12 1 1 1 11 12 1 1 10 7 12 1 1 11 12 1 1 10 12 1 1 7 1 11 12 1 7 1 7 1 10 12 1 10 7 12 1 1 1 10 7 12 1 1 1 10 11 7 12 1 8 1 10 12 1 10 12 1 1 10 7 12 1 1 10 12 1 10 12 1 7 1 10 12 1 10 11 12 1 10 12 11 12 1 1 11 7 12 1 1 11 12 1 1 10 12 1 1 9 12 1 1 100 1 10 10 12 1 1 11 100 1 10 12 1 1 11 12 1 10 11 10 12 1 11 10 12 1 1 10 12 1 1 10 12 1 1 10 7 12 1 1 10 12 1 10 12 1 1 10 10 12 1 1 10 12 1 18 12 1 11 12 1 18 12 1 10 12 1 10 12 1 10 12 7 1 10 12 1 10 12 1 10 12 1 9 12 1 7 1 10 10 10 10 12 1 10 12 1 10 12 1 10 12 1 1 10 12 1 1 10 12 1 9 12 1 10 12 1 100 1 8 1 10 12 1 1 10 12 1 10 100 12 1 1 100 1 10 12 1 1 100 1 8 1 100 1 9 100 12 1 1 1 11 100 12 1 1 10 12 1 1 11 12 1 1 18 12 1 1 11 12 1 1 100 1 10 12 1 10 12 1 1 100 1 100 1 10 12 8 1 10 12 1 1 10 12 1 1 10 100 12 1 1 10 12 1 1 10 12 1 10 12 10 12 1 1 100 1 10 10 12 1 1 10 100 12 1 1 1 100 1 10 100 12 1 1 1 10 100 12 1 1 8 1 18 12 1 1 100 1 100 1 9 12 1 1 9 12 1 9 12 1 11 100 12 1 1 1 100 1 11 12 1 1 100 1 10 12 1 8 1 10 12 1 10 12 10 12 1 8 1 10 10 100 12 1 1 10 12 1 1 7 1 10 10 12 1 10 7 12 1 1 9 12 1 9 12 1 9 12 1 9 12 1 9 12 1 10 12 10 12 1 100 1 1 1 1 1 1 1 1 1 1 1 1 1 1 1 1 1 1 1 1 1 1 1 1 1 1 1 1 1 1 1 1 1 1 1 1 1 1 1 1 1 1 1 1 1 1 1 1 1 1 1 1 1 1 1 1 1 1 1 1 1 1 1 1 1 1 1 1 1 1 1 1 1 1 1 1 1 1 1 1 1 1 1 1 1 1 1 1 1 1 1 1 1 1 1 1 1 1 1 1 1 1 1 1 1 1 1 1 1 1 1 100 100 1 1 1 1 1 1 1 1 1 1 1 1 1 1 1 1 1 1 1 1 1 1 1 1 1 1 100 1 100 1 1 1 1 1 1 1 1 1 1 1 1 1 1 1 1 1 1 100 1 1 1 1 1 1 1 1 1 1 1 1 1 1 1 1 1 1 1 1 1 1 1 1 1 1 1 16 15 10 12 16 15 10 12 16 1 16 15 10 12 16 16 15 10 16 1 15 10 12 16 1 15 10 12 16 1 16 1 15 10 12 16 15 10 7 12 1 1 1 15 10 100 12 1 1 1 1 1 1 1 1 1 1 1 1 1 1 100 1 100 1 1
staticfield java/lang/Module ALL_UNNAMED_MODULE Ljava/lang/Module; java/lang/Module
staticfield java/lang/Module ALL_UNNAMED_MODULE_SET Ljava/util/Set; java/util/ImmutableCollections$Set12
staticfield java/lang/Module EVERYONE_MODULE Ljava/lang/Module; java/lang/Module
staticfield java/lang/Module EVERYONE_SET Ljava/util/Set; java/util/ImmutableCollections$Set12
staticfield java/lang/Module $assertionsDisabled Z 1
ciInstanceKlass java/lang/StringLatin1 1 1 440 7 1 10 100 12 1 1 1 10 12 1 1 100 1 10 7 12 1 1 1 10 7 12 1 1 1 10 12 1 10 7 12 1 1 1 10 12 1 1 10 7 12 1 1 1 10 7 12 1 1 1 10 12 1 1 10 12 1 1 10 10 12 1 10 12 1 10 9 7 12 1 1 1 10 12 1 1 10 100 12 1 1 1 10 12 10 12 1 1 10 12 10 12 1 1 3 10 100 12 1 1 1 10 12 1 1 5 0 10 12 1 1 10 12 1 5 0 10 12 1 10 12 1 1 10 12 1 1 10 12 1 10 12 1 1 10 12 1 10 7 12 1 1 10 12 1 10 12 1 1 9 12 1 1 100 1 10 10 12 1 1 10 7 12 1 1 1 10 12 1 10 12 1 100 1 100 1 8 1 10 12 1 8 1 100 1 10 10 12 1 10 7 12 1 1 1 8 1 8 1 8 1 10 12 1 1 10 10 100 12 1 1 10 12 1 10 12 1 1 10 12 1 1 10 12 1 1 10 12 1 10 12 10 12 10 12 1 10 12 10 10 12 1 10 12 1 10 12 1 10 100 12 1 1 1 10 100 12 1 1 1 10 12 1 1 10 10 7 12 1 1 1 1 1 1 1 1 1 1 1 1 1 1 1 1 1 1 1 1 1 1 1 1 1 1 1 1 1 1 1 1 1 1 1 1 1 1 1 1 1 1 1 1 1 1 100 1 1 1 1 1 1 1 1 1 1 1 1 1 1 1 1 1 1 1 1 1 1 1 1 1 1 1 1 1 1 1 1 1 1 1 1 1 1 1 1 1 1 1 1 1 1 1 1 1 1 1 1 1 1 1 1 1 1 1 1 1 1 1 1 1 100 1 1 1 1 1 1 1 1 1 1 1 1 1 1 1 1 1 1 1 1 100 1 1 1 1 1 1 1 1 1 1 1 1 1 1 1 1 1 1 1 1 1 1 1 1 1 1 1 1 1 1 1 100 1 1 1 1
staticfield java/lang/StringLatin1 $assertionsDisabled Z 1
ciInstanceKlass java/lang/Math 1 1 480 7 1 7 1 10 100 12 1 1 1 10 7 12 1 1 1 10 12 1 10 12 1 10 12 1 10 12 1 10 12 1 6 0 6 0 10 12 1 10 12 1 10 12 1 10 12 1 10 12 1 10 12 1 1 10 12 1 10 12 1 10 12 1 10 12 1 10 12 1 10 7 12 1 1 1 100 1 3 3 3 10 12 1 1 100 1 5 0 5 0 5 0 5 0 5 0 9 100 12 1 1 1 10 100 12 1 1 1 100 1 8 1 10 12 1 8 1 10 12 1 1 10 12 1 1 100 1 5 0 5 0 100 1 3 5 0 3 5 0 10 12 1 10 12 1 10 12 1 10 12 1 10 12 1 8 1 10 12 1 8 1 10 12 1 1 10 12 1 1 9 12 1 1 9 12 1 100 1 100 1 10 10 12 1 1 8 1 10 12 1 10 12 1 1 10 10 12 1 10 12 1 10 12 1 10 12 1 1 8 1 8 1 10 12 1 1 10 12 1 10 12 10 12 10 12 1 10 12 1 10 12 1 10 12 1 10 12 6 0 10 12 1 9 12 1 1 100 1 10 10 12 1 100 1 10 12 1 10 12 1 1 10 12 1 10 12 1 10 12 10 12 1 1 10 12 1 1 10 12 1 1 10 12 6 0 10 12 1 1 10 12 10 12 1 4 10 12 1 10 12 1 10 12 10 12 1 10 12 1 10 12 1 10 12 1 10 12 1 10 12 1 5 0 6 0 4 6 0 4 6 0 4 10 12 1 6 0 6 0 10 12 1 10 12 8 1 10 12 1 10 12 1 8 1 8 1 10 12 10 12 10 7 12 1 1 1 4 6 0 1 1 1 6 0 1 6 0 1 6 0 1 1 1 1 1 1 1 1 1 1 1 1 1 1 1 1 1 1 1 1 1 1 1 1 1 1 1 1 1 1 1 1 1 1 1 1 1 1 1 1 1 1 1 1 1 1 1 1 1 1 1 1 1 1 1 1 1 1 1 1 1 1 1 1 1 1 1 1 1 1 1 1 1 1 1 1 1 1 1 1 1 1 1 1 1 1 1 1 1 1 1 1 1 1 1 1 1 1 1
staticfield java/lang/Math negativeZeroFloatBits J -2147483648
staticfield java/lang/Math negativeZeroDoubleBits J -9223372036854775808
staticfield java/lang/Math $assertionsDisabled Z 1
ciInstanceKlass java/util/Arrays 1 1 1020 10 7 12 1 1 1 10 100 12 1 1 1 10 7 12 1 1 1 10 12 1 10 12 1 10 12 1 10 12 1 10 12 1 10 12 1 10 100 12 1 1 1 100 1 7 1 10 8 1 10 12 1 1 10 12 1 8 1 8 1 10 12 1 1 10 12 1 100 1 10 12 1 9 100 12 1 1 1 10 7 12 1 1 100 1 10 12 1 1 10 7 12 1 1 10 7 12 1 1 1 100 1 10 12 1 10 12 1 1 7 1 9 7 12 1 1 1 10 12 1 1 10 7 12 1 1 10 12 1 10 12 1 1 10 12 1 10 12 1 1 7 1 11 12 1 1 10 12 1 10 7 12 1 1 1 10 12 10 12 1 10 12 1 10 12 10 12 1 11 7 12 1 1 1 10 7 12 1 1 1 100 1 10 12 1 10 100 1 10 12 1 10 100 1 10 12 1 10 100 1 10 12 1 10 10 12 1 1 10 12 1 10 12 1 10 12 1 10 12 1 10 12 1 10 100 12 1 1 1 10 12 1 10 100 12 1 1 1 10 12 1 10 12 1 10 7 12 1 1 1 10 12 1 10 12 1 10 12 1 10 12 1 10 12 1 10 12 1 10 12 1 10 12 1 10 12 1 10 12 1 10 12 1 10 12 1 10 12 1 10 12 1 10 12 1 10 12 1 1 10 12 1 1 10 7 12 1 1 1 10 7 1 10 100 1 10 100 1 10 7 1 10 7 1 10 100 1 10 100 1 10 100 1 10 12 1 8 1 7 1 10 12 10 100 12 1 1 1 10 12 10 12 1 10 12 1 10 12 1 10 100 12 1 1 10 12 10 12 1 10 12 1 10 12 10 12 1 1 10 12 1 1 9 100 12 1 1 1 10 12 1 9 100 1 10 12 1 9 10 12 1 9 100 1 10 12 1 9 100 1 10 12 1 9 10 12 1 9 10 12 1 10 12 1 10 12 1 9 12 1 100 1 10 10 12 1 1 10 12 1 10 12 1 10 12 1 10 12 1 10 12 1 10 12 1 10 12 1 10 12 1 10 12 1 8 1 8 1 10 12 1 10 12 1 8 1 10 12 1 10 12 1 10 12 1 10 100 12 1 1 1 3 10 7 1 10 10 12 1 1 11 100 12 1 1 10 12 1 1 10 12 1 10 12 1 10 12 1 10 12 1 10 12 1 10 12 1 10 12 1 10 12 1 11 12 1 8 1 10 11 12 1 11 100 12 1 1 1 11 100 12 1 1 1 11 12 1 1 18 12 1 1 11 12 1 1 11 100 12 1 1 1 18 12 1 11 100 12 1 1 1 18 12 1 11 100 12 1 1 1 18 12 1 100 1 10 7 12 1 1 1 10 12 1 10 12 1 10 12 1 10 12 1 10 12 1 10 12 1 10 12 1 10 12 1 1 10 12 1 10 7 12 1 1 10 12 1 10 12 1 10 12 1 1 10 12 1 10 12 1 10 12 1 1 10 12 1 10 12 1 10 12 1 1 10 12 1 10 12 1 10 12 1 10 12 1 10 12 10 12 1 10 12 10 12 10 12 1 10 12 10 12 1 10 12 1 10 12 1 1 1 1 3 1 3 1 1 1 1 1 1 1 1 1 1 1 1 1 1 1 1 1 1 1 1 1 1 1 1 1 1 1 1 1 1 1 1 1 1 1 1 1 1 1 1 1 1 1 1 1 1 1 1 1 1 1 1 1 1 1 1 1 1 1 1 1 1 1 1 1 1 1 1 1 1 1 1 1 1 1 1 1 1 1 1 1 1 1 1 1 1 1 1 1 1 1 1 1 1 1 1 1 1 1 1 1 1 1 1 1 1 1 1 1 1 1 1 1 1 1 1 1 1 1 1 1 1 1 1 1 1 1 1 1 1 1 1 1 1 1 1 1 1 1 1 1 1 1 1 1 1 1 1 1 1 1 1 1 1 1 1 1 1 1 1 1 1 1 1 1 1 1 1 1 1 1 1 1 1 1 1 1 1 1 1 1 1 1 1 1 1 1 1 1 1 1 1 1 1 1 1 1 1 1 1 1 1 1 1 1 1 1 1 1 1 1 1 1 1 1 1 1 1 1 1 1 1 1 1 1 1 1 1 1 1 1 1 1 1 1 1 1 1 1 1 1 1 1 1 1 1 1 1 1 1 1 1 1 1 1 1 1 1 1 1 100 1 1 16 15 10 12 15 10 12 15 10 12 15 10 12 15 10 100 12 1 1 1 1 1 100 1 100 1 1 1 1 100 1 1 1 1 1 1 100 1 1 100 1 1 100 1 1 1 100 1 100 1 1
staticfield java/util/Arrays $assertionsDisabled Z 1
ciMethod java/lang/StringLatin1 equals ([B[B)Z 604 704 5954 0 -1
ciMethod java/lang/StringLatin1 charAt ([BI)C 530 0 4161508 0 0
ciMethod java/lang/StringLatin1 newString ([BII)Ljava/lang/String; 524 0 5110 0 0
ciInstanceKlass java/lang/StringUTF16 1 1 650 100 1 7 1 10 100 12 1 1 1 10 7 12 1 1 1 100 1 10 3 100 1 100 1 10 8 1 10 12 1 1 10 12 1 8 1 10 12 1 1 10 12 1 9 12 1 1 10 12 1 1 100 1 8 1 10 12 1 9 12 1 1 9 12 1 10 10 12 1 1 10 12 1 1 10 100 12 1 1 1 10 12 1 10 12 1 1 10 12 1 1 10 12 1 1 10 12 1 1 10 12 1 10 12 1 1 10 12 1 1 10 12 1 1 10 12 1 1 10 12 1 1 10 12 1 10 100 12 1 1 1 10 12 1 1 10 100 12 1 1 1 10 12 1 1 10 12 1 10 12 1 1 10 12 1 1 10 12 1 1 10 12 1 10 12 1 100 1 10 12 1 10 10 12 1 10 12 1 1 10 12 1 10 100 12 1 1 1 10 12 1 1 10 12 10 12 1 1 10 12 1 10 12 1 1 10 12 1 10 12 1 10 12 1 10 12 1 10 12 1 3 10 100 12 1 1 1 10 12 1 1 5 0 5 0 10 12 1 10 7 12 1 1 1 3 10 12 1 10 12 1 10 12 1 10 12 1 10 12 1 10 12 1 1 9 12 1 10 12 1 10 12 10 12 1 1 10 12 1 10 12 1 10 12 1 10 10 12 10 12 10 10 12 1 1 10 12 1 10 12 1 10 12 1 100 1 8 1 8 1 10 12 1 1 100 1 10 10 100 12 1 1 1 10 100 12 1 1 8 1 8 1 8 1 10 12 1 1 10 12 1 1 10 12 10 100 12 1 1 10 12 1 1 10 12 1 1 10 12 1 10 12 10 12 10 12 1 10 12 10 12 1 10 12 1 10 12 1 10 12 1 10 100 12 1 1 1 10 100 12 1 1 1 10 7 12 1 1 1 9 12 1 1 9 12 1 10 12 1 1 11 100 12 1 1 10 12 1 1 10 12 1 10 12 10 12 10 7 12 1 1 1 8 1 9 12 1 9 12 1 8 1 10 12 1 1 1 1 1 1 1 1 1 1 1 1 1 1 1 1 1 1 1 1 1 1 1 1 1 1 1 1 1 1 100 1 1 1 1 1 1 1 1 1 1 1 1 1 1 1 1 1 1 1 1 1 1 1 1 1 1 1 1 1 1 1 1 1 1 1 1 1 1 1 1 1 1 1 1 1 1 1 1 1 1 1 1 1 1 1 1 1 1 1 1 1 1 1 1 1 1 1 1 1 1 1 1 1 1 1 1 1 1 1 1 1 1 1 1 1 1 1 1 1 1 1 1 1 1 1 1 1 1 100 1 1 1 1 1 1 1 1 1 1 1 1 1 1 1 1 1 100 1 1 1 1 1 1 1 1 1 1 1 1 1 1 1 1 1 1 1 1 1 1 1 1 1 1 1 1 1 1 1 1 1 1 1 1 1 1 1 1 1 1 1 1 1 1 1 1 1 100 1 100 1 1 1 1 1
staticfield java/lang/StringUTF16 HI_BYTE_SHIFT I 0
staticfield java/lang/StringUTF16 LO_BYTE_SHIFT I 8
staticfield java/lang/StringUTF16 $assertionsDisabled Z 1
ciInstanceKlass jdk/internal/misc/Unsafe 1 1 1272 10 7 12 1 1 1 10 7 12 1 1 9 12 1 1 9 12 1 1 10 12 1 1 10 7 12 1 1 1 10 12 1 1 10 12 1 1 10 12 1 1 10 12 1 1 10 12 1 1 10 12 1 1 10 12 1 1 10 12 1 1 10 12 1 1 10 12 1 1 10 12 1 1 10 12 1 1 10 12 1 1 10 12 1 10 12 1 100 1 10 10 12 1 1 10 12 1 1 5 0 10 12 1 1 10 12 1 1 10 7 12 1 1 1 10 12 1 1 10 12 1 10 12 1 10 12 1 1 10 12 1 1 10 12 1 10 12 1 100 1 100 1 10 8 1 10 12 1 1 10 12 1 8 1 10 12 1 1 10 12 1 10 12 1 10 12 1 1 10 12 1 10 12 1 1 10 12 1 1 10 12 1 10 12 1 10 12 1 10 12 1 1 10 12 1 10 12 1 10 12 1 1 10 12 1 5 0 5 0 5 0 10 12 1 10 12 1 10 12 1 10 12 1 10 12 1 10 12 1 10 12 1 10 12 1 10 12 1 1 10 12 1 10 12 1 100 1 8 1 10 100 1 10 10 12 1 1 10 12 1 1 8 1 8 1 8 1 100 1 8 1 10 12 1 10 100 12 1 1 1 10 10 12 1 10 12 1 1 10 12 1 1 10 12 1 10 12 1 1 10 12 1 9 7 12 1 1 9 12 1 100 1 10 10 12 1 1 8 1 10 8 1 8 1 10 12 1 1 9 7 12 1 1 1 9 100 1 9 7 1 9 7 1 9 9 100 1 9 7 1 9 100 1 10 12 1 1 10 12 1 1 10 12 1 1 10 12 1 1 5 0 5 0 9 12 1 1 10 12 1 10 12 1 10 12 1 1 10 12 1 1 10 12 1 8 1 3 10 12 1 1 10 12 1 1 10 12 1 10 12 1 1 10 12 1 1 10 12 1 10 12 1 10 12 1 10 12 1 10 12 1 10 12 1 1 10 12 1 1 10 12 1 10 12 1 10 12 1 10 12 1 10 12 1 10 12 1 1 10 12 1 1 10 12 1 10 12 1 10 12 1 10 12 1 10 12 1 10 12 1 1 10 12 1 1 10 12 1 1 10 12 1 1 10 12 1 10 12 1 10 12 1 10 12 1 10 12 1 10 12 1 10 12 1 1 10 12 1 1 10 12 1 10 12 1 10 12 1 10 12 1 10 12 1 10 12 1 10 12 1 1 10 12 1 1 10 12 1 10 12 1 10 12 1 10 12 1 10 12 1 10 12 1 10 12 1 10 12 1 1 10 12 1 10 12 1 10 12 1 10 12 1 10 12 1 1 10 12 1 10 12 1 10 12 1 10 12 1 10 12 1 10 12 1 10 12 1 10 12 1 1 10 12 1 10 12 1 10 12 1 10 12 1 10 12 1 10 12 1 1 10 12 1 10 12 1 10 12 1 1 10 12 1 10 12 1 10 12 1 10 12 1 10 12 1 10 12 1 10 12 1 10 12 1 10 12 1 10 12 1 10 12 1 10 12 1 10 12 1 10 12 1 10 12 1 10 12 1 10 12 1 10 12 1 10 12 1 10 12 1 10 12 1 10 12 1 10 12 1 100 1 10 100 1 10 9 12 1 5 0 10 12 1 1 5 0 10 12 1 5 0 10 12 1 10 12 1 10 12 1 1 10 12 1 1 10 12 1 10 12 1 10 12 1 10 12 1 1 10 12 1 10 12 1 10 12 1 10 12 1 10 12 1 1 10 12 1 10 12 1 10 12 1 10 12 1 1 10 12 1 10 12 1 10 12 1 1 10 12 1 10 12 1 10 12 1 10 12 1 1 10 12 1 10 10 12 1 1 10 12 1 10 12 1 1 10 12 1 10 12 5 0 5 0 5 0 10 12 1 1 10 12 1 10 12 1 10 12 10 100 12 1 1 8 1 100 1 11 12 1 1 8 1 11 12 1 1 11 100 12 1 1 10 12 1 10 7 1 10 12 1 1 9 12 1 1 7 1 9 12 1 7 1 9 12 1 7 1 9 12 1 7 1 9 12 1 7 1 9 12 1 7 1 9 12 1 7 1 9 12 1 7 1 9 12 1 10 12 1 9 12 1 9 12 1 9 12 1 9 12 1 9 12 1 9 12 1 9 12 1 9 12 1 9 12 1 9 12 1 1 1 5 0 1 1 1 1 1 1 1 1 1 1 1 1 1 1 1 1 1 1 1 1 1 1 1 1 1 1 1 1 1 1 1 1 1 1 1 1 1 1 1 1 1 1 1 1 1 1 1 1 1 1 1 1 1 1 1 1 1 1 1 1 1 1 1 1 1 1 1 1 1 1 1 1 1 1 1 1 1 1 1 1 1 1 1 1 1 1 1 1 1 1 1 1 1 100 1 1 1 1 1 1 1 1 1 1 1 1 1 1 1 1 1 1 1 1 1 1 1 1 1 1 1 1 1 1 1 1 1 1 1 1 1 1 1 1 1 1 1 1 1 1 1 1 1 1 1 1 1 1 1 1 1 1 1 1 1 1 1 1 1 1 1 1 1 1 1 1 1 1 1 1 1 1 1 1 1 1 1 1 1 1 1 1 1 1 1 1 1 1 1 1 1 1 1 1 1 1 1 1 1 1 1 1 1 1 1 1 1 1 1 1 1 1 1 1 1 1 1 1 1 1 1 1 1 1 1 1 1 1 1 1 1 1 1 1 1 1 1 1 1 1 1 1 1 1 1 1 1 1 1 1 1 1 1 1 1 1 1 1 1 1 1 1 1 1 1 1 1 1 1 1 1 1 1 1 1 1 1 1 1 1 1 1 1 1 1 1 1 1 1 1 1 1 1 1 1 1 1 1 1 1 1 1 1 1 1 1 1 1
staticfield jdk/internal/misc/Unsafe theUnsafe Ljdk/internal/misc/Unsafe; jdk/internal/misc/Unsafe
staticfield jdk/internal/misc/Unsafe ARRAY_BOOLEAN_BASE_OFFSET J 16
staticfield jdk/internal/misc/Unsafe ARRAY_BYTE_BASE_OFFSET J 16
staticfield jdk/internal/misc/Unsafe ARRAY_SHORT_BASE_OFFSET J 16
staticfield jdk/internal/misc/Unsafe ARRAY_CHAR_BASE_OFFSET J 16
staticfield jdk/internal/misc/Unsafe ARRAY_INT_BASE_OFFSET J 16
staticfield jdk/internal/misc/Unsafe ARRAY_LONG_BASE_OFFSET J 16
staticfield jdk/internal/misc/Unsafe ARRAY_FLOAT_BASE_OFFSET J 16
staticfield jdk/internal/misc/Unsafe ARRAY_DOUBLE_BASE_OFFSET J 16
staticfield jdk/internal/misc/Unsafe ARRAY_OBJECT_BASE_OFFSET J 16
staticfield jdk/internal/misc/Unsafe ARRAY_BOOLEAN_INDEX_SCALE I 1
staticfield jdk/internal/misc/Unsafe ARRAY_BYTE_INDEX_SCALE I 1
staticfield jdk/internal/misc/Unsafe ARRAY_SHORT_INDEX_SCALE I 2
staticfield jdk/internal/misc/Unsafe ARRAY_CHAR_INDEX_SCALE I 2
staticfield jdk/internal/misc/Unsafe ARRAY_INT_INDEX_SCALE I 4
staticfield jdk/internal/misc/Unsafe ARRAY_LONG_INDEX_SCALE I 8
staticfield jdk/internal/misc/Unsafe ARRAY_FLOAT_INDEX_SCALE I 4
staticfield jdk/internal/misc/Unsafe ARRAY_DOUBLE_INDEX_SCALE I 8
staticfield jdk/internal/misc/Unsafe ARRAY_OBJECT_INDEX_SCALE I 4
staticfield jdk/internal/misc/Unsafe ADDRESS_SIZE I 8
ciMethod java/lang/StringUTF16 checkIndex (I[B)V 0 0 3 0 -1
ciMethod java/lang/StringUTF16 compress ([CII)[B 512 0 5366 0 -1
ciMethod java/lang/StringUTF16 compress ([CI[BII)I 622 35932 572 0 -1
ciMethod java/lang/StringUTF16 compress ([BI[BII)I 0 0 1 0 -1
ciMethod java/lang/StringUTF16 toBytes ([CII)[B 0 0 1 0 -1
ciMethod java/lang/StringUTF16 getChar ([BI)C 5252 0 12498 0 -1
ciMethod java/lang/StringUTF16 coderFromArrayLen ([BI)B 758 0 5370 0 -1
ciMethod java/lang/StringUTF16 charAt ([BI)C 0 0 3 0 0
ciMethod java/lang/StringUTF16 newString ([BII)Ljava/lang/String; 0 0 1 0 -1
ciInstanceKlass java/lang/Thread$FieldHolder 1 1 55 10 7 12 1 1 1 9 7 12 1 1 1 9 12 1 1 9 12 1 1 9 12 1 1 9 12 1 1 1 1 1 1 1 1 1 1 1 1 100 1 100 1 1 1 1 100 1 1 1 100 1 100 1 1
ciInstanceKlass java/lang/Thread$Constants 0 0 47 100 1 10 100 12 1 1 1 10 12 1 1 10 12 1 1 10 100 12 1 1 8 1 10 12 1 9 100 12 1 1 1 1 1 1 1 1 1 1 1 1 1 1 1 1 1
ciInstanceKlass java/lang/ThreadGroup 1 1 380 10 7 12 1 1 1 9 7 12 1 1 1 8 1 9 12 1 1 100 1 9 12 1 1 9 12 1 1 10 7 12 1 1 1 10 12 1 1 10 12 1 10 12 1 1 10 12 1 1 10 12 1 10 12 1 10 12 1 10 100 12 1 1 1 10 12 1 1 18 12 1 1 11 100 12 1 1 1 10 12 1 1 10 12 1 1 10 12 1 1 10 100 12 1 1 1 10 12 1 11 12 1 1 11 100 12 1 1 11 12 1 1 10 12 1 1 10 12 1 10 12 1 11 12 1 11 12 1 1 10 12 1 100 1 10 18 12 1 1 11 100 12 1 1 1 11 12 1 1 9 100 12 1 1 1 10 12 1 1 8 1 10 100 12 1 1 1 10 100 12 1 1 1 10 12 1 1 11 12 10 12 1 1 10 12 1 1 11 100 1 9 12 1 100 1 10 8 1 10 12 1 1 10 12 1 1 8 1 10 12 1 10 100 12 1 1 1 10 12 1 1 10 7 1 8 1 10 8 1 10 12 1 10 12 1 8 1 9 12 1 1 9 12 1 10 100 12 1 1 1 100 9 12 1 1 7 1 9 12 1 10 12 10 12 1 1 100 10 12 9 12 1 10 12 1 100 1 10 100 1 10 10 12 1 10 12 1 1 1 1 1 1 1 1 1 1 1 1 1 1 1 1 3 1 1 1 1 1 1 1 1 1 1 1 100 1 1 1 1 1 1 1 1 1 1 1 1 1 1 1 1 1 1 1 1 1 1 1 1 1 1 1 1 1 1 1 1 1 1 1 1 1 1 1 1 16 15 10 12 16 16 15 10 12 16 15 10 100 12 1 1 1 1 1 100 1 100 1 1
staticfield java/lang/ThreadGroup $assertionsDisabled Z 1
ciInstanceKlass java/lang/Thread$UncaughtExceptionHandler 1 0 16 100 1 100 1 1 1 1 1 1 1 1 100 1 1 1
instanceKlass java/lang/ThreadBuilders$BoundVirtualThread
instanceKlass java/lang/VirtualThread
ciInstanceKlass java/lang/BaseVirtualThread 0 0 36 10 100 12 1 1 1 100 1 1 1 1 1 1 1 1 1 1 1 1 1 1 1 1 1 1 1 1 100 1 100 1 1 100 1 1
ciInstanceKlass java/lang/VirtualThread 0 0 941 9 100 12 1 1 1 9 12 1 1 10 100 12 1 1 1 10 100 12 1 1 1 10 100 12 1 1 1 9 12 1 1 100 1 10 12 1 9 12 1 1 18 12 1 1 9 12 1 1 10 12 1 1 100 1 10 12 1 10 12 1 1 10 12 1 1 10 12 1 10 12 1 1 9 12 1 1 10 12 1 10 100 12 1 10 12 1 10 12 1 10 12 1 10 12 1 9 12 1 1 11 100 12 1 1 1 100 1 10 100 12 1 1 1 10 12 1 1 11 100 12 1 1 1 10 10 12 1 10 12 1 10 12 1 100 1 10 12 1 1 100 1 9 12 1 1 5 0 10 100 12 1 1 1 9 12 1 100 1 100 1 10 10 12 1 10 12 1 1 10 12 1 10 12 1 1 10 12 1 10 12 10 12 1 100 1 10 10 12 1 10 12 1 1 9 12 1 1 10 12 1 1 9 12 1 1 10 12 1 9 12 1 10 100 12 1 1 10 9 10 10 12 1 1 10 12 1 1 10 100 12 1 1 10 100 1 10 9 10 100 1 10 12 1 1 10 12 1 10 10 12 1 1 9 12 1 10 12 1 10 12 1 9 12 1 1 10 12 1 10 12 1 10 12 1 1 9 12 1 1 10 12 1 10 12 1 1 10 12 1 10 12 1 1 9 12 1 18 9 100 12 1 1 1 10 12 1 1 9 12 1 10 12 1 10 12 1 1 9 12 1 10 12 1 9 12 1 1 18 12 1 9 12 1 9 12 1 10 12 9 12 1 1 10 100 12 1 1 10 12 1 10 12 1 1 10 100 12 1 1 10 12 1 100 1 8 1 10 12 1 10 12 1 1 10 12 1 10 12 1 10 12 1 10 100 12 1 1 10 12 1 10 12 1 10 12 1 10 12 1 10 100 12 1 1 8 1 10 12 1 10 12 1 10 12 1 10 12 1 1 10 12 1 10 12 10 12 10 12 1 100 1 10 10 12 1 10 12 1 1 10 12 1 1 10 12 1 10 12 1 10 12 1 1 10 12 1 1 11 100 12 1 1 11 12 1 10 12 9 100 12 1 1 1 9 12 1 10 12 1 1 9 12 1 9 12 1 9 12 1 9 12 1 100 1 10 10 12 1 1 10 12 1 100 1 100 1 10 8 1 10 12 1 1 10 12 1 10 12 1 10 10 12 1 8 1 10 10 12 1 10 12 1 10 100 12 1 1 8 1 8 1 10 12 1 1 10 10 9 100 12 1 1 1 10 12 1 1 10 12 1 10 10 12 9 12 1 10 12 1 1 10 12 1 9 12 1 10 12 1 1 9 12 1 10 12 1 1 9 12 1 10 12 1 1 18 12 1 1 8 1 10 12 1 1 8 1 8 1 10 100 12 1 1 1 10 100 12 1 1 1 10 12 1 10 12 1 1 10 12 1 18 12 1 1 18 12 1 1 5 0 9 12 1 10 12 1 10 12 1 10 100 1 10 12 1 1 9 12 1 9 12 1 1 10 12 1 1 10 12 1 10 12 10 12 1 1 10 100 12 1 1 10 12 1 1 100 1 8 1 10 10 12 1 8 10 12 1 1 8 8 9 12 1 8 8 10 12 1 10 12 1 1 8 1 18 12 1 10 100 12 1 1 10 12 1 10 12 1 3 1 3 1 3 1 3 1 3 1 3 1 3 1 3 1 3 1 3 1 3 1 3 1 3 3 1 3 3 1 3 3 1 3 3 1 3 1 1 1 1 1 1 1 1 1 1 1 1 1 1 1 1 1 100 1 1 1 1 1 1 1 1 1 1 1 1 1 1 1 1 1 1 1 1 1 100 1 1 1 1 1 1 1 1 1 1 1 1 1 1 1 1 1 1 1 1 1 1 1 1 1 1 1 1 1 1 1 1 1 1 100 1 1 1 1 1 1 1 1 1 1 1 1 1 1 1 1 1 1 1 1 1 1 1 1 1 1 1 100 1 1 1 1 1 1 1 1 1 1 1 1 1 1 1 1 1 1 1 1 1 1 100 1 1 16 15 10 12 15 10 12 15 10 12 16 15 10 12 16 15 10 12 16 15 10 12 16 15 10 12 15 10 100 12 1 1 1 1 1 1 1 100 1 1 1 100 1 100 1 1
ciInstanceKlass java/lang/ThreadBuilders$BoundVirtualThread 0 0 132 10 100 12 1 1 1 9 100 12 1 1 1 10 100 12 1 1 1 9 12 1 1 10 12 1 1 10 12 1 1 9 12 1 1 10 100 12 1 1 1 10 12 1 1 100 1 8 1 10 12 1 10 12 1 1 10 12 1 1 10 12 1 1 10 100 12 1 1 1 8 1 10 12 1 8 1 10 12 1 1 10 100 12 1 1 9 100 12 1 1 1 10 12 1 1 10 10 12 1 1 1 1 1 1 1 1 1 1 1 1 1 1 1 1 1 1 1 1 1 1 1 1 1 1 1 1 100 1 1 1 1
instanceKlass java/lang/Exception
instanceKlass java/lang/Error
ciInstanceKlass java/lang/Throwable 1 1 403 10 7 12 1 1 1 9 7 12 1 1 1 9 12 1 1 9 12 1 9 12 1 1 9 12 1 10 12 1 1 9 12 1 1 10 12 1 1 10 100 12 1 1 1 9 12 1 1 10 12 1 1 10 12 1 100 1 100 1 10 8 1 10 12 1 1 8 1 10 100 12 1 1 10 10 12 1 100 1 8 1 10 10 7 12 1 1 10 12 1 8 1 9 100 12 1 1 1 10 12 1 1 100 1 10 12 10 12 1 100 1 10 10 7 12 1 1 1 11 100 12 1 1 1 10 100 12 1 1 1 10 12 1 1 10 12 1 1 8 1 10 12 1 10 12 1 1 8 1 8 1 10 12 1 1 10 12 1 8 1 8 1 9 12 1 10 100 12 1 1 100 1 10 11 12 1 8 1 8 1 10 7 12 1 1 8 1 10 12 1 8 1 100 1 10 12 1 9 12 1 1 10 12 1 10 100 12 1 9 12 1 1 10 12 1 1 100 1 8 1 10 12 1 10 100 12 1 1 10 12 1 1 100 1 10 100 12 1 1 1 10 12 1 11 100 12 1 1 1 11 100 12 1 1 1 11 12 1 8 1 10 12 1 1 8 1 10 10 9 100 12 1 1 1 8 1 10 12 1 1 11 10 100 1 8 1 10 11 12 1 1 8 1 9 12 1 10 100 12 1 1 11 9 12 1 1 11 12 1 1 100 10 12 1 10 12 1 1 100 1 1 1 1 5 0 1 1 1 1 1 1 1 1 1 1 1 1 100 1 1 1 1 1 1 1 1 1 1 1 1 1 1 1 1 1 1 1 1 1 1 1 1 1 1 1 1 1 1 1 1 1 1 1 1 1 1 1 1 1 1 1 100 1 100 1 1 1 1 1 1 1 1 1 1 1 1 1 1 1 1 1 1
staticfield java/lang/Throwable UNASSIGNED_STACK [Ljava/lang/StackTraceElement; 0 [Ljava/lang/StackTraceElement;
staticfield java/lang/Throwable SUPPRESSED_SENTINEL Ljava/util/List; java/util/Collections$EmptyList
staticfield java/lang/Throwable EMPTY_THROWABLE_ARRAY [Ljava/lang/Throwable; 0 [Ljava/lang/Throwable;
staticfield java/lang/Throwable $assertionsDisabled Z 1
ciInstanceKlass jdk/internal/vm/ContinuationScope 0 0 50 10 100 12 1 1 1 10 100 12 1 1 1 100 1 9 100 12 1 1 1 10 12 1 1 10 100 12 1 1 1 10 12 1 1 10 12 1 1 1 1 1 1 1 1 1 1 1 1 1
ciInstanceKlass jdk/internal/vm/StackChunk 1 1 32 10 100 12 1 1 1 9 100 12 1 1 1 9 12 1 1 9 12 1 1 1 1 1 1 1 1 1 1 1 1 1
ciInstanceKlass java/lang/Boolean 1 1 146 10 7 12 1 1 1 9 7 12 1 1 1 10 12 1 1 10 12 1 8 1 10 7 12 1 1 9 12 1 1 9 12 1 10 12 1 1 10 12 1 1 10 12 1 1 10 12 1 10 7 12 1 1 1 10 12 1 1 9 100 12 1 1 9 12 10 100 12 1 1 1 10 12 1 1 8 1 10 7 12 1 1 1 9 12 1 1 100 1 100 1 100 1 1 1 1 1 1 5 0 1 1 1 1 1 1 1 1 1 1 1 1 1 1 1 1 1 1 1 1 1 1 1 1 1 1 1 1 1 1 1 1 1 1 1 100 1 1 1 1 1 1 1 1 1
staticfield java/lang/Boolean TRUE Ljava/lang/Boolean; java/lang/Boolean
staticfield java/lang/Boolean FALSE Ljava/lang/Boolean; java/lang/Boolean
staticfield java/lang/Boolean TYPE Ljava/lang/Class; java/lang/Class
ciInstanceKlass java/lang/Character 1 1 603 7 1 100 1 100 1 9 12 1 1 8 1 9 12 1 1 100 1 9 12 1 1 10 100 12 1 1 1 10 100 12 1 1 1 10 100 12 1 1 1 10 7 12 1 1 1 9 7 12 1 1 1 10 12 1 10 12 1 1 10 12 1 1 10 7 12 1 1 10 12 1 1 3 3 3 3 3 10 12 1 1 10 12 1 3 11 7 12 1 1 1 11 12 1 1 10 12 1 1 10 12 1 1 100 1 10 10 12 1 3 10 12 1 1 10 12 1 10 12 1 1 100 1 8 1 10 12 1 1 10 12 1 10 12 1 10 12 1 10 100 12 1 1 1 10 12 1 10 12 1 10 12 1 1 10 12 1 10 7 12 1 1 10 10 12 1 10 10 12 1 10 12 1 1 10 12 1 10 10 12 1 10 12 1 10 12 1 10 12 1 10 12 1 10 12 1 10 12 1 10 12 10 10 12 10 10 12 1 10 10 12 1 10 10 12 1 10 10 12 1 10 12 1 10 12 1 10 12 1 10 12 1 10 12 1 10 12 1 10 10 12 1 10 10 12 1 10 10 12 1 1 10 10 12 1 10 5 0 10 12 1 10 12 1 10 10 12 1 10 10 12 1 1 10 10 12 1 10 10 12 1 9 12 1 1 100 1 10 10 12 1 10 12 1 1 3 10 100 12 1 1 1 10 12 1 10 100 12 1 1 100 1 10 10 12 1 1 10 12 1 1 10 12 1 1 8 1 10 12 1 9 100 12 1 1 1 10 12 1 10 10 12 1 10 12 1 1 10 12 1 10 10 12 1 1 10 10 12 1 1 100 1 8 1 10 12 1 1 10 7 12 1 1 1 8 1 10 12 1 1 9 12 1 1 100 1 100 1 100 1 1 1 1 3 1 3 1 3 1 3 1 1 1 1 1 3 1 1 3 1 3 1 3 1 3 1 3 1 3 1 3 1 3 1 3 1 3 1 3 1 3 1 3 1 3 1 3 1 3 1 3 1 3 1 3 1 3 1 3 1 3 1 3 1 3 1 3 1 3 1 3 1 3 1 1 1 1 1 1 1 1 1 1 1 1 1 1 1 1 1 1 1 3 1 1 1 1 1 1 1 3 1 1 3 1 1 1 1 1 3 1 1 5 0 1 1 1 1 1 1 1 1 1 1 1 1 1 1 1 1 1 1 1 1 1 1 1 1 1 1 1 1 1 1 1 1 1 1 1 1 1 1 1 1 1 1 1 1 1 1 1 1 1 1 1 1 1 1 1 1 1 1 1 1 1 1 1 1 1 1 1 1 1 1 1 1 1 1 1 1 1 1 1 1 1 1 1 1 1 1 1 1 1 100 1 100 1 1 1 1 1 1
staticfield java/lang/Character TYPE Ljava/lang/Class; java/lang/Class
staticfield java/lang/Character $assertionsDisabled Z 1
ciInstanceKlass java/lang/Float 1 1 277 7 1 100 1 10 100 12 1 1 1 10 100 12 1 1 1 4 100 1 10 12 1 1 10 12 1 1 8 1 8 1 10 100 12 1 1 1 10 12 1 1 10 12 1 1 10 100 1 4 10 7 12 1 1 9 12 1 1 10 12 1 1 10 12 1 10 10 12 1 1 10 12 1 10 12 1 3 3 100 1 4 4 4 3 10 12 1 1 9 12 1 1 100 1 10 3 3 4 4 10 12 1 3 3 3 10 12 1 1 10 12 1 1 10 12 1 10 100 12 1 1 1 10 12 1 1 10 12 1 1 10 7 12 1 1 1 8 1 10 12 1 1 9 12 1 1 100 1 100 1 100 1 1 1 1 4 1 4 1 1 1 4 1 1 3 1 3 1 3 1 3 1 3 1 1 1 1 5 0 1 1 1 1 1 1 1 1 1 1 100 1 1 1 1 1 1 1 1 1 1 1 1 1 1 1 1 1 1 1 1 1 1 1 1 1 1 1 1 1 1 1 1 1 1 1 1 1 1 1 1 1 1 1 1 1 1 1 1 1 1 1 1 1 1 1 1 1 1 1 1 1 1 1 1 1 1 1 1 1 1 1 1 1 100 1 1 1 1 1 1 1 100 1 100 1 1
staticfield java/lang/Float TYPE Ljava/lang/Class; java/lang/Class
staticfield java/lang/Float $assertionsDisabled Z 1
instanceKlass java/math/BigDecimal
instanceKlass java/math/BigInteger
instanceKlass java/util/concurrent/atomic/Striped64
instanceKlass java/util/concurrent/atomic/AtomicLong
instanceKlass java/util/concurrent/atomic/AtomicInteger
instanceKlass java/lang/Long
instanceKlass java/lang/Integer
instanceKlass java/lang/Short
instanceKlass java/lang/Byte
instanceKlass java/lang/Double
instanceKlass java/lang/Float
ciInstanceKlass java/lang/Number 1 1 37 10 7 12 1 1 1 10 100 12 1 1 1 100 1 1 1 1 5 0 1 1 1 1 1 1 1 1 1 1 1 1 1 1 1 1 1
ciMethod java/lang/Float intBitsToFloat (I)F 0 0 1 0 -1
ciMethod java/lang/Float valueOf (F)Ljava/lang/Float; 2 0 2 0 -1
ciInstanceKlass java/lang/Double 1 1 268 7 1 100 1 10 7 12 1 1 1 10 12 1 1 10 10 12 1 1 8 1 8 1 10 100 12 1 1 1 6 0 100 1 5 0 5 0 10 100 12 1 1 1 10 12 1 1 10 100 12 1 1 1 9 100 12 1 1 1 10 12 1 1 10 100 12 1 1 1 10 12 1 1 10 12 1 1 10 7 1 6 0 10 7 12 1 1 9 12 1 1 10 12 1 10 12 1 10 12 1 10 12 10 12 1 5 0 10 12 1 1 10 12 1 1 10 12 1 10 100 12 1 1 1 10 12 1 1 10 12 1 1 8 1 10 7 12 1 1 1 9 12 1 1 100 1 100 1 100 1 1 1 6 0 1 6 0 1 6 0 1 1 1 6 0 1 1 3 1 3 1 3 1 3 1 3 1 1 1 1 5 0 1 1 1 1 1 1 1 1 1 1 1 1 1 1 1 1 1 100 1 1 1 1 1 100 1 1 1 1 1 1 1 1 1 1 1 1 1 1 1 1 1 1 1 1 1 1 1 1 1 1 1 1 1 1 1 1 1 1 1 1 1 1 1 1 1 1 1 1 1 1 1 1 100 1 1 1 1 1 1 1 100 1 100 1 1
staticfield java/lang/Double TYPE Ljava/lang/Class; java/lang/Class
ciMethod java/lang/Double longBitsToDouble (J)D 256 0 128 0 -1
ciMethod java/lang/Double valueOf (D)Ljava/lang/Double; 10 0 20 0 -1
ciInstanceKlass java/lang/Byte 1 1 212 7 1 100 1 10 100 12 1 1 1 9 12 1 1 8 1 9 12 1 1 100 1 10 12 1 1 10 12 1 1 10 100 12 1 1 1 10 100 12 1 1 1 9 100 12 1 1 1 10 12 1 1 100 1 100 1 10 12 1 1 8 1 10 12 1 1 8 1 10 12 1 10 12 1 10 12 1 10 12 1 1 10 12 1 10 12 1 10 12 1 1 10 8 1 8 1 10 7 1 9 12 1 1 10 12 1 1 10 12 1 1 10 12 1 1 10 12 1 5 0 10 12 1 1 8 1 10 7 12 1 1 1 9 12 1 1 100 1 100 1 1 1 3 1 3 1 1 1 1 3 1 3 1 1 5 0 1 1 1 1 1 1 1 1 1 1 1 1 1 1 1 1 1 1 1 1 1 1 1 1 1 1 1 1 1 1 1 1 1 1 1 1 1 1 1 1 1 1 1 1 1 1 1 1 1 1 1 1 1 1 1
staticfield java/lang/Byte TYPE Ljava/lang/Class; java/lang/Class
ciInstanceKlass java/lang/Short 1 1 220 7 1 100 1 100 1 10 100 12 1 1 1 10 12 1 1 100 1 100 1 10 12 1 1 8 1 10 12 1 1 8 1 10 12 1 10 12 1 10 12 1 10 12 1 1 10 12 1 1 10 12 1 9 12 1 1 8 1 9 12 1 1 100 1 10 12 1 1 10 12 1 10 100 12 1 1 1 10 100 12 1 1 1 9 100 12 1 1 1 10 12 1 10 12 1 1 10 8 1 8 1 10 7 1 9 12 1 1 10 12 1 1 10 12 1 1 10 12 1 1 10 12 1 3 3 5 0 10 12 1 1 8 1 10 7 12 1 1 1 9 12 1 1 100 1 100 1 1 1 3 1 3 1 1 1 1 3 1 3 1 1 5 0 1 1 1 1 1 1 1 1 1 1 1 1 1 1 1 1 1 1 1 1 1 1 1 1 1 1 1 1 1 1 1 1 1 1 1 1 1 1 1 1 1 1 1 1 1 1 1 1 1 1 1 1 1 1 1 1
staticfield java/lang/Short TYPE Ljava/lang/Class; java/lang/Class
ciInstanceKlass java/lang/Integer 1 1 431 7 1 100 1 7 1 10 12 1 1 9 7 12 1 1 1 9 12 1 1 10 100 12 1 1 1 10 12 1 1 10 100 12 1 1 1 10 10 12 1 1 10 100 12 1 1 1 10 12 1 10 12 1 1 10 7 12 1 1 1 10 12 1 1 10 12 1 1 10 7 12 1 1 10 12 1 1 10 12 1 100 1 8 1 10 12 1 1 8 1 100 1 10 12 1 1 10 12 1 1 8 1 10 12 1 1 8 1 10 12 1 1 10 12 1 1 10 12 1 1 3 3 10 7 12 1 1 1 11 7 1 10 12 1 1 11 10 12 1 1 10 12 1 1 8 1 10 12 1 10 12 1 8 1 100 1 10 12 1 8 1 10 12 1 1 10 12 1 8 1 10 12 1 10 12 1 7 1 9 12 1 1 9 12 1 1 10 12 1 10 7 1 9 12 1 10 12 1 10 12 1 10 12 1 1 10 12 1 1 10 7 12 1 1 1 10 12 1 1 8 1 8 1 10 12 1 1 8 1 8 1 8 1 8 1 8 1 8 1 10 12 1 10 12 1 10 12 1 5 0 3 3 3 3 10 12 1 10 12 1 3 10 12 1 10 100 12 1 1 1 10 12 1 1 10 12 1 1 8 1 10 7 12 1 1 1 9 12 1 1 100 1 100 1 100 1 1 1 1 3 1 1 1 1 1 3 1 3 1 1 5 0 1 1 1 1 1 1 1 1 1 100 1 1 1 1 1 1 1 1 1 1 1 1 1 1 1 1 1 1 1 1 1 1 1 1 1 1 1 1 1 1 1 1 1 1 1 1 1 1 1 1 1 1 1 1 1 1 1 1 1 1 1 1 1 1 1 1 1 1 1 1 1 1 1 1 1 1 1 1 1 1 1 1 1 1 1 1 1 1 1 1 1 1 1 1 1 1 1 1 1 1 1 1 1 100 1 1 1 1 1 1 1 1 1 100 1 100 1 1
staticfield java/lang/Integer TYPE Ljava/lang/Class; java/lang/Class
staticfield java/lang/Integer digits [B 36
ciMethod java/lang/Integer valueOf (I)Ljava/lang/Integer; 170 0 11867 0 -1
ciInstanceKlass java/lang/Long 1 1 493 7 1 100 1 7 1 10 12 1 1 9 7 12 1 1 1 9 7 12 1 1 1 10 100 12 1 1 1 10 12 1 1 10 100 12 1 1 1 10 10 12 10 12 1 10 12 1 10 12 1 5 0 5 0 7 1 10 12 1 1 10 12 1 1 10 12 1 10 12 1 10 12 1 10 12 1 1 10 100 12 1 1 10 12 1 10 12 1 1 10 12 1 1 10 12 1 1 10 12 1 1 10 100 12 1 1 1 10 12 1 1 10 12 1 1 10 7 12 1 1 10 12 1 1 10 12 1 100 1 8 1 10 12 1 8 1 100 1 10 12 1 10 12 1 1 8 1 10 12 1 1 8 1 10 12 1 1 10 12 1 1 10 12 1 1 5 0 5 0 10 100 12 1 1 1 11 100 1 10 12 1 1 11 10 12 1 1 10 12 1 1 8 1 5 0 10 12 1 1 10 12 1 1 8 1 8 1 10 12 1 8 1 10 12 1 10 12 1 5 0 5 0 9 7 12 1 1 1 10 12 1 10 12 1 1 8 1 8 1 10 12 1 1 8 1 8 1 8 1 8 1 8 1 8 1 10 12 1 10 12 1 10 7 1 9 12 1 1 10 12 1 10 12 1 1 10 12 1 1 10 100 12 1 1 1 10 12 1 1 10 12 1 10 12 1 10 12 1 5 0 5 0 5 0 10 12 1 1 10 12 1 5 0 5 0 10 12 10 12 1 10 100 12 1 1 1 10 12 1 1 10 12 1 1 8 1 10 7 12 1 1 1 9 12 1 1 100 1 100 1 100 1 1 1 1 5 0 1 1 1 1 3 1 3 1 5 0 1 1 1 1 1 1 1 1 1 100 1 1 1 1 1 1 1 1 1 1 1 1 1 1 1 1 1 1 1 1 1 1 1 1 1 1 1 1 1 1 1 1 1 1 1 1 1 1 1 1 1 1 1 1 1 1 1 1 1 1 1 1 1 1 1 1 1 1 1 1 1 1 1 1 1 1 1 1 1 1 1 1 1 1 1 1 1 1 1 1 1 1 1 1 1 1 1 1 1 1 1 1 1 1 1 1 1 1 1 1 100 1 1 1 1 1 1 1 1 1 100 1 100 1 1
staticfield java/lang/Long TYPE Ljava/lang/Class; java/lang/Class
ciMethod java/lang/Long valueOf (J)Ljava/lang/Long; 360 0 219 0 -1
ciInstanceKlass java/lang/Void 1 1 31 10 100 12 1 1 1 8 1 10 7 12 1 1 1 9 7 12 1 1 1 1 1 1 1 1 1 1 1 1 1
staticfield java/lang/Void TYPE Ljava/lang/Class; java/lang/Class
ciInstanceKlass jdk/internal/vm/vector/VectorSupport 0 0 601 100 1 10 100 12 1 1 1 9 12 1 1 10 100 12 1 1 1 100 1 10 12 1 11 100 12 1 1 1 11 100 12 1 1 1 11 100 12 1 1 1 11 100 12 1 1 11 100 12 1 1 11 100 12 1 1 11 100 12 1 1 11 100 12 1 1 11 100 12 1 1 11 100 12 1 1 11 100 12 1 1 1 11 100 12 1 1 11 100 12 1 1 1 11 100 12 1 1 1 11 100 12 1 1 11 100 12 1 1 1 11 100 12 1 1 100 1 10 12 1 1 11 100 12 1 1 11 100 12 1 1 11 100 12 1 1 11 100 1 11 100 12 1 1 11 100 12 1 1 11 100 12 1 1 9 12 1 1 10 100 12 1 1 11 100 12 1 1 10 100 12 1 1 1 10 100 12 1 1 10 12 1 1 10 12 1 1 1 1 1 3 1 3 1 3 1 3 1 3 1 3 1 3 1 3 1 3 1 3 1 3 1 3 1 3 1 3 1 3 1 3 1 3 1 3 1 3 1 3 1 3 1 3 1 3 1 3 1 3 1 3 1 3 1 3 1 3 1 3 1 3 1 3 1 3 1 3 1 3 1 3 1 3 1 3 1 3 1 3 1 3 1 3 1 3 1 3 1 3 1 3 1 3 1 3 1 3 1 3 1 3 1 3 1 3 1 1 1 3 1 3 1 3 1 3 1 3 1 3 1 1 1 1 1 1 1 1 1 1 1 1 1 1 1 1 1 1 1 1 1 1 1 1 1 1 1 1 1 1 1 1 1 1 1 1 1 1 1 1 1 1 1 1 1 1 1 1 1 1 1 1 1 1 1 1 1 1 1 1 1 1 1 1 1 1 1 1 1 1 1 1 1 1 1 1 1 1 1 1 1 1 1 1 1 1 1 1 1 1 1 1 1 1 1 1 1 1 1 1 1 1 1 1 1 1 1 1 1 1 1 1 1 1 1 1 1 1 1 1 1 1 1 1 1 1 1 1 1 1 1 1 1 1 1 1 1 1 1 1 1 1 1 1 1 1 1 1 1 1 1 1 1 1 1 1 1 1 1 1 1 1 1 1 1 1 1 1 1 1 1 1 1 1 1 1 1 1 1 1 1 1 1 1 1 1 1 1 1 1 1 1 1 1 1 1 1 1 1 1 1 1 1 1 1 1 1 1 1 1 1 1 1 1 1 1 1 1 1 1 1 1 1 1 1 1 1 1 1 1 1 1 1 1 1 1 1 1 1 1 1 1 1 1 1 1 1 1 1 1 1 100 1 100 1 100 1 100 1 100 1 1 1 1 1 1 1 1 1 1 1 1 1 1 1 1 1 1 1 1 1 1 1 1 1 1 1 1 1 1 1
instanceKlass jdk/internal/vm/vector/VectorSupport$VectorShuffle
instanceKlass jdk/internal/vm/vector/VectorSupport$VectorMask
instanceKlass jdk/internal/vm/vector/VectorSupport$Vector
ciInstanceKlass jdk/internal/vm/vector/VectorSupport$VectorPayload 0 0 32 10 100 12 1 1 1 9 100 12 1 1 1 10 100 12 1 1 1 1 1 1 1 1 1 1 1 1 1 1 1 1
ciInstanceKlass jdk/internal/vm/vector/VectorSupport$Vector 0 0 28 10 100 12 1 1 1 100 1 1 1 1 1 1 1 1 1 1 1 1 1 1 1 100 1 1 1 1
ciInstanceKlass jdk/internal/vm/vector/VectorSupport$VectorMask 0 0 28 10 100 12 1 1 1 100 1 1 1 1 1 1 1 1 1 1 1 1 1 1 1 100 1 1 1 1
ciInstanceKlass jdk/internal/vm/vector/VectorSupport$VectorShuffle 0 0 28 10 100 12 1 1 1 100 1 1 1 1 1 1 1 1 1 1 1 1 1 1 1 100 1 1 1 1
ciInstanceKlass jdk/internal/vm/FillerObject 0 0 16 10 100 12 1 1 1 100 1 1 1 1 1 1 1 1
instanceKlass java/lang/ref/PhantomReference
instanceKlass java/lang/ref/FinalReference
instanceKlass java/lang/ref/WeakReference
instanceKlass java/lang/ref/SoftReference
ciInstanceKlass java/lang/ref/Reference 1 1 194 9 7 12 1 1 1 9 7 12 1 1 10 12 1 1 10 12 1 1 9 12 1 1 10 12 1 1 9 12 1 1 9 12 1 1 10 12 1 10 7 12 1 1 10 12 1 1 10 12 1 7 1 8 1 10 12 1 1 7 1 10 12 1 1 10 12 1 1 10 12 1 10 12 1 1 10 12 1 1 10 12 1 10 12 1 10 12 1 9 12 1 100 1 100 1 10 12 9 12 1 9 12 1 9 12 1 100 1 10 10 12 1 10 10 7 12 1 1 7 1 10 10 7 12 1 1 1 1 1 1 1 1 1 1 1 1 1 1 1 1 1 1 1 100 1 1 1 100 1 1 1 1 1 1 1 1 1 1 1 1 1 1 1 1 1 1 1 1 1 1 1 1 1 1 1 1 1 1 1 1 1 1 1 1 1 100 1 100 1 100 1 1 1
staticfield java/lang/ref/Reference processPendingLock Ljava/lang/Object; java/lang/Object
staticfield java/lang/ref/Reference $assertionsDisabled Z 1
instanceKlass com/sun/beans/util/Cache$Kind$Soft
instanceKlass org/codehaus/groovy/util/ReferenceType$SoftRef
instanceKlass sun/util/locale/provider/LocaleResources$ResourceReference
instanceKlass sun/util/resources/Bundles$BundleReference
instanceKlass jdk/internal/util/SoftReferenceKey
instanceKlass java/lang/invoke/LambdaFormEditor$Transform
ciInstanceKlass java/lang/ref/SoftReference 1 1 50 10 7 12 1 1 1 9 7 12 1 1 1 9 12 1 10 12 1 10 12 1 1 1 1 1 1 1 1 1 1 1 1 1 1 1 1 1 1 1 1 1 1 100 1 1 1 1 1 1
instanceKlass java/beans/WeakIdentityMap$Entry
instanceKlass org/codehaus/groovy/util/ReferenceType$WeakRef
instanceKlass com/google/common/collect/MapMakerInternalMap$AbstractWeakKeyEntry
instanceKlass java/util/logging/LogManager$LoggerWeakRef
instanceKlass java/util/logging/Level$KnownLevel
instanceKlass sun/nio/ch/FileLockTable$FileLockReference
instanceKlass java/lang/WeakPairMap$WeakRefPeer
instanceKlass java/lang/ThreadLocal$ThreadLocalMap$Entry
instanceKlass jdk/internal/util/WeakReferenceKey
instanceKlass java/util/WeakHashMap$Entry
ciInstanceKlass java/lang/ref/WeakReference 1 1 34 10 7 12 1 1 1 10 12 1 100 1 1 1 1 1 1 1 1 1 1 1 1 1 1 1 1 1 1 1 1 1 1 1
instanceKlass java/lang/ref/Finalizer
ciInstanceKlass java/lang/ref/FinalReference 1 1 50 10 100 12 1 1 1 10 100 12 1 1 1 10 12 1 1 100 1 8 1 10 12 1 1 1 1 1 1 1 1 1 1 1 1 1 1 1 1 1 1 1 1 1 1 1 1 1 100 1
instanceKlass java/nio/BufferCleaner$PhantomCleaner
instanceKlass jdk/internal/ref/PhantomCleanable
ciInstanceKlass java/lang/ref/PhantomReference 1 1 47 10 7 12 1 1 1 10 12 1 1 10 7 12 1 1 1 1 1 1 1 1 1 1 1 1 1 1 1 1 1 1 1 1 1 1 1 1 1 1 1 1 1 1 1 1 1
ciInstanceKlass java/lang/ref/Finalizer 1 1 177 9 7 12 1 1 1 10 100 12 1 1 1 9 12 1 1 9 12 1 1 9 12 1 9 12 1 9 12 1 1 10 12 1 100 1 8 1 10 12 1 10 12 1 1 9 12 1 100 1 10 12 1 100 1 11 100 12 1 1 10 12 1 100 1 10 12 1 10 7 12 1 1 1 10 12 1 1 10 100 12 1 1 8 1 10 12 1 10 12 1 10 12 1 100 1 10 12 1 10 100 12 1 1 1 100 1 10 10 12 1 1 7 1 10 12 1 10 12 1 1 10 12 1 1 10 7 12 1 1 1 7 1 10 7 1 10 10 12 1 1 1 1 1 1 1 1 1 1 1 1 1 1 1 1 1 1 1 1 1 1 1 1 1 1 100 1 1 1 1 1 1 1 1 1 1 1
staticfield java/lang/ref/Finalizer lock Ljava/lang/Object; java/lang/Object
staticfield java/lang/ref/Finalizer ENABLED Z 1
staticfield java/lang/ref/Finalizer $assertionsDisabled Z 1
instanceKlass java/lang/reflect/Executable
instanceKlass java/lang/reflect/Field
ciInstanceKlass java/lang/reflect/AccessibleObject 1 1 374 10 7 12 1 1 1 10 100 12 1 1 1 10 7 12 1 1 1 10 12 1 1 9 12 1 1 7 1 10 7 12 1 1 1 11 12 1 100 1 10 12 1 7 1 100 1 10 12 1 1 10 12 1 1 10 12 1 1 10 12 1 1 10 12 1 1 7 1 10 7 12 1 1 1 10 12 1 1 11 10 7 12 1 1 1 10 12 1 1 10 12 1 10 12 1 10 12 1 1 10 12 1 8 1 100 1 100 1 10 10 12 1 1 8 1 10 12 1 10 12 1 8 1 8 1 8 1 8 1 8 1 8 1 8 1 8 1 8 1 100 1 10 12 1 10 12 1 9 100 12 1 1 1 10 12 1 1 10 12 1 10 100 1 100 1 8 1 10 8 1 10 12 1 8 1 10 12 1 10 12 1 1 10 100 1 8 1 10 11 7 12 1 1 1 10 12 1 1 10 12 1 1 10 12 1 1 9 12 1 1 100 1 10 12 1 7 1 10 12 1 10 12 1 1 10 100 1 10 12 1 10 12 10 12 1 10 12 1 10 12 1 1 10 12 1 9 12 1 10 100 12 1 1 8 1 10 12 1 1 8 1 10 100 12 1 1 1 9 12 1 100 1 10 7 1 10 10 7 12 1 1 1 10 7 12 1 1 1 9 12 1 1 1 1 1 1 1 1 1 1 1 1 1 1 1 1 1 1 1 1 1 1 1 1 1 1 1 1 1 1 1 1 1 1 1 1 1 1 1 1 1 1 1 1 1 1 1 1 1 1 1 1 1 1 1 1 1 1 1 1 1 1 1 1 1 1 1 1 1 1 1 1 1 1 1 1 1 1 1 1 1 1 1
staticfield java/lang/reflect/AccessibleObject reflectionFactory Ljdk/internal/reflect/ReflectionFactory; jdk/internal/reflect/ReflectionFactory
ciInstanceKlass java/lang/reflect/Method 1 1 468 9 7 12 1 1 1 10 7 12 1 1 1 10 7 12 1 1 9 12 1 1 9 12 1 1 10 12 1 1 10 12 1 1 10 12 1 1 10 7 12 1 1 10 7 12 1 1 1 9 12 1 1 9 12 1 9 12 1 1 9 12 1 9 12 1 9 12 1 1 9 12 1 9 12 1 1 9 12 1 9 12 1 100 1 8 1 10 12 1 10 12 1 9 12 1 1 10 7 12 1 1 1 10 12 1 1 10 12 1 1 10 12 1 10 12 1 1 9 7 12 1 1 1 10 12 1 1 10 12 10 7 12 1 1 10 12 1 1 10 12 1 10 12 1 10 12 1 10 7 12 1 1 1 10 12 1 1 9 12 1 10 7 1 10 7 12 1 1 1 10 7 12 1 1 10 12 1 1 10 12 1 1 10 12 1 10 7 12 1 1 1 10 12 1 10 8 1 10 12 1 10 12 1 7 1 8 1 8 1 8 1 10 12 1 10 12 1 1 10 12 1 1 10 10 12 1 1 10 12 1 11 7 1 10 12 1 9 12 1 1 10 12 1 1 10 12 1 10 12 1 1 10 12 1 1 11 7 12 1 1 1 11 12 1 9 12 1 1 10 12 1 10 12 1 10 12 1 10 12 1 10 12 1 10 12 1 9 12 1 1 10 7 12 1 1 1 10 7 12 1 1 10 12 1 1 10 7 12 1 1 1 10 7 12 1 1 1 10 7 12 1 1 1 11 7 12 1 1 1 10 7 12 1 1 1 7 1 100 1 100 1 10 12 1 10 12 1 1 10 12 1 100 1 8 1 10 12 1 10 10 12 1 1 10 12 1 1 10 12 1 1 10 12 1 1 8 1 10 12 1 1 1 1 1 1 1 1 1 1 1 1 1 1 1 1 1 1 1 1 1 1 1 1 1 1 1 1 1 1 1 1 1 1 1 1 1 1 1 1 1 1 1 1 1 1 1 1 1 1 1 1 1 100 1 100 1 100 1 1 1 1 1 1 1 1 1 1 1 1 1 1 1 1 1 1 1 1 1 1 1 1 1 1 1 1 1 1
ciInstanceKlass java/lang/reflect/Member 1 1 37 100 1 10 12 1 1 100 1 100 1 1 1 1 3 1 3 1 1 1 1 1 1 1 1 1 1 1 1 1 1 1 1 1 1 1 1
instanceKlass java/lang/reflect/Constructor
instanceKlass java/lang/reflect/Method
ciInstanceKlass java/lang/reflect/Executable 1 1 582 10 7 12 1 1 1 10 7 12 1 1 1 10 7 12 1 1 1 11 7 12 1 1 1 10 7 12 1 1 1 10 12 1 1 10 7 12 1 1 1 10 7 12 1 1 1 10 12 1 8 1 10 10 12 1 1 10 12 1 1 10 7 12 1 1 1 18 12 1 1 11 7 12 1 1 1 8 1 8 1 8 1 10 7 12 1 1 1 11 12 1 1 7 1 8 1 8 1 10 12 1 100 1 8 1 10 12 1 8 1 11 100 12 1 1 1 100 1 11 7 12 1 1 1 11 12 1 8 1 18 8 1 10 12 1 10 12 1 1 18 8 1 10 12 1 7 1 10 12 1 10 12 1 11 12 1 10 12 1 1 8 1 8 1 10 12 1 1 10 12 1 1 10 10 12 1 9 12 1 1 9 100 12 1 1 1 10 100 12 1 1 1 10 12 1 10 12 1 1 10 7 12 1 1 10 12 1 10 12 1 10 12 1 10 7 12 1 1 100 1 10 100 12 1 1 1 10 12 1 1 10 100 12 1 1 10 12 1 10 12 1 1 9 100 12 1 1 1 10 100 10 12 1 10 12 1 3 100 1 8 1 10 12 1 10 12 1 10 10 12 1 10 12 1 1 8 1 8 1 8 1 9 12 1 1 9 12 1 10 12 1 100 1 8 1 10 12 1 10 12 1 10 12 1 1 10 12 1 1 10 12 1 10 12 10 12 1 100 1 10 12 1 10 12 1 1 100 1 10 100 12 1 1 1 7 1 10 7 12 1 1 1 10 12 1 1 11 7 12 1 1 10 12 1 10 100 12 1 1 1 10 12 1 1 9 12 1 10 12 1 1 10 12 1 10 12 1 1 9 100 12 1 1 1 10 100 12 1 1 1 10 12 1 10 12 1 1 9 12 1 10 10 10 10 100 12 1 1 1 10 12 1 9 12 1 10 12 1 1 9 12 1 100 1 100 1 1 1 1 1 1 1 1 1 1 1 1 1 1 1 1 1 1 1 1 1 1 1 1 1 1 1 1 1 1 1 1 1 1 1 1 100 1 1 1 1 1 1 1 1 1 1 1 1 1 1 1 1 1 1 1 100 1 1 1 1 1 1 1 1 1 1 1 1 1 1 1 1 1 1 1 1 1 1 1 1 1 1 1 1 1 1 1 1 1 1 1 1 1 1 1 1 1 1 1 100 1 1 1 1 1 1 1 1 1 1 1 1 1 1 1 1 1 1 1 1 1 1 100 1 1 16 15 16 1 16 1 15 10 12 16 15 10 7 12 1 1 1 1 100 1 1 1 100 1 1 100 1 100 1 1
ciInstanceKlass java/lang/reflect/Constructor 1 1 437 10 7 12 1 1 1 10 7 12 1 1 9 7 12 1 1 1 9 12 1 1 10 12 1 1 10 12 1 1 10 12 1 1 10 7 12 1 1 10 7 12 1 1 1 9 12 1 1 9 12 1 1 9 12 1 9 12 1 1 9 12 1 9 12 1 1 9 12 1 1 9 12 1 100 1 8 1 10 12 1 10 12 1 9 12 1 1 10 7 12 1 1 1 10 12 1 1 10 12 1 1 10 12 1 7 1 100 1 8 1 10 10 12 1 10 12 1 10 12 1 1 9 7 12 1 1 1 10 7 12 1 1 10 12 1 1 10 12 1 10 12 1 1 10 100 12 1 1 1 10 100 12 1 1 10 12 1 1 10 12 1 10 100 12 1 1 1 8 1 10 10 12 1 100 1 8 1 10 12 1 10 12 1 1 10 12 1 1 10 12 1 10 12 1 10 12 1 1 10 12 1 1 9 12 1 1 10 12 1 1 10 12 1 1 10 12 1 1 11 7 12 1 1 1 10 12 1 1 10 12 1 10 12 1 10 12 1 8 1 9 12 1 1 10 7 12 1 1 1 10 7 12 1 1 10 12 1 1 10 12 1 1 10 12 1 1 10 12 1 1 10 12 1 9 100 12 1 1 10 12 1 10 12 1 10 12 1 100 1 8 1 10 10 12 1 1 10 12 1 10 10 12 1 1 10 12 1 1 10 100 12 1 1 1 11 100 12 1 1 1 10 12 1 1 9 100 12 1 1 1 10 100 12 1 1 1 10 12 1 1 1 1 1 1 1 1 1 1 1 1 1 1 1 1 1 1 1 1 1 1 1 1 1 1 1 1 1 1 1 1 1 1 1 1 1 1 1 1 1 1 1 1 1 1 1 1 1 1 1 1 1 1 1 1 100 1 100 1 100 1 100 1 1 1 1 1 1 1 1 1 1 1 1 1 1 1 1 1 1 1 1 1 1 1 1 1 1 1 1 1 1 1 1 100 1 1
ciInstanceKlass java/lang/reflect/Field 1 1 829 9 7 12 1 1 1 10 12 1 1 10 100 12 1 1 1 10 100 12 1 1 9 12 1 1 9 12 1 1 10 12 1 1 10 12 1 1 10 12 1 1 10 100 12 1 1 10 7 12 1 1 1 9 12 1 1 9 12 1 9 12 1 9 12 1 1 9 12 1 1 9 12 1 9 12 1 1 100 1 8 1 10 12 1 10 12 1 9 12 1 1 9 12 1 10 7 12 1 1 10 12 1 1 10 12 1 1 10 12 1 9 12 1 1 10 12 1 1 9 100 12 1 1 1 10 7 12 1 1 1 7 1 10 12 1 1 10 12 1 1 10 12 1 10 12 1 10 7 1 10 100 12 1 1 100 1 10 8 1 10 12 1 1 10 12 1 1 8 1 10 12 10 12 1 8 1 8 1 10 11 100 1 9 12 1 10 12 1 1 10 12 1 1 11 7 12 1 1 1 10 12 1 11 12 1 1 11 12 1 1 11 12 1 1 11 12 1 1 11 12 1 1 11 12 1 1 11 12 1 1 11 12 1 1 11 12 1 1 10 12 1 18 12 1 1 10 12 1 1 11 12 1 1 18 12 1 11 12 1 1 18 12 1 11 12 1 1 18 12 1 11 12 1 1 18 12 1 11 12 1 1 18 12 1 11 12 1 1 18 12 1 11 12 1 1 18 12 1 11 12 1 1 18 12 1 10 12 1 10 100 12 1 1 10 12 1 10 12 1 10 12 1 10 12 1 1 10 12 1 1 10 12 1 10 7 12 1 1 10 12 1 1 11 7 1 10 12 1 100 1 10 100 12 1 1 1 10 7 12 1 1 1 9 12 1 10 7 12 1 1 1 11 7 12 1 1 1 10 12 1 1 10 12 1 1 9 100 12 1 1 10 100 12 1 1 1 10 12 1 1 10 12 1 1 11 100 12 1 10 12 1 10 12 1 10 12 1 9 12 1 100 1 10 10 12 1 1 100 1 10 12 1 1 10 10 12 1 1 10 12 1 1 10 100 12 1 1 1 9 100 12 1 1 1 10 12 1 1 10 100 12 1 1 1 10 12 1 9 12 1 10 12 1 10 12 1 10 100 12 1 1 10 8 1 10 100 12 1 1 1 8 1 10 100 12 1 1 1 9 12 1 10 9 100 12 1 1 1 10 100 12 1 1 1 18 12 1 1 10 12 1 1 10 12 1 1 10 100 12 1 1 1 10 12 1 1 10 12 1 10 12 1 10 10 12 1 1 10 12 1 10 100 12 1 1 1 10 100 12 1 1 10 12 1 8 1 10 12 1 1 10 100 12 1 1 1 10 100 12 1 1 1 8 1 8 1 8 1 8 1 8 1 8 1 10 12 1 1 8 1 8 1 8 1 10 12 1 8 1 8 1 10 12 1 8 1 8 1 8 1 8 1 8 1 10 12 1 1 10 100 12 1 1 8 1 10 12 1 100 1 1 1 1 1 1 1 1 1 1 1 1 1 1 1 1 1 1 1 1 1 1 1 1 1 1 1 1 1 1 1 1 1 1 1 1 1 1 1 1 1 1 1 1 1 1 1 1 1 1 1 1 1 1 1 1 1 1 1 1 1 1 1 1 1 1 1 1 1 1 100 1 1 1 1 1 1 1 1 1 1 1 1 1 1 1 1 1 1 1 1 1 1 1 1 1 1 100 1 1 1 1 1 1 1 1 1 1 1 1 1 1 1 1 1 1 1 1 1 1 1 1 1 1 1 1 1 1 1 1 16 15 10 12 15 10 12 15 10 12 15 10 12 15 10 12 15 10 12 15 10 12 15 10 12 15 10 12 16 15 10 12 16 1 15 10 100 12 1 1 1 1 100 1 1 1 100 1 1 1 1 100 1 1 100 1 100 1 1
staticfield java/lang/reflect/Field $assertionsDisabled Z 1
ciInstanceKlass java/lang/reflect/Parameter 0 0 253 10 100 12 1 1 1 9 100 12 1 1 1 9 12 1 1 9 12 1 1 9 12 1 10 12 1 1 10 12 1 1 100 1 10 10 12 1 1 11 100 12 1 1 1 10 12 1 10 100 12 1 1 1 10 12 1 1 10 12 1 10 12 1 1 8 1 8 1 10 100 12 1 1 1 10 12 1 10 12 9 100 12 1 1 1 9 100 12 1 1 1 10 12 1 1 10 100 12 1 1 1 10 100 12 1 1 1 10 12 1 8 1 10 12 1 9 12 1 1 10 12 1 1 9 12 1 1 10 12 1 1 10 12 1 1 10 12 1 1 10 12 1 10 10 12 1 10 100 12 1 1 1 10 12 1 1 11 100 12 1 1 10 100 12 1 1 100 1 10 100 12 1 1 1 10 12 1 1 10 12 1 1 10 12 1 1 10 12 1 1 9 12 1 100 1 10 11 12 1 11 12 1 1 100 1 1 1 1 1 1 1 1 1 1 1 1 1 1 1 1 1 1 1 1 1 1 1 1 1 1 1 1 1 1 1 1 1 1 1 1 1 1 1 100 1 1 1 1 1 100 1 1
ciInstanceKlass java/lang/reflect/RecordComponent 0 0 196 10 100 12 1 1 1 9 100 12 1 1 1 9 12 1 1 9 12 1 10 12 1 1 10 12 1 1 10 100 12 1 1 1 10 12 1 1 9 12 1 1 10 12 1 1 10 12 1 1 10 12 1 10 100 12 1 1 10 100 12 1 1 9 12 1 1 10 100 12 1 1 1 11 100 12 1 1 1 10 9 100 12 1 1 1 10 100 12 1 1 1 9 12 1 1 10 100 12 1 1 1 10 12 1 1 11 100 12 1 1 10 100 12 1 1 100 1 9 12 1 9 12 1 1 9 12 1 10 100 12 1 1 1 10 12 1 1 10 12 1 1 100 1 10 10 12 1 10 12 1 1 8 1 10 12 1 10 12 1 9 12 1 100 1 1 1 1 1 1 1 1 1 1 1 1 1 1 1 1 1 1 1 1 1 1 100 1 1 1 1 1 1 100 1 1
ciInstanceKlass java/lang/StringBuffer 0 0 487 10 100 12 1 1 1 10 12 1 10 12 1 10 12 1 1 9 100 12 1 1 1 10 12 1 1 10 12 1 10 12 1 1 9 12 1 1 10 12 1 10 12 1 1 10 12 1 1 10 12 1 10 12 1 1 10 12 1 10 12 1 1 10 12 1 1 10 100 12 1 1 1 10 12 1 1 10 12 1 10 12 1 10 12 1 10 12 1 10 12 1 10 12 1 10 12 1 10 12 1 10 12 1 10 12 1 10 12 1 10 12 1 10 12 1 10 12 1 1 10 12 1 10 12 1 1 10 12 1 1 10 10 12 1 1 10 12 1 10 12 1 10 12 1 10 12 1 10 12 1 10 12 1 10 12 10 12 1 10 12 1 10 12 1 10 12 1 1 10 12 1 10 12 1 10 10 12 1 1 10 12 1 10 12 1 10 12 1 8 1 10 12 1 10 10 100 12 1 1 1 10 10 12 1 1 9 12 1 1 10 100 12 1 1 10 100 1 8 10 100 12 1 1 1 8 10 12 1 8 1 10 12 1 10 12 1 10 100 12 1 1 1 10 100 12 1 1 1 100 1 10 12 100 1 8 1 10 10 12 1 1 10 12 1 1 10 12 1 10 12 1 10 12 1 1 10 12 1 10 12 1 10 12 1 10 12 1 10 12 1 10 12 10 12 1 10 12 1 10 12 1 10 12 1 10 12 1 10 12 1 10 12 1 10 12 1 10 12 1 10 12 1 10 12 10 12 10 12 1 10 12 1 10 12 1 10 12 10 12 1 10 12 1 10 12 1 10 12 1 10 12 1 10 12 1 10 12 1 10 12 1 10 12 1 10 12 1 10 12 1 100 1 10 12 1 9 100 12 1 1 1 9 100 1 9 12 1 1 100 1 100 1 100 1 100 1 1 1 1 5 0 1 1 1 1 1 1 1 1 1 1 1 1 1 1 1 1 1 1 1 1 1 1 1 1 1 1 1 1 1 1 1 1 1 1 1 1 1 1 1 1 1 1 1 1 1 1 1 1 1 1 1 1 1 1 1 1 1 1 1 1 100 1 1 1 1 1 100 1 1 1 1 1 1 1 1 1 1 1 1 1 1 1 1 1 1
instanceKlass java/lang/StringBuilder
instanceKlass java/lang/StringBuffer
ciInstanceKlass java/lang/AbstractStringBuilder 1 1 653 7 1 10 7 12 1 1 1 9 7 12 1 1 1 9 12 1 9 12 1 1 9 12 1 1 10 7 12 1 1 1 10 12 1 1 100 1 3 3 10 12 1 10 12 1 1 10 12 1 1 11 7 1 100 1 100 1 10 8 1 10 12 1 10 12 1 10 12 1 1 10 12 1 10 12 1 9 12 1 10 12 1 9 12 1 1 10 7 12 1 1 1 10 10 12 1 10 12 1 10 12 1 1 9 12 1 100 1 8 1 10 12 1 10 12 1 1 8 1 10 7 12 1 1 1 10 12 1 1 8 1 10 7 12 1 1 1 100 1 8 1 10 100 1 10 12 1 10 12 1 1 10 7 12 1 1 1 10 12 1 1 10 12 1 1 10 12 1 1 10 12 1 1 10 7 12 1 1 1 10 12 1 100 1 10 10 100 12 1 1 1 9 12 1 1 9 12 1 10 12 1 1 10 10 12 1 1 10 12 1 1 10 12 1 1 10 12 1 1 10 12 1 1 10 12 1 1 10 12 1 1 10 12 1 10 10 10 12 1 10 12 1 1 10 8 1 10 12 1 1 10 12 1 10 12 1 10 12 1 10 10 7 12 1 1 1 10 12 1 1 10 12 1 10 12 1 10 12 1 10 12 100 1 9 12 1 1 9 12 1 10 12 1 1 100 1 9 12 1 9 12 10 12 1 10 12 1 1 10 12 1 1 10 12 1 10 12 1 1 10 12 1 10 12 1 1 10 12 1 1 10 10 7 12 1 1 1 10 12 1 10 12 1 10 12 1 1 10 12 1 10 12 1 1 10 12 1 10 12 1 10 12 1 10 12 1 10 12 1 10 12 1 10 12 1 10 12 1 1 10 12 1 10 12 1 10 12 10 12 1 1 18 12 1 1 100 1 10 100 12 1 1 1 18 10 12 1 1 10 12 1 1 10 12 1 10 12 1 10 12 1 1 10 12 1 10 12 1 1 11 12 1 1 10 12 1 10 12 1 1 10 12 1 10 12 1 10 12 1 10 100 1 8 1 10 10 12 1 1 10 100 12 1 1 1 10 12 1 10 12 1 1 100 1 10 12 100 1 10 100 1 10 10 7 12 1 1 100 1 1 1 1 1 1 1 1 1 1 1 100 1 1 1 1 1 1 1 1 1 1 1 1 1 1 1 1 1 1 1 1 1 1 1 1 1 1 1 1 1 1 1 1 1 1 1 1 1 1 1 1 1 1 1 1 1 1 1 1 1 1 1 1 100 1 1 1 1 1 1 1 1 1 1 1 1 1 1 1 1 1 1 1 1 1 1 1 1 1 1 1 1 1 1 1 1 1 1 1 1 1 1 1 1 1 1 1 1 1 1 1 1 1 1 1 1 1 1 1 1 1 100 1 1 1 1 1 1 100 1 1 1 1 1 1 100 1 1 16 1 15 10 12 16 15 10 12 15 10 100 12 1 1 1 1 1 1 1 100 1 100 1 1
staticfield java/lang/AbstractStringBuilder EMPTYVALUE [B 0
staticfield java/lang/AbstractStringBuilder $assertionsDisabled Z 1
ciInstanceKlass java/lang/StringBuilder 1 1 425 10 7 12 1 1 1 10 12 1 10 12 1 10 12 1 1 10 7 12 1 1 1 10 7 12 1 1 1 10 12 1 10 12 1 10 12 1 10 12 1 10 12 1 10 12 1 10 12 1 10 12 1 10 12 1 10 12 1 10 12 1 10 12 1 10 12 1 10 12 1 1 10 12 1 10 12 1 1 10 12 1 1 10 12 1 10 12 1 10 12 1 10 12 1 10 12 1 10 12 1 10 12 1 10 12 10 12 1 10 12 1 10 12 1 10 12 1 1 10 12 1 10 12 1 10 12 10 12 1 1 10 12 1 10 12 1 10 12 1 1 8 1 10 12 1 10 100 12 1 1 1 9 12 1 1 10 12 1 10 12 1 10 12 1 1 9 12 1 1 10 100 12 1 1 1 10 100 1 10 12 1 1 10 100 12 1 1 10 12 1 10 12 1 1 100 1 100 1 8 1 10 10 12 1 1 10 12 1 10 12 1 10 12 1 1 10 12 1 10 12 1 10 12 1 10 12 1 10 12 1 10 12 10 12 1 10 12 1 10 12 1 10 12 1 10 12 1 10 12 1 10 12 1 10 12 1 10 12 1 1 10 12 1 1 10 12 1 10 12 1 10 12 1 10 12 10 12 10 12 1 10 12 1 10 12 1 10 12 10 12 1 10 12 1 10 12 1 10 12 1 10 12 1 10 12 1 10 12 1 10 12 1 10 12 1 1 10 12 1 10 12 1 1 10 12 1 10 12 1 1 10 12 1 10 12 1 1 10 12 1 10 12 1 10 12 1 10 10 10 12 1 100 1 100 1 100 1 100 1 1 1 1 5 0 1 1 1 1 1 1 1 1 1 1 1 1 1 1 1 1 1 1 1 1 1 1 1 1 1 1 1 1 1 1 1 1 1 1 1 1 1 1 1 1 1 1 1 1 100 1 1 1 100 1 1 1 1 1 1 1 1 1 1 1
ciMethod java/lang/StringBuilder toString ()Ljava/lang/String; 44 0 368881 0 -1
ciMethod java/lang/StringBuilder <init> ()V 36 0 297855 0 -1
ciMethod java/lang/StringBuilder append (Ljava/lang/String;)Ljava/lang/StringBuilder; 78 0 1105753 0 -1
ciMethod java/lang/StringBuilder append (C)Ljava/lang/StringBuilder; 670 0 197901 0 -1
ciInstanceKlass java/security/CodeSource 1 1 396 10 7 12 1 1 1 9 7 12 1 1 1 9 12 1 1 9 12 1 1 9 12 1 1 10 7 12 1 1 1 9 12 1 1 10 100 12 1 1 10 100 10 100 12 1 1 1 10 12 1 1 10 12 1 1 100 1 10 10 100 12 1 1 1 10 100 12 1 1 1 10 12 1 1 100 1 10 12 1 1 10 12 1 1 10 12 1 1 10 12 1 10 10 100 1 10 12 1 1 10 100 12 1 1 1 10 12 1 1 10 12 1 10 12 1 8 1 10 12 1 10 12 1 10 12 1 1 10 12 1 8 1 10 12 1 1 10 100 1 10 10 12 1 1 8 1 10 12 1 10 12 1 10 12 1 8 1 8 1 9 12 1 1 100 1 8 1 10 12 1 10 12 1 1 8 1 10 12 1 8 1 8 1 8 1 10 100 12 1 1 10 12 1 1 10 12 1 10 12 1 1 10 12 1 1 10 12 1 1 100 1 100 1 10 12 1 10 12 10 12 1 1 10 100 12 1 1 10 12 1 100 1 10 12 10 100 12 1 1 1 10 8 1 10 12 1 10 12 1 1 100 1 10 12 1 1 100 1 100 1 8 1 8 1 10 10 12 1 1 10 100 12 1 1 1 100 1 10 12 10 12 1 1 11 100 12 1 1 10 10 12 1 11 10 12 1 8 1 100 1 10 12 1 10 12 1 1 10 12 1 11 12 1 1 100 1 1 1 1 5 0 1 1 1 1 1 1 1 1 1 1 1 1 1 1 1 1 1 1 1 1 1 1 1 1 1 1 1 1 1 1 1 1 1 1 1 1 1 1 1 1 1 1 1 1 1 1 1 1 1 1 1 1 1 1 1 1 1 1 1 1 1 1 1 1 1 1 100 1 1 1 1 1 1 1
ciInstanceKlass java/security/ProtectionDomain 1 1 141 10 7 12 1 1 1 9 7 12 1 1 1 9 12 1 1 9 12 1 1 10 7 12 1 1 7 1 9 12 1 9 12 1 1 7 1 9 12 1 1 9 12 1 10 100 12 1 1 10 100 12 1 1 1 10 12 1 1 10 12 1 8 1 100 1 8 1 10 12 1 10 11 12 1 1 10 100 12 1 1 1 10 12 1 1 8 1 11 8 1 10 12 1 8 1 8 1 8 1 10 12 1 8 1 8 1 1 1 1 1 1 1 1 100 1 1 100 1 1 1 1 1 1 1 1 1 1 1 1 1 1 1 1 1 1 1 100 1 1 1
instanceKlass java/net/URLClassLoader
instanceKlass jdk/internal/loader/BuiltinClassLoader
ciInstanceKlass java/security/SecureClassLoader 1 1 171 10 7 12 1 1 1 7 1 10 12 1 9 7 12 1 1 1 10 12 1 10 12 1 10 12 1 1 10 12 1 1 10 12 1 7 1 10 7 1 10 12 1 7 1 10 12 1 11 7 12 1 1 1 7 1 10 100 12 1 1 1 11 12 1 1 11 100 12 1 1 1 11 100 12 1 1 11 12 1 1 9 12 1 1 10 100 12 1 1 1 11 12 1 1 8 1 10 100 12 1 1 1 9 12 1 1 100 1 10 8 1 10 12 1 1 10 12 1 8 1 10 12 1 1 10 100 12 1 1 1 11 12 1 10 12 1 1 1 1 1 1 1 1 1 1 1 1 1 1 1 1 1 1 1 1 1 1 1 1 1 1 1 1 1 1 1 1 1 1 1
ciInstanceKlass java/net/URL 1 1 772 10 7 12 1 1 1 10 12 1 10 7 12 1 1 9 12 1 1 9 12 1 10 12 1 1 9 12 1 1 10 7 12 1 1 1 8 1 10 12 1 1 100 1 10 10 12 1 1 8 1 10 12 1 1 9 12 1 100 1 8 1 10 12 1 10 12 1 8 1 9 12 1 10 12 1 1 9 12 1 10 12 1 10 12 1 9 12 1 9 12 1 8 1 9 12 1 10 12 1 1 8 1 9 12 1 1 10 12 1 1 10 7 12 1 1 1 8 1 10 12 1 7 1 10 12 1 10 12 1 10 12 1 10 12 1 1 10 12 1 1 8 1 10 12 1 1 10 12 1 8 1 9 12 1 8 1 10 12 1 10 7 12 1 1 1 100 1 10 12 1 10 12 1 1 10 7 12 1 1 1 100 1 8 1 10 10 12 1 8 1 10 12 1 1 10 12 1 10 12 1 10 12 1 10 12 1 10 12 1 10 12 1 8 1 10 12 1 8 1 10 10 100 1 10 10 12 1 8 1 10 7 12 1 1 1 10 12 1 9 12 1 1 10 12 1 10 100 12 1 1 1 100 1 10 12 1 10 12 1 10 12 1 10 12 1 10 12 1 10 12 10 10 12 1 8 1 100 1 10 100 12 1 1 1 10 12 1 1 10 12 1 10 12 1 1 8 1 9 100 12 1 1 1 10 100 12 1 1 1 10 12 1 10 12 1 10 7 12 1 1 1 10 12 1 1 10 12 1 9 12 1 1 9 12 1 1 100 1 8 1 10 9 12 1 1 10 7 12 1 1 8 1 10 7 12 1 1 8 1 10 12 1 1 10 12 1 8 1 8 1 10 7 12 1 1 1 100 1 10 100 12 1 1 1 10 12 1 10 12 1 9 12 1 1 10 7 12 1 1 8 1 10 100 12 1 1 1 10 12 1 1 18 12 1 1 10 100 12 1 1 8 9 100 12 1 1 1 10 12 1 1 10 12 1 10 12 1 1 10 7 12 1 1 11 7 12 1 1 10 12 1 10 12 1 9 12 1 10 12 1 1 10 100 12 1 1 10 100 12 1 1 1 8 10 100 12 1 1 100 1 10 8 8 10 12 1 8 8 8 100 1 10 12 1 9 12 1 1 10 12 1 10 12 1 1 10 12 1 10 12 10 12 1 1 10 12 1 1 10 10 10 12 1 10 12 1 10 12 1 10 12 1 10 12 1 10 10 12 1 100 1 8 1 10 10 10 12 1 1 10 12 1 10 12 1 1 8 1 100 1 10 100 12 1 1 1 10 12 1 1 11 100 12 1 1 11 12 1 10 7 1 10 10 12 1 10 7 1 10 12 1 9 7 12 1 1 1 9 12 1 1 7 1 10 10 7 12 1 1 1 100 1 1 1 1 1 5 0 1 1 1 1 1 1 1 1 1 1 1 1 1 1 1 1 1 1 1 1 1 1 1 1 1 1 1 1 1 1 1 1 1 1 1 1 1 1 1 1 1 1 1 1 1 1 1 100 1 1 1 1 1 1 1 1 1 1 1 1 1 1 1 1 1 1 1 1 1 1 1 1 1 1 1 1 1 1 1 1 1 1 1 1 100 1 1 1 1 1 1 1 1 1 1 1 1 1 100 1 1 1 1 1 1 1 1 1 1 1 1 1 1 1 1 1 1 1 1 100 1 1 1 1 1 1 1 16 15 10 12 16 1 15 10 100 12 1 1 1 1 1 1 100 1 1 1 1 100 1 100 1 1
staticfield java/net/URL defaultFactory Ljava/net/URLStreamHandlerFactory; java/net/URL$DefaultFactory
staticfield java/net/URL IN_LOOKUP Ljava/lang/ScopedValue; java/lang/ScopedValue
staticfield java/net/URL handlers Ljava/util/Hashtable; java/util/Hashtable
staticfield java/net/URL streamHandlerLock Ljava/lang/Object; java/lang/Object
staticfield java/net/URL serialPersistentFields [Ljava/io/ObjectStreamField; 7 [Ljava/io/ObjectStreamField;
ciInstanceKlass java/util/jar/Manifest 1 1 320 10 7 12 1 1 1 7 1 10 9 7 12 1 1 1 7 1 10 9 12 1 1 9 12 1 1 10 12 1 10 12 1 1 10 12 1 1 10 12 1 1 10 12 1 1 11 7 1 11 12 1 1 10 12 1 1 10 100 12 1 1 1 100 1 100 1 10 8 1 10 12 1 1 10 12 1 1 10 12 1 10 12 1 11 100 1 10 12 1 10 12 1 1 11 12 1 1 10 12 1 11 12 1 1 11 100 12 1 1 1 11 100 12 1 1 11 12 1 1 100 1 10 12 1 8 1 11 12 1 7 1 10 12 1 1 11 12 1 10 12 1 10 12 1 10 9 7 12 1 1 1 10 12 1 1 10 100 12 1 10 12 1 10 12 1 9 100 12 1 1 1 8 1 10 12 1 8 1 8 1 7 1 10 12 1 10 12 1 10 12 1 1 100 1 8 1 10 12 1 1 8 1 10 10 12 1 1 8 1 10 12 1 1 10 100 12 1 1 1 10 12 1 10 11 12 1 1 10 12 1 1 10 7 12 1 1 1 10 12 1 1 10 12 1 10 12 1 1 11 10 12 1 11 10 12 1 100 1 1 1 1 1 1 1 1 1 1 1 1 1 1 1 1 1 1 1 1 1 1 1 1 1 1 1 1 1 1 1 1 1 1 1 100 1 1 1 1 1 1 1 1 1 1 1 1 1 1 100 1 1 1 1 1 1 1 1 1 1 1
ciInstanceKlass java/io/ByteArrayInputStream 1 1 135 10 7 12 1 1 1 9 7 12 1 1 1 9 12 1 1 9 12 1 9 12 1 10 7 12 1 1 1 10 7 12 1 1 1 10 7 12 1 1 1 10 100 12 1 1 1 10 12 1 1 10 100 12 1 1 1 100 1 100 1 100 1 3 10 100 1 10 100 12 1 1 1 9 12 1 1 100 1 10 10 7 12 1 1 1 1 1 1 1 1 1 1 1 1 1 1 1 1 1 1 1 1 1 1 1 1 1 1 1 1 1 1 1 1 1 1 1 100 1 100 1 1 1 1 1 1 1 1 1 1 1 1 1 1
staticfield java/io/ByteArrayInputStream $assertionsDisabled Z 1
instanceKlass java/nio/CharBuffer
instanceKlass java/nio/IntBuffer
instanceKlass java/nio/LongBuffer
instanceKlass java/nio/ByteBuffer
ciInstanceKlass java/nio/Buffer 1 1 259 100 1 10 7 12 1 1 1 9 7 12 1 1 1 9 12 1 9 12 1 1 9 12 1 9 12 1 1 10 12 1 1 10 12 1 1 10 12 100 1 100 1 10 8 1 10 12 1 1 10 12 1 8 1 8 1 10 12 1 1 10 12 1 8 1 9 12 1 1 100 1 8 1 10 12 1 8 1 8 1 9 12 10 12 1 8 1 8 1 8 1 10 12 1 8 1 8 1 8 1 100 1 10 100 1 10 100 1 10 9 12 1 1 10 7 12 1 1 1 100 1 10 12 1 1 10 12 1 10 100 12 1 1 10 7 12 1 1 1 10 7 12 1 1 1 9 12 1 1 10 7 12 1 1 1 9 12 1 1 7 1 10 10 12 1 1 7 1 10 10 7 12 1 1 1 1 1 3 1 1 1 1 1 1 1 1 1 1 1 1 1 1 100 1 1 1 1 1 1 1 100 1 1 1 1 1 1 1 1 1 1 1 1 1 1 1 1 1 1 1 1 1 1 1 1 1 1 1 1 1 1 1 1 1 1 1 1 1 1 1 1 1 1 100 1 100 1 100 1 100 1 100 1 100 1 100 1 1
staticfield java/nio/Buffer UNSAFE Ljdk/internal/misc/Unsafe; jdk/internal/misc/Unsafe
staticfield java/nio/Buffer SCOPED_MEMORY_ACCESS Ljdk/internal/misc/ScopedMemoryAccess; jdk/internal/misc/ScopedMemoryAccess
staticfield java/nio/Buffer IOOBE_FORMATTER Ljava/util/function/BiFunction; jdk/internal/util/Preconditions$4
staticfield java/nio/Buffer $assertionsDisabled Z 1
ciInstanceKlass jdk/internal/util/Preconditions 1 1 194 10 100 12 1 1 1 11 100 12 1 1 1 11 100 12 1 1 1 100 1 100 1 10 7 12 1 1 1 10 12 1 8 1 100 1 10 100 12 1 1 1 10 12 1 1 8 1 8 1 10 100 12 1 1 7 1 10 12 1 8 1 10 100 12 1 1 1 8 1 10 12 1 1 10 12 1 1 11 12 1 8 1 8 1 11 12 1 1 8 1 8 1 8 1 10 12 1 1 10 12 1 1 10 12 1 10 12 1 10 12 1 10 12 7 1 10 10 12 1 1 9 12 1 1 7 1 10 9 12 1 7 1 10 9 12 1 1 1 1 1 1 1 1 1 1 1 1 1 1 1 1 1 1 1 1 1 1 1 1 1 1 1 1 1 1 1 1 1 1 1 1 1 1 1 1 1 1 1 1 1 1 1 1 1 1 1 1 1 1 1 1 1 1
staticfield jdk/internal/util/Preconditions SIOOBE_FORMATTER Ljava/util/function/BiFunction; jdk/internal/util/Preconditions$4
staticfield jdk/internal/util/Preconditions AIOOBE_FORMATTER Ljava/util/function/BiFunction; jdk/internal/util/Preconditions$4
staticfield jdk/internal/util/Preconditions IOOBE_FORMATTER Ljava/util/function/BiFunction; jdk/internal/util/Preconditions$4
ciInstanceKlass jdk/internal/util/Preconditions$4 1 1 61 9 7 12 1 1 1 10 7 12 1 1 1 10 100 12 1 1 1 11 100 12 1 1 1 100 1 100 1 100 1 10 12 1 100 1 1 1 1 1 1 1 1 1 1 1 1 1 1 1 1 1 1 1 1 1 12 1 1 1 1
ciInstanceKlass java/util/function/BiFunction 1 1 65 10 100 12 1 1 1 18 12 1 1 11 100 12 1 1 11 100 12 1 100 1 1 1 1 1 1 1 1 1 1 1 1 1 1 1 1 1 1 1 1 1 1 1 1 1 1 1 16 15 11 12 15 10 100 12 1 1 1 1 100 1 100 1 1
ciMethod jdk/internal/util/Preconditions checkIndex (IILjava/util/function/BiFunction;)I 898 0 8359 0 -1
ciMethod jdk/internal/util/Preconditions checkFromToIndex (IIILjava/util/function/BiFunction;)I 538 0 31853 0 184
ciMethod jdk/internal/util/Preconditions checkFromIndexSize (IIILjava/util/function/BiFunction;)I 620 0 105985 0 168
ciMethod jdk/internal/util/Preconditions outOfBoundsCheckFromToIndex (Ljava/util/function/BiFunction;III)Ljava/lang/RuntimeException; 0 0 1 0 -1
ciMethod jdk/internal/util/Preconditions outOfBoundsCheckFromIndexSize (Ljava/util/function/BiFunction;III)Ljava/lang/RuntimeException; 0 0 1 0 -1
ciInstanceKlass java/lang/AssertionStatusDirectives 0 0 24 10 100 12 1 1 1 100 1 1 1 1 1 1 1 1 1 1 1 1 1 1 1 1
instanceKlass jdk/internal/classfile/impl/AbstractInstruction$SwitchCaseImpl
instanceKlass java/nio/DirectByteBuffer$Deallocator
instanceKlass jdk/net/UnixDomainPrincipal
instanceKlass java/lang/invoke/StringConcatFactory$InlineHiddenClassStrategy$MethodHandlePair
instanceKlass sun/util/locale/LanguageTag
instanceKlass java/util/Formatter$FixedString
instanceKlass jdk/internal/classfile/impl/StackCounter$Target
instanceKlass jdk/internal/classfile/impl/StackMapDecoder$StackMapFrameImpl
instanceKlass jdk/internal/classfile/impl/StackMapDecoder$ObjectVerificationTypeInfoImpl
instanceKlass java/lang/reflect/Proxy$ProxyBuilder$ProxyClassContext
instanceKlass java/lang/ClassValue$Version
instanceKlass java/security/SecureClassLoader$CodeSourceKey
instanceKlass java/util/zip/ZipFile$EntryPos
instanceKlass sun/nio/fs/WindowsPathParser$Result
instanceKlass jdk/internal/module/ModuleReferenceImpl$CachedHash
instanceKlass java/util/stream/Collectors$CollectorImpl
instanceKlass java/lang/invoke/MethodHandles$Lookup$ClassDefiner
instanceKlass jdk/internal/classfile/impl/ClassHierarchyImpl$ClassHierarchyInfoImpl
instanceKlass java/lang/classfile/ClassHierarchyResolver$1Factory
instanceKlass jdk/internal/classfile/impl/RawBytecodeHelper$CodeRange
instanceKlass jdk/internal/classfile/impl/StackMapGenerator$Type
instanceKlass jdk/internal/classfile/impl/Util$1WithCodeMethodHandler
instanceKlass jdk/internal/classfile/impl/DirectCodeBuilder$DeferredLabel
instanceKlass java/lang/invoke/InvokerBytecodeGenerator$ClassData
instanceKlass jdk/internal/classfile/impl/AnnotationImpl
instanceKlass jdk/internal/reflect/ReflectionFactory$Config
instanceKlass jdk/internal/foreign/abi/UpcallLinker$CallRegs
instanceKlass jdk/internal/foreign/abi/VMStorage
ciInstanceKlass java/lang/Record 1 1 22 10 7 12 1 1 1 100 1 1 1 1 1 1 1 1 1 1 1 1 1 1
ciInstanceKlass java/util/concurrent/ConcurrentHashMap 1 1 1225 100 1 7 1 10 7 12 1 1 1 10 12 1 1 9 12 1 1 3 10 7 12 1 1 1 3 100 1 10 7 12 1 1 1 100 1 10 100 12 1 1 1 100 1 11 12 1 1 11 12 1 11 12 1 1 9 12 1 1 9 12 1 9 12 1 1 10 7 12 1 1 1 7 1 10 12 1 1 10 12 1 1 10 7 12 1 1 1 4 10 12 1 11 7 12 1 1 10 12 1 10 12 1 1 100 1 10 5 0 10 12 1 9 12 1 10 12 1 1 5 0 10 12 1 10 12 1 9 12 1 1 10 12 1 1 9 12 1 9 12 1 1 10 12 1 1 9 12 1 10 12 1 1 9 12 1 1 10 12 1 1 100 1 10 100 1 10 12 1 10 12 1 1 10 12 1 1 10 12 1 1 10 12 1 10 12 1 1 10 12 1 1 100 1 10 12 1 1 7 1 100 1 8 1 10 12 1 10 12 1 1 10 12 1 1 10 10 12 1 11 12 1 1 11 7 12 1 1 1 11 7 12 1 1 1 11 12 1 7 1 11 12 1 11 12 1 10 12 1 1 10 12 1 1 9 12 1 1 10 100 12 1 1 1 9 10 12 1 1 9 12 1 10 12 1 1 5 0 9 12 1 1 7 1 10 12 1 9 12 1 1 7 1 10 12 1 9 12 1 7 1 10 100 1 10 10 12 1 1 8 1 10 12 1 10 12 1 1 11 100 1 100 1 10 12 1 10 100 12 1 1 1 8 1 10 100 12 1 1 1 8 1 10 12 1 8 1 10 12 1 10 12 1 1 10 100 12 1 1 10 12 1 10 12 1 10 12 1 9 12 1 9 10 12 1 9 12 1 11 100 12 1 1 1 11 7 12 1 1 1 100 1 10 12 11 100 12 1 1 10 11 7 12 1 10 12 1 100 1 10 12 1 100 1 10 10 9 7 12 1 1 1 3 10 100 12 1 1 9 12 1 10 12 1 1 9 12 1 1 9 12 1 10 12 1 1 10 100 12 1 1 9 12 1 9 7 12 1 1 10 12 1 1 10 12 1 3 9 12 1 9 12 1 10 12 1 1 7 1 9 3 100 1 10 12 1 9 12 1 10 12 1 9 12 1 10 12 1 9 12 1 10 100 12 1 1 1 100 10 12 1 100 1 5 0 10 100 12 1 1 100 1 10 12 1 1 10 12 1 10 12 1 100 1 10 12 1 10 100 1 100 1 10 10 12 1 10 100 1 10 12 1 10 100 1 10 12 1 10 100 1 10 12 1 1 100 1 10 12 1 10 10 12 1 100 1 10 12 1 10 10 12 1 100 1 10 12 1 10 100 1 10 12 1 10 100 1 10 12 1 10 100 1 10 12 1 10 100 1 10 12 1 10 100 1 10 12 1 10 100 1 10 12 1 10 100 1 10 12 1 10 100 1 10 10 100 1 10 10 100 1 10 10 100 1 10 12 1 10 100 1 10 12 1 10 100 1 10 12 1 10 100 1 10 12 1 10 100 1 10 12 1 10 100 1 10 10 100 1 10 10 100 1 10 10 100 1 10 12 1 10 100 1 10 12 1 10 100 1 10 12 1 10 100 1 10 12 1 10 100 1 10 12 1 10 10 12 1 10 12 1 7 1 7 1 10 12 1 9 12 1 1 9 12 1 1 10 12 1 1 8 10 12 1 1 8 8 8 8 7 10 12 1 1 10 12 1 1 100 1 8 1 10 7 1 100 1 100 1 1 1 5 0 1 1 3 1 3 1 1 1 1 3 1 3 1 3 1 1 1 1 1 3 1 3 1 3 1 1 1 1 1 1 1 1 1 1 1 1 1 1 1 1 1 1 1 1 1 1 1 1 1 1 1 1 100 1 1 1 1 1 1 1 1 1 1 1 1 1 1 1 1 1 1 1 1 1 1 1 1 1 1 1 1 1 1 1 1 1 1 1 1 1 1 1 1 1 1 1 1 1 1 1 1 1 1 1 1 1 1 1 1 1 1 1 1 1 1 1 1 1 1 1 1 1 1 1 1 1 1 1 100 1 1 1 1 1 1 1 1 1 1 100 1 1 1 1 1 1 1 1 1 1 1 100 1 1 1 1 1 1 1 1 1 1 1 1 1 1 1 1 1 1 1 1 1 1 1 1 1 1 1 1 1 1 1 1 1 1 1 1 1 1 1 1 1 1 1 1 1 1 1 1 1 1 1 1 1 1 1 1 1 1 1 1 1 1 1 1 1 1 1 1 1 1 1 1 1 1 1 1 1 1 1 1 1 1 1 1 1 1 1 1 1 1 1 1 1 1 1 1 1 1 1 1 1 1 1 1 1 1 1 1 1 1 1 1 1 1 1 1 1 1 1 1 1 1 1 1 1 1 1 1 1 1 1 1 1 1 1 1 1 1 1 1 1 1 1 1 1 1 1 1 1 1 1 1 1 1 1 1 1 1 1 1 1 1 1 1 1 1 1 1 1 1 1 1 1 1 1 1 1 1 1 1 1 1 1 1 1 1 1 1 1 1 1 1 1 1 1 1 1 1 1 1 1 1 1 1 1 1 1 1 1 1 1 1 1 1 1 1 1 1 1 1 1 1 1 1 100 1 100 1 100 1 100 1 100 1 100 1 100 1 100 1 100 1 1 1 1 1 1 1 1 1 1 1 1 1 1 1 1 1 1 1 1 1 1 1 1 1 1 1 1 1 1 1 1 1 1 1 1 1 1 1 1 1 1 1 1 1 1 1 1 1 1 1 1 1 1 1 1 1 1
staticfield java/util/concurrent/ConcurrentHashMap serialPersistentFields [Ljava/io/ObjectStreamField; 3 [Ljava/io/ObjectStreamField;
staticfield java/util/concurrent/ConcurrentHashMap U Ljdk/internal/misc/Unsafe; jdk/internal/misc/Unsafe
staticfield java/util/concurrent/ConcurrentHashMap SIZECTL J 44
staticfield java/util/concurrent/ConcurrentHashMap TRANSFERINDEX J 56
staticfield java/util/concurrent/ConcurrentHashMap BASECOUNT J 48
staticfield java/util/concurrent/ConcurrentHashMap CELLSBUSY J 60
staticfield java/util/concurrent/ConcurrentHashMap CELLVALUE J 144
staticfield java/util/concurrent/ConcurrentHashMap ABASE J 16
staticfield java/util/concurrent/ConcurrentHashMap ASHIFT I 2
instanceKlass java/util/Collections$SingletonMap
instanceKlass com/google/common/collect/MapMakerInternalMap
instanceKlass com/google/common/cache/LocalCache
instanceKlass java/util/concurrent/ConcurrentSkipListMap
instanceKlass java/util/TreeMap
instanceKlass java/util/IdentityHashMap
instanceKlass java/util/EnumMap
instanceKlass java/util/WeakHashMap
instanceKlass java/util/Collections$EmptyMap
instanceKlass sun/util/PreHashedMap
instanceKlass java/util/HashMap
instanceKlass java/util/ImmutableCollections$AbstractImmutableMap
instanceKlass java/util/concurrent/ConcurrentHashMap
ciInstanceKlass java/util/AbstractMap 1 1 200 10 7 12 1 1 1 10 7 12 1 1 1 11 7 12 1 1 1 10 11 12 1 1 11 7 12 1 1 1 11 12 1 1 7 1 11 12 1 10 12 1 1 11 12 1 100 1 10 11 12 1 11 7 1 10 12 1 1 11 12 1 9 12 1 1 100 1 10 12 1 9 12 1 1 100 1 10 11 11 12 1 1 11 12 1 100 1 100 1 11 12 1 8 1 100 1 10 10 12 1 1 8 1 10 12 1 10 12 1 1 10 12 1 1 1 1 1 1 1 1 1 1 1 1 1 1 1 1 1 1 1 1 1 1 1 1 1 1 1 1 1 1 1 1 1 1 1 1 1 1 1 1 100 1 1 1 1 1 1 1 100 1 1 1 1 1 1 1 1 1 7 1 1 1 1 1 1 1 1 1 1 1 100 1 100 1 100 1 100 1 100 1 1 1 1 1 1 1 1
ciInstanceKlass java/util/concurrent/ConcurrentMap 1 1 201 11 100 12 1 1 1 10 100 12 1 1 11 12 1 1 11 100 12 1 1 1 11 100 12 1 1 1 11 12 1 1 100 1 11 12 1 11 12 1 100 1 11 100 12 1 1 1 18 12 1 11 12 1 1 11 100 12 1 1 11 12 1 1 11 100 12 1 11 12 1 1 11 12 1 1 100 1 100 1 1 1 1 1 1 1 1 1 1 1 1 1 1 1 1 1 1 1 1 1 1 1 1 1 1 1 1 1 1 1 1 1 1 1 1 1 1 1 1 1 1 1 1 1 1 1 1 1 1 1 1 1 1 1 1 1 1 1 1 16 15 11 12 15 10 100 12 1 1 1 1 1 100 1 100 1 1 1 100 1 8 1 1 12 10 1 8 1 1 1 8 1 1 8 1 1 1 8 1 1 1 8 1 1 8 1 8 1 8 1 1 1 8 1 1 8 1 1 1 8 1
ciInstanceKlass java/util/Collection 1 1 115 11 100 12 1 1 1 100 1 11 7 12 1 1 1 10 7 12 1 1 1 11 12 1 1 11 7 12 1 1 1 11 12 1 1 11 7 12 1 1 1 11 12 1 1 10 100 12 1 1 1 11 12 1 10 7 12 1 1 1 100 1 100 1 1 1 1 1 1 1 1 1 1 1 1 1 1 1 1 1 1 1 1 1 1 1 1 1 1 1 1 1 1 1 1 1 1 1 1 1 1 1 1 1 1 1 1 1 1 1 1 1 1 1 1
ciInstanceKlass java/io/File 1 1 613 9 7 12 1 1 1 9 12 1 1 10 7 12 1 1 1 9 7 12 1 1 9 12 1 9 12 1 1 10 7 12 1 1 1 9 12 1 1 9 12 1 1 100 1 10 10 7 12 1 1 1 10 12 1 1 100 1 10 10 12 1 1 10 12 1 10 12 1 1 10 7 12 1 1 100 1 8 1 10 12 1 10 12 1 8 1 10 12 1 8 1 10 12 1 1 8 1 10 12 1 8 1 10 12 1 8 1 10 12 1 8 1 10 12 1 8 1 10 12 1 9 12 1 1 10 12 1 1 10 12 1 1 10 12 1 1 10 12 1 1 10 12 1 10 12 1 10 12 1 1 10 12 1 10 12 10 12 1 10 12 1 10 12 100 1 8 1 10 10 12 1 10 12 1 8 1 10 12 1 7 1 10 10 12 1 1 10 12 1 10 12 1 100 1 10 100 1 8 1 10 12 1 10 12 1 1 10 12 1 10 12 1 1 10 8 1 10 12 1 100 1 100 1 10 12 1 10 12 1 1 10 12 1 10 12 1 1 10 12 1 10 12 1 10 12 1 10 100 12 1 1 10 12 1 1 10 12 1 1 7 1 10 11 100 12 1 1 1 11 100 12 1 1 11 12 1 11 12 1 1 100 1 10 10 12 1 10 10 10 7 1 11 7 12 1 10 12 1 10 12 1 10 12 1 10 12 1 10 12 1 10 12 1 10 12 1 1 8 1 10 12 1 1 10 12 1 10 12 1 1 10 12 1 1 10 12 1 10 12 1 10 12 1 1 10 12 1 1 100 1 5 0 8 1 8 1 8 1 10 7 12 1 1 10 12 1 1 8 1 10 12 1 10 12 1 1 10 12 1 1 10 12 1 10 100 12 1 1 10 12 1 1 10 100 12 1 1 1 8 10 100 12 1 1 1 10 12 1 1 9 12 1 1 9 12 1 1 10 7 12 1 1 1 9 12 1 10 12 1 1 9 12 1 1 10 7 12 1 1 1 10 7 12 1 1 10 7 12 1 1 10 7 12 1 1 1 10 12 1 10 12 1 1 9 12 1 10 12 1 9 12 1 9 12 1 10 12 1 1 10 12 1 1 8 100 1 100 1 1 1 5 0 1 1 1 1 1 1 1 1 1 1 1 1 1 1 1 1 1 1 1 1 1 1 1 1 1 1 1 1 1 1 1 1 1 1 1 1 1 1 1 1 1 1 1 1 1 1 1 1 1 1 1 1 1 1 1 1 1 1 1 1 1 1 1 1 1 1 1 1 1 1 1 1 1 1 1 1 1 1 1 1 1 1 1 1 1 1 1 1 1 1 1 1 1 1 1 1 1 1 1 1 100 1 1 1 100 1 100 1 1 1 1 1 1 1 1 1 1 1 1 1
staticfield java/io/File FS Ljava/io/FileSystem; java/io/WinNTFileSystem
staticfield java/io/File separatorChar C 92
staticfield java/io/File separator Ljava/lang/String; "\"
staticfield java/io/File pathSeparatorChar C 59
staticfield java/io/File pathSeparator Ljava/lang/String; ";"
staticfield java/io/File UNSAFE Ljdk/internal/misc/Unsafe; jdk/internal/misc/Unsafe
staticfield java/io/File PATH_OFFSET J 16
staticfield java/io/File PREFIX_LENGTH_OFFSET J 12
staticfield java/io/File $assertionsDisabled Z 1
instanceKlass jdk/internal/loader/ClassLoaders$BootClassLoader
instanceKlass jdk/internal/loader/ClassLoaders$PlatformClassLoader
instanceKlass jdk/internal/loader/ClassLoaders$AppClassLoader
ciInstanceKlass jdk/internal/loader/BuiltinClassLoader 1 1 652 9 7 12 1 1 1 10 7 12 1 1 1 10 7 12 1 1 1 9 12 1 1 9 12 1 1 7 1 10 12 1 9 12 1 10 12 1 9 12 1 10 7 12 1 1 1 10 7 12 1 1 1 10 7 12 1 1 1 11 7 12 1 1 1 100 1 100 1 10 10 12 1 1 8 1 10 12 1 10 12 7 1 10 12 1 10 12 1 1 11 7 12 1 1 1 11 7 12 1 1 1 11 12 1 1 7 1 8 1 8 1 10 9 12 1 1 10 7 12 1 1 11 12 1 1 10 12 1 1 10 12 1 1 10 12 1 1 11 7 12 1 1 1 10 7 12 1 1 100 1 10 100 12 1 1 1 10 7 12 1 1 1 10 12 1 10 12 1 100 1 8 1 10 12 1 1 10 8 1 10 12 1 1 10 12 1 1 10 12 1 1 11 7 12 1 1 11 12 1 7 1 10 11 12 1 1 11 10 12 1 1 7 1 10 12 1 10 7 12 1 10 12 1 11 12 1 1 11 7 1 11 12 1 100 1 10 12 1 1 100 1 100 1 11 12 1 1 10 12 1 10 12 10 12 1 10 7 12 1 1 1 7 1 10 10 12 1 1 10 12 1 1 10 12 1 1 10 12 1 9 12 1 1 100 1 10 10 12 1 1 10 12 1 1 10 12 1 10 12 10 12 1 1 10 12 1 1 10 12 1 1 10 12 1 10 12 1 1 10 12 1 1 10 12 1 10 12 1 1 10 12 1 7 1 10 12 10 7 12 1 1 1 10 12 1 11 12 1 7 1 10 12 1 7 1 100 1 10 12 1 10 12 1 11 12 1 1 10 12 1 1 10 12 1 1 10 12 1 1 10 12 1 1 10 12 1 10 12 1 10 12 1 10 12 1 8 1 10 12 1 1 10 7 12 1 1 10 12 1 100 1 8 1 8 1 10 10 12 1 8 1 8 1 10 7 12 1 1 1 11 7 12 1 1 1 9 7 12 1 1 1 10 7 12 1 1 1 9 12 1 9 12 1 9 12 1 9 12 1 9 12 1 9 12 1 10 7 12 1 1 1 8 1 10 12 1 7 1 10 11 12 1 1 10 12 10 12 1 10 12 1 100 1 10 12 1 10 12 1 11 11 12 1 10 7 12 1 1 10 7 12 1 1 8 1 10 7 12 1 1 10 12 1 1 1 1 1 1 1 1 1 1 1 1 1 1 1 1 1 1 1 1 1 1 1 1 1 1 1 1 1 1 1 1 1 1 1 1 1 1 1 1 1 1 1 1 1 1 1 1 1 1 1 1 1 1 1 100 1 1 1 1 1 1 1 1 1 1 1 1 1 100 1 100 1 1 1 1 1 1 1 1 1 1 1 1 1 1 1 1 1 1 1 1 1 1 1 1 1 1 1 1 1 1 1 1 1 1 1 1 1 1 1 1 1 1 1 1 1 1 1 100 1 1 1 100 1 1 1 1 1
staticfield jdk/internal/loader/BuiltinClassLoader packageToModule Ljava/util/Map; java/util/concurrent/ConcurrentHashMap
staticfield jdk/internal/loader/BuiltinClassLoader $assertionsDisabled Z 1
ciInstanceKlass jdk/internal/loader/ClassLoaders$AppClassLoader 1 1 57 8 1 10 7 12 1 1 1 10 7 12 1 1 1 10 12 1 1 10 7 12 1 1 1 100 1 10 12 1 1 1 1 1 1 1 1 1 1 1 1 1 1 1 1 1 1 1 1 1 1 1 1 100 1 1 1
ciInstanceKlass jdk/internal/loader/ClassLoaders$PlatformClassLoader 1 1 42 8 1 10 7 12 1 1 1 10 7 12 1 1 1 100 1 10 12 1 100 1 1 1 1 1 1 1 1 1 1 1 1 1 1 100 1 1 1 100 1 1
ciInstanceKlass java/lang/ArithmeticException 1 1 26 10 100 12 1 1 1 10 12 1 100 1 1 1 1 5 0 1 1 1 1 1 1 1 1 1
instanceKlass sun/nio/fs/WindowsException
instanceKlass java/beans/PropertyVetoException
instanceKlass java/security/PrivilegedActionException
instanceKlass org/apache/maven/settings/building/SettingsBuildingException
instanceKlass com/jcraft/jsch/JSchException
instanceKlass java/util/concurrent/TimeoutException
instanceKlass javax/xml/xpath/XPathException
instanceKlass org/xml/sax/SAXException
instanceKlass javax/xml/parsers/ParserConfigurationException
instanceKlass kotlin/reflect/full/IllegalPropertyDelegateAccessException
instanceKlass kotlin/reflect/full/IllegalCallableAccessException
instanceKlass com/google/common/collect/RegularImmutableMap$BucketOverflowException
instanceKlass sun/security/pkcs11/wrapper/PKCS11Exception
instanceKlass java/security/GeneralSecurityException
instanceKlass java/lang/CloneNotSupportedException
instanceKlass java/util/concurrent/ExecutionException
instanceKlass java/text/ParseException
instanceKlass java/lang/InterruptedException
instanceKlass java/io/IOException
instanceKlass java/net/URISyntaxException
instanceKlass java/lang/ReflectiveOperationException
instanceKlass java/lang/RuntimeException
ciInstanceKlass java/lang/Exception 1 1 40 10 7 12 1 1 1 10 12 1 10 12 1 10 12 1 10 12 1 100 1 1 1 1 5 0 1 1 1 1 1 1 1 1 1 1 1 1 1 1
instanceKlass org/gradle/kotlin/dsl/support/ScriptCompilationException
instanceKlass org/w3c/dom/DOMException
instanceKlass groovy/lang/StringWriterIOException
instanceKlass java/lang/reflect/MalformedParameterizedTypeException
instanceKlass org/gradle/api/internal/attributes/AttributeMatchException
instanceKlass org/gradle/internal/locking/MissingLockStateException
instanceKlass org/gradle/internal/locking/InvalidLockFileException
instanceKlass org/gradle/api/internal/artifacts/ivyservice/resolveengine/result/GraphValidationException
instanceKlass org/gradle/cli/CommandLineArgumentException
instanceKlass org/gradle/internal/tools/api/ApiClassExtractionException
instanceKlass groovy/lang/GroovyRuntimeException
instanceKlass org/apache/commons/lang3/exception/CloneFailedException
instanceKlass org/gradle/internal/snapshot/impl/WorkSerializationException
instanceKlass org/gradle/tooling/internal/protocol/InternalBuildActionFailureException
instanceKlass org/gradle/tooling/internal/protocol/test/InternalTestExecutionException
instanceKlass kotlin/NoWhenBranchMatchedException
instanceKlass kotlin/KotlinNothingValueException
instanceKlass org/gradle/internal/snapshot/impl/IsolationException
instanceKlass org/gradle/internal/snapshot/ValueSnapshottingException
instanceKlass org/apache/tools/ant/BuildException
instanceKlass org/gradle/api/internal/attributes/AttributeMergingException
instanceKlass org/gradle/api/internal/provider/AbstractProperty$PropertyQueryException
instanceKlass java/util/ConcurrentModificationException
instanceKlass java/lang/TypeNotPresentException
instanceKlass org/gradle/internal/reflect/NoSuchPropertyException
instanceKlass org/gradle/internal/typeconversion/TypeConversionException
instanceKlass com/google/common/util/concurrent/UncheckedExecutionException
instanceKlass com/google/common/cache/CacheLoader$InvalidCacheLoadException
instanceKlass org/gradle/internal/work/NoAvailableWorkerLeaseException
instanceKlass org/gradle/internal/jvm/UnsupportedJavaRuntimeException
instanceKlass org/gradle/launcher/daemon/server/BadlyFormedRequestException
instanceKlass java/security/ProviderException
instanceKlass org/gradle/internal/remote/internal/MessageIOException
instanceKlass org/gradle/internal/remote/internal/ConnectException
instanceKlass org/gradle/cache/InsufficientLockModeException
instanceKlass org/gradle/cache/LockTimeoutException
instanceKlass org/gradle/launcher/daemon/registry/DaemonRegistry$EmptyRegistryException
instanceKlass org/gradle/cache/FileIntegrityViolationException
instanceKlass org/gradle/internal/file/FileException
instanceKlass org/gradle/launcher/daemon/server/api/DaemonStoppedException
instanceKlass org/gradle/launcher/daemon/server/api/DaemonUnavailableException
instanceKlass java/util/MissingResourceException
instanceKlass java/io/UncheckedIOException
instanceKlass org/gradle/internal/jvm/JavaHomeException
instanceKlass kotlin/UninitializedPropertyAccessException
instanceKlass org/gradle/api/reflect/ObjectInstantiationException
instanceKlass org/gradle/api/internal/classpath/UnknownModuleException
instanceKlass java/util/NoSuchElementException
instanceKlass org/gradle/internal/reflect/NoSuchMethodException
instanceKlass org/gradle/internal/nativeintegration/NativeIntegrationException
instanceKlass org/gradle/internal/service/ServiceLookupException
instanceKlass net/rubygrapefruit/platform/NativeException
instanceKlass com/esotericsoftware/kryo/KryoException
instanceKlass java/lang/reflect/UndeclaredThrowableException
instanceKlass org/gradle/internal/operations/BuildOperationInvocationException
instanceKlass org/gradle/internal/UncheckedException
instanceKlass org/gradle/api/GradleException
instanceKlass java/lang/SecurityException
instanceKlass java/lang/UnsupportedOperationException
instanceKlass java/lang/IllegalStateException
instanceKlass org/gradle/internal/service/ServiceLookupException
instanceKlass org/gradle/api/GradleException
instanceKlass org/gradle/api/internal/classpath/UnknownModuleException
instanceKlass java/util/concurrent/StructureViolationException
instanceKlass java/lang/IllegalArgumentException
instanceKlass java/lang/IndexOutOfBoundsException
instanceKlass java/lang/ArithmeticException
instanceKlass java/lang/NullPointerException
instanceKlass jdk/internal/vm/PreemptedException
instanceKlass java/lang/IllegalCallerException
instanceKlass java/lang/IllegalMonitorStateException
instanceKlass java/lang/ArrayStoreException
instanceKlass java/lang/ClassCastException
ciInstanceKlass java/lang/RuntimeException 1 1 40 10 7 12 1 1 1 10 12 1 10 12 1 10 12 1 10 12 1 100 1 1 1 1 5 0 1 1 1 1 1 1 1 1 1 1 1 1 1 1
ciInstanceKlass java/lang/ArrayIndexOutOfBoundsException 1 1 45 10 100 12 1 1 1 10 12 1 100 1 10 8 1 10 12 1 1 10 12 1 10 12 1 1 100 1 1 1 1 5 0 1 1 1 1 1 1 1 1 1 1 1 1
ciInstanceKlass java/lang/ArrayStoreException 1 1 26 10 100 12 1 1 1 10 12 1 100 1 1 1 1 5 0 1 1 1 1 1 1 1 1 1
instanceKlass org/codehaus/groovy/runtime/typehandling/GroovyCastException
ciInstanceKlass java/lang/ClassCastException 1 1 26 10 100 12 1 1 1 10 12 1 100 1 1 1 1 5 0 1 1 1 1 1 1 1 1 1
ciInstanceKlass java/lang/ClassNotFoundException 1 1 96 7 1 10 7 12 1 1 1 10 12 1 10 12 1 1 10 100 12 1 1 1 8 1 10 100 12 1 1 1 10 7 12 1 1 10 100 12 1 1 1 10 100 12 1 1 1 10 12 1 1 7 1 10 12 1 9 12 1 1 1 1 1 5 0 1 1 1 1 1 1 1 1 1 1 1 1 1 1 1 1 1 1 100 1 1 1 1 1 1 1 1 1 1 1 1
staticfield java/lang/ClassNotFoundException serialPersistentFields [Ljava/io/ObjectStreamField; 1 [Ljava/io/ObjectStreamField;
instanceKlass java/lang/reflect/InvocationTargetException
instanceKlass java/lang/IllegalAccessException
instanceKlass java/lang/InstantiationException
instanceKlass java/lang/NoSuchFieldException
instanceKlass java/lang/NoSuchMethodException
instanceKlass java/lang/ClassNotFoundException
ciInstanceKlass java/lang/ReflectiveOperationException 1 1 34 10 7 12 1 1 1 10 12 1 10 12 1 10 12 1 100 1 1 1 1 5 0 1 1 1 1 1 1 1 1 1 1 1
instanceKlass java/nio/charset/UnsupportedCharsetException
instanceKlass java/security/InvalidParameterException
instanceKlass java/lang/NumberFormatException
instanceKlass org/gradle/internal/service/UnknownServiceException
instanceKlass org/gradle/internal/service/UnknownServiceException
ciInstanceKlass java/lang/IllegalArgumentException 1 1 35 10 100 12 1 1 1 10 12 1 10 12 1 10 12 1 100 1 1 1 1 5 0 1 1 1 1 1 1 1 1 1 1 1 1
ciInstanceKlass java/lang/IllegalCallerException 0 0 35 10 100 12 1 1 1 10 12 1 10 12 1 10 12 1 100 1 1 1 1 5 0 1 1 1 1 1 1 1 1 1 1 1 1
ciInstanceKlass java/lang/IllegalMonitorStateException 1 1 26 10 100 12 1 1 1 10 12 1 100 1 1 1 1 5 0 1 1 1 1 1 1 1 1 1
ciInstanceKlass java/lang/BootstrapMethodError 0 0 45 10 100 12 1 1 1 10 12 1 10 12 1 10 100 12 1 1 1 10 100 12 1 1 1 1 1 1 5 0 1 1 1 1 1 1 1 1 1 1 1 100 1 1 1
instanceKlass kotlin/reflect/jvm/internal/KotlinReflectionInternalError
instanceKlass kotlin/jvm/KotlinReflectionNotSupportedError
instanceKlass kotlin/NotImplementedError
instanceKlass com/google/common/util/concurrent/ExecutionError
instanceKlass java/util/ServiceConfigurationError
instanceKlass java/lang/AssertionError
instanceKlass java/lang/VirtualMachineError
instanceKlass java/lang/LinkageError
ciInstanceKlass java/lang/Error 1 1 58 10 7 12 1 1 1 9 12 1 1 10 100 12 1 1 1 10 100 12 1 1 1 10 12 1 10 12 1 10 12 1 10 12 1 100 1 1 1 1 5 0 1 1 1 1 1 1 1 1 100 1 1 1 1 1 1 1
instanceKlass java/lang/ClassFormatError
instanceKlass java/lang/UnsatisfiedLinkError
instanceKlass java/lang/IncompatibleClassChangeError
instanceKlass java/lang/BootstrapMethodError
instanceKlass java/lang/NoClassDefFoundError
ciInstanceKlass java/lang/LinkageError 1 1 31 10 7 12 1 1 1 10 12 1 10 12 1 100 1 1 1 1 5 0 1 1 1 1 1 1 1 1 1 1 1
instanceKlass kotlin/KotlinNullPointerException
ciInstanceKlass java/lang/NullPointerException 1 1 52 10 100 12 1 1 1 10 12 1 9 100 12 1 1 1 10 12 1 1 9 12 1 1 10 12 1 1 10 12 1 1 1 1 5 0 1 1 1 1 1 1 1 1 100 1 100 1 100 1 1 1
ciInstanceKlass jdk/internal/vm/PreemptedException 1 1 21 10 100 12 1 1 1 100 1 1 1 1 5 0 1 1 1 1 1 1 1
ciInstanceKlass java/lang/InternalError 1 1 34 10 7 12 1 1 1 10 12 1 10 12 1 10 12 1 100 1 1 1 1 5 0 1 1 1 1 1 1 1 1 1 1 1
instanceKlass java/lang/StackOverflowError
instanceKlass java/lang/OutOfMemoryError
instanceKlass java/lang/InternalError
ciInstanceKlass java/lang/VirtualMachineError 1 1 34 10 7 12 1 1 1 10 12 1 10 12 1 10 12 1 100 1 1 1 1 5 0 1 1 1 1 1 1 1 1 1 1 1
ciInstanceKlass java/lang/NoClassDefFoundError 0 0 26 10 100 12 1 1 1 10 12 1 100 1 1 1 1 5 0 1 1 1 1 1 1 1 1 1
ciInstanceKlass java/lang/OutOfMemoryError 1 1 26 10 100 12 1 1 1 10 12 1 100 1 1 1 1 5 0 1 1 1 1 1 1 1 1 1
ciInstanceKlass java/lang/StackOverflowError 1 1 26 10 100 12 1 1 1 10 12 1 100 1 1 1 1 5 0 1 1 1 1 1 1 1 1 1
ciInstanceKlass java/lang/StackTraceElement 0 0 235 10 100 12 1 1 1 10 100 12 1 1 9 12 1 1 9 12 1 1 9 12 1 9 12 1 8 1 10 100 12 1 1 1 100 1 9 12 1 8 1 9 12 1 9 12 1 9 12 1 1 10 12 1 1 10 12 1 8 1 10 100 12 1 1 1 100 1 10 12 1 10 12 1 1 10 12 1 10 12 1 1 10 12 1 10 12 1 10 10 12 1 8 1 10 12 1 10 12 1 1 10 12 1 1 10 12 1 10 12 1 10 12 1 9 12 1 1 10 100 12 1 1 1 10 12 1 1 100 1 10 12 1 1 10 100 12 1 1 10 100 12 1 1 1 10 100 12 1 1 10 100 12 1 1 10 10 12 1 1 10 12 1 1 10 12 1 1 10 12 1 100 1 1 1 1 1 1 1 3 1 3 1 1 5 0 1 1 1 1 1 1 1 1 1 1 1 1 1 1 1 1 1 1 1 1 1 1 1 1 1 1 1 1 1 100 1 100 1 1 1 1 1 1 1 100 1 1 1 1 1 1 1 1 1
instanceKlass java/util/concurrent/locks/AbstractQueuedLongSynchronizer
instanceKlass java/util/concurrent/locks/AbstractQueuedSynchronizer
ciInstanceKlass java/util/concurrent/locks/AbstractOwnableSynchronizer 1 1 32 10 7 12 1 1 1 9 7 12 1 1 1 100 1 1 1 1 5 0 1 1 1 1 1 1 1 1 1 1 1 1
ciInstanceKlass jdk/internal/vm/Continuation 1 1 548 9 7 12 1 1 1 9 12 1 9 12 1 100 1 100 1 10 12 1 1 8 1 10 12 1 1 10 12 1 10 12 1 1 10 12 1 9 7 12 1 1 1 11 100 12 1 1 1 10 100 1 9 12 1 1 9 12 1 1 10 8 1 10 12 1 9 12 1 1 10 11 12 1 1 100 1 10 100 12 1 1 1 10 12 1 1 10 12 1 10 12 1 1 11 12 1 1 9 12 1 1 10 12 1 1 18 12 1 1 10 100 12 1 1 1 100 1 10 12 1 11 100 12 1 1 1 10 12 1 9 12 1 10 12 1 1 100 1 8 1 10 12 1 10 12 1 1 9 12 1 1 11 12 1 1 9 12 1 1 8 1 10 11 12 1 1 11 12 1 1 10 12 1 1 10 12 1 1 9 12 1 10 12 1 10 10 12 1 8 1 10 12 1 8 1 8 1 10 7 12 1 1 1 10 100 12 1 1 1 10 12 1 9 12 1 11 12 1 100 1 10 12 1 10 12 1 1 9 12 1 1 100 1 10 12 1 1 9 12 1 1 10 12 1 10 12 1 11 100 12 1 1 10 7 1 10 12 1 8 1 10 12 1 1 9 12 1 1 10 7 12 1 1 8 1 8 1 8 1 8 1 10 12 1 1 10 12 1 10 12 1 10 12 1 10 12 1 1 10 12 1 1 8 1 9 12 1 10 12 1 1 9 12 1 1 10 12 1 1 9 12 1 8 1 10 100 12 1 1 1 10 12 1 8 1 100 1 8 1 10 9 12 1 1 8 1 10 100 12 1 1 10 100 12 1 1 8 1 8 1 10 12 10 12 1 1 10 100 1 10 100 12 1 1 1 18 11 100 12 1 1 1 18 12 1 11 12 1 1 100 1 10 7 12 1 1 10 12 1 1 8 10 12 1 1 10 7 12 1 1 1 10 7 12 1 1 10 12 1 8 1 10 12 1 100 1 100 1 10 12 1 1 1 1 1 1 1 1 1 1 1 1 1 1 1 1 1 1 1 1 1 1 1 1 1 1 1 1 1 1 1 1 1 1 1 1 1 1 1 1 1 1 1 1 1 1 1 1 1 1 1 1 1 1 1 1 1 1 1 1 1 1 1 1 1 1 1 1 1 1 1 1 1 1 1 1 100 1 1 16 1 15 10 12 16 15 11 100 12 1 1 1 16 1 16 1 15 10 12 16 15 10 100 12 1 1 1 1 1 1 1 1 100 1 100 1 1
staticfield jdk/internal/vm/Continuation U Ljdk/internal/misc/Unsafe; jdk/internal/misc/Unsafe
staticfield jdk/internal/vm/Continuation MOUNTED_OFFSET J 13
staticfield jdk/internal/vm/Continuation PRESERVE_SCOPED_VALUE_CACHE Z 1
staticfield jdk/internal/vm/Continuation JLA Ljdk/internal/access/JavaLangAccess; java/lang/System$1
staticfield jdk/internal/vm/Continuation $assertionsDisabled Z 1
ciInstanceKlass jdk/internal/misc/UnsafeConstants 1 1 34 10 100 12 1 1 1 9 7 12 1 1 1 9 12 1 9 12 1 1 9 12 1 9 12 1 1 1 1 1 1 1 1 1
staticfield jdk/internal/misc/UnsafeConstants ADDRESS_SIZE0 I 8
staticfield jdk/internal/misc/UnsafeConstants PAGE_SIZE I 4096
staticfield jdk/internal/misc/UnsafeConstants BIG_ENDIAN Z 0
staticfield jdk/internal/misc/UnsafeConstants UNALIGNED_ACCESS Z 1
staticfield jdk/internal/misc/UnsafeConstants DATA_CACHE_LINE_FLUSH_SIZE I 0
ciInstanceKlass java/lang/invoke/MethodHandleImpl 1 1 1422 10 7 12 1 1 1 7 1 10 7 12 1 1 1 10 7 12 1 1 1 100 1 10 8 1 10 12 1 1 10 12 1 10 12 1 1 10 7 12 1 1 1 9 100 12 1 1 1 10 100 12 1 1 1 100 1 10 12 1 1 10 12 1 1 10 12 1 1 10 7 12 1 1 1 9 7 12 1 1 1 10 7 12 1 1 1 100 1 10 9 12 1 1 9 12 1 10 12 1 1 10 12 1 10 12 1 1 10 12 1 1 10 12 1 1 8 1 8 1 10 12 1 1 10 12 1 1 10 12 1 1 10 12 1 1 10 12 1 10 12 1 1 10 7 12 1 1 1 10 12 1 7 1 10 7 12 1 1 1 10 12 1 1 10 12 1 1 11 7 12 1 1 1 11 7 12 1 1 11 12 1 1 7 1 11 12 1 10 12 1 1 10 12 1 1 11 12 1 10 7 12 1 1 10 12 1 1 10 7 12 1 1 10 12 1 10 12 1 1 10 7 12 1 1 1 10 7 12 1 1 1 10 12 1 1 10 12 1 1 9 7 12 1 1 1 10 10 12 1 1 10 12 1 1 10 10 12 1 1 10 12 1 1 10 7 12 1 1 1 10 12 1 1 10 12 1 10 12 1 10 7 12 1 1 1 10 7 12 1 1 1 10 12 1 1 10 12 1 10 12 1 10 12 1 10 12 1 1 10 12 1 10 12 1 1 10 12 1 10 12 1 8 1 100 1 10 12 1 10 12 1 1 10 12 1 10 12 1 1 10 12 1 1 7 1 10 12 1 100 1 8 1 10 12 1 10 100 12 1 1 1 8 1 10 12 1 10 100 12 1 1 1 100 1 9 100 1 10 12 1 1 10 12 1 1 9 12 1 10 12 1 1 10 100 12 1 1 10 12 1 1 10 12 1 1 10 12 1 10 12 1 7 1 10 12 1 1 9 12 1 1 10 12 1 9 100 12 1 1 1 11 100 12 1 1 7 1 9 12 1 100 1 10 12 1 10 12 1 1 100 1 10 12 1 1 10 12 1 1 10 100 12 1 1 1 10 12 1 1 10 12 1 10 12 1 1 10 12 1 10 12 1 1 10 12 1 7 1 9 100 12 1 1 1 10 12 1 10 12 1 9 100 12 1 1 1 10 12 1 1 10 12 1 1 10 12 1 10 100 12 1 1 10 100 12 1 1 1 9 12 1 10 12 1 9 12 10 12 1 10 12 1 10 12 1 10 12 1 1 10 12 1 10 12 1 1 10 12 1 10 12 1 1 10 12 1 1 10 12 1 1 10 12 1 10 12 1 10 12 1 1 10 12 1 10 7 12 1 1 10 12 1 10 100 12 1 1 8 1 10 8 1 100 1 10 9 12 1 100 1 10 12 1 8 1 10 10 12 1 10 10 12 1 1 10 12 1 1 10 12 1 10 12 1 100 1 8 1 10 12 1 10 100 12 1 1 1 10 12 1 1 10 12 1 10 12 1 7 1 10 12 1 10 12 1 10 12 1 1 7 1 10 12 1 10 7 12 1 1 10 12 1 9 12 1 10 12 1 1 10 12 1 1 100 1 10 10 12 1 8 1 8 1 9 12 1 8 1 8 1 8 1 9 12 1 10 12 1 1 9 12 1 1 10 12 1 8 1 9 7 1 10 12 1 1 10 12 1 8 1 8 1 8 1 100 1 100 1 8 8 1 8 1 100 1 8 1 100 1 10 12 1 10 12 1 10 12 10 12 1 10 12 1 11 100 12 1 1 1 18 12 1 11 100 12 1 1 1 18 18 12 1 11 12 1 1 10 12 1 1 10 12 1 10 12 1 11 12 1 9 12 1 9 12 10 10 12 1 1 9 12 1 1 11 12 1 1 18 12 1 1 11 12 1 1 11 12 1 1 10 12 1 11 100 1 10 12 1 10 12 1 10 12 1 9 12 1 9 12 10 12 1 10 100 12 1 1 1 10 12 1 10 12 1 1 10 12 1 10 12 9 12 1 1 10 12 1 10 12 1 1 9 12 1 9 12 1 10 12 1 10 12 1 1 10 12 1 100 1 10 12 1 9 12 1 1 11 100 1 9 12 1 9 12 11 12 1 9 12 1 10 12 10 12 1 1 10 12 1 1 9 100 12 1 1 10 12 1 10 12 1 10 12 1 1 100 1 10 12 1 10 12 1 1 100 1 10 12 1 1 10 12 1 1 100 1 10 12 1 1 10 12 1 1 10 12 1 10 12 1 10 12 1 9 12 1 10 12 1 10 12 1 1 9 7 12 1 1 1 8 10 12 1 1 8 1 10 12 1 8 1 8 1 8 1 8 1 8 1 8 1 100 1 8 1 8 1 10 12 1 9 12 1 7 1 10 10 7 12 1 1 1 1 1 1 1 3 1 1 3 1 3 1 3 1 3 1 3 1 3 1 3 1 3 1 1 1 1 1 1 1 1 1 3 1 3 1 1 1 1 1 1 1 1 1 1 1 1 1 1 1 1 1 1 1 1 1 1 1 1 1 1 1 1 1 1 1 1 1 1 1 1 1 1 1 1 1 1 1 1 1 1 1 1 1 1 1 1 1 1 1 1 1 1 1 1 1 1 1 1 1 1 1 1 1 1 1 1 1 1 1 1 1 1 1 1 1 1 1 1 1 1 1 1 1 1 1 1 1 1 1 1 1 1 1 1 1 1 1 100 1 1 1 1 1 1 1 1 1 1 1 1 1 1 1 1 1 1 1 1 1 1 1 1 1 1 1 1 1 1 1 1 1 1 1 1 1 1 1 1 1 1 1 1 1 1 1 1 1 1 1 1 1 1 1 1 1 1 1 1 1 1 1 1 1 1 1 1 1 1 1 1 1 1 1 1 1 1 1 1 1 1 1 1 1 1 1 1 1 1 1 1 1 1 1 1 1 1 1 1 1 1 1 1 1 1 1 1 1 1 1 1 1 1 1 1 1 1 1 1 1 1 1 1 1 1 1 1 1 1 1 1 1 1 1 1 1 1 1 1 1 1 1 1 1 1 1 1 1 1 1 1 1 1 1 1 1 1 1 1 1 1 1 1 1 1 1 1 1 1 100 1 100 1 100 1 100 1 100 1 100 1 100 1 1 16 15 10 12 16 15 16 16 1 15 10 12 16 16 15 10 12 16 15 10 100 12 1 1 1 1 1 1 1 1 1 1 1 1 1 1 1 1 1 1 1 1 1 1 1 1
staticfield java/lang/invoke/MethodHandleImpl ARRAYS [Ljava/lang/invoke/MethodHandle; 256 [Ljava/lang/invoke/MethodHandle;
staticfield java/lang/invoke/MethodHandleImpl NFS [Ljava/lang/invoke/LambdaForm$NamedFunction; 7 [Ljava/lang/invoke/LambdaForm$NamedFunction;
staticfield java/lang/invoke/MethodHandleImpl HANDLES [Ljava/lang/invoke/MethodHandle; 9 [Ljava/lang/invoke/MethodHandle;
staticfield java/lang/invoke/MethodHandleImpl $assertionsDisabled Z 1
instanceKlass java/lang/invoke/DelegatingMethodHandle
instanceKlass java/lang/invoke/BoundMethodHandle
instanceKlass java/lang/invoke/DirectMethodHandle
ciInstanceKlass java/lang/invoke/MethodHandle 1 1 735 100 1 9 7 12 1 1 1 10 7 12 1 1 1 10 7 12 1 1 1 7 1 7 1 10 12 1 1 9 12 1 1 10 12 1 10 12 1 1 10 12 1 1 10 7 12 1 1 1 10 12 1 1 10 12 1 1 11 100 12 1 1 1 10 12 1 1 10 12 1 10 12 1 9 12 1 1 9 12 1 1 10 100 12 1 1 1 10 12 1 10 12 1 1 10 12 1 10 12 1 100 1 100 1 10 8 1 10 12 1 1 10 12 1 8 1 10 12 1 1 10 12 1 10 7 12 1 1 1 10 12 1 1 10 12 1 1 10 12 1 1 10 7 12 1 1 1 10 12 1 1 10 12 1 1 10 12 1 10 12 1 1 10 7 12 1 1 10 7 12 1 1 10 12 1 10 12 1 10 12 1 1 10 12 1 1 10 12 1 1 10 12 1 1 10 7 12 1 1 1 10 7 12 1 1 1 10 12 1 1 10 12 1 1 10 12 1 1 8 1 10 7 12 1 1 1 8 1 10 12 1 10 12 1 1 10 12 1 1 10 12 1 8 1 10 12 1 1 8 1 10 12 1 8 1 10 100 12 1 1 1 9 12 1 1 100 1 10 9 100 12 1 1 1 9 100 1 8 1 10 12 1 1 10 12 1 10 12 1 1 10 12 1 10 12 1 1 10 12 1 10 12 1 1 10 12 1 10 12 1 1 10 12 1 1 8 1 10 12 1 1 8 1 10 12 1 10 12 1 1 10 12 1 10 12 1 10 12 1 1 9 100 12 1 1 1 10 12 1 1 11 12 1 10 12 1 10 12 1 1 10 100 12 1 1 100 1 11 12 1 10 100 1 11 12 1 100 1 10 12 1 11 12 1 9 100 12 1 1 1 11 12 1 1 11 100 12 1 1 1 10 12 1 1 9 12 1 11 12 1 9 12 1 9 12 1 9 12 1 11 12 1 1 9 12 1 9 12 1 9 12 1 9 12 1 9 12 1 9 12 1 9 12 1 8 1 10 12 1 10 12 1 8 1 10 12 1 10 12 1 10 12 1 1 10 10 10 7 12 1 1 10 12 1 1 100 1 100 1 8 1 8 1 10 10 12 1 1 10 12 1 10 12 1 100 1 10 100 12 1 1 1 10 9 7 12 1 1 1 10 12 1 1 10 12 1 1 8 1 8 1 10 100 12 1 1 9 12 1 9 12 1 1 9 12 1 1 10 12 1 7 1 10 12 1 10 12 1 1 9 12 1 1 9 12 1 1 10 7 12 1 1 1 11 7 12 1 1 9 12 1 10 12 1 1 9 12 1 10 12 1 8 10 12 1 1 8 1 1 1 1 1 1 1 1 100 1 1 1 1 1 1 1 1 1 1 1 1 1 1 1 1 1 1 1 1 1 1 1 1 1 1 1 1 1 1 1 1 100 1 1 1 1 1 1 1 1 1 1 1 1 1 1 1 1 1 1 1 1 1 1 1 1 1 1 1 1 1 1 1 1 1 1 1 1 1 1 1 1 1 1 1 1 1 1 1 1 1 1 1 1 1 1 1 1 1 1 1 1 1 1 1 1 1 1 1 1 1 1 1 1 1 1 1 1 1 1 1 1 1 1 1 1 1 1 1 100 1 1 100 1 100 1 100 1 1 100 1 1 100 1 1 1 1
staticfield java/lang/invoke/MethodHandle FORM_OFFSET J 20
staticfield java/lang/invoke/MethodHandle UPDATE_OFFSET J 13
staticfield java/lang/invoke/MethodHandle $assertionsDisabled Z 1
ciInstanceKlass java/lang/invoke/MethodType 1 1 714 7 1 10 7 12 1 1 1 9 12 1 1 9 12 1 1 9 12 1 1 10 7 12 1 1 1 9 7 12 1 1 8 1 10 100 12 1 1 1 9 7 1 9 7 1 10 12 1 1 100 1 10 8 1 10 12 1 1 10 12 1 10 12 1 1 100 1 8 1 10 12 1 100 1 10 10 12 1 10 12 1 1 10 12 1 1 11 7 12 1 1 1 9 12 1 11 12 1 1 7 10 12 1 1 10 12 1 1 7 1 7 1 10 7 12 1 1 1 10 12 1 10 12 1 9 12 1 1 10 7 12 1 1 10 12 1 1 10 7 12 1 1 1 10 7 12 1 1 1 10 12 1 9 12 1 1 10 12 1 1 10 12 1 1 10 12 1 1 10 12 1 1 10 12 1 1 10 12 1 10 12 1 10 12 1 1 10 12 1 8 1 8 1 10 12 1 1 9 12 1 1 100 1 10 10 12 1 1 10 12 1 10 12 1 1 10 12 1 1 10 12 1 10 12 1 10 12 1 8 1 10 12 1 1 10 100 12 1 1 1 10 12 1 10 12 1 1 10 12 1 10 12 1 10 12 1 1 10 12 1 10 12 1 9 12 1 10 12 1 10 10 12 1 1 10 12 1 9 12 1 1 10 12 1 1 11 12 1 1 10 12 1 1 10 12 1 10 12 1 100 1 8 1 8 1 8 1 10 12 1 10 12 1 10 12 1 1 10 10 12 1 11 12 1 1 11 12 1 10 100 12 1 1 1 9 12 1 10 12 1 10 12 1 1 10 12 1 1 10 12 1 10 12 1 10 100 12 1 1 1 10 12 1 1 10 12 1 10 12 1 10 12 1 10 9 12 1 1 7 1 10 12 1 10 100 12 1 1 1 10 12 1 1 10 7 12 1 1 1 11 12 1 1 9 12 1 1 10 12 1 1 10 12 1 10 12 1 1 10 12 1 1 10 100 12 1 1 10 12 1 10 12 100 1 11 100 12 1 1 10 12 1 11 12 1 10 100 12 1 1 10 12 1 1 10 12 1 1 9 12 1 1 9 100 12 1 1 1 10 100 12 1 1 1 9 12 1 10 100 12 1 1 10 12 1 100 10 12 1 10 12 1 1 10 12 1 7 1 10 10 12 1 1 7 1 7 1 9 12 1 1 100 1 100 1 100 1 1 1 5 0 1 1 1 1 1 1 1 3 1 3 1 3 1 1 1 1 1 1 1 1 1 1 1 1 1 1 1 1 1 1 1 1 1 1 1 1 1 1 1 1 1 1 1 1 1 1 1 1 1 1 1 1 1 1 1 1 1 1 1 1 1 1 1 1 1 1 1 1 1 1 1 1 1 1 1 1 1 1 1 1 1 1 1 1 1 1 1 1 1 1 1 1 1 1 1 1 1 1 1 1 1 1 1 1 1 1 1 1 1 1 1 1 1 1 1 1 1 1 1 1 1 1 1 1 1 1 1 1 1 1 1 1 1 1 1 1 1 1 1 100 1 1 100 1 100 1 1 1 1 1 1 1 1 1 1 1 1 1 100 1 1 1 1 100 1 1 1 100 1 1 1 1 1 1 1 1 1 1 1 1 1 1 1 1 1 1 100 1 1 100 1 1
staticfield java/lang/invoke/MethodType internTable Ljdk/internal/util/ReferencedKeySet; jdk/internal/util/ReferencedKeySet
staticfield java/lang/invoke/MethodType NO_PTYPES [Ljava/lang/Class; 0 [Ljava/lang/Class;
staticfield java/lang/invoke/MethodType objectOnlyTypes [Ljava/lang/invoke/MethodType; 20 [Ljava/lang/invoke/MethodType;
staticfield java/lang/invoke/MethodType METHOD_HANDLE_ARRAY [Ljava/lang/Class; 1 [Ljava/lang/Class;
staticfield java/lang/invoke/MethodType serialPersistentFields [Ljava/io/ObjectStreamField; 0 [Ljava/io/ObjectStreamField;
staticfield java/lang/invoke/MethodType $assertionsDisabled Z 1
ciInstanceKlass java/lang/invoke/TypeDescriptor$OfMethod 1 0 43 100 1 100 1 100 1 1 1 1 1 1 1 1 1 1 1 1 1 1 1 1 1 1 1 1 1 1 1 1 1 1 1 1 1 1 1 1 1 1 100 1 1
instanceKlass org/apache/commons/compress/archivers/zip/ZipMethod
instanceKlass org/apache/commons/compress/archivers/zip/ZipArchiveEntry$CommentSource
instanceKlass org/apache/commons/compress/archivers/zip/ZipArchiveEntry$NameSource
instanceKlass org/gradle/internal/classpath/ClasspathEntryVisitor$Entry$CompressionMethod
instanceKlass org/gradle/internal/file/FileType
instanceKlass org/gradle/internal/file/FileMetadata$AccessType
instanceKlass org/apache/commons/compress/archivers/zip/Zip64Mode
instanceKlass org/gradle/api/internal/runtimeshaded/RuntimeShadedJarType
instanceKlass org/gradle/kotlin/dsl/execution/ProgramTarget
instanceKlass org/gradle/kotlin/dsl/execution/ProgramKind
instanceKlass org/gradle/kotlin/dsl/execution/EvalOption
instanceKlass java/nio/file/AccessMode
instanceKlass com/sun/beans/introspect/PropertyInfo$Name
instanceKlass com/sun/beans/util/Cache$Kind
instanceKlass java/time/format/ResolverStyle
instanceKlass java/time/format/TextStyle
instanceKlass java/time/DayOfWeek
instanceKlass java/time/Month
instanceKlass java/time/format/FormatStyle
instanceKlass org/gradle/api/file/FileCollection$AntType
instanceKlass groovy/io/FileVisitResult
instanceKlass java/lang/System$Logger$Level
instanceKlass java/util/concurrent/Future$State
instanceKlass groovy/io/FileType
instanceKlass org/codehaus/groovy/util/ReferenceType
instanceKlass org/gradle/internal/component/resolution/failure/describer/NoCompatibleVariantsFailureDescriber$FailureSubType
instanceKlass org/gradle/api/initialization/resolve/RulesMode
instanceKlass org/gradle/api/initialization/resolve/RepositoriesMode
instanceKlass org/gradle/internal/management/DependencyResolutionManagementInternal$RulesModeInternal
instanceKlass org/gradle/internal/management/DependencyResolutionManagementInternal$RepositoriesModeInternal
instanceKlass com/google/common/reflect/Types$JavaVersion
instanceKlass com/google/common/reflect/Types$ClassOwnership
instanceKlass java/lang/invoke/MethodHandles$Lookup$ClassOption
instanceKlass org/gradle/api/artifacts/dsl/LockMode
instanceKlass org/gradle/composite/internal/DefaultIncludedBuildTaskGraph$State
instanceKlass org/gradle/internal/watch/registry/impl/DefaultFileWatcherProbeRegistry$WatchProbe$State
instanceKlass org/gradle/internal/operations/UncategorizedBuildOperations
instanceKlass org/gradle/internal/watch/vfs/VfsLogging
instanceKlass com/google/common/cache/LocalCache$NullEntry
instanceKlass com/google/common/util/concurrent/AbstractFutureState$VarHandleAtomicHelperMaker
instanceKlass org/gradle/internal/buildtree/DefaultBuildTreeLifecycleController$State
instanceKlass org/gradle/api/internal/provider/ValueSupplier$ValueConsumer
instanceKlass org/gradle/internal/build/DefaultBuildLifecycleController$State
instanceKlass org/gradle/initialization/VintageBuildModelController$Stage
instanceKlass org/gradle/internal/execution/model/InputNormalizer
instanceKlass org/gradle/internal/fingerprint/DirectorySensitivity
instanceKlass org/gradle/api/internal/changedetection/state/AbiExtractingClasspathResourceHasher$FallbackStrategy
instanceKlass org/gradle/internal/properties/InputBehavior
instanceKlass org/gradle/internal/execution/caching/CachingDisabledReasonCategory
instanceKlass org/gradle/internal/execution/history/impl/DefaultOutputFilesRepository$OutputKind
instanceKlass org/gradle/api/internal/provider/ProviderResolutionStrategy
instanceKlass org/gradle/api/PathValidation
instanceKlass com/google/common/base/AbstractIterator$State
instanceKlass org/gradle/internal/jvm/inspection/ProbedSystemProperty
instanceKlass org/gradle/api/internal/component/ArtifactType
instanceKlass org/gradle/api/internal/artifacts/dsl/dependencies/DependencyFactoryInternal$ClassPathNotation
instanceKlass kotlin/LazyThreadSafetyMode
instanceKlass org/gradle/internal/problems/failure/StackTraceRelevance
instanceKlass org/gradle/internal/buildtree/control/InvocationScenarioParameter
instanceKlass org/gradle/internal/logging/sink/ProgressLogEventGenerator$State
instanceKlass org/gradle/internal/logging/progress/DefaultProgressLoggerFactory$State
instanceKlass org/gradle/internal/resources/ResourceLockState$Disposition
instanceKlass org/gradle/internal/fingerprint/classpath/impl/ClasspathFingerprintingStrategy$NonJarFingerprintingStrategy
instanceKlass org/gradle/internal/fingerprint/LineEndingSensitivity
instanceKlass java/nio/file/FileVisitOption
instanceKlass org/gradle/internal/vfs/impl/DefaultSnapshotHierarchy$EmptySnapshotHierarchy
instanceKlass org/gradle/internal/snapshot/CaseSensitivity
instanceKlass com/google/common/io/FileWriteMode
instanceKlass com/google/common/collect/MapMakerInternalMap$Strength
instanceKlass org/gradle/internal/hash/HashCode$Usage
instanceKlass org/gradle/api/internal/changedetection/state/CrossBuildFileHashCache$Kind
instanceKlass org/gradle/api/internal/artifacts/ivyservice/CacheLayout
instanceKlass org/gradle/cache/internal/VersionStrategy
instanceKlass java/nio/file/attribute/PosixFilePermission
instanceKlass org/gradle/api/internal/cache/MarkingStrategyImpl
instanceKlass org/gradle/internal/reflect/PropertyAccessorType
instanceKlass com/google/common/cache/LocalCache$EntryFactory
instanceKlass com/google/common/cache/CacheBuilder$NullListener
instanceKlass com/google/common/cache/CacheBuilder$OneWeigher
instanceKlass com/google/common/cache/LocalCache$Strength
instanceKlass org/gradle/api/tasks/util/internal/PatternSpecFactory$CaseSensitivity
instanceKlass org/gradle/cache/internal/DefaultCrossBuildInMemoryCacheFactory$KeyRetentionPolicy
instanceKlass org/gradle/internal/file/TreeType
instanceKlass org/gradle/internal/properties/OutputFilePropertyType
instanceKlass org/gradle/internal/properties/annotations/PropertyAnnotationHandler$Kind
instanceKlass org/gradle/internal/execution/model/annotations/ModifierAnnotationCategory
instanceKlass org/gradle/internal/properties/InputFilePropertyType
instanceKlass org/gradle/internal/nativeintegration/EnvironmentModificationResult
instanceKlass com/google/common/collect/AbstractIterator$State
instanceKlass org/gradle/initialization/StartParameterBuildOptions$ConfigurationCacheProblemsOption$Value
instanceKlass org/gradle/internal/watch/registry/WatchMode
instanceKlass org/gradle/api/launcher/cli/WelcomeMessageDisplayMode
instanceKlass org/gradle/api/artifacts/verification/DependencyVerificationMode
instanceKlass java/lang/annotation/ElementType
instanceKlass org/gradle/launcher/daemon/toolchain/DaemonJvmCriteria$JavaHome$Source
instanceKlass org/gradle/cache/FileLockManager$LockMode
instanceKlass java/time/temporal/ChronoUnit
instanceKlass java/time/temporal/ChronoField
instanceKlass org/gradle/launcher/daemon/server/api/DaemonState
instanceKlass java/security/DrbgParameters$Capability
instanceKlass sun/security/util/KnownOIDs
instanceKlass org/gradle/internal/operations/BuildOperationCategory
instanceKlass java/net/StandardProtocolFamily
instanceKlass java/lang/management/MemoryType
instanceKlass java/security/Security$SecPropLoader$LoadingMode
instanceKlass org/gradle/tooling/events/OperationType
instanceKlass org/gradle/api/logging/configuration/WarningMode
instanceKlass org/gradle/api/logging/configuration/ConsoleUnicodeSupport
instanceKlass org/gradle/api/logging/configuration/ConsoleOutput
instanceKlass org/gradle/api/logging/configuration/ShowStacktrace
instanceKlass org/gradle/launcher/daemon/server/expiry/DaemonExpirationStatus
instanceKlass sun/util/locale/provider/LocaleProviderAdapter$Type
instanceKlass org/gradle/internal/logging/text/StyledTextOutput$Style
instanceKlass net/rubygrapefruit/platform/internal/FunctionResult$Failure
instanceKlass java/math/RoundingMode
instanceKlass org/gradle/api/JavaVersion
instanceKlass jdk/internal/logger/BootstrapLogger$LoggingBackend
instanceKlass java/util/stream/MatchOps$MatchKind
instanceKlass java/lang/invoke/MethodHandleImpl$ArrayAccess
instanceKlass org/gradle/internal/collect/Modification$Kind
instanceKlass org/gradle/internal/service/DefaultServiceRegistry$SingletonService$BindState
instanceKlass java/lang/annotation/RetentionPolicy
instanceKlass org/gradle/internal/service/DefaultServiceRegistry$State
instanceKlass org/gradle/fileevents/internal/NativeLogger$LogLevel
instanceKlass net/rubygrapefruit/platform/terminal/Terminals$Output
instanceKlass java/util/Locale$Category
instanceKlass org/gradle/internal/nativeintegration/services/NativeServices$NativeFeatures
instanceKlass org/gradle/launcher/daemon/configuration/DaemonPriority
instanceKlass org/gradle/internal/nativeintegration/services/NativeServices$NativeServicesMode
instanceKlass org/slf4j/helpers/Reporter$Level
instanceKlass org/slf4j/helpers/Reporter$TargetChoice
instanceKlass java/lang/classfile/attribute/StackMapFrameInfo$SimpleVerificationTypeInfo
instanceKlass java/lang/reflect/ProxyGenerator$PrimitiveTypeInfo
instanceKlass java/lang/classfile/ClassFile$StackMapsOption
instanceKlass org/gradle/api/logging/LogLevel
instanceKlass jdk/internal/util/OperatingSystem
instanceKlass java/util/regex/Pattern$Qtype
instanceKlass java/util/concurrent/TimeUnit
instanceKlass java/nio/file/LinkOption
instanceKlass sun/nio/fs/WindowsPathType
instanceKlass java/nio/file/StandardOpenOption
instanceKlass jdk/internal/vm/Continuation$Pinned
instanceKlass java/util/stream/Collector$Characteristics
instanceKlass java/util/stream/StreamShape
instanceKlass java/lang/classfile/Opcode$Kind
instanceKlass java/lang/classfile/Opcode
instanceKlass java/lang/invoke/VarHandle$AccessType
instanceKlass java/lang/invoke/VarHandle$AccessMode
instanceKlass java/lang/invoke/MethodHandleImpl$Intrinsic
instanceKlass java/lang/classfile/AttributeMapper$AttributeStability
instanceKlass jdk/internal/classfile/impl/AbstractPoolEntry$Utf8EntryImpl$State
instanceKlass java/lang/classfile/TypeKind
instanceKlass java/lang/invoke/LambdaForm$BasicType
instanceKlass java/lang/invoke/LambdaForm$Kind
instanceKlass java/lang/constant/DirectMethodHandleDesc$Kind
instanceKlass sun/invoke/util/Wrapper
instanceKlass java/util/stream/StreamOpFlag$Type
instanceKlass java/util/stream/StreamOpFlag
instanceKlass java/lang/reflect/AccessFlag$Location
instanceKlass java/lang/reflect/AccessFlag
instanceKlass java/lang/module/ModuleDescriptor$Modifier
instanceKlass java/io/File$PathStatus
instanceKlass jdk/internal/module/ModuleBootstrap$IllegalFinalFieldMutation
instanceKlass jdk/internal/module/ModuleBootstrap$IllegalNativeAccess
instanceKlass java/lang/reflect/ClassFileFormatVersion
instanceKlass java/lang/Thread$State
instanceKlass java/nio/ByteOrder
instanceKlass java/lang/module/ModuleDescriptor$Requires$Modifier
ciInstanceKlass java/lang/Enum 1 1 204 9 7 12 1 1 1 9 12 1 1 10 7 12 1 1 1 9 12 1 10 7 12 1 1 1 7 1 10 10 12 1 1 10 12 1 100 1 10 10 7 12 1 1 10 12 1 1 18 12 1 1 10 100 12 1 1 1 10 12 1 1 11 7 12 1 1 1 100 1 8 1 10 12 1 100 1 100 1 10 8 1 10 12 1 1 10 12 1 1 8 1 10 12 1 10 100 1 8 1 10 10 12 1 1 10 100 12 1 1 1 100 1 100 1 100 1 1 1 1 1 1 1 1 1 1 1 1 1 1 1 1 1 1 1 1 1 1 1 1 1 1 1 1 1 1 1 1 1 1 1 1 1 1 1 1 1 1 1 1 1 1 1 3 1 1 1 1 7 1 7 1 1 7 1 1 1 1 1 1 1 1 1 1 1 16 15 10 12 16 15 10 100 12 1 1 1 1 1 100 1 100 1 1
ciInstanceKlass java/lang/invoke/LambdaForm 1 1 1031 7 1 100 1 10 7 12 1 1 1 9 12 1 1 9 12 1 9 12 1 9 12 1 1 9 12 1 1 9 12 1 1 9 12 1 1 9 12 1 1 9 12 1 10 7 12 1 1 9 12 1 10 12 1 1 100 1 10 10 12 1 1 10 12 1 10 12 1 10 12 1 1 10 12 1 9 12 1 9 12 1 10 12 1 1 9 7 12 1 1 1 9 7 12 1 1 9 12 1 1 10 12 1 9 12 1 10 100 12 1 1 1 10 12 1 1 100 1 10 12 1 1 9 7 12 1 1 1 10 100 12 1 1 1 10 12 1 10 12 1 1 7 1 10 12 1 10 12 1 10 12 1 1 10 12 1 1 10 12 1 10 12 1 10 12 1 10 12 1 10 12 1 1 8 1 10 12 1 10 12 1 10 10 12 1 8 1 8 1 9 12 1 9 12 1 1 10 12 1 1 9 12 1 1 10 7 12 1 1 1 10 12 1 1 10 12 1 10 12 1 1 10 12 1 7 1 10 12 1 10 100 12 1 1 1 9 12 1 10 12 1 8 1 8 1 8 1 8 1 8 1 8 1 8 1 8 1 10 12 1 9 12 1 7 1 10 12 1 1 9 12 1 1 10 12 1 1 10 12 1 1 10 12 10 12 1 10 12 1 1 10 12 1 1 10 12 1 1 10 10 12 1 1 10 12 1 1 7 1 8 1 10 12 1 1 10 12 1 10 12 1 1 10 8 1 10 12 1 1 8 1 8 1 8 1 10 12 1 10 12 1 10 12 1 1 10 100 12 1 1 1 10 7 12 1 1 1 10 12 1 1 9 12 1 1 8 1 10 100 12 1 1 1 10 7 12 1 1 10 12 1 10 12 1 1 10 12 1 1 9 12 1 8 10 12 1 1 100 1 10 12 1 1 10 12 1 9 7 12 1 1 9 100 12 1 1 1 8 1 10 100 12 1 1 10 12 1 1 100 1 100 1 10 10 12 1 1 10 12 1 1 8 1 8 1 100 1 8 1 10 12 10 12 1 10 12 1 10 12 1 10 12 1 1 9 100 12 1 1 10 12 1 8 1 8 1 10 12 1 10 12 1 1 8 1 8 1 8 1 100 1 8 1 100 1 8 1 100 1 8 1 10 12 1 8 1 9 10 100 12 1 1 1 10 12 1 9 12 1 1 10 12 1 10 10 12 1 10 12 1 10 12 1 10 12 1 1 10 12 1 10 12 1 1 10 12 1 1 10 12 1 1 10 12 1 1 8 1 100 10 12 1 10 12 1 9 12 1 1 10 7 12 1 1 8 1 8 1 100 1 8 1 8 1 8 1 8 1 8 1 8 1 8 1 8 1 10 12 1 1 10 12 1 1 10 12 1 10 12 1 10 12 1 10 12 1 8 1 8 1 8 1 10 12 1 8 1 10 12 1 8 1 8 1 8 1 8 1 8 1 10 12 1 10 12 1 10 12 1 1 10 7 12 1 1 1 10 12 1 10 12 1 10 12 1 10 12 1 10 12 1 9 12 1 1 8 1 10 12 1 1 9 12 1 9 12 1 1 10 12 1 1 9 12 1 1 9 12 1 10 12 1 1 9 12 1 1 7 1 10 7 12 1 1 1 9 7 12 1 1 1 10 7 12 1 1 1 10 12 1 1 10 12 1 1 10 12 1 9 12 1 10 12 1 9 12 1 10 12 1 10 12 1 8 1 10 12 1 9 12 1 1 7 1 10 7 12 1 1 1 100 1 10 12 1 9 12 1 10 12 1 10 12 1 10 12 1 1 10 12 1 9 7 12 1 1 10 12 1 1 10 12 1 10 12 1 9 12 1 9 9 12 1 7 9 12 1 1 10 12 1 1 9 12 1 10 12 1 10 7 1 9 1 1 1 1 3 1 3 1 1 3 1 3 1 1 1 1 1 1 1 1 1 1 1 1 1 1 1 1 1 1 1 1 1 1 1 1 1 1 1 1 1 1 1 1 1 1 1 1 1 1 1 1 1 1 1 1 1 100 1 1 1 1 1 1 1 1 1 1 1 1 1 1 1 1 1 1 1 1 1 1 1 1 1 1 1 1 1 1 1 1 1 1 1 1 1 1 1 1 1 1 1 1 1 1 1 1 1 1 1 1 1 1 1 1 1 1 1 1 1 1 1 1 1 1 1 100 1 1 1 1 1 1 1 1 1 1 1 1 1 1 1 1 1 1 1 1 1 1 1 1 1 1 1 1 1 1 1 1 1 1 1 1 100 1 1 1 1 1 1 1 1 1 1 1 1 1 1 100 1 1 1 1 100 1 1 100 1 1 1 1 1 1 1 1 1 1 1 1
staticfield java/lang/invoke/LambdaForm DEFAULT_CUSTOMIZED Ljava/lang/invoke/MethodHandle; 
staticfield java/lang/invoke/LambdaForm DEFAULT_KIND Ljava/lang/invoke/LambdaForm$Kind; java/lang/invoke/LambdaForm$Kind
staticfield java/lang/invoke/LambdaForm COMPILE_THRESHOLD I 0
staticfield java/lang/invoke/LambdaForm INTERNED_ARGUMENTS [[Ljava/lang/invoke/LambdaForm$Name; 5 [[Ljava/lang/invoke/LambdaForm$Name;
staticfield java/lang/invoke/LambdaForm IMPL_NAMES Ljava/lang/invoke/MemberName$Factory; java/lang/invoke/MemberName$Factory
staticfield java/lang/invoke/LambdaForm LF_identity [Ljava/lang/invoke/LambdaForm; 6 [Ljava/lang/invoke/LambdaForm;
staticfield java/lang/invoke/LambdaForm NF_identity [Ljava/lang/invoke/LambdaForm$NamedFunction; 6 [Ljava/lang/invoke/LambdaForm$NamedFunction;
staticfield java/lang/invoke/LambdaForm LF_constant [Ljava/lang/invoke/LambdaForm; 5 [Ljava/lang/invoke/LambdaForm;
staticfield java/lang/invoke/LambdaForm createIdentityFormLock Ljava/lang/Object; java/lang/Object
staticfield java/lang/invoke/LambdaForm DEBUG_NAME_COUNTERS Ljava/util/HashMap; 
staticfield java/lang/invoke/LambdaForm DEBUG_NAMES Ljava/util/HashMap; 
staticfield java/lang/invoke/LambdaForm TRACE_INTERPRETER Z 0
staticfield java/lang/invoke/LambdaForm $assertionsDisabled Z 1
instanceKlass jdk/internal/reflect/DirectMethodHandleAccessor
ciInstanceKlass jdk/internal/reflect/MethodAccessorImpl 1 1 38 10 7 12 1 1 1 10 100 12 1 1 1 100 1 1 1 1 1 1 1 100 1 100 1 1 1 1 1 1 1 1 1 1 1 1 1 1
ciInstanceKlass jdk/internal/reflect/MethodAccessor 1 0 17 100 1 100 1 1 1 1 100 1 100 1 1 1 1 1 1
instanceKlass groovy/lang/SpreadMap
instanceKlass java/lang/ProcessEnvironment
instanceKlass java/util/LinkedHashMap
ciInstanceKlass java/util/HashMap 1 1 629 10 7 12 1 1 1 100 1 10 12 1 1 100 1 10 7 12 1 1 1 100 1 11 12 1 1 11 12 1 11 12 1 1 10 7 12 1 1 1 7 1 3 10 7 12 1 1 1 100 1 100 1 10 8 1 10 12 1 1 10 12 1 10 12 1 1 10 12 1 10 7 12 1 1 1 8 1 10 12 1 9 12 1 1 10 12 1 9 12 1 1 4 10 12 1 10 12 1 1 11 7 12 1 1 9 12 1 1 10 7 12 1 1 1 6 0 10 12 1 1 11 12 1 1 11 7 12 1 1 1 11 7 12 1 1 1 11 12 1 1 7 1 11 12 1 11 12 1 10 12 1 10 12 1 1 9 12 10 12 1 1 9 7 12 1 1 1 9 12 9 12 1 10 12 1 1 9 12 1 7 1 10 12 1 1 10 12 1 1 10 12 1 1 10 12 1 1 10 12 1 1 9 12 1 10 12 1 1 3 4 10 12 1 1 10 12 1 1 9 12 1 1 9 10 12 1 1 10 12 1 1 10 12 1 1 10 12 1 9 12 1 1 7 1 10 12 1 10 12 1 10 7 12 1 1 1 7 1 9 12 1 1 7 1 10 9 12 7 1 10 100 1 10 11 7 12 1 1 1 100 1 10 11 7 12 1 1 11 100 12 1 1 1 10 12 1 100 1 100 1 10 12 1 10 12 1 10 12 1 10 100 12 1 1 10 12 1 1 10 12 1 1 10 100 12 1 1 1 8 10 100 12 1 1 1 100 1 10 4 4 10 12 1 1 10 100 12 1 1 1 10 12 1 8 1 6 0 10 100 12 1 1 1 100 1 11 100 12 1 1 1 10 12 1 10 12 1 10 10 12 1 1 6 0 8 1 10 12 1 10 12 100 1 100 1 1 1 1 5 0 1 3 1 1 1 3 1 3 1 3 1 1 1 1 1 1 1 1 1 1 1 1 1 1 1 1 1 1 1 1 1 1 100 1 1 1 1 1 1 1 1 1 1 1 1 1 1 1 1 1 1 1 1 1 1 1 1 1 1 1 1 1 1 1 1 1 100 1 1 1 1 1 1 1 1 1 1 1 1 1 1 1 1 1 1 1 1 1 1 1 1 1 1 1 1 1 1 1 1 1 1 1 1 1 1 1 1 1 1 1 1 1 1 1 1 1 1 1 100 1 1 1 1 1 1 1 1 1 1 1 1 1 1 1 1 1 1 1 1 1 1 1 1 1 1 1 1 1 1 1 1 1 1 1 1 1 1 1 1 1 1 1 1 1 1 1 1 100 1 1 1 1 1 1 1 1 100 1 1 1 1 1 1 1 1 1 1 1 1 1 1 1 1 1 1 100 1 100 1 100 1 100 1 100 1 100 1 100 1 100 1 1 1 1 1 1 1 1 1 1 1 1 1 1 1 1 1 1
ciInstanceKlass jdk/internal/reflect/CallerSensitive 0 0 17 100 1 100 1 100 1 1 1 1 1 1 1 1 1 1 1
ciInstanceKlass jdk/internal/reflect/DirectConstructorHandleAccessor$NativeAccessor 1 1 44 10 7 12 1 1 1 9 7 12 1 1 1 10 12 1 1 1 1 1 1 1 1 1 1 1 1 1 1 1 1 1 100 1 100 1 1 1 1 1 100 1 1 1
ciInstanceKlass jdk/internal/reflect/ConstructorAccessor 1 0 16 100 1 100 1 1 1 1 100 1 100 1 100 1 1 1
instanceKlass jdk/internal/reflect/DirectConstructorHandleAccessor
instanceKlass jdk/internal/reflect/DirectConstructorHandleAccessor$NativeAccessor
ciInstanceKlass jdk/internal/reflect/ConstructorAccessorImpl 1 1 27 10 7 12 1 1 1 100 1 100 1 1 1 1 1 1 1 1 1 100 1 100 1 100 1 1 1
ciInstanceKlass jdk/internal/reflect/ConstantPool 1 1 113 10 100 12 1 1 1 10 7 12 1 1 1 10 12 1 1 10 12 1 10 12 1 1 10 12 1 1 10 12 1 10 12 1 1 10 12 1 10 12 1 1 10 12 1 10 12 1 10 12 1 10 12 1 1 10 12 1 1 10 12 1 1 10 12 1 1 10 12 1 10 12 1 1 10 100 12 1 1 1 1 1 1 1 1 1 1 1 1 1 1 1 1 1 1 1 1 1 1 1 1 1 1 1 1 1 1 1 1 1 1 1 1
instanceKlass java/lang/invoke/VolatileCallSite
instanceKlass java/lang/invoke/MutableCallSite
instanceKlass java/lang/invoke/ConstantCallSite
ciInstanceKlass java/lang/invoke/CallSite 1 1 297 10 7 12 1 1 1 10 7 12 1 1 1 9 12 1 1 10 7 12 1 1 1 10 12 1 100 1 10 12 1 1 10 12 1 1 9 100 12 1 1 1 10 100 12 1 1 10 12 1 1 100 1 100 1 10 10 100 12 1 1 1 10 12 1 1 8 1 10 12 1 10 12 1 1 10 12 1 10 12 1 1 10 12 1 1 10 10 100 12 1 1 10 12 1 1 9 12 1 9 100 12 1 1 1 8 1 10 7 12 1 1 1 10 12 1 1 100 1 10 12 1 1 9 12 1 8 1 100 1 10 12 1 10 12 1 100 1 8 1 10 10 12 1 10 12 1 1 100 1 10 12 1 1 10 12 1 10 12 1 10 12 1 1 10 12 1 1 9 12 1 1 8 10 12 1 1 9 12 1 1 100 1 10 10 12 1 10 100 12 1 1 1 10 12 1 1 10 12 1 1 10 12 1 10 7 12 1 1 1 100 1 8 1 10 10 12 10 12 1 1 100 1 100 1 100 1 8 1 10 12 1 10 7 12 1 1 1 1 1 1 1 1 1 1 1 1 1 1 1 1 1 1 1 1 1 1 1 1 1 1 1 1 1 1 1 1 1 1 1 1 1 1 1 1 1 1 1 1 1 1 1 1 1 1 1 1 1 1 1 1 100 1 100 1 1 1
staticfield java/lang/invoke/CallSite $assertionsDisabled Z 1
ciInstanceKlass java/lang/invoke/ConstantCallSite 1 1 65 10 7 12 1 1 1 9 7 12 1 1 1 9 12 1 1 10 7 12 1 1 1 10 12 1 100 1 10 12 9 12 1 1 100 1 10 10 12 1 1 10 12 1 1 1 1 1 1 1 1 1 1 1 1 1 100 1 1 1 1 1 1 1 1
staticfield java/lang/invoke/ConstantCallSite UNSAFE Ljdk/internal/misc/Unsafe; jdk/internal/misc/Unsafe
instanceKlass java/lang/invoke/DirectMethodHandle$StaticAccessor
instanceKlass java/lang/invoke/DirectMethodHandle$Special
instanceKlass java/lang/invoke/DirectMethodHandle$Interface
instanceKlass java/lang/invoke/DirectMethodHandle$Constructor
instanceKlass java/lang/invoke/DirectMethodHandle$Accessor
ciInstanceKlass java/lang/invoke/DirectMethodHandle 1 1 930 7 1 100 1 7 1 7 1 10 7 12 1 1 1 10 7 12 1 1 1 100 1 10 12 1 10 12 1 1 10 7 12 1 1 10 12 1 1 10 12 1 10 12 1 7 1 10 12 1 1 10 12 1 1 10 12 1 10 12 1 1 10 7 12 1 1 1 10 12 1 9 7 12 1 1 1 100 1 10 9 12 1 1 9 12 1 10 12 1 10 12 1 10 12 1 1 10 12 1 10 12 1 10 12 1 10 7 12 1 1 1 10 12 1 10 12 1 1 8 1 10 12 1 1 7 1 10 12 1 7 1 10 10 12 1 10 12 1 10 12 1 10 7 12 1 1 1 10 12 1 1 7 1 10 12 1 10 12 1 7 1 10 12 1 10 12 1 1 10 12 1 1 10 12 8 10 7 12 1 1 1 10 12 1 10 12 1 10 12 1 1 10 12 1 9 7 12 1 1 1 7 1 10 12 1 10 7 12 1 1 1 10 12 1 10 12 1 1 9 12 1 1 7 1 10 8 1 10 12 1 1 10 12 1 1 8 1 10 12 1 10 12 1 10 10 12 1 10 12 1 10 12 1 10 12 1 10 12 1 1 10 12 1 10 12 1 10 12 1 1 10 10 7 12 1 1 1 10 12 1 10 12 1 1 10 12 1 10 12 1 1 8 1 9 7 12 1 1 1 8 1 9 12 1 9 12 1 8 1 9 12 1 9 12 1 8 1 9 12 1 9 12 1 8 1 10 12 1 10 12 1 1 10 7 12 1 1 1 10 12 1 10 12 1 1 9 12 1 1 7 1 10 12 1 1 100 1 10 7 12 1 1 1 10 12 1 1 10 12 1 1 7 1 10 12 1 1 10 12 1 10 12 1 1 7 1 10 12 1 1 10 12 1 10 12 1 10 12 1 1 10 12 1 9 12 1 1 10 7 1 9 12 1 10 12 1 7 1 7 1 7 1 10 7 12 1 1 1 9 12 1 1 10 7 12 1 1 1 10 7 12 1 1 10 12 10 12 1 7 1 10 12 1 10 12 1 1 8 1 9 12 1 9 12 1 10 12 1 1 9 12 1 1 10 7 12 1 1 1 9 12 1 1 9 12 1 1 10 12 1 10 12 1 10 12 1 10 12 1 1 10 12 1 9 12 1 9 12 1 10 12 1 10 12 1 10 12 1 10 12 1 1 10 12 1 1 9 12 1 1 10 12 1 1 9 7 12 1 1 1 9 12 1 9 12 1 9 12 1 9 12 1 9 12 1 9 12 1 9 12 1 9 12 1 9 12 1 9 12 1 9 12 1 9 12 1 9 12 1 9 12 1 9 12 1 9 12 1 9 12 1 9 12 1 9 12 1 9 12 1 9 12 1 9 12 1 9 12 1 9 12 1 100 1 10 12 1 8 1 8 1 8 1 8 1 8 1 8 1 8 1 8 1 8 1 10 12 1 10 12 1 8 1 8 1 8 1 9 12 1 1 9 12 1 1 10 12 1 10 12 1 1 10 12 1 1 9 7 1 10 12 1 10 12 10 12 1 10 12 1 10 12 1 10 8 1 8 1 8 1 8 1 10 12 1 1 9 12 1 1 10 12 1 10 100 12 1 1 1 8 9 12 1 1 10 12 1 1 8 1 8 8 9 12 1 8 1 8 8 8 8 8 1 8 10 12 1 7 1 10 12 1 8 1 8 1 10 12 1 10 12 1 10 12 1 9 12 1 10 12 1 1 7 1 1 1 1 3 1 3 1 3 1 3 1 3 1 3 1 3 1 3 1 1 1 1 1 1 1 1 1 1 3 1 3 1 3 1 1 3 1 3 1 1 1 1 1 1 1 1 1 1 1 1 1 1 1 1 1 1 1 1 1 1 1 1 1 1 1 1 1 1 1 1 1 1 1 1 1 1 1 1 1 1 1 1 1 1 1 1 1 1 1 1 1 1 1 1 1 1 1 1 1 1 100 1 1 1 1 1 1 1 1 1 100 1 1 1 1 1 1 1 1 1 1 1 1 1 1 1 1 1 1 1 1 1 1 1 1 1 1 1 1 1 1 1 1 1 1 1 1 1 1 1 1 1 1 1 1 1 1 1 1 1 1 1 1 1 1
staticfield java/lang/invoke/DirectMethodHandle IMPL_NAMES Ljava/lang/invoke/MemberName$Factory; java/lang/invoke/MemberName$Factory
staticfield java/lang/invoke/DirectMethodHandle FT_UNCHECKED_REF I 8
staticfield java/lang/invoke/DirectMethodHandle FT_CHECKED_REF I 9
staticfield java/lang/invoke/DirectMethodHandle ACCESSOR_FORMS [Ljava/lang/invoke/LambdaForm; 120 [Ljava/lang/invoke/LambdaForm;
staticfield java/lang/invoke/DirectMethodHandle ALL_WRAPPERS [Lsun/invoke/util/Wrapper; 10 [Lsun/invoke/util/Wrapper;
staticfield java/lang/invoke/DirectMethodHandle NFS [Ljava/lang/invoke/LambdaForm$NamedFunction; 12 [Ljava/lang/invoke/LambdaForm$NamedFunction;
staticfield java/lang/invoke/DirectMethodHandle OBJ_OBJ_TYPE Ljava/lang/invoke/MethodType; java/lang/invoke/MethodType
staticfield java/lang/invoke/DirectMethodHandle LONG_OBJ_TYPE Ljava/lang/invoke/MethodType; java/lang/invoke/MethodType
staticfield java/lang/invoke/DirectMethodHandle $assertionsDisabled Z 1
ciInstanceKlass java/lang/invoke/MutableCallSite 0 0 61 10 100 12 1 1 1 10 12 1 9 100 12 1 1 1 10 12 1 10 12 1 1 9 100 12 1 1 1 10 100 12 1 1 1 10 100 12 1 1 1 1 1 1 1 1 1 1 1 1 1 1 1 1 1 1 1 1 100 1 1
ciInstanceKlass java/lang/invoke/VolatileCallSite 0 0 37 10 100 12 1 1 1 10 12 1 10 100 12 1 1 1 10 12 1 10 12 1 1 1 1 1 1 1 1 1 1 1 1 1 1 1 1
instanceKlass java/lang/invoke/VarHandleReferences$Array
instanceKlass java/lang/invoke/VarHandleReferences$FieldStaticReadOnly
instanceKlass java/lang/invoke/VarHandleLongs$FieldInstanceReadOnly
instanceKlass java/lang/invoke/VarHandleBooleans$FieldInstanceReadOnly
instanceKlass java/lang/invoke/VarHandleInts$FieldInstanceReadOnly
instanceKlass java/lang/invoke/VarHandleByteArrayAsDoubles$ByteArrayViewVarHandle
instanceKlass java/lang/invoke/VarHandleByteArrayAsLongs$ByteArrayViewVarHandle
instanceKlass java/lang/invoke/VarHandleByteArrayAsFloats$ByteArrayViewVarHandle
instanceKlass java/lang/invoke/VarHandleByteArrayAsInts$ByteArrayViewVarHandle
instanceKlass java/lang/invoke/VarHandleByteArrayAsChars$ByteArrayViewVarHandle
instanceKlass java/lang/invoke/VarHandleByteArrayAsShorts$ByteArrayViewVarHandle
instanceKlass java/lang/invoke/VarHandleReferences$FieldInstanceReadOnly
ciInstanceKlass java/lang/invoke/VarHandle 1 1 474 10 7 12 1 1 1 10 7 12 1 1 9 12 1 1 9 12 1 1 10 12 1 1 8 1 10 12 1 1 10 7 12 1 1 1 10 12 1 1 10 100 12 1 1 1 9 100 12 1 1 1 10 12 1 1 10 100 12 1 1 1 10 12 1 1 9 12 1 10 12 1 9 12 1 1 10 100 12 1 1 10 12 1 9 100 12 1 1 1 9 12 1 1 10 12 1 1 100 1 100 1 10 8 1 10 12 1 1 10 12 1 8 1 10 12 1 10 12 1 9 12 1 1 9 12 1 10 12 1 10 12 1 1 10 12 1 10 10 100 12 1 1 1 10 12 1 1 10 12 1 1 10 100 12 1 1 1 10 100 12 1 1 1 10 100 12 1 1 1 9 12 1 1 9 10 12 1 10 12 1 1 10 12 1 1 10 12 1 10 100 12 1 1 1 9 12 1 1 10 12 1 1 9 12 1 10 12 1 10 12 1 10 100 12 1 1 100 1 10 9 7 12 1 1 1 9 12 1 1 10 7 12 1 1 1 10 12 1 10 12 1 10 12 1 10 12 1 10 12 1 10 12 1 1 8 10 12 1 1 7 1 10 12 1 1 100 1 1 1 1 1 1 1 1 1 1 1 1 1 1 1 1 1 1 1 1 1 1 1 1 1 1 1 1 1 1 1 1 1 1 1 1 1 1 1 1 1 1 1 1 1 1 1 1 1 1 1 1 1 1 1 1 1 1 1 1 1 1 1 1 1 100 1 1 1 1 1 1 1 1 100 1 1 1 1 1 1 1 1 1 1 1 1 100 1 100 1 1 100 1 100 1 100 1 100 1 100 1 100 1 100 1 100 1 100 1 100 1 100 1 100 1 100 1 100 1 100 1 100 1 100 1 100 1 100 1 100 1 100 1 100 1 100 1 100 1 100 1 100 1 100 1 100 1 100 1 100 1 100 1 100 1 100 1 100 1 100 1 100 1 1 1 1 1 1 100 1 1 1 100 1 1 100 1 100 1 100 1 100 1 100 1 100 1 1 1 1 100 1 100 1 100 1 100 1 100 1 100 1 100 1 100 1
staticfield java/lang/invoke/VarHandle VFORM_OFFSET J 16
staticfield java/lang/invoke/VarHandle $assertionsDisabled Z 1
ciInstanceKlass java/lang/invoke/MemberName 1 1 730 7 1 7 1 100 1 9 12 1 1 10 7 12 1 1 1 9 12 1 1 10 12 1 1 10 12 1 1 10 12 1 1 10 12 1 10 12 1 1 10 7 12 1 1 1 10 12 1 9 7 12 1 1 10 12 1 100 1 100 1 10 12 1 8 1 10 12 1 1 10 12 1 10 12 1 1 10 12 1 9 12 1 1 8 1 10 100 12 1 1 1 7 1 10 10 12 1 1 100 1 100 1 10 12 1 9 12 1 1 100 1 8 1 10 12 1 10 12 1 10 12 1 10 12 1 10 12 1 1 10 12 1 10 12 1 10 12 1 1 8 1 8 1 10 12 1 8 1 9 12 1 1 3 10 12 1 10 12 1 10 12 1 10 10 7 12 1 1 1 10 12 1 10 12 1 10 12 1 10 12 1 7 1 8 10 12 1 1 10 12 1 1 8 1 9 100 1 8 9 100 1 10 12 1 1 10 12 1 10 12 1 8 1 10 12 1 1 10 12 1 10 12 1 10 12 1 10 12 1 1 100 1 10 12 1 1 10 12 1 8 1 10 12 1 10 12 1 8 1 10 12 1 1 10 12 1 1 7 1 10 12 1 1 10 12 8 1 8 1 100 1 10 12 1 10 100 12 1 1 1 100 1 10 12 10 12 1 10 12 1 10 12 1 10 12 1 10 10 12 1 10 12 1 10 12 1 3 10 12 1 3 10 12 1 3 3 3 3 3 3 10 12 1 3 9 12 1 10 12 1 1 3 10 12 1 10 10 7 12 1 1 1 10 12 1 1 10 7 12 1 1 10 10 12 1 10 12 1 1 10 12 1 10 10 12 1 1 10 12 1 10 12 1 10 12 1 100 1 10 10 10 12 100 1 10 10 10 12 1 1 10 12 1 1 10 10 12 1 8 10 7 1 10 12 1 10 7 1 10 12 1 10 12 1 10 12 1 10 10 12 1 10 12 1 1 10 12 1 1 10 12 1 10 12 1 10 12 1 100 1 10 12 1 1 100 1 8 1 10 7 1 10 12 1 10 12 10 12 1 1 10 12 1 10 12 1 8 1 8 1 8 1 8 1 10 12 1 10 12 1 10 7 12 1 1 1 8 1 8 1 10 12 1 8 1 10 10 10 12 1 10 12 1 8 1 8 1 10 10 12 1 8 1 10 100 12 1 1 1 8 1 100 1 10 12 1 10 12 1 1 10 12 1 8 1 8 1 8 1 8 1 100 1 10 8 1 8 1 8 1 8 1 10 12 1 100 1 100 1 100 1 10 100 1 10 100 1 10 100 12 1 1 1 9 7 12 1 1 1 100 1 100 1 1 1 1 1 1 1 3 1 3 1 3 1 3 1 3 1 3 1 1 1 1 1 1 1 1 3 1 3 1 1 1 1 1 1 1 1 1 1 1 1 1 1 1 1 1 1 1 1 1 1 1 1 100 1 1 1 1 1 1 1 1 1 1 1 1 1 1 1 1 1 1 1 1 1 1 1 1 1 1 1 1 1 1 1 1 1 1 1 1 1 1 1 1 1 1 1 1 1 1 1 1 1 1 1 1 1 1 1 1 1 1 1 1 1 1 1 1 1 1 1 1 1 1 1 1 1 1 1 1 100 1 1 1 1 1 1 1 1 1 1 1 1 1 1 1 1
staticfield java/lang/invoke/MemberName $assertionsDisabled Z 1
ciInstanceKlass java/lang/invoke/ResolvedMethodName 1 1 25 10 100 12 1 1 1 9 100 12 1 1 1 1 1 1 1 1 1 1 1 1 1 1 1
ciInstanceKlass java/lang/invoke/MethodHandleNatives 1 1 689 100 1 10 7 12 1 1 1 9 7 12 1 1 1 10 12 1 1 100 1 10 10 12 1 1 10 12 1 10 12 1 8 1 8 1 8 1 8 1 8 1 8 1 8 1 8 1 8 1 8 1 10 12 1 1 7 1 10 7 12 1 1 1 10 100 12 1 1 1 7 1 10 10 12 1 1 8 1 10 12 1 8 1 10 12 1 1 8 1 10 12 1 1 9 100 12 1 1 1 8 1 10 100 12 1 1 1 100 1 10 12 100 1 100 1 8 1 7 1 10 10 12 1 7 1 9 7 12 1 1 10 12 1 1 10 12 1 10 7 12 1 1 1 10 12 1 1 9 12 1 8 1 10 12 1 1 10 12 1 8 1 10 12 1 1 7 1 10 12 1 10 7 12 1 1 1 10 12 1 10 12 1 1 10 12 1 1 8 1 10 12 1 1 8 1 10 12 1 8 1 8 1 8 1 100 1 10 12 1 8 1 10 100 12 1 1 1 10 12 1 1 10 100 12 1 1 10 10 12 1 1 10 12 1 10 100 12 1 1 1 100 1 8 1 10 100 12 1 1 1 7 1 8 1 10 12 1 8 1 8 1 8 1 8 1 8 1 10 12 1 1 10 12 1 1 10 12 1 10 12 1 1 10 12 1 1 7 1 10 12 1 100 1 100 1 10 12 1 10 12 1 8 1 8 1 10 10 12 1 1 10 12 1 1 8 1 10 100 12 1 1 8 1 8 1 10 12 1 1 10 7 12 1 1 1 100 1 10 12 1 1 7 1 9 12 1 1 10 7 12 1 1 1 10 10 12 1 9 12 1 10 12 1 9 12 1 9 12 1 10 12 1 1 10 12 1 10 12 1 1 7 1 7 1 10 12 1 1 10 12 1 10 12 1 1 10 7 12 1 1 1 10 12 1 8 1 10 12 1 10 12 1 10 12 1 1 10 12 1 10 7 12 1 1 1 10 12 1 1 100 1 8 1 10 9 7 12 1 1 1 10 12 1 1 10 12 1 1 100 1 10 12 1 1 10 12 1 1 100 1 100 1 10 10 100 1 100 1 10 100 1 10 10 12 1 1 10 100 1 10 12 1 10 12 1 1 10 12 1 1 10 12 1 1 10 12 1 10 12 1 1 10 8 1 10 12 1 10 12 1 10 12 1 10 12 1 10 12 1 1 10 12 1 10 12 1 10 12 1 10 10 7 12 1 1 10 12 1 1 1 1 1 1 1 1 1 1 1 1 1 100 1 1 1 1 1 1 1 1 1 1 1 1 1 1 1 1 1 1 1 1 1 1 1 1 1 1 1 1 1 1 1 1 1 1 1 1 1 1 1 1 1 1 1 1 1 1 1 1 1 1 1 1 1 1 1 1 1 1 1 1 1 1 1 100 1 1 1 1 1 1 1 1 1 1 1 1 1 1 1 1 1 1 1 1 1 1 1 1 1 1 1 1 1 1 1 1 1 1 1 100 1 1 1 1 1 1 1 1 1 1 1 1 1 1 1 1 1 1 1 1 1 1 1 1 1 1 1 1 1 1 1 1 1 1 100 1 1
staticfield java/lang/invoke/MethodHandleNatives $assertionsDisabled Z 1
ciInstanceKlass jdk/internal/foreign/abi/NativeEntryPoint 0 0 223 10 100 12 1 1 1 9 100 12 1 1 1 9 12 1 1 100 1 8 1 10 12 1 10 12 1 1 100 1 10 100 12 1 1 1 10 12 1 9 12 1 1 18 12 1 1 10 100 12 1 1 1 9 100 12 1 1 1 8 1 10 12 1 1 8 1 8 1 8 1 8 1 10 100 12 1 1 1 100 1 10 10 12 1 1 8 1 10 12 1 8 1 10 12 1 10 12 1 1 10 12 1 1 100 1 8 1 10 12 1 10 12 1 1 100 1 8 1 10 10 12 1 9 12 1 1 18 12 1 1 10 100 12 1 1 1 10 12 1 1 10 12 1 10 100 12 1 1 1 10 1 1 1 1 1 1 1 1 1 1 1 1 1 1 1 1 1 1 1 1 1 1 1 1 1 1 1 1 1 1 1 1 1 1 1 1 1 1 1 1 1 1 1 1 16 1 15 10 12 16 1 16 15 10 12 15 10 100 12 1 1 1 1 1 100 1 1 100 1 100 1 1
ciInstanceKlass jdk/internal/foreign/abi/ABIDescriptor 0 0 55 10 100 12 1 1 1 9 100 12 1 1 1 9 12 1 1 9 12 1 9 12 1 9 12 1 1 9 12 1 9 12 1 1 9 12 1 9 12 1 9 12 1 9 12 1 1 1 1 1 1 1 1 1 1
ciInstanceKlass jdk/internal/foreign/abi/VMStorage 0 0 111 10 100 12 1 1 1 9 100 12 1 1 1 9 12 1 1 9 12 1 1 9 12 1 1 100 1 10 8 1 10 12 1 1 10 12 1 10 12 1 1 10 12 1 100 1 10 100 12 1 1 1 10 100 12 1 1 10 100 12 1 1 10 100 12 1 1 1 18 12 1 1 1 1 1 1 1 1 1 1 1 1 1 1 1 1 1 1 1 1 1 1 8 1 15 15 15 15 15 10 100 12 1 1 1 1 100 1 100 1 1
ciInstanceKlass jdk/internal/foreign/abi/UpcallLinker$CallRegs 0 0 66 10 100 12 1 1 1 9 100 12 1 1 1 9 12 1 18 12 1 1 18 12 1 1 18 12 1 1 1 1 1 1 1 1 1 1 1 1 1 1 1 1 1 1 100 1 1 1 8 1 15 15 15 10 100 12 1 1 1 1 1 100 1 100 1 1
instanceKlass java/lang/StackFrameInfo
ciInstanceKlass java/lang/ClassFrameInfo 0 0 126 10 100 12 1 1 1 9 100 12 1 1 1 100 1 3 9 12 1 1 9 12 1 1 100 1 9 12 1 1 3 11 100 12 1 1 1 11 12 1 10 12 1 1 10 12 1 1 10 12 1 100 1 10 10 12 1 1 8 1 8 1 10 12 100 1 10 10 12 1 1 8 1 10 12 1 8 1 10 12 8 1 10 12 1 10 100 12 1 1 1 100 1 1 1 1 1 1 1 1 1 1 1 1 1 1 1 1 1 1 1 1 1 1 1 1 1 1 1 100 1 1 1 1 1 1
ciInstanceKlass java/lang/StackWalker$StackFrame 0 0 41 100 1 10 12 1 1 100 1 100 1 1 1 1 1 1 1 1 1 1 1 1 1 1 1 1 1 1 1 1 1 1 1 1 1 1 1 100 1 1 1
ciInstanceKlass java/lang/StackWalker 0 0 236 9 100 12 1 1 1 10 100 12 1 1 1 100 1 10 100 12 1 1 1 10 12 1 1 11 100 12 1 1 1 10 12 1 1 10 12 1 1 100 1 8 1 10 12 1 10 12 1 10 12 1 10 100 12 1 1 9 12 1 1 9 12 1 1 9 12 1 1 9 12 1 1 10 12 1 1 9 12 1 1 9 12 1 1 9 12 1 1 9 12 1 1 10 12 1 1 10 100 12 1 1 1 10 100 12 1 1 1 18 12 1 1 100 1 8 1 10 8 1 10 12 1 1 10 100 12 1 1 1 10 12 1 1 10 12 1 11 12 1 1 9 100 12 1 1 11 100 12 1 1 1 10 12 1 1 1 1 1 1 1 1 1 1 1 1 1 1 1 1 1 1 1 1 1 1 1 1 1 1 1 1 1 1 1 1 1 1 1 1 1 1 1 1 1 1 1 1 1 1 1 1 1 1 1 1 1 1 1 100 1 1 16 15 10 12 16 1 15 10 100 12 1 1 1 1 1 1 1 1 1 100 1 100 1 1
instanceKlass java/lang/LiveStackFrameInfo
ciInstanceKlass java/lang/StackFrameInfo 0 0 150 10 100 12 1 1 1 9 100 12 1 1 1 9 12 1 1 11 100 12 1 1 1 10 12 1 1 10 100 12 1 1 1 9 12 1 1 10 12 1 1 9 12 1 1 100 1 10 12 10 12 1 9 12 1 100 1 100 1 10 12 1 1 11 12 1 1 10 12 1 10 12 1 10 12 1 1 9 12 1 1 10 12 1 1 10 100 12 1 1 10 12 1 1 9 12 1 10 100 12 1 1 1 9 12 1 1 10 100 1 10 12 1 9 12 1 1 10 12 1 1 10 12 1 1 1 1 1 1 1 1 1 1 1 1 1 1 1 1 100 1 100 1 1 1 1 1 1 1 1
ciInstanceKlass java/lang/LiveStackFrameInfo 0 0 97 10 100 12 1 1 1 9 100 12 1 1 1 9 12 1 9 12 1 9 12 1 9 12 1 1 100 1 10 12 1 1 10 12 1 8 1 10 12 1 1 8 1 8 1 8 1 10 100 1 10 12 1 100 1 10 12 1 100 1 100 1 1 1 3 1 3 1 1 1 1 1 1 1 1 1 1 1 1 1 1 1 1 1 1 1 1 1 1 1 1 1 1 1 100 1 1
ciInstanceKlass java/lang/LiveStackFrame 0 0 112 100 1 10 100 12 1 1 1 11 100 12 1 1 1 11 12 1 9 100 12 1 1 1 10 100 12 1 1 1 10 100 12 1 1 1 11 12 1 10 12 1 100 1 100 1 1 1 1 1 1 1 1 1 1 1 1 1 1 1 1 1 1 1 1 1 1 1 1 1 100 1 1 1 1 1 1 1 100 1 8 1 1 12 10 1 1 1 8 1 1 1 8 1 1 1 8 1 1 1 8 1 1 8 1 1 1 8 1 1 8 1
ciInstanceKlass java/lang/StackStreamFactory$AbstractStackWalker 1 0 364 100 1 100 1 3 10 100 12 1 1 1 10 100 12 1 1 10 100 12 1 1 1 9 12 1 1 9 12 1 1 9 12 1 1 9 12 1 9 12 1 10 100 12 1 1 1 10 12 1 1 10 100 12 1 1 9 12 1 1 9 12 1 1 10 12 1 1 9 12 1 1 10 100 12 1 1 1 10 12 1 1 9 12 1 1 9 100 12 1 1 1 100 1 10 8 1 10 12 1 1 10 12 1 8 1 10 12 1 1 10 100 12 1 1 1 100 1 8 1 10 12 1 8 1 10 12 10 100 12 1 1 9 12 1 1 8 1 5 0 8 1 8 1 9 12 1 1 10 12 1 1 18 12 1 1 10 100 12 1 1 1 10 12 1 1 10 12 1 10 12 1 9 100 12 1 1 1 10 12 1 1 9 12 1 10 12 1 10 12 1 10 12 1 10 12 1 10 12 1 10 12 1 1 8 1 10 12 1 10 12 1 10 12 1 10 12 1 1 8 1 10 12 1 1 10 12 1 1 10 12 1 1 10 12 1 10 12 1 10 12 1 9 12 1 8 1 10 12 1 8 1 10 12 1 10 12 1 1 10 12 1 10 12 1 10 12 1 1 10 12 1 10 12 1 10 12 1 10 12 1 10 12 1 10 12 1 1 10 12 1 10 12 1 10 12 1 10 12 1 8 1 1 1 1 1 1 1 1 1 1 1 1 1 100 1 1 1 1 1 1 100 1 1 1 1 100 1 1 1 1 1 1 1 1 1 1 1 1 1 1 1 1 1 1 16 15 15 10 100 12 1 1 1 1 1 1 1 1 100 1 100 1 1
ciInstanceKlass jdk/internal/module/Modules 1 1 498 10 100 12 1 1 1 9 7 12 1 1 1 11 7 12 1 1 1 11 12 1 1 11 12 1 1 11 12 1 1 11 12 1 11 12 1 11 12 1 11 12 1 11 12 1 11 12 1 11 12 1 1 11 12 1 11 12 1 1 11 12 1 11 12 1 1 10 100 12 1 1 1 10 12 1 1 10 100 12 1 1 10 100 12 1 1 1 10 100 12 1 1 10 12 1 1 11 12 1 9 12 1 1 11 7 12 1 1 1 10 12 1 1 10 10 12 1 10 100 1 9 12 1 1 10 7 12 1 1 10 12 1 1 10 100 12 1 1 1 100 1 11 100 12 1 1 1 10 100 12 1 1 1 11 100 12 1 1 10 12 1 1 10 100 12 1 1 10 100 12 1 1 1 10 12 1 1 10 12 1 1 11 12 1 1 18 12 1 1 11 100 12 1 1 10 100 12 1 1 1 11 100 12 1 1 1 100 1 11 12 1 1 11 100 12 1 1 1 11 12 1 1 10 12 1 1 10 100 12 1 1 18 12 1 1 11 12 1 1 18 12 1 1 11 12 1 1 10 12 1 18 18 10 12 1 1 9 12 1 1 11 100 12 1 1 1 100 1 10 11 12 1 11 12 1 1 10 100 1 10 12 1 1 10 100 12 1 1 10 12 1 1 11 12 10 12 1 1 100 1 10 18 12 1 10 12 1 1 100 1 8 1 10 12 1 10 100 12 1 1 18 12 1 11 11 12 10 12 1 10 10 100 1 18 12 1 10 10 10 7 12 1 1 10 7 12 1 1 1 10 12 1 1 1 1 1 1 1 1 1 1 1 1 1 1 1 1 1 1 1 1 1 1 1 1 1 1 1 1 1 1 1 1 1 1 1 1 1 1 1 1 1 1 1 1 1 1 1 1 1 1 1 1 1 1 1 1 1 1 1 1 1 1 1 1 1 100 1 1 1 1 1 1 1 1 1 1 1 1 1 1 1 1 1 1 1 1 1 1 16 15 10 12 1 16 1 16 1 15 10 12 1 16 1 16 1 15 10 12 16 1 15 10 16 1 15 10 12 16 1 16 15 10 12 16 15 10 12 16 15 10 12 15 10 100 12 1 1 1 1 1 1 100 1 100 1 1
staticfield jdk/internal/module/Modules JLA Ljdk/internal/access/JavaLangAccess; java/lang/System$1
staticfield jdk/internal/module/Modules JLMA Ljdk/internal/access/JavaLangModuleAccess; java/lang/module/ModuleDescriptor$1
staticfield jdk/internal/module/Modules $assertionsDisabled Z 1
ciInstanceKlass jdk/internal/loader/ClassLoaders 1 1 185 10 100 12 1 1 1 10 7 12 1 1 1 10 12 1 1 10 100 12 1 1 1 9 7 12 1 1 1 9 12 1 1 9 12 1 1 7 1 11 100 12 1 1 1 100 1 11 12 1 1 11 12 1 1 10 100 12 1 1 1 10 100 12 1 1 1 100 1 100 1 10 7 12 1 1 1 9 12 1 1 8 1 10 7 12 1 1 1 10 12 1 1 7 1 10 12 1 10 12 1 1 7 1 10 12 1 1 10 12 1 1 10 12 1 7 1 10 12 10 12 1 8 1 10 7 12 1 1 8 1 8 1 10 12 1 7 1 10 10 12 1 10 12 1 1 1 1 1 1 1 1 1 1 1 1 1 1 1 1 1 1 1 1 100 1 1 1 1 1 1 1 1 1 1 1 1 1 1 1 1 1 1 1 1
staticfield jdk/internal/loader/ClassLoaders JLA Ljdk/internal/access/JavaLangAccess; java/lang/System$1
staticfield jdk/internal/loader/ClassLoaders BOOT_LOADER Ljdk/internal/loader/ClassLoaders$BootClassLoader; jdk/internal/loader/ClassLoaders$BootClassLoader
staticfield jdk/internal/loader/ClassLoaders PLATFORM_LOADER Ljdk/internal/loader/ClassLoaders$PlatformClassLoader; jdk/internal/loader/ClassLoaders$PlatformClassLoader
staticfield jdk/internal/loader/ClassLoaders APP_LOADER Ljdk/internal/loader/ClassLoaders$AppClassLoader; jdk/internal/loader/ClassLoaders$AppClassLoader
ciInstanceKlass java/util/ArrayList 1 1 516 10 7 12 1 1 1 7 1 9 7 12 1 1 1 9 12 1 100 1 100 1 10 8 1 10 12 1 1 10 12 1 10 12 1 1 10 12 1 9 12 1 11 7 12 1 1 1 9 12 1 1 11 12 1 1 7 10 7 12 1 1 1 9 12 1 10 12 1 10 12 1 1 10 7 12 1 1 1 10 7 12 1 1 1 10 12 1 1 10 12 1 1 10 12 1 1 10 12 1 10 12 1 1 100 1 100 1 10 12 1 10 10 7 12 1 1 1 10 7 12 1 1 10 12 1 100 1 10 10 12 10 12 1 1 10 12 1 1 10 12 1 10 12 10 12 1 1 7 1 10 12 1 1 10 12 1 1 10 12 1 100 1 10 11 12 1 1 11 100 12 1 1 1 11 12 1 10 12 1 10 12 1 10 12 1 1 11 100 1 10 12 1 1 10 10 12 1 1 10 12 1 8 1 8 1 8 1 8 1 10 12 1 1 10 12 1 1 11 12 1 100 1 10 100 12 1 1 10 12 1 10 12 1 1 10 100 12 1 1 10 12 1 10 100 12 1 1 1 11 100 12 1 1 1 10 12 1 100 1 8 1 10 100 1 10 12 1 7 1 10 12 1 10 12 1 1 7 1 10 12 1 10 12 1 1 11 100 12 1 1 7 1 10 12 1 10 12 1 1 11 100 12 1 1 10 12 1 1 10 12 1 1 10 12 1 1 10 12 1 1 11 100 12 1 1 10 12 1 1 10 12 1 1 100 1 100 1 100 1 1 1 1 5 0 1 3 1 1 1 1 1 1 1 1 1 1 1 1 1 1 1 1 1 1 1 1 1 1 1 1 1 1 1 1 1 1 1 1 1 1 1 1 1 1 1 1 1 1 1 1 1 1 1 1 1 1 1 1 1 1 1 1 1 1 1 1 1 1 1 1 1 1 1 1 1 1 1 1 1 1 1 1 1 1 1 1 1 1 1 1 1 1 1 1 1 1 1 1 1 1 1 1 1 1 1 1 1 1 1 1 1 100 1 1 1 1 100 1 1 1 1 1 1 1 1 1 1 1 1 1 1 1 1 1 1 1 1 1 1 1 1 1 1 1 1 1 100 1 1 1 1 1 1 1 1 1 1 1 1 1 1 1 1 1 1 1 100 1 100 1 1 1 1 1 1
staticfield java/util/ArrayList EMPTY_ELEMENTDATA [Ljava/lang/Object; 0 [Ljava/lang/Object;
staticfield java/util/ArrayList DEFAULTCAPACITY_EMPTY_ELEMENTDATA [Ljava/lang/Object; 0 [Ljava/lang/Object;
ciInstanceKlass java/util/List 1 1 280 10 100 12 1 1 1 11 7 12 1 1 1 11 7 12 1 1 1 11 12 1 1 11 100 12 1 1 11 12 1 1 11 12 1 1 10 7 12 1 1 1 100 1 100 1 10 12 1 1 100 1 10 100 12 1 1 1 11 12 1 1 11 12 1 11 12 1 100 1 10 12 1 11 12 1 1 11 12 1 1 11 12 1 10 100 12 1 1 1 9 7 12 1 1 1 7 1 10 12 10 12 1 7 1 10 12 1 1 10 12 1 10 12 1 1 8 10 100 12 1 1 1 10 100 12 1 1 1 11 12 1 1 100 1 1 1 1 1 1 1 1 1 1 1 1 1 1 1 1 1 1 1 1 1 1 1 1 1 1 1 1 1 1 1 1 1 1 1 1 1 1 1 1 1 1 1 1 100 1 100 1 1 1 1 1 1 1 1 1 1 1 1 1 1 1 1 1 1 1 1 1 1 1 1 1 1 1 1 1 1 1 1 1 1 1 1 1 1 1 1 1 1 1 1 1 1 1 1 1 1 1 1 1 1 1 1 1 1 1 1 1 1 1 1 1 1 1 1 1 1 1 1 1 1 1 1 1 1 1 1 1 1 1 1 1 1 1 100 1 1 100 1 1 1 100 1 100 1 1
ciInstanceKlass java/util/SequencedCollection 1 1 104 100 1 10 12 1 1 11 100 12 1 1 1 11 100 12 1 1 1 11 12 1 1 11 12 1 100 1 100 1 1 1 1 1 1 1 1 1 1 1 1 1 1 1 1 1 1 1 1 1 1 1 1 1 1 1 1 1 100 1 8 1 12 10 1 1 8 1 1 1 8 1 1 8 1 1 1 8 1 1 8 1 1 1 8 1 1 8 1 8 1 1 8 1 1 1 8 1 1 8 1 1 8 1
ciInstanceKlass java/lang/Iterable 1 1 62 10 7 12 1 1 1 11 7 12 1 1 1 11 7 12 1 1 1 11 12 1 1 11 7 12 1 1 1 10 100 12 1 1 1 100 1 1 1 1 1 1 1 1 1 1 1 1 1 1 1 1 1 1 1 1 1 1 1 1 1 1
ciInstanceKlass java/util/RandomAccess 1 0 7 100 1 100 1 1 1
instanceKlass it/unimi/dsi/fastutil/objects/AbstractReferenceCollection
instanceKlass org/gradle/api/internal/DefaultDomainObjectCollection
instanceKlass com/google/common/collect/AbstractMapBasedMultimap$WrappedCollection
instanceKlass java/util/TreeMap$Values
instanceKlass com/google/common/collect/ImmutableCollection
instanceKlass java/util/IdentityHashMap$Values
instanceKlass java/util/LinkedHashMap$LinkedValues
instanceKlass java/util/AbstractQueue
instanceKlass java/util/HashMap$Values
instanceKlass java/util/ArrayDeque
instanceKlass java/util/AbstractSet
instanceKlass java/util/ImmutableCollections$AbstractImmutableCollection
instanceKlass java/util/AbstractList
ciInstanceKlass java/util/AbstractCollection 1 1 160 10 7 12 1 1 1 10 7 12 1 1 1 10 12 1 1 11 7 12 1 1 1 11 12 1 1 10 12 1 1 10 100 12 1 1 1 10 12 1 1 10 12 1 1 10 7 12 1 1 10 7 12 1 1 1 7 1 10 100 12 1 1 1 10 100 12 1 1 1 100 1 10 11 12 1 11 7 1 10 12 1 10 12 1 10 100 12 1 1 1 11 8 1 7 1 10 10 12 1 1 8 1 10 12 1 10 12 1 1 1 1 1 1 1 1 1 1 1 1 1 1 1 1 1 1 1 1 1 1 1 1 1 1 1 1 1 1 1 1 1 1 1 1 1 1 1 1 1 1 1 1 1 1 1 1 1 1 1 1
instanceKlass groovy/lang/EmptyRange
instanceKlass groovy/lang/ObjectRange
instanceKlass groovy/lang/IntRange
instanceKlass groovy/lang/Tuple
instanceKlass java/util/Vector
instanceKlass sun/security/jca/ProviderList$2
instanceKlass java/util/AbstractSequentialList
instanceKlass org/gradle/internal/classpath/DefaultClassPath$ImmutableUniqueList
instanceKlass java/util/Collections$SingletonList
instanceKlass org/gradle/internal/classpath/DefaultClassPath$ImmutableUniqueList
instanceKlass java/util/Arrays$ArrayList
instanceKlass java/util/ArrayList$SubList
instanceKlass java/util/Collections$EmptyList
instanceKlass java/util/ArrayList
ciInstanceKlass java/util/AbstractList 1 1 218 10 7 12 1 1 1 9 7 12 1 1 1 10 12 1 1 10 12 1 1 100 1 10 10 12 1 1 11 100 12 1 1 1 11 12 1 1 11 12 1 10 100 12 1 1 1 10 12 1 11 12 1 11 12 1 11 12 1 10 12 1 1 10 12 1 1 11 100 12 1 1 1 11 100 1 11 7 1 10 12 1 100 1 10 12 1 10 12 1 1 100 1 100 1 10 12 1 100 1 10 100 1 100 1 10 8 1 10 12 1 1 10 12 1 10 12 1 1 10 12 1 8 1 100 1 8 1 8 1 8 1 10 100 1 11 10 10 12 1 11 12 1 10 12 1 1 8 1 8 1 1 1 1 1 1 1 1 1 1 1 1 1 1 1 1 1 1 1 1 1 1 1 1 1 1 1 1 1 1 1 1 1 1 1 1 1 1 1 1 1 1 1 1 1 1 1 1 1 1 1 1 1 1 1 1 1 1 100 1 100 1 1 1 1 1 1 1
ciInstanceKlass java/util/regex/Pattern 1 1 1594 7 1 10 12 1 1 9 12 1 1 9 12 1 1 10 12 1 1 7 1 10 12 1 9 12 1 1 10 12 1 10 12 1 1 10 12 1 1 10 12 1 1 7 1 10 12 10 12 1 10 12 1 1 10 12 1 11 7 12 1 1 1 11 12 1 1 10 12 1 1 11 12 1 7 1 10 12 1 10 12 1 1 10 12 1 10 12 1 1 11 7 12 1 1 1 7 1 8 1 10 12 1 1 7 1 10 8 1 10 12 1 1 10 10 100 1 3 10 12 1 10 12 1 8 1 10 12 1 10 100 12 1 1 9 12 1 9 12 1 9 12 1 9 12 1 7 1 9 12 1 1 10 12 1 9 12 1 9 12 1 10 7 1 100 1 8 1 10 7 12 1 1 1 10 12 1 100 1 8 1 10 12 1 1 10 12 1 1 10 12 1 1 10 12 1 9 12 1 100 1 10 10 7 12 1 1 1 10 12 1 1 8 1 10 12 10 12 1 10 100 12 1 1 1 10 12 1 1 9 100 12 1 1 1 10 100 12 1 1 1 10 12 1 1 10 7 12 1 1 10 12 1 100 1 10 11 100 1 10 12 1 1 8 1 18 12 1 1 11 12 1 1 10 10 12 1 1 8 1 9 12 1 10 12 1 8 1 10 12 1 10 12 10 12 1 1 10 12 1 1 10 12 1 10 12 1 10 12 1 1 10 12 1 1 100 1 8 1 10 10 10 7 12 1 1 1 10 100 12 1 1 9 12 1 9 12 1 1 10 7 12 1 1 10 12 1 100 1 8 1 10 12 1 10 12 1 10 7 12 1 1 1 10 12 1 10 12 9 12 1 9 12 1 10 12 1 10 12 1 9 12 1 7 1 9 12 1 1 9 12 1 1 10 9 12 1 1 10 12 1 1 9 7 12 1 1 10 12 1 1 9 12 1 10 12 1 8 1 8 1 8 1 7 1 10 7 12 1 1 7 1 10 7 1 7 1 9 12 1 11 12 1 1 11 7 12 1 1 11 12 1 7 1 9 12 1 7 1 10 10 12 1 1 11 7 12 1 1 10 12 1 10 12 1 10 12 1 10 12 1 10 12 1 10 12 1 100 1 10 12 1 3 10 12 1 1 10 12 1 7 1 10 10 7 12 1 10 12 1 10 12 10 12 1 1 100 1 10 12 1 1 10 12 1 10 12 1 1 10 12 1 10 12 1 10 12 1 1 10 12 1 100 1 10 7 1 10 10 100 1 10 12 1 7 1 10 7 1 10 12 1 1 10 10 12 1 10 12 1 8 1 8 1 10 12 1 10 12 1 1 10 12 1 10 12 1 1 10 12 1 1 10 12 1 100 1 10 12 1 100 1 10 10 12 1 10 12 1 10 12 1 1 100 1 10 10 7 12 1 1 10 12 1 1 9 12 1 1 11 7 12 1 1 100 1 10 10 12 1 11 7 1 10 12 1 100 1 10 10 12 1 10 12 1 10 12 1 10 12 1 10 12 1 100 1 10 100 1 10 10 12 1 8 1 10 12 1 11 12 1 8 1 8 1 10 12 1 10 12 1 10 12 1 100 1 10 8 1 7 1 10 11 12 1 1 8 1 8 1 11 12 1 8 1 10 12 1 1 10 12 1 10 12 1 10 12 1 10 12 1 10 12 1 10 12 1 10 12 1 1 10 12 1 10 12 1 1 10 12 1 1 8 1 10 12 1 1 10 12 1 10 12 1 8 1 10 12 1 10 12 1 1 10 12 1 10 12 1 8 1 8 1 9 100 12 1 1 1 10 12 1 10 12 1 8 1 8 1 8 1 8 1 8 1 8 1 10 12 1 1 10 12 1 10 12 1 1 8 1 8 1 8 1 8 1 10 12 1 1 8 1 10 12 1 10 12 1 8 1 8 1 7 1 10 12 1 8 1 10 12 1 8 1 11 10 12 1 1 100 1 10 100 1 10 7 1 9 7 12 1 1 1 10 12 1 11 12 1 8 1 8 1 10 12 1 11 12 1 1 9 100 12 1 1 1 7 1 10 10 12 1 1 9 12 1 8 1 10 12 1 1 100 1 9 12 1 9 12 1 10 12 1 100 1 10 100 1 10 100 1 10 11 11 12 1 8 1 10 12 1 8 1 8 1 10 12 1 9 12 1 9 12 1 9 12 1 7 1 9 7 1 7 1 9 12 1 9 12 1 9 12 1 9 12 1 10 12 1 9 10 12 3 11 100 1 10 7 1 10 12 1 9 9 9 12 1 8 1 10 10 9 12 1 1 10 12 1 9 12 1 10 12 1 1 7 1 10 12 1 7 1 10 12 1 10 12 1 10 12 1 1 8 1 8 1 8 1 8 1 8 1 10 12 1 10 12 1 3 8 1 8 1 8 1 8 1 10 12 1 10 12 1 10 12 10 12 1 10 12 1 1 10 12 1 8 1 10 12 1 8 1 8 1 8 1 11 100 1 10 12 1 100 1 10 100 1 10 100 1 10 100 1 10 10 9 12 1 9 12 1 10 12 1 18 12 1 1 18 12 1 18 18 18 12 1 18 12 1 18 12 18 12 18 18 12 18 18 18 12 18 12 18 12 18 3 3 18 18 12 18 10 100 12 1 1 1 18 18 12 1 18 12 1 1 18 100 1 10 100 1 10 100 12 1 1 1 10 100 12 1 1 1 10 12 1 1 11 12 10 7 12 1 1 10 9 12 7 1 10 100 1 1 1 3 1 3 1 3 1 3 1 3 1 3 1 3 1 3 1 3 1 3 1 1 5 0 1 1 1 1 1 1 1 1 1 1 1 1 1 1 1 1 100 1 1 1 1 1 1 1 1 1 1 1 1 1 1 1 1 1 1 1 1 1 1 1 1 1 1 1 1 1 100 1 100 1 1 1 1 1 1 1 1 1 1 1 1 1 1 1 1 1 1 1 1 1 1 1 1 1 1 1 1 1 1 1 1 1 1 1 1 1 1 1 100 1 1 1 1 1 1 1 1 1 1 1 1 1 1 1 1 1 1 1 1 1 1 1 1 1 1 1 1 1 1 1 1 1 1 1 1 1 1 1 1 1 1 1 1 1 1 1 1 1 1 1 1 1 1 1 1 1 1 1 1 1 1 1 1 1 1 1 1 1 1 1 100 1 1 1 1 1 1 1 1 1 1 1 1 1 1 1 1 1 1 1 1 1 1 1 1 1 1 1 1 1 1 1 1 1 1 1 1 1 1 1 1 1 1 1 1 1 1 1 1 1 1 1 1 1 1 1 1 100 1 1 16 1 15 10 12 16 16 15 10 12 15 10 12 15 10 12 15 10 12 15 10 12 15 10 12 15 10 12 15 10 12 15 10 12 15 10 12 15 10 12 15 10 12 15 10 12 15 10 12 15 10 12 15 10 12 15 10 12 15 10 12 15 10 12 15 10 12 15 10 12 16 15 10 12 16 15 10 12 15 10 7 12 1 1 1 1 1 1 1 1 1 1 1 1 1 1 1 1 1 1 1 1 1 1 1 1 1 1 1 1 1 1 1 1 1 1 1 1 1 1 1 1 1 1 1 1 1 1 1 1 1 1 1 1 1 1 1 1 1 1 1 1 100 1 100 1 1
staticfield java/util/regex/Pattern accept Ljava/util/regex/Pattern$Node; java/util/regex/Pattern$Node
staticfield java/util/regex/Pattern lastAccept Ljava/util/regex/Pattern$Node; java/util/regex/Pattern$LastNode
staticfield java/util/regex/Pattern $assertionsDisabled Z 1
ciMethod java/util/regex/Pattern matcher (Ljava/lang/CharSequence;)Ljava/util/regex/Matcher; 768 0 19930 0 -1
ciInstanceKlass java/util/regex/Matcher 1 1 488 10 7 12 1 1 1 7 1 9 12 1 1 9 12 1 9 12 1 9 12 1 9 12 1 9 12 1 1 9 12 1 9 12 1 1 9 12 1 1 9 7 12 1 1 9 12 1 1 9 12 1 9 12 1 9 12 1 7 1 9 12 1 1 10 12 1 1 10 12 1 1 10 12 1 1 10 12 1 11 7 12 1 1 1 11 12 1 1 100 1 10 12 1 10 100 12 1 1 10 12 1 1 10 12 1 11 12 1 10 100 12 1 1 1 10 12 1 100 1 8 1 10 12 1 9 12 1 9 12 1 10 12 1 9 12 1 10 12 1 9 12 1 10 12 1 10 12 1 1 10 12 1 1 10 12 1 1 10 12 1 10 12 1 1 10 12 1 1 100 1 8 1 10 10 7 12 1 1 1 7 1 10 10 10 12 1 1 10 12 1 1 10 10 100 1 10 12 1 10 12 1 1 10 12 1 10 10 12 1 10 8 1 11 7 12 1 1 8 1 10 100 12 1 1 10 12 1 10 12 1 8 1 8 1 10 12 1 1 8 1 10 12 1 8 1 11 100 12 1 1 1 100 1 8 1 8 1 10 12 1 8 1 10 12 1 10 12 1 11 12 1 100 1 100 1 10 12 1 10 12 1 10 12 1 10 12 1 1 10 12 1 1 10 100 12 1 1 11 100 12 1 1 100 1 10 100 1 10 12 1 100 1 10 100 12 1 1 1 10 100 12 1 1 1 100 1 8 1 10 8 8 8 1 8 1 8 1 10 12 1 1 10 12 1 8 1 10 12 1 10 12 1 10 12 1 8 1 10 12 9 12 1 9 12 1 9 12 1 1 10 7 12 1 1 9 12 1 11 8 1 10 12 1 8 1 8 1 8 1 100 1 8 1 10 10 100 1 1 1 1 3 1 3 1 1 1 1 1 1 1 1 1 1 1 1 1 1 1 1 1 1 1 1 1 1 1 1 1 1 1 1 1 1 1 1 1 1 1 1 1 1 1 1 1 1 1 1 1 1 1 1 1 1 1 1 1 1 1 1 1 1 1 1 1 1 1 1 1 1 1 1 1 1 1 1 1 1 1 1 1 1 1 1 1 1 1 1
ciMethod java/util/regex/Matcher group (I)Ljava/lang/String; 554 0 894 0 -1
ciMethod java/util/regex/Matcher matches ()Z 520 0 19723 0 -1
ciInstanceKlass java/lang/annotation/Annotation 1 0 17 100 1 100 1 1 1 1 1 1 1 1 1 1 1 1 1
ciMethod java/util/Arrays copyOfRange ([BII)[B 516 0 5443 0 1040
ciMethod java/lang/Math max (II)I 768 0 445488 0 -1
ciMethod java/lang/Math min (II)I 526 0 63741 0 -1
ciMethod java/lang/String concat (Ljava/lang/String;)Ljava/lang/String; 518 0 17792 0 -1
ciMethod java/lang/String replace (Ljava/lang/CharSequence;Ljava/lang/CharSequence;)Ljava/lang/String; 0 0 6 0 -1
ciMethod java/lang/String replace (CC)Ljava/lang/String; 512 0 6765 0 -1
ciMethod java/lang/String substring (II)Ljava/lang/String; 526 0 5518 0 1465
ciMethod java/lang/String checkBoundsBeginEnd (III)V 538 0 17718 0 0
ciMethod java/lang/String isLatin1 ()Z 624 0 4297424 0 88
ciMethod java/lang/String checkBoundsOffCount (III)I 512 0 39592 0 152
ciMethod java/lang/String rangeCheck ([CII)Ljava/lang/Void; 518 0 19454 0 0
ciMethod java/lang/String coder ()B 548 0 1141303 0 80
ciMethod java/lang/String checkIndex (II)V 530 0 4163238 0 120
ciMethod java/lang/String <init> ([CII)V 22 0 19454 0 0
ciMethod java/lang/String <init> ([BB)V 786 0 63986 0 99
ciMethod java/lang/String <init> ([CIILjava/lang/Void;)V 512 0 5418 0 621
ciMethod java/util/Map get (Ljava/lang/Object;)Ljava/lang/Object; 0 0 1 0 -1
ciMethod java/lang/Object <init> ()V 782 0 1426689 0 80
instanceKlass org/codehaus/groovy/runtime/powerassert/PowerAssertionError
instanceKlass org/codehaus/groovy/GroovyBugError
ciInstanceKlass java/lang/AssertionError 0 0 79 10 100 12 1 1 1 10 12 1 10 100 12 1 1 1 10 100 1 100 1 10 12 1 1 10 12 1 10 12 1 10 12 1 10 12 1 10 12 1 10 12 1 10 12 1 1 1 1 5 0 1 1 1 1 1 1 1 1 1 1 100 1 1 1 1 1 1 1 1 1 1 1 1 1 1 1 1 1
instanceKlass java/util/concurrent/CancellationException
instanceKlass org/gradle/api/internal/DefaultMutationGuard$IllegalMutationException
instanceKlass org/gradle/internal/enterprise/impl/legacy/UnsupportedBuildScanPluginVersionException
instanceKlass org/gradle/api/internal/provider/MissingValueException
instanceKlass java/nio/channels/ClosedSelectorException
instanceKlass java/nio/channels/OverlappingFileLockException
ciInstanceKlass java/lang/IllegalStateException 0 0 35 10 100 12 1 1 1 10 12 1 10 12 1 10 12 1 100 1 1 1 1 5 0 1 1 1 1 1 1 1 1 1 1 1 1
instanceKlass com/google/common/cache/CacheLoader$UnsupportedLoadingOperationException
ciInstanceKlass java/lang/UnsupportedOperationException 0 0 34 10 100 12 1 1 1 10 12 1 10 12 1 10 12 1 100 1 1 1 1 5 0 1 1 1 1 1 1 1 1 1 1 1
ciInstanceKlass org/objectweb/asm/Type 1 1 379 1 7 1 7 1 1 100 1 100 1 1 1 3 1 3 1 3 1 3 1 3 1 3 1 3 1 3 1 3 1 3 1 3 1 3 1 3 1 1 1 8 1 1 1 1 1 1 1 1 1 1 1 1 1 1 1 1 1 12 10 12 9 12 9 12 9 12 9 1 1 1 1 7 1 1 12 10 1 1 12 10 1 1 1 1 7 1 1 12 10 1 7 1 1 12 9 12 9 1 7 9 12 9 1 7 9 12 9 1 7 9 12 9 1 7 9 12 9 1 7 9 12 9 1 7 9 12 9 1 7 9 12 9 1 7 9 12 9 1 100 10 1 1 12 10 12 10 1 1 1 1 1 1 12 10 1 1 1 1 1 1 12 10 1 1 1 1 1 12 10 1 1 1 1 12 10 12 10 1 1 1 1 1 12 10 1 1 1 1 1 1 12 10 1 12 10 1 1 12 10 1 1 12 10 1 7 1 12 10 1 1 1 1 1 1 1 100 1 1 12 10 12 10 1 1 1 1 1 1 12 10 1 12 10 1 12 10 1 100 1 1 1 7 10 1 8 1 1 12 10 1 12 10 12 10 1 12 10 1 1 1 1 1 8 1 8 1 8 1 8 1 8 1 8 1 8 1 8 1 8 12 10 12 10 10 1 8 1 1 12 10 1 1 12 10 1 1 1 1 1 12 10 1 1 8 1 8 12 10 1 1 12 10 1 1 12 10 1 100 10 1 8 1 1 1 12 10 1 1 12 10 1 1 12 10 1 12 10 12 10 1 1 1 1 1 1 1 12 10 1 1 1 1 1 1 100 10 1 1 1 1 1 1 1 1 1 1 1 1 1 1 1 1 1 1 1 1 1
staticfield org/objectweb/asm/Type VOID_TYPE Lorg/objectweb/asm/Type; org/objectweb/asm/Type
staticfield org/objectweb/asm/Type BOOLEAN_TYPE Lorg/objectweb/asm/Type; org/objectweb/asm/Type
staticfield org/objectweb/asm/Type CHAR_TYPE Lorg/objectweb/asm/Type; org/objectweb/asm/Type
staticfield org/objectweb/asm/Type BYTE_TYPE Lorg/objectweb/asm/Type; org/objectweb/asm/Type
staticfield org/objectweb/asm/Type SHORT_TYPE Lorg/objectweb/asm/Type; org/objectweb/asm/Type
staticfield org/objectweb/asm/Type INT_TYPE Lorg/objectweb/asm/Type; org/objectweb/asm/Type
staticfield org/objectweb/asm/Type FLOAT_TYPE Lorg/objectweb/asm/Type; org/objectweb/asm/Type
staticfield org/objectweb/asm/Type LONG_TYPE Lorg/objectweb/asm/Type; org/objectweb/asm/Type
staticfield org/objectweb/asm/Type DOUBLE_TYPE Lorg/objectweb/asm/Type; org/objectweb/asm/Type
ciInstanceKlass org/objectweb/asm/Handle 1 1 93 1 7 1 7 1 1 100 1 100 1 1 1 1 1 1 1 1 1 1 1 1 1 12 10 1 1 1 12 10 12 9 12 9 12 9 12 9 12 9 1 1 1 1 1 1 1 1 1 1 7 12 10 1 1 1 1 12 10 1 1 8 1 8 1 1 1 100 10 1 1 12 10 1 8 1 8 1 12 10 1 8 12 10 12 10 1 1 1 1 1 1 1
instanceKlass org/gradle/api/internal/runtimeshaded/RuntimeShadedJarCreator$ShadingClassRemapper$1
instanceKlass org/objectweb/asm/commons/MethodRemapper
instanceKlass org/gradle/model/internal/asm/MethodVisitorScope
instanceKlass org/objectweb/asm/MethodWriter
ciInstanceKlass org/objectweb/asm/MethodVisitor 1 1 262 1 7 1 7 1 1 100 1 100 1 1 1 1 8 1 1 1 1 1 1 1 12 10 1 1 12 10 3 3 3 3 3 3 3 1 100 1 1 1 100 10 1 8 1 1 12 10 1 12 10 1 1 12 10 12 10 1 12 10 1 100 1 1 12 10 12 9 12 9 1 1 1 1 1 1 100 10 12 10 1 1 1 1 12 10 1 1 12 10 1 1 1 1 1 12 10 1 1 1 1 1 12 10 1 1 1 12 10 1 1 1 12 10 1 1 1 12 10 1 1 12 10 1 1 1 1 1 1 1 12 10 1 1 1 12 10 1 1 12 10 1 1 1 12 10 1 1 12 10 1 1 1 1 12 10 1 1 8 12 10 1 1 1 12 10 1 1 1 1 1 12 10 1 1 1 1 12 10 1 1 100 1 100 1 1 12 10 1 100 1 8 12 10 1 1 1 12 10 1 1 1 12 10 1 1 1 1 1 1 1 12 10 1 1 1 12 10 1 1 12 10 1 1 12 10 1 1 1 1 12 10 1 1 12 10 1 1 1 1 12 10 1 12 10 1 1 12 10 1 1 1 12 10 1 1 1 1 1 1 1 1
ciInstanceKlass org/objectweb/asm/MethodWriter 1 1 809 1 7 1 7 1 1 100 1 7 1 1 1 3 1 3 1 3 1 3 1 3 1 1 1 1 1 1 1 1 1 1 1 1 1 1 1 1 1 1 1 1 1 1 1 1 1 1 1 1 1 1 1 1 1 1 1 1 1 1 1 1 1 1 1 1 1 1 1 1 1 1 1 1 1 1 1 1 1 1 1 1 1 1 1 1 1 1 3 1 12 10 1 7 1 12 10 12 9 12 9 8 1 7 1 1 12 10 3 12 9 1 7 1 1 12 10 12 9 12 9 12 9 12 9 12 9 12 9 12 9 1 1 12 10 1 7 1 12 9 12 9 1 7 1 12 10 12 9 12 9 1 7 10 12 9 1 1 12 10 1 1 1 1 1 1 1 1 1 1 12 9 12 9 1 1 12 9 12 9 1 1 12 10 1 1 12 9 1 7 1 12 10 1 1 12 9 1 1 12 10 12 9 1 1 1 12 9 1 12 10 12 9 1 1 1 1 1 12 9 12 9 1 1 1 12 9 1 12 10 12 9 1 1 1 1 1 12 10 12 9 1 12 9 12 9 1 1 1 1 12 9 1 1 12 9 1 100 12 10 1 7 1 1 12 10 1 1 12 10 1 1 12 10 12 9 10 1 12 9 1 1 12 10 12 9 1 1 12 10 1 12 10 1 1 12 10 1 100 1 8 1 12 10 12 9 12 9 1 100 10 1 12 10 1 1 12 10 10 12 9 1 100 1 1 12 9 1 12 9 12 9 12 9 1 7 1 1 12 10 1 1 1 1 1 1 1 1 1 1 12 9 1 1 12 10 12 9 1 12 10 1 1 1 1 1 1 12 10 1 12 10 1 1 1 1 12 9 1 12 9 12 9 1 1 1 1 1 1 1 1 1 1 1 12 10 1 1 12 10 1 1 1 1 1 1 1 1 12 10 12 10 1 1 1 1 1 1 1 1 12 10 1 1 1 1 1 1 1 12 9 1 1 12 10 1 1 12 10 1 12 10 12 9 1 1 1 1 1 1 12 9 1 1 12 10 12 9 12 9 12 9 1 12 9 1 1 1 12 10 1 12 9 1 12 9 1 1 1 1 1 1 1 1 1 1 1 12 10 1 12 10 1 1 12 10 1 1 1 1 1 1 1 1 1 1 1 3 12 9 12 9 1 1 1 7 1 12 10 12 9 1 12 9 1 1 1 1 1 1 1 12 9 12 9 12 9 12 9 1 1 1 7 1 12 10 1 1 12 9 12 9 1 1 1 12 10 1 12 10 1 12 9 1 8 1 1 12 10 1 12 9 1 12 9 1 12 9 1 7 1 1 12 9 1 12 10 1 12 9 1 12 9 1 12 10 1 12 9 1 12 9 1 1 12 10 1 12 9 1 1 12 10 1 1 1 1 1 1 1 1 1 1 1 1 1 1 3 1 1 12 10 1 12 9 1 12 10 1 12 9 1 1 1 1 1 1 1 1 1 1 1 12 10 1 12 10 1 1 1 1 12 10 1 100 1 12 10 1 12 10 1 1 1 1 12 10 3 1 100 1 1 12 10 1 1 1 1 1 1 1 1 12 9 12 9 1 1 1 3 1 100 1 1 12 10 1 12 10 1 8 1 1 12 10 1 8 1 8 1 8 1 8 1 8 1 8 1 12 10 1 8 1 1 12 10 1 8 1 12 10 1 12 10 1 8 1 1 12 10 1 8 1 8 1 8 1 12 10 1 1 1 12 9 1 12 10 1 1 12 10 1 1 12 10 1 1 12 10 1 12 10 1 12 10 1 1 12 10 1 12 10 1 1 1 1 1 1 1 1 1 12 10 1 1 1 1 1 1
staticfield org/objectweb/asm/MethodWriter STACK_SIZE_DELTA [I 202
instanceKlass org/objectweb/asm/commons/AnnotationRemapper
instanceKlass org/objectweb/asm/AnnotationWriter
ciInstanceKlass org/objectweb/asm/AnnotationVisitor 1 1 98 1 7 1 7 1 1 100 1 100 1 1 1 1 1 1 1 1 12 10 1 1 12 10 3 3 3 3 3 3 3 1 100 1 1 1 100 10 1 8 1 1 12 10 1 12 10 1 1 12 10 12 10 1 12 10 1 100 1 1 12 10 12 9 12 9 1 1 1 1 1 12 10 1 1 1 1 1 1 12 10 1 1 1 12 10 1 1 12 10 1 12 10 1 1 1 1 1
ciInstanceKlass org/objectweb/asm/SymbolTable 1 1 638 1 7 1 7 1 1 7 1 1 100 1 1 100 1 100 1 1 1 1 1 1 1 1 1 1 1 1 1 1 1 1 1 1 1 1 1 1 1 1 1 1 12 10 12 9 12 9 12 9 12 9 1 7 10 12 9 1 1 1 1 100 1 1 12 9 1 1 12 10 1 12 9 1 1 12 10 1 12 10 1 1 12 10 1 12 10 1 12 10 1 1 12 10 1 12 10 1 1 12 10 1 12 10 1 1 12 10 1 1 12 10 1 1 12 10 1 1 12 10 1 12 10 1 1 12 10 1 12 10 1 1 12 10 1 1 12 10 1 1 12 10 1 100 10 1 1 12 10 1 1 1 1 1 1 1 1 1 1 1 1 1 1 12 10 1 8 1 7 1 1 12 10 12 9 12 9 1 1 12 10 1 12 10 3 1 12 10 1 1 12 10 1 1 1 1 1 1 1 1 1 1 1 1 1 12 9 1 1 12 9 1 1 1 1 12 10 1 7 1 12 9 1 1 1 12 9 1 1 1 1 12 10 1 12 9 1 1 1 12 10 1 1 12 10 1 1 1 1 12 9 12 9 1 1 12 9 1 1 1 1 1 1 1 1 1 1 7 1 12 10 1 1 12 10 1 7 10 1 7 1 1 12 10 1 7 10 1 7 1 1 12 10 1 7 1 1 12 10 1 1 12 10 1 7 1 1 12 10 1 1 12 10 1 7 1 1 12 10 1 1 12 10 1 12 10 1 7 1 12 10 1 12 10 1 12 10 1 12 10 1 7 1 12 10 1 12 10 1 12 10 1 12 10 1 12 10 1 12 10 1 100 10 10 1 1 12 10 1 1 12 10 1 1 12 10 1 1 12 10 1 1 1 100 10 1 8 1 1 12 10 1 12 10 12 10 1 12 10 1 1 1 1 1 1 1 1 1 1 12 10 1 1 1 12 10 1 1 1 1 1 1 1 1 12 10 12 10 12 9 12 9 12 9 12 9 1 12 10 1 1 12 10 1 12 10 12 10 1 12 10 1 1 12 10 1 1 12 10 1 12 9 1 12 10 1 12 10 1 1 12 10 1 1 12 10 1 1 12 10 1 12 10 9 12 10 12 10 1 1 12 10 1 12 10 1 1 12 10 1 12 10 12 10 1 12 10 12 10 1 1 1 1 12 10 1 12 10 1 1 1 1 1 1 1 12 10 1 1 1 1 1 1 1 12 10 12 10 10 1 12 10 1 1 1 1 1 1 1 1 1 1 12 9 1 1 1 12 9 1 1 12 9 1 12 9 1 1 12 10 1 1 1 12 10 1 12 10 1 1 1 1 1 12 10 9 1 1 1 12 9 1 7 1 1 12 10 12 10 1 1 1 1 1 1 7 1 1 12 10 1 12 9 1 1 12 10 1 12 9 12 9 1 12 10 1 1 1 10 1 1 1 1 1 1 1 1 1
instanceKlass org/objectweb/asm/SymbolTable$Entry
ciInstanceKlass org/objectweb/asm/Symbol 1 1 93 1 7 1 7 1 1 1 3 1 3 1 3 1 3 1 3 1 3 1 3 1 3 1 3 1 3 1 3 1 3 1 3 1 3 1 3 1 3 1 3 1 3 1 3 1 3 1 3 1 3 1 1 1 1 1 1 1 1 1 1 1 1 12 10 12 9 12 9 12 9 12 9 12 9 12 9 1 1 1 1 12 9 1 7 1 12 10 1 1 1 1 1
ciInstanceKlass org/objectweb/asm/SymbolTable$Entry 1 1 38 1 7 1 7 1 1 100 1 1 1 1 1 1 1 1 12 10 12 9 1 1 1 1 1 1 1 1 1 1 1 1 1 1 1 1 1 1
ciInstanceKlass org/objectweb/asm/ByteVector 1 1 107 1 7 1 7 1 1 1 1 1 1 1 12 10 12 9 1 1 1 1 1 12 9 1 1 1 1 1 12 10 1 1 1 1 1 1 1 1 1 1 1 1 1 1 1 1 1 1 1 1 1 1 1 1 7 12 10 3 1 100 1 8 1 12 10 1 1 12 10 1 1 12 10 1 1 1 1 1 1 1 1 1 1 1 1 1 7 1 1 12 10 1 1 1 100 1 8 1 12 10 1 1 1 1 1 1 1
instanceKlass org/objectweb/asm/CurrentFrame
ciInstanceKlass org/objectweb/asm/Frame 1 1 504 1 7 1 7 1 1 100 1 100 1 1 1 3 1 3 1 3 1 3 1 3 1 3 1 3 1 3 1 1 3 1 3 1 3 1 3 1 3 1 3 1 3 1 3 1 3 1 3 1 3 1 3 1 1 1 1 3 1 3 1 3 1 1 3 1 3 1 3 1 3 1 1 3 1 3 1 3 1 3 1 3 1 3 1 3 1 1 3 1 3 1 3 1 3 1 3 1 3 1 3 1 3 1 3 1 3 1 1 1 1 1 1 1 1 1 1 1 1 1 1 1 12 10 12 9 1 1 1 1 12 9 12 9 12 9 12 9 12 9 12 9 12 9 12 9 1 1 1 1 7 1 1 12 10 1 7 1 7 1 1 12 10 1 1 12 10 1 1 12 10 1 7 1 12 9 1 8 1 12 9 1 7 1 1 12 10 1 1 12 10 1 1 1 1 1 1 1 1 1 1 1 12 10 1 1 1 12 10 1 12 10 1 1 12 10 1 100 1 12 10 1 1 1 7 10 1 8 1 1 12 10 1 12 10 12 10 1 12 10 1 1 8 12 10 1 1 1 1 1 1 3 1 12 10 1 1 12 10 1 1 1 1 1 1 1 1 12 10 1 100 1 12 9 12 9 1 1 1 1 1 1 1 1 1 1 1 1 1 1 1 100 1 1 12 10 1 100 1 1 12 10 1 1 1 1 1 12 9 1 1 1 1 1 12 10 12 10 1 1 1 1 12 10 12 10 1 1 1 1 1 1 1 3 1 1 12 10 1 7 1 12 9 1 1 1 1 1 1 12 9 1 8 8 1 8 1 8 12 10 1 100 10 12 10 12 10 12 10 1 8 12 10 1 12 9 12 10 3 3 3 3 3 3 3 3 10 1 1 8 12 10 3 1 1 1 1 1 1 1 1 1 1 1 1 1 1 1 1 12 10 12 10 1 12 10 1 1 1 1 1 3 1 12 10 8 1 12 10 1 1 1 1 1 1 1 1 1 1 1 1 7 1 1 12 10 1 12 10 1 12 10 1 1 1 1 1 1 1 1 1 1 1 7 1 1 12 10 1 1 12 10 1 12 9 1 12 10 1 1 12 9 1 1 12 10 1 1 12 10 1 12 10 1 1 1 1 1 1 1 1 1 1 1
ciInstanceKlass org/objectweb/asm/CurrentFrame 0 0 39 1 100 1 100 1 1 1 12 10 1 1 1 1 1 1 12 10 1 1 12 10 1 1 12 10 1 1 1 1 1 1 1 1 1 1 1 1 1
ciInstanceKlass org/objectweb/asm/Label 1 1 231 1 7 1 7 1 1 100 1 100 1 1 1 3 1 3 1 3 1 3 1 3 1 3 1 3 1 3 1 1 3 1 3 1 3 1 3 1 3 1 3 1 1 1 1 1 1 1 1 1 1 1 1 1 1 1 1 1 1 1 1 1 1 1 12 10 1 1 1 12 9 1 100 1 8 1 12 10 12 9 1 1 12 9 1 7 1 12 9 1 1 12 9 12 9 1 100 1 1 12 10 1 1 1 1 1 7 1 1 12 10 3 1 1 12 10 1 1 1 1 1 1 1 1 7 1 12 9 1 1 12 10 1 1 12 10 1 12 10 1 1 1 1 1 1 12 9 1 1 1 1 1 1 1 1 12 9 1 1 1 1 1 1 1 12 9 12 9 12 9 1 1 12 10 1 1 1 1 100 12 9 12 9 1 12 9 1 12 10 1 1 1 1 12 9 1 1 1 1 1 1 1 1 12 10 1 1 1 100 10 1 8 1 1 12 10 1 12 10 12 10 12 10 1 10 1 1 1 1 1 1
staticfield org/objectweb/asm/Label EMPTY_LIST Lorg/objectweb/asm/Label; org/objectweb/asm/Label
ciInstanceKlass org/objectweb/asm/Handler 1 1 77 1 7 1 7 1 1 1 1 1 1 1 1 1 1 1 1 1 1 12 10 12 9 12 9 12 9 12 9 12 9 1 1 12 10 12 9 1 1 1 12 10 1 100 1 12 9 3 12 10 1 1 1 1 1 1 1 1 1 1 1 12 10 1 1 1 7 1 1 12 10 1 1 1 1 1 1
ciInstanceKlass org/objectweb/asm/Attribute 1 1 155 1 100 1 100 1 1 100 1 1 1 1 1 1 1 1 1 1 12 10 12 9 1 1 1 1 1 1 1 1 100 1 1 12 10 1 7 1 100 1 1 12 10 1 12 10 12 9 1 1 1 1 1 1 1 1 1 1 1 1 12 10 1 1 1 12 10 1 1 1 1 12 10 1 1 1 1 1 1 1 1 12 10 12 9 1 12 9 1 100 1 1 12 10 1 1 1 1 12 9 1 1 1 1 12 10 1 1 1 7 12 9 1 1 12 10 1 1 1 12 10 1 8 1 8 3 1 8 1 1 1 1 1 12 10 1 1 1 12 10 1 12 10 1 1 12 10 1 1 1 1 1 1 1 1
ciMethodData org/objectweb/asm/Type getInternalName ()Ljava/lang/String; 2 235687 orig 80 0 0 0 0 0 0 0 0 0 0 0 0 0 0 0 0 0 0 0 0 0 0 0 0 0 0 0 0 0 0 0 0 0 0 0 0 0 0 0 0 0 0 0 0 0 0 0 0 0 0 0 0 0 0 0 0 0 0 0 0 0 0 0 0 0 0 0 0 0 0 0 0 0 0 0 0 0 0 0 0 data 15 0xc0005 0x0 0x20d63415958 0x398a7 0x0 0x0 0x0 0x0 0x0 0x0 0x0 0x0 0x9 0x1 0x0 oops 1 2 java/lang/String methods 0
ciInstanceKlass org/gradle/api/internal/runtimeshaded/RuntimeShadedJarCreator$ShadingClassRemapper 1 1 114 100 1 9 7 12 1 1 1 10 7 12 1 1 1 7 1 10 12 1 9 12 1 1 8 1 10 7 12 1 1 1 10 7 12 1 1 1 10 100 12 1 1 1 10 12 1 8 1 8 1 10 12 1 1 11 100 12 1 1 1 10 12 1 10 12 1 1 7 1 100 1 3 10 12 1 1 10 12 1 1 1 1 1 1 1 1 1 1 1 1 1 1 1 1 1 1 1 1 1 1 1 100 1 1 1 1 1 1 1 1 1 1 1
ciInstanceKlass org/gradle/api/internal/runtimeshaded/ImplementationDependencyRelocator 1 1 237 7 1 10 12 1 1 10 7 12 1 1 1 7 1 7 1 8 1 10 7 12 1 1 1 10 12 1 10 12 1 10 12 1 1 10 7 12 1 1 10 12 1 1 10 12 1 1 10 7 12 1 1 7 1 10 12 1 1 100 1 100 1 10 12 1 10 12 1 1 100 1 3 10 7 12 1 1 8 1 10 7 12 1 1 1 9 7 12 1 1 1 8 1 8 1 8 1 10 7 12 1 1 1 9 12 1 1 10 12 1 1 9 12 1 1 8 1 10 12 1 1 10 7 12 1 1 1 7 1 10 10 12 1 1 10 12 1 1 8 1 10 12 1 10 12 1 1 10 12 1 10 7 12 1 1 1 8 1 10 12 1 1 11 100 12 1 1 1 11 100 12 1 1 11 12 1 1 10 12 1 8 1 10 12 1 10 12 1 1 100 1 10 12 1 1 1 1 1 1 1 1 1 1 1 1 1 1 1 1 1 1 1 1 1 1 1 1 1 1 1 1 1 1 1 1 1 1 1 1 1 1 1 1 1 1 1
ciInstanceKlass org/gradle/api/internal/runtimeshaded/RuntimeShadedJarCreator$ShadingClassRemapper$1 1 1 109 100 1 9 7 12 1 1 1 10 7 12 1 1 1 7 1 9 7 12 1 1 1 11 7 12 1 1 1 10 12 1 1 10 7 12 1 1 1 10 12 1 1 8 1 8 1 10 12 1 10 12 1 1 100 1 8 1 10 12 1 1 10 12 1 1 10 100 12 1 1 1 10 12 1 1 1 1 1 1 1 1 1 1 1 1 1 1 1 1 1 1 100 1 1 1 1 1 1 1 1 1 1 12 1 1 1 1 1
instanceKlass org/gradle/api/internal/runtimeshaded/ImplementationDependencyRelocator
ciInstanceKlass org/objectweb/asm/commons/Remapper 1 1 300 1 7 1 7 1 1 100 1 100 1 1 1 1 1 1 12 10 12 9 1 1 1 3 3 3 3 3 3 3 1 100 1 1 1 7 10 1 8 1 1 12 10 1 12 10 1 1 12 10 12 10 1 12 10 1 1 1 7 1 1 12 10 1 1 12 10 1 12 10 1 1 1 1 12 10 1 12 10 1 12 10 1 1 12 10 1 12 10 1 12 10 1 12 10 1 12 10 1 12 10 1 1 1 1 1 1 1 1 1 12 10 1 7 1 1 12 10 1 1 8 1 7 1 1 12 10 1 8 10 1 1 12 10 1 12 10 1 12 9 1 8 1 1 1 1 1 1 1 7 1 12 10 1 12 10 1 12 10 1 12 10 1 1 12 10 1 12 10 12 10 1 1 12 10 1 12 10 1 7 10 10 1 1 12 10 1 12 10 1 1 12 10 12 10 1 1 12 10 1 12 10 1 12 10 1 1 1 1 1 1 1 1 1 1 1 1 1 1 1 1 1 7 10 1 7 10 1 1 12 10 1 1 12 10 1 12 10 10 1 1 1 1 1 1 1 1 1 1 1 7 1 12 10 1 1 1 1 12 10 1 12 10 1 8 1 1 12 10 1 12 10 1 1 12 10 1 100 1 1 12 10 1 1 1 1 1 1 1 1 1 1 1 1 1 1 1 1 1 1
ciInstanceKlass org/gradle/internal/util/Trie 1 1 174 10 7 12 1 1 1 10 100 12 1 1 1 10 12 1 1 100 1 10 12 1 11 100 12 1 1 1 11 100 12 1 1 1 11 12 1 1 100 1 10 12 1 1 10 12 1 1 10 7 1 9 12 1 1 9 12 1 1 9 12 1 1 100 1 10 10 12 1 1 8 1 8 1 10 12 1 8 1 8 1 10 12 1 1 11 7 12 1 1 1 11 12 1 1 10 12 1 1 11 100 12 1 1 1 10 10 12 1 1 10 12 1 1 100 1 1 1 1 1 1 1 1 1 1 1 1 1 1 1 1 1 1 1 1 1 1 1 1 100 1 1 1 1 1 1 1 1 1 1 1 1 1 1 1 1 1 1 1 1 1 1 1 1 1 1 1 1 1 1 1 1 100 1
ciInstanceKlass org/objectweb/asm/ClassReader 1 1 1073 1 7 1 7 1 1 100 1 100 1 1 1 3 1 3 1 3 1 3 1 3 1 3 1 3 1 1 1 1 1 1 1 1 1 1 1 1 1 1 1 1 12 10 1 1 1 1 12 10 1 1 1 12 10 12 9 12 9 1 1 12 10 1 100 1 1 1 100 10 1 8 1 1 12 10 1 12 10 1 1 12 10 12 10 1 12 10 1 1 12 10 12 9 1 7 12 9 10 12 9 12 9 1 100 12 9 1 1 12 10 12 9 1 1 1 1 1 1 1 1 1 1 1 100 1 1 12 10 12 10 1 1 1 1 12 10 1 1 1 8 12 10 1 100 1 1 12 10 1 1 1 100 1 8 10 1 1 12 10 1 100 10 1 100 1 1 12 10 1 12 10 1 12 10 1 12 10 10 1 1 12 10 1 1 1 1 1 1 1 1 12 10 1 100 1 1 12 10 1 1 1 1 1 12 10 1 1 1 1 1 1 1 1 1 1 1 1 7 1 12 10 1 1 1 1 7 10 1 1 12 9 12 9 12 9 1 12 10 1 12 10 1 12 10 1 8 1 1 12 10 1 8 1 8 1 8 1 8 1 8 1 8 1 8 1 8 1 8 3 1 8 1 8 1 1 12 10 1 8 1 8 1 8 3 1 8 1 8 1 8 1 8 1 1 12 10 1 1 12 9 1 7 1 1 12 10 1 1 12 10 1 1 12 10 1 12 10 1 1 12 10 1 1 12 10 1 1 12 10 1 1 12 10 1 12 9 1 1 12 9 1 1 12 10 1 1 12 10 1 12 10 1 12 10 1 1 12 10 1 1 12 10 1 12 10 1 12 10 1 12 10 1 1 1 1 1 1 1 1 1 1 1 1 1 1 1 1 1 1 1 1 1 1 1 1 1 1 1 1 1 1 1 1 1 1 1 1 1 1 1 1 1 1 12 10 1 1 12 10 1 100 1 12 10 1 12 10 1 12 10 1 1 12 10 1 1 12 10 1 12 10 1 12 10 1 1 12 10 10 1 1 1 1 1 1 1 1 1 1 1 1 1 1 1 1 1 1 1 1 1 1 1 1 1 1 1 1 1 12 10 1 100 10 10 10 10 1 1 1 1 1 1 8 1 1 12 10 1 1 12 10 1 7 10 10 10 10 1 1 1 1 1 1 1 12 9 1 12 9 1 12 9 1 8 1 8 1 8 1 8 1 8 1 8 12 10 1 1 12 10 1 7 1 1 12 10 1 1 12 10 1 12 10 1 7 1 1 12 10 1 1 12 10 1 1 12 10 1 7 10 10 10 1 1 12 10 10 1 12 10 1 1 12 10 10 1 1 1 1 1 1 1 1 1 1 1 1 1 1 1 1 1 1 1 1 7 1 1 12 9 1 1 12 10 1 1 12 10 1 8 1 1 12 10 1 8 1 8 1 1 12 10 1 1 12 10 1 8 1 8 1 12 9 1 12 9 1 12 9 1 12 9 1 1 12 9 1 12 9 1 12 9 1 1 12 10 1 1 12 10 1 1 12 10 1 12 10 1 12 10 1 1 12 10 1 12 10 1 12 10 1 1 12 10 1 12 10 1 1 12 10 1 1 12 10 1 12 10 1 1 12 10 1 1 12 10 1 1 12 10 1 7 1 1 12 10 1 1 12 10 1 12 10 1 100 10 1 12 10 1 1 12 10 1 1 12 10 1 12 9 1 12 9 1 12 9 1 1 12 10 1 12 10 1 1 1 1 1 1 1 1 1 1 1 1 1 1 1 1 1 1 1 1 1 1 1 1 1 1 1 1 1 1 1 1 1 1 1 1 1 1 1 1 1 1 1 1 1 1 1 1 1 1 1 1 1 1 1 1 1 1 1 1 1 1 1 1 1 10 12 10 1 1 12 9 1 1 7 1 12 10 1 12 10 1 1 1 1 1 1 1 1 3 3 3 1 1 12 10 1 1 12 10 1 1 1 1 1 1 1 100 1 1 12 10 1 12 10 1 100 1 12 10 1 100 1 12 10 1 100 1 1 12 9 1 12 9 1 12 10 1 7 1 1 12 10 1 12 10 1 1 12 10 1 1 12 10 1 100 1 1 12 10 1 7 1 1 12 10 1 1 1 1 1 1 1 1 1 1 1 1 1 1 1 8 1 7 1 1 12 9 1 1 12 10 1 12 9 1 12 9 1 12 9 1 12 9 1 1 12 10 1 1 1 1 1 1 1 12 10 1 1 1 1 1 1 1 1 1 1 12 9 1 12 9 1 1 1 1 1 1 12 9 1 12 10 10 1 1 1 1 1 1 1 1 1 100 1 1 12 10 5 0 1 1 1 1 1 12 10 1 1 1 1 1 1 12 10 1 1 12 10 1 1 1 7 1 12 10 1 12 10 1 7 1 12 10 1 12 10 1 12 10 1 12 10 12 10 12 10 1 1
ciInstanceKlass org/objectweb/asm/commons/MethodRemapper 1 1 204 1 7 1 7 1 1 1 1 1 3 1 12 10 1 1 1 1 1 12 10 12 9 1 1 1 1 12 10 1 1 12 10 1 1 1 1 1 7 1 1 12 10 12 10 1 1 1 1 1 1 12 10 1 1 1 1 1 12 10 1 1 1 1 1 12 10 12 10 1 1 1 1 1 1 1 7 1 7 1 7 1 1 12 10 1 12 10 1 1 1 1 1 1 1 1 12 10 12 10 1 1 1 1 1 12 9 3 12 10 1 12 10 1 12 10 1 1 1 1 9 1 1 12 10 1 12 10 1 1 12 10 1 7 12 10 1 1 1 1 1 1 1 12 10 1 1 12 10 1 1 1 1 12 10 1 1 12 10 1 1 12 10 1 1 1 1 1 12 10 1 1 1 1 12 10 12 10 1 1 1 1 12 10 1 1 1 1 1 7 1 12 10 12 10 1 12 10 1 1 1 1 1 1
ciInstanceKlass org/objectweb/asm/commons/AnnotationRemapper 1 1 98 1 7 1 7 1 1 1 1 1 1 1 1 1 12 10 1 1 1 1 3 1 12 10 1 1 1 1 12 10 12 9 12 9 1 1 1 1 12 10 1 7 1 1 12 10 12 10 1 1 1 1 1 1 12 10 12 10 1 1 12 10 1 12 9 1 1 12 10 1 1 12 10 1 12 9 12 10 1 12 10 1 7 1 1 12 10 1 1 1 12 10 1 1 1 1 1 1
ciInstanceKlass org/objectweb/asm/Context 1 1 43 1 100 1 7 1 1 1 1 1 1 1 1 1 1 1 1 1 1 1 1 1 1 1 1 1 1 1 1 1 1 1 1 1 1 12 10 1 1 1 1 1 1
ciInstanceKlass org/objectweb/asm/Opcodes 1 1 475 1 7 1 100 1 1 1 3 1 3 1 3 1 3 1 3 1 3 1 3 1 1 3 1 1 3 1 3 1 3 1 3 1 3 1 3 1 3 1 3 1 3 1 3 1 3 1 3 1 3 1 3 1 3 1 3 1 3 1 3 1 3 1 3 1 3 1 3 1 3 1 3 1 3 1 3 1 3 1 3 1 3 1 3 1 3 1 3 1 3 1 1 1 1 1 1 1 3 1 1 1 3 1 3 1 3 1 3 1 3 1 3 1 3 1 1 3 1 3 1 1 3 1 3 1 3 1 1 3 1 3 1 3 1 1 1 3 1 1 1 1 1 1 1 3 1 3 1 1 1 1 1 1 1 1 1 1 1 1 1 1 1 1 1 1 1 1 1 1 1 1 1 3 1 3 1 3 1 3 1 1 3 1 3 1 3 1 3 1 3 1 3 1 3 1 1 1 1 1 1 1 1 1 1 1 1 1 1 3 1 3 1 3 1 3 1 3 1 3 1 3 1 3 1 3 1 3 1 3 1 3 1 3 1 3 1 3 1 3 1 3 1 3 1 3 1 3 1 3 1 3 1 3 1 3 1 3 1 3 1 3 1 3 1 3 1 3 1 3 1 3 1 3 1 3 1 3 1 3 1 3 1 3 1 3 1 3 1 3 1 3 1 3 1 3 1 3 1 3 1 3 1 3 1 3 1 1 3 1 3 1 3 1 3 1 3 1 3 1 3 1 3 1 3 1 3 1 3 1 3 1 3 1 3 1 3 1 3 1 3 1 3 1 3 1 3 1 3 1 3 1 3 1 3 1 3 1 3 1 3 1 3 1 3 1 3 1 3 1 3 1 3 1 3 1 3 1 3 1 3 1 3 1 3 1 3 1 3 1 3 1 3 1 3 1 3 1 3 1 3 1 3 1 3 1 3 1 3 1 3 1 3 1 3 1 3 1 3 1 3 1 3 1 3 1 3 1 3 1 3 1 3 1 3 1 3 1 3 1 3 1 3 1 3 1 3 1 1 1 7 1 1 12 10 12 9 12 9 12 9 12 9 12 9 12 9 12 9 1 1 1 1 1 1
staticfield org/objectweb/asm/Opcodes TOP Ljava/lang/Integer; java/lang/Integer
staticfield org/objectweb/asm/Opcodes INTEGER Ljava/lang/Integer; java/lang/Integer
staticfield org/objectweb/asm/Opcodes FLOAT Ljava/lang/Integer; java/lang/Integer
staticfield org/objectweb/asm/Opcodes DOUBLE Ljava/lang/Integer; java/lang/Integer
staticfield org/objectweb/asm/Opcodes LONG Ljava/lang/Integer; java/lang/Integer
staticfield org/objectweb/asm/Opcodes NULL Ljava/lang/Integer; java/lang/Integer
staticfield org/objectweb/asm/Opcodes UNINITIALIZED_THIS Ljava/lang/Integer; java/lang/Integer
ciInstanceKlass org/objectweb/asm/ConstantDynamic 0 0 113 1 100 1 100 1 1 100 1 100 1 1 1 1 1 1 1 1 1 1 1 12 10 12 9 12 9 12 9 12 9 1 1 1 1 1 1 1 1 1 1 1 1 1 1 1 1 1 100 1 1 12 10 1 1 1 1 12 10 1 100 10 1 100 1 12 10 1 1 1 1 12 10 1 100 1 1 12 10 10 1 12 10 1 1 1 12 10 1 12 10 1 1 1 100 10 1 1 12 10 1 8 1 8 12 10 12 10 1 1 1 1 1
ciInstanceKlass org/objectweb/asm/TypePath 1 1 115 1 7 1 100 1 1 1 3 1 3 1 3 1 3 1 1 1 1 1 1 12 10 12 9 12 9 1 1 1 1 1 1 1 1 1 1 1 100 1 12 10 1 7 1 12 10 1 1 12 10 1 1 12 10 1 1 12 10 1 100 10 1 12 9 12 9 12 10 1 1 1 1 1 1 1 1 1 1 1 12 10 1 100 10 12 10 1 1 12 10 12 10 1 12 10 1 100 10 12 10 1 1 1 1 1 1 1 12 10 1 1 1 1 1
ciMethodData java/lang/Object <init> ()V 2 1426298 orig 80 0 0 0 0 0 0 0 0 0 0 0 0 0 0 0 0 0 0 0 0 0 0 0 0 0 0 0 0 0 0 0 0 0 0 0 0 0 0 0 0 0 0 0 0 0 0 0 0 0 0 0 0 0 0 0 0 0 0 0 0 0 0 0 0 0 0 0 0 0 0 0 0 0 0 0 0 0 0 0 0 data 4 0x0 0x9 0x1 0x0 oops 0 methods 0
ciMethodData java/lang/String charAt (I)C 2 4161244 orig 80 1 0 0 0 0 0 0 0 0 0 0 0 0 0 0 0 0 0 0 0 0 0 0 0 0 0 0 0 0 0 0 0 0 0 0 0 0 0 0 0 0 0 0 0 0 0 0 0 0 0 0 0 0 0 0 0 0 0 0 0 0 0 0 0 0 0 0 0 0 0 0 0 0 0 0 0 0 0 0 0 data 24 0x10005 0x42 0x20d63415958 0x3f7e9a 0x0 0x0 0x40007 0x2 0x30 0x3f7edb 0xc0002 0x3f7edb 0x150002 0x2 0x0 0x0 0x0 0x0 0x0 0x0 0x9 0x2 0x0 0x0 oops 1 2 java/lang/String methods 0
ciMethodData java/lang/String isLatin1 ()Z 2 4297126 orig 80 0 0 0 0 0 0 0 0 0 0 0 0 0 0 0 0 0 0 0 0 0 0 0 0 0 0 0 0 0 0 0 0 0 0 0 0 0 0 0 1 0 0 0 0 0 0 0 0 0 0 0 0 0 0 0 0 0 0 0 0 0 0 0 0 0 0 0 0 0 0 0 0 0 0 0 0 0 0 0 0 data 18 0x30007 0x0 0x58 0x4191a6 0x80000006000a0007 0x6 0x38 0x4191a1 0xe0003 0x4191a3 0x18 0x0 0x0 0x0 0x0 0x9 0x1 0x0 oops 0 methods 0
ciMethodData java/lang/StringLatin1 charAt ([BI)C 2 4161284 orig 80 0 0 0 0 0 0 0 0 0 0 0 0 0 0 0 0 0 0 0 0 0 0 0 0 0 0 0 0 0 0 0 0 0 0 0 0 0 0 0 0 0 0 0 0 0 0 0 0 0 0 0 0 0 0 0 0 0 0 0 0 0 0 0 0 0 0 0 0 0 0 0 0 0 0 0 0 0 0 0 0 data 12 0x30002 0x3f7f04 0x0 0x0 0x0 0x0 0x0 0x0 0x9 0x2 0x0 0x0 oops 0 methods 0
ciMethodData java/lang/String checkIndex (II)V 2 4162973 orig 80 0 0 0 0 0 0 0 0 0 0 0 0 0 0 0 0 0 0 0 0 0 0 0 0 0 0 0 0 0 0 0 0 0 0 0 0 0 0 0 0 0 0 0 0 0 0 0 0 0 0 0 0 0 0 0 0 0 0 0 0 0 0 0 0 0 0 0 0 0 0 0 0 0 0 0 0 0 0 0 0 data 12 0x50002 0x3f859d 0x0 0x0 0x0 0x0 0x0 0x0 0x9 0x2 0x0 0x0 oops 0 methods 0
ciMethodData java/lang/StringUTF16 charAt ([BI)C 1 3 orig 80 0 0 0 0 0 0 0 0 0 0 0 0 0 0 0 0 0 0 0 0 0 0 0 0 0 0 0 0 0 0 0 0 0 0 0 0 0 0 0 0 0 0 0 0 0 0 0 0 0 0 0 0 0 0 0 0 0 0 0 0 0 0 0 0 0 0 0 0 0 0 0 0 0 0 0 0 0 0 0 0 data 14 0x20002 0x3 0x70002 0x2 0x0 0x0 0x0 0x0 0x0 0x0 0x9 0x2 0x0 0x0 oops 0 methods 0
ciMethodData java/lang/String equals (Ljava/lang/Object;)Z 2 6839 orig 80 1 0 0 0 0 0 0 0 0 0 0 0 0 0 0 0 0 0 0 0 4 0 0 0 0 0 0 0 0 0 0 0 0 0 0 0 0 0 0 0 0 0 0 0 0 0 0 0 0 0 0 0 0 0 0 0 0 0 0 0 0 0 0 0 0 0 0 0 0 0 0 0 0 0 0 0 0 0 0 0 data 47 0x20007 0x176a 0x20 0x34d 0x8000000400080104 0x0 0x20d63415958 0x16ea 0x20d6a61dd20 0x5 0xb0007 0x84 0xd8 0x16ea 0xf0004 0x0 0x20d63415958 0x16ea 0x0 0x0 0x160007 0x0 0x40 0x16ea 0x210007 0x0 0x68 0x16ea 0x2c0002 0x16ea 0x2f0007 0x15cf 0x38 0x11b 0x330003 0x11b 0x18 0x0 0x0 0x0 0x0 0x0 0x0 0x9 0x2 0x0 0x0 oops 3 6 java/lang/String 8 java/io/File 16 java/lang/String methods 0
ciMethodData java/lang/String coder ()B 2 1141029 orig 80 0 0 0 0 0 0 0 0 0 0 0 0 0 0 0 0 0 0 0 0 0 0 0 0 0 0 0 0 0 0 0 0 0 0 0 0 0 0 0 0 0 0 0 0 0 0 0 0 0 0 0 0 0 0 0 0 0 0 0 0 0 0 0 0 0 0 0 0 0 0 0 0 0 0 0 0 0 0 0 0 data 14 0x30007 0x0 0x38 0x116925 0xa0003 0x116925 0x18 0x0 0x0 0x0 0x0 0x9 0x1 0x0 oops 0 methods 0
ciMethodData java/lang/String length ()I 2 895634 orig 80 0 0 0 0 0 0 0 0 0 0 0 0 0 0 0 0 0 0 0 0 0 0 0 0 0 0 0 0 0 0 0 0 0 0 0 0 0 0 0 0 0 0 0 0 0 0 0 0 0 0 0 0 0 0 0 0 0 0 0 0 0 0 0 0 0 0 0 0 0 0 0 0 0 0 0 0 0 0 0 0 data 15 0x60005 0x33 0x20d63415958 0xdaa5e 0x0 0x0 0x0 0x0 0x0 0x0 0x0 0x0 0x9 0x1 0xffffffffffffffff oops 1 2 java/lang/String methods 0
ciMethodData java/util/Arrays copyOfRange ([BII)[B 2 5185 orig 80 0 0 0 0 0 0 0 0 0 0 0 0 0 0 0 0 0 0 0 0 0 0 0 0 0 0 0 0 0 0 0 0 0 0 0 0 0 0 0 0 0 0 0 0 0 0 0 0 0 0 0 0 0 0 0 0 0 0 0 0 0 0 0 0 0 0 0 0 0 0 0 0 0 0 0 0 0 0 0 0 data 67 0x10007 0x81b 0xa0 0xc26 0x70007 0x8ea 0x80 0x33c 0xb0005 0x0 0x20d6342b528 0x2 0x0 0x0 0xe0004 0x0 0x20d6342b528 0x2 0x0 0x0 0x170007 0x1105 0x100 0x0 0x220002 0x0 0x260005 0x0 0x0 0x0 0x0 0x0 0x2c0005 0x0 0x0 0x0 0x0 0x0 0x300005 0x0 0x0 0x0 0x0 0x0 0x330005 0x0 0x0 0x0 0x0 0x0 0x360002 0x0 0x490002 0x1105 0x4c0002 0x1105 0x0 0x0 0x0 0x0 0x0 0x0 0x9 0x3 0xffffffffffffffff 0x0 0x0 oops 2 10 [B 16 [B methods 0
ciMethodData java/lang/String <init> ([BB)V 2 63595 orig 80 0 0 0 0 0 0 0 0 0 0 0 0 0 0 0 0 0 0 0 0 0 0 0 0 0 0 0 0 0 0 0 0 0 0 0 0 0 0 0 0 0 0 0 0 0 0 0 0 0 0 0 0 0 0 0 0 0 0 0 0 0 0 0 0 0 0 0 0 0 0 0 0 0 0 0 0 0 0 0 0 data 11 0x10002 0xf86b 0x0 0x0 0x0 0x0 0x9 0x3 0xc 0x0 0x0 oops 0 methods 0
ciMethodData java/lang/String checkBoundsBeginEnd (III)V 2 17449 orig 80 0 0 0 0 0 0 0 0 0 0 0 0 0 0 0 0 0 0 0 0 0 0 0 0 0 0 0 0 0 0 0 0 0 0 0 0 0 0 0 0 0 0 0 0 0 0 0 0 0 0 0 0 0 0 0 0 0 0 0 0 0 0 0 0 0 0 0 0 0 0 0 0 0 0 0 0 0 0 0 0 data 13 0x60002 0x4429 0x0 0x0 0x0 0x0 0x0 0x0 0x9 0x3 0x0 0x0 0x0 oops 0 methods 0
ciMethodData jdk/internal/util/Preconditions checkFromToIndex (IIILjava/util/function/BiFunction;)I 2 31584 orig 80 0 0 0 0 0 0 0 0 0 0 0 0 0 0 0 0 0 0 0 0 0 0 0 0 0 0 0 0 0 0 0 0 0 0 0 0 0 0 0 0 0 0 0 0 0 0 0 0 0 0 0 0 0 0 0 0 0 0 0 0 0 0 0 0 0 0 0 0 0 0 0 0 0 0 0 0 0 0 0 0 data 26 0x10007 0x0 0x60 0x7b60 0x60007 0x0 0x40 0x7b60 0xb0007 0x7b60 0x30 0x0 0x120002 0x0 0x0 0x0 0x0 0x0 0x0 0x0 0x9 0x4 0x0 0x0 0x0 0x0 oops 0 methods 0
ciMethodData java/lang/String substring (II)Ljava/lang/String; 2 5255 orig 80 0 0 0 0 0 0 0 0 0 0 0 0 0 0 0 0 0 0 0 0 0 0 0 0 0 0 0 0 0 0 0 0 0 0 0 0 0 0 0 0 0 0 0 0 0 0 0 0 0 0 0 0 0 0 0 0 0 0 0 0 0 0 0 0 0 0 0 0 0 0 0 0 0 0 0 0 0 0 0 0 data 44 0x10005 0x0 0x20d63415958 0x1487 0x0 0x0 0x80002 0x1487 0xc0007 0x7d8 0x40 0xcaf 0x110007 0xb0e 0x20 0x1a1 0x1c0005 0x0 0x20d63415958 0x12e6 0x0 0x0 0x1f0007 0x0 0x48 0x12e6 0x290002 0x12e6 0x2c0003 0x12e6 0x28 0x360002 0x0 0x0 0x0 0x0 0x0 0x0 0x0 0x9 0x3 0xffffffffffffffff 0x0 0x0 oops 2 2 java/lang/String 18 java/lang/String methods 0
ciMethodData java/lang/StringLatin1 newString ([BII)Ljava/lang/String; 2 4848 orig 80 0 0 0 0 0 0 0 0 0 0 0 0 0 0 0 0 0 0 0 0 0 0 0 0 0 0 0 0 0 0 0 0 0 0 0 0 0 0 0 0 0 0 0 0 0 0 0 0 0 0 0 0 0 0 0 0 0 0 0 0 0 0 0 0 0 0 0 0 0 0 0 0 0 0 0 0 0 0 0 0 data 19 0x10007 0x12e0 0x20 0x10 0x100002 0x12e0 0x140002 0x12e0 0x0 0x0 0x0 0x0 0x0 0x0 0x9 0x3 0xffffffffffffffff 0x0 0x0 oops 0 methods 0
ciMethodData java/lang/String checkBoundsOffCount (III)I 2 39336 orig 80 0 0 0 0 0 0 0 0 0 0 0 0 0 0 0 0 0 0 0 0 0 0 0 0 0 0 0 0 0 0 0 0 0 0 0 0 0 0 0 0 0 0 0 0 0 0 0 0 0 0 0 0 0 0 0 0 0 0 0 0 0 0 0 0 0 0 0 0 0 0 0 0 0 0 0 0 0 0 0 0 data 13 0x60002 0x99a8 0x0 0x0 0x0 0x0 0x0 0x0 0x9 0x3 0x0 0x0 0x0 oops 0 methods 0
ciMethodData jdk/internal/util/Preconditions checkFromIndexSize (IIILjava/util/function/BiFunction;)I 2 105675 orig 80 0 0 0 0 0 0 0 0 0 0 0 0 0 0 0 0 0 0 0 0 0 0 0 0 0 0 0 0 0 0 0 0 0 0 0 0 0 0 0 0 0 0 0 0 0 0 0 0 0 0 0 0 0 0 0 0 0 0 0 0 0 0 0 0 0 0 0 0 0 0 0 0 0 0 0 0 0 0 0 0 data 22 0x50007 0x0 0x40 0x19ccb 0xc0007 0x19ccb 0x30 0x0 0x130002 0x0 0x0 0x0 0x0 0x0 0x0 0x0 0x9 0x4 0x0 0x0 0x0 0x0 oops 0 methods 0
ciMethodData java/lang/String <init> ([CIILjava/lang/Void;)V 2 5162 orig 80 0 0 0 0 0 0 0 0 0 0 0 0 0 0 0 0 0 0 0 0 0 0 0 0 0 0 0 0 0 0 0 0 0 0 0 0 0 0 0 0 0 0 0 0 0 0 0 0 0 0 0 0 0 0 0 0 0 0 0 0 0 0 0 0 0 0 0 0 0 0 0 0 0 0 0 0 0 0 0 0 data 29 0x10002 0x142a 0x50007 0x13f6 0x20 0x34 0x1e0007 0x0 0x40 0x13f6 0x240002 0x13f6 0x2d0002 0x13f6 0x430002 0x0 0x0 0x0 0x0 0x0 0x0 0x0 0x9 0x5 0xc 0x0 0x0 0x0 0x0 oops 0 methods 0
ciMethodData java/lang/StringUTF16 compress ([CII)[B 2 5110 orig 80 0 0 0 0 0 0 0 0 0 0 0 0 0 0 0 0 0 0 0 0 0 0 0 0 0 0 0 0 0 0 0 0 0 0 0 0 0 0 0 0 0 0 0 0 0 0 0 0 0 0 0 0 0 0 0 0 0 0 0 0 0 0 0 0 0 0 0 0 0 0 0 0 0 0 0 0 0 0 0 0 data 31 0x90002 0x13f6 0x110007 0x13f6 0x90 0x0 0x170002 0x0 0x200002 0x0 0x260007 0x0 0x50 0x0 0x2f0002 0x0 0x330007 0x0 0x20 0x0 0x0 0x0 0x0 0x0 0x0 0x0 0x9 0x3 0x0 0x0 0x0 oops 0 methods 0
ciMethodData java/lang/StringUTF16 coderFromArrayLen ([BI)B 2 5115 orig 80 0 0 0 0 0 0 0 0 0 0 0 0 0 0 0 0 0 0 0 0 0 0 0 0 0 0 0 0 0 0 0 0 0 0 0 0 0 0 0 0 0 0 0 0 0 0 0 0 0 0 0 0 0 0 0 0 0 0 0 0 0 0 0 0 0 0 0 0 0 0 0 0 0 0 0 0 0 0 0 0 data 7 0x0 0x0 0x0 0x9 0x2 0x0 0x0 oops 0 methods 0
ciMethodData java/lang/String <init> ([CII)V 2 19443 orig 80 0 0 0 0 0 0 0 0 0 0 0 0 0 0 0 0 0 0 0 0 0 0 0 0 0 0 0 0 0 0 0 0 0 0 0 0 0 0 0 0 0 0 0 0 0 0 0 0 0 0 0 0 0 0 0 0 0 0 0 0 0 0 0 0 0 0 0 0 0 0 0 0 0 0 0 0 0 0 0 0 data 16 0x70002 0x4bf3 0xa0002 0x4bf3 0x0 0x0 0x0 0x0 0x0 0x0 0x9 0x4 0xc 0x0 0x0 0x0 oops 0 methods 0
ciMethodData java/lang/String rangeCheck ([CII)Ljava/lang/Void; 2 19195 orig 80 0 0 0 0 0 0 0 0 0 0 0 0 0 0 0 0 0 0 0 0 0 0 0 0 0 0 0 0 0 0 0 0 0 0 0 0 0 0 0 0 0 0 0 0 0 0 0 0 0 0 0 0 0 0 0 0 0 0 0 0 0 0 0 0 0 0 0 0 0 0 0 0 0 0 0 0 0 0 0 0 data 13 0x40002 0x4afb 0x0 0x0 0x0 0x0 0x0 0x0 0x9 0x3 0x0 0x0 0x0 oops 0 methods 0
ciMethod java/lang/UnsupportedOperationException <init> (Ljava/lang/String;)V 0 0 1 0 -1
ciMethod org/objectweb/asm/Type <init> (ILjava/lang/String;II)V 796 0 243409 0 0
ciMethod org/objectweb/asm/Type getType (Ljava/lang/String;)Lorg/objectweb/asm/Type; 802 0 88414 0 -1
ciMethod org/objectweb/asm/Type getElementType ()Lorg/objectweb/asm/Type; 28 0 166 0 -1
ciMethod org/objectweb/asm/Type getObjectType (Ljava/lang/String;)Lorg/objectweb/asm/Type; 516 0 33232 0 423
ciMethod org/objectweb/asm/Type getMethodType (Ljava/lang/String;)Lorg/objectweb/asm/Type; 4102 0 5701 0 -1
ciMethod org/objectweb/asm/Type getInternalName ()Ljava/lang/String; 518 0 234561 0 0
ciMethod org/objectweb/asm/Type getDescriptor ()Ljava/lang/String; 1024 0 297562 0 -1
ciMethod org/objectweb/asm/Type getSort ()I 344 0 25256 0 -1
ciMethod org/objectweb/asm/Type getDimensions ()I 84 0 3869 0 -1
ciMethod org/objectweb/asm/Type getArgumentsAndReturnSizes (Ljava/lang/String;)I 784 548 19214 0 -1
ciMethod org/objectweb/asm/Handle <init> (ILjava/lang/String;Ljava/lang/String;Ljava/lang/String;Z)V 150 0 6053 0 -1
ciMethod org/objectweb/asm/MethodVisitor visitAttribute (Lorg/objectweb/asm/Attribute;)V 0 0 1 0 -1
ciMethod org/objectweb/asm/MethodVisitor visitFrame (II[Ljava/lang/Object;I[Ljava/lang/Object;)V 1000 0 27296 0 0
ciMethod org/objectweb/asm/MethodVisitor visitInsn (I)V 774 0 99952 0 -1
ciMethod org/objectweb/asm/MethodVisitor visitIntInsn (II)V 4164 0 2746 0 -1
ciMethod org/objectweb/asm/MethodVisitor visitVarInsn (II)V 854 0 221687 0 -1
ciMethod org/objectweb/asm/MethodVisitor visitTypeInsn (ILjava/lang/String;)V 516 0 30544 0 -1
ciMethod org/objectweb/asm/MethodVisitor visitFieldInsn (ILjava/lang/String;Ljava/lang/String;Ljava/lang/String;)V 526 0 59200 0 -1
ciMethod org/objectweb/asm/MethodVisitor visitMethodInsn (ILjava/lang/String;Ljava/lang/String;Ljava/lang/String;)V 0 0 1 0 -1
ciMethod org/objectweb/asm/MethodVisitor visitMethodInsn (ILjava/lang/String;Ljava/lang/String;Ljava/lang/String;Z)V 798 0 126162 0 -1
ciMethod org/objectweb/asm/MethodVisitor visitInvokeDynamicInsn (Ljava/lang/String;Ljava/lang/String;Lorg/objectweb/asm/Handle;[Ljava/lang/Object;)V 4098 0 3142 0 -1
ciMethod org/objectweb/asm/MethodVisitor visitJumpInsn (ILorg/objectweb/asm/Label;)V 1024 0 30360 0 -1
ciMethod org/objectweb/asm/MethodVisitor visitLabel (Lorg/objectweb/asm/Label;)V 1024 0 175802 0 0
ciMethod org/objectweb/asm/MethodVisitor visitLdcInsn (Ljava/lang/Object;)V 512 0 24035 0 -1
ciMethod org/objectweb/asm/MethodVisitor visitIincInsn (II)V 1884 0 468 0 -1
ciMethod org/objectweb/asm/MethodVisitor visitTableSwitchInsn (IILorg/objectweb/asm/Label;[Lorg/objectweb/asm/Label;)V 784 0 300 0 -1
ciMethod org/objectweb/asm/MethodVisitor visitLookupSwitchInsn (Lorg/objectweb/asm/Label;[I[Lorg/objectweb/asm/Label;)V 572 0 120 0 -1
ciMethod org/objectweb/asm/MethodVisitor visitMultiANewArrayInsn (Ljava/lang/String;I)V 0 0 1 0 -1
ciMethod org/objectweb/asm/MethodVisitor visitInsnAnnotation (ILorg/objectweb/asm/TypePath;Ljava/lang/String;Z)Lorg/objectweb/asm/AnnotationVisitor; 4 0 1 0 -1
ciMethod org/objectweb/asm/MethodVisitor visitTryCatchBlock (Lorg/objectweb/asm/Label;Lorg/objectweb/asm/Label;Lorg/objectweb/asm/Label;Ljava/lang/String;)V 772 0 2144 0 0
ciMethod org/objectweb/asm/MethodVisitor visitTryCatchAnnotation (ILorg/objectweb/asm/TypePath;Ljava/lang/String;Z)Lorg/objectweb/asm/AnnotationVisitor; 0 0 1 0 -1
ciMethod org/objectweb/asm/MethodVisitor visitLocalVariable (Ljava/lang/String;Ljava/lang/String;Ljava/lang/String;Lorg/objectweb/asm/Label;Lorg/objectweb/asm/Label;I)V 546 0 95770 0 -1
ciMethod org/objectweb/asm/MethodVisitor visitLocalVariableAnnotation (ILorg/objectweb/asm/TypePath;[Lorg/objectweb/asm/Label;[Lorg/objectweb/asm/Label;[ILjava/lang/String;Z)Lorg/objectweb/asm/AnnotationVisitor; 24 0 6 0 -1
ciMethod org/objectweb/asm/MethodVisitor visitLineNumber (ILorg/objectweb/asm/Label;)V 512 0 123380 0 0
ciMethod org/objectweb/asm/MethodVisitor visitMaxs (II)V 1024 0 35966 0 -1
ciMethod org/objectweb/asm/MethodWriter visitFrame (II[Ljava/lang/Object;I[Ljava/lang/Object;)V 678 2056 13739 0 -1
ciMethod org/objectweb/asm/MethodWriter visitLabel (Lorg/objectweb/asm/Label;)V 612 0 90423 0 -1
ciMethod org/objectweb/asm/MethodWriter visitTryCatchBlock (Lorg/objectweb/asm/Label;Lorg/objectweb/asm/Label;Lorg/objectweb/asm/Label;Ljava/lang/String;)V 514 0 1072 0 0
ciMethod org/objectweb/asm/MethodWriter visitLineNumber (ILorg/objectweb/asm/Label;)V 768 0 61733 0 0
ciMethod org/objectweb/asm/MethodWriter addSuccessorToCurrentBasicBlock (ILorg/objectweb/asm/Label;)V 634 0 1352 0 -1
ciMethod org/objectweb/asm/MethodWriter visitFrameStart (III)I 554 0 19633 0 -1
ciMethod org/objectweb/asm/MethodWriter visitFrameEnd ()V 768 0 19633 0 -1
ciMethod org/objectweb/asm/MethodWriter putFrameType (Ljava/lang/Object;)V 0 0 1 0 -1
ciMethod org/objectweb/asm/AnnotationVisitor visitEnd ()V 4102 0 7392 0 -1
ciMethod org/objectweb/asm/SymbolTable getMajorVersion ()I 268 0 134 0 -1
ciMethod org/objectweb/asm/SymbolTable addConstantClass (Ljava/lang/String;)Lorg/objectweb/asm/Symbol; 520 0 104533 0 0
ciMethod org/objectweb/asm/SymbolTable addConstantUtf8Reference (ILjava/lang/String;)Lorg/objectweb/asm/Symbol; 582 88 104647 0 -1
ciMethod org/objectweb/asm/ByteVector <init> ()V 748 0 81230 0 0
ciMethod org/objectweb/asm/ByteVector putByte (I)Lorg/objectweb/asm/ByteVector; 520 0 8632 0 -1
ciMethod org/objectweb/asm/ByteVector putShort (I)Lorg/objectweb/asm/ByteVector; 718 0 20284 0 352
ciMethod org/objectweb/asm/ByteVector enlarge (I)V 12 0 24045 0 0
ciMethod org/objectweb/asm/Frame <init> (Lorg/objectweb/asm/Label;)V 844 0 7348 0 -1
ciMethod org/objectweb/asm/Frame getAbstractTypeFromApiFormat (Lorg/objectweb/asm/SymbolTable;Ljava/lang/Object;)I 830 0 71005 0 -1
ciMethod org/objectweb/asm/Frame setInputFrameFromDescriptor (Lorg/objectweb/asm/SymbolTable;ILjava/lang/String;I)V 632 392 5264 0 -1
ciMethod org/objectweb/asm/Frame setInputFrameFromApiFormat (Lorg/objectweb/asm/SymbolTable;I[Ljava/lang/Object;I[Ljava/lang/Object;)V 0 0 1 0 -1
ciMethod org/objectweb/asm/Frame accept (Lorg/objectweb/asm/MethodWriter;)V 784 2774 5856 0 -1
ciMethod org/objectweb/asm/Label <init> ()V 546 0 95142 0 0
ciMethod org/objectweb/asm/Label addLineNumber (I)V 590 0 61189 0 0
ciMethod org/objectweb/asm/Label accept (Lorg/objectweb/asm/MethodVisitor;Z)V 518 0 70368 0 0
ciMethod org/objectweb/asm/Label resolve ([BLorg/objectweb/asm/ByteVector;I)Z 532 96 88757 0 -1
ciMethod org/objectweb/asm/Handler <init> (Lorg/objectweb/asm/Label;Lorg/objectweb/asm/Label;Lorg/objectweb/asm/Label;ILjava/lang/String;)V 514 0 1072 0 0
ciMethodData org/objectweb/asm/ByteVector enlarge (I)V 2 24909 orig 80 0 0 0 0 0 0 0 0 0 0 0 0 0 0 0 0 0 0 0 0 0 0 0 0 0 0 0 0 0 0 0 0 0 0 0 0 0 0 0 0 0 0 0 0 0 0 0 0 0 0 0 0 0 0 0 0 0 0 0 0 0 0 0 0 0 0 0 0 0 0 0 0 0 0 0 0 0 0 0 0 data 25 0x90007 0x614d 0x30 0x0 0x120002 0x0 0x270007 0x1d5 0x38 0x5f78 0x2b0003 0x5f78 0x18 0x3f0002 0x614d 0x0 0x0 0x0 0x0 0x0 0x0 0x9 0x2 0x4 0x0 oops 0 methods 0
ciMethodData org/objectweb/asm/ByteVector putShort (I)Lorg/objectweb/asm/ByteVector; 2 19925 orig 80 1 0 0 0 0 0 0 0 0 0 0 0 0 0 0 0 0 0 0 0 0 0 0 0 0 0 0 0 0 0 0 0 0 0 0 0 0 0 0 1 0 0 0 0 0 0 0 0 0 0 0 0 0 0 0 0 0 0 0 0 0 0 0 0 0 0 0 0 0 0 0 0 0 0 0 0 0 0 0 0 data 20 0x80000006000d0007 0x4dba 0x50 0x1c 0x120005 0x1c 0x0 0x0 0x0 0x0 0x0 0x0 0x0 0x0 0x0 0x0 0x9 0x2 0x0 0x0 oops 0 methods 0
ciMethodData java/util/regex/Pattern matcher (Ljava/lang/CharSequence;)Ljava/util/regex/Matcher; 2 19546 orig 80 0 0 0 0 0 0 0 0 0 0 0 0 0 0 0 0 0 0 0 0 0 0 0 0 0 0 0 0 0 0 0 0 0 0 0 0 0 0 0 0 0 0 0 0 0 0 0 0 0 0 0 0 0 0 0 0 0 0 0 0 0 0 0 0 0 0 0 0 0 0 0 0 0 0 0 0 0 0 0 0 data 31 0x40007 0x4c5a 0x88 0x0 0xf0007 0x0 0x50 0x0 0x130005 0x0 0x0 0x0 0x0 0x0 0x180003 0x0 0x18 0x260002 0x4c5a 0x0 0x0 0x0 0x0 0x0 0x0 0x9 0x2 0x0 0x0 0x1b0001 0x1b0001 oops 0 methods 0
ciMethodData org/objectweb/asm/Label <init> ()V 2 94869 orig 80 0 0 0 0 0 0 0 0 0 0 0 0 0 0 0 0 0 0 0 0 0 0 0 0 0 0 0 0 0 0 0 0 0 0 0 0 0 0 0 0 0 0 0 0 0 0 0 0 0 0 0 0 0 0 0 0 0 0 0 0 0 0 0 0 0 0 0 0 0 0 0 0 0 0 0 0 0 0 0 0 data 7 0x10002 0x17295 0x0 0x0 0x9 0x1 0x0 oops 0 methods 0
ciMethodData org/objectweb/asm/SymbolTable addConstantClass (Ljava/lang/String;)Lorg/objectweb/asm/Symbol; 2 106064 orig 80 0 0 0 0 0 0 0 0 0 0 0 0 0 0 0 0 0 0 0 0 0 0 0 0 0 0 0 0 0 0 0 0 0 0 0 0 0 0 0 0 0 0 0 0 0 0 0 0 0 0 0 0 0 0 0 0 0 0 0 0 0 0 0 0 0 0 0 0 0 0 0 0 0 0 0 0 0 0 0 0 data 16 0x40005 0x19e50 0x0 0x0 0x0 0x0 0x0 0x0 0x0 0x0 0x0 0x0 0x9 0x2 0x4c 0xffffffffffffffff oops 0 methods 0
ciMethodData org/objectweb/asm/SymbolTable addConstantUtf8Reference (ILjava/lang/String;)Lorg/objectweb/asm/Symbol; 2 104356 orig 80 0 0 0 0 0 0 0 0 0 0 0 0 0 0 0 0 0 0 0 0 0 0 0 0 0 0 0 0 0 0 0 0 0 0 0 0 0 0 0 0 0 0 0 0 0 0 0 0 0 0 0 0 0 0 0 0 0 0 0 0 0 0 0 0 0 0 0 0 0 0 0 0 0 0 0 0 0 0 0 0 data 64 0x20002 0x197a4 0x80005 0x197a4 0x0 0x0 0x0 0x0 0xf0007 0x970c 0xc8 0x15dc0 0x180007 0x551f 0x90 0x108a1 0x210007 0x809 0x70 0x10098 0x2a0005 0x6e 0x20d63415958 0x1002a 0x0 0x0 0x2d0007 0x0 0x20 0x10098 0x3a0003 0x5d28 0xffffffffffffff50 0x440005 0x2f 0x20d69dfcfb8 0x96dd 0x0 0x0 0x470005 0x2f 0x20d6c62fdc0 0x96dd 0x0 0x0 0x5e0002 0x970c 0x610005 0x970c 0x0 0x0 0x0 0x0 0x0 0x0 0x0 0x0 0x0 0x0 0x9 0x3 0x4c 0x0 0xffffffffffffffff oops 3 22 java/lang/String 35 org/objectweb/asm/SymbolTable 41 org/objectweb/asm/ByteVector methods 0
ciMethodData org/objectweb/asm/MethodVisitor visitVarInsn (II)V 2 229192 orig 80 0 0 0 0 0 0 0 0 0 0 0 0 0 0 0 0 0 0 0 0 0 0 0 0 0 0 0 0 0 0 0 0 0 0 0 0 0 0 0 0 0 0 0 0 0 0 0 0 0 0 0 0 0 0 0 0 0 0 0 0 0 0 0 0 0 0 0 0 0 0 0 0 0 0 0 0 0 0 0 0 data 21 0x40007 0x0 0x50 0x37f48 0xd0005 0x0 0x20d69df98b8 0x1c4c9 0x20d69df9810 0x1ba7f 0x0 0x0 0x0 0x0 0x0 0x0 0x9 0x3 0x0 0x0 0x0 oops 2 6 org/objectweb/asm/MethodWriter 8 org/objectweb/asm/commons/MethodRemapper methods 0
ciMethodData org/objectweb/asm/MethodWriter visitLabel (Lorg/objectweb/asm/Label;)V 2 92837 orig 80 0 0 0 0 0 0 0 0 0 0 0 0 0 0 0 0 0 0 0 0 0 0 0 0 0 0 0 0 0 0 0 0 0 0 0 0 0 0 0 0 0 0 0 0 0 0 0 0 0 0 0 0 0 0 0 0 0 0 0 0 0 0 0 0 0 0 0 0 0 0 0 0 0 0 0 0 0 0 0 0 data 118 0x180005 0x89 0x20d69bb9f58 0x16a1c 0x0 0x0 0x250007 0x44ac 0x20 0x125f9 0x2e0007 0x3db7 0xf8 0x6f5 0x350007 0x47f 0x70 0x276 0x430007 0x276 0x20 0x0 0x680005 0x276 0x0 0x0 0x0 0x0 0x6f0007 0x393 0x40 0x362 0x7d0007 0x276 0x20 0xec 0xbf0002 0x609 0xc50003 0x609 0x170 0xcd0007 0x3db7 0x70 0x0 0xd40007 0x0 0x38 0x0 0xdc0003 0x0 0x118 0xea0003 0x0 0x100 0xf20007 0x3db7 0xa8 0x0 0xf90007 0x0 0x50 0x0 0x10e0005 0x0 0x0 0x0 0x0 0x0 0x1240007 0x0 0x20 0x0 0x1340003 0x0 0x58 0x13c0007 0x3db7 0x40 0x0 0x1430007 0x0 0x20 0x0 0x0 0x0 0x0 0x0 0x0 0x0 0x0 0x0 0x0 0x0 0x0 0x0 0x0 0x0 0x0 0x0 0x0 0x0 0x0 0x0 0x0 0x0 0x0 0x0 0x0 0x0 0x0 0x0 0x0 0x0 0x9 0x2 0x0 0x0 oops 1 2 org/objectweb/asm/Label methods 0
ciMethodData org/objectweb/asm/MethodVisitor visitMethodInsn (ILjava/lang/String;Ljava/lang/String;Ljava/lang/String;Z)V 2 130527 orig 80 0 0 0 0 0 0 0 0 0 0 0 0 0 0 0 0 0 0 0 0 0 0 0 0 0 0 0 0 0 0 0 0 0 0 0 0 0 0 0 0 0 0 0 0 0 0 0 0 0 0 0 0 0 0 0 0 0 0 0 0 0 0 0 0 0 0 0 0 0 0 0 0 0 0 0 0 0 0 0 0 data 51 0x60007 0x1fddf 0xd8 0x0 0xe0007 0x0 0xb8 0x0 0x170007 0x0 0x38 0x0 0x1b0003 0x0 0x18 0x1f0007 0x0 0x30 0x0 0x280002 0x0 0x320005 0x0 0x0 0x0 0x0 0x0 0x3a0007 0x0 0x50 0x1fddf 0x4c0005 0x0 0x20d69df98b8 0x10183 0x20d69df9810 0xfc5c 0x0 0x0 0x0 0x0 0x0 0x0 0x9 0x6 0xffffffffffffffff 0x0 0xffffffffffffffff 0xffffffffffffffff 0xffffffffffffffff 0x0 oops 2 33 org/objectweb/asm/MethodWriter 35 org/objectweb/asm/commons/MethodRemapper methods 0
ciMethodData org/objectweb/asm/ByteVector <init> ()V 2 80858 orig 80 0 0 0 0 0 0 0 0 0 0 0 0 0 0 0 0 0 0 0 0 0 0 0 0 0 0 0 0 0 0 0 0 0 0 0 0 0 0 0 0 0 0 0 0 0 0 0 0 0 0 0 0 0 0 0 0 0 0 0 0 0 0 0 0 0 0 0 0 0 0 0 0 0 0 0 0 0 0 0 0 data 9 0x10002 0x13bd9 0x0 0x0 0x0 0x0 0x9 0x1 0x0 oops 0 methods 0
ciMethodData org/objectweb/asm/Type <init> (ILjava/lang/String;II)V 2 243039 orig 80 0 0 0 0 0 0 0 0 0 0 0 0 0 0 0 0 0 0 0 0 0 0 0 0 0 0 0 0 0 0 0 0 0 0 0 0 0 0 0 0 0 0 0 0 0 0 0 0 0 0 0 0 0 0 0 0 0 0 0 0 0 0 0 0 0 0 0 0 0 0 0 0 0 0 0 0 0 0 0 0 data 13 0x10002 0x3b55f 0x0 0x0 0x0 0x0 0x9 0x5 0xe 0x0 0x0 0x0 0x0 oops 0 methods 0
ciMethodData org/objectweb/asm/MethodVisitor visitInsn (I)V 2 103219 orig 80 0 0 0 0 0 0 0 0 0 0 0 0 0 0 0 0 0 0 0 0 0 0 0 0 0 0 0 0 0 0 0 0 0 0 0 0 0 0 0 0 0 0 0 0 0 0 0 0 0 0 0 0 0 0 0 0 0 0 0 0 0 0 0 0 0 0 0 0 0 0 0 0 0 0 0 0 0 0 0 0 data 20 0x40007 0x0 0x50 0x19333 0xc0005 0x0 0x20d69df98b8 0xcbdc 0x20d69df9810 0xc757 0x0 0x0 0x0 0x0 0x0 0x0 0x9 0x2 0x0 0x0 oops 2 6 org/objectweb/asm/MethodWriter 8 org/objectweb/asm/commons/MethodRemapper methods 0
ciMethodData org/objectweb/asm/Type getDescriptor ()Ljava/lang/String; 2 301539 orig 80 0 0 0 0 0 0 0 0 0 0 0 0 0 0 0 0 0 0 0 0 0 0 0 0 0 0 0 0 0 0 0 0 0 0 0 0 0 0 0 0 0 0 0 0 0 0 0 0 0 0 0 0 0 0 0 0 0 0 0 0 0 0 0 0 0 0 0 0 0 0 0 0 0 0 0 0 0 0 0 0 data 38 0x60007 0x47e4a 0x50 0x1b9a 0x190005 0x17 0x20d63415958 0x1b83 0x0 0x0 0x230007 0x7924 0x60 0x40526 0x320005 0x0 0x20d63415958 0x40526 0x0 0x0 0x350002 0x40526 0x450005 0x0 0x20d63415958 0x7924 0x0 0x0 0x0 0x0 0x0 0x0 0x0 0x0 0x0 0x9 0x1 0x0 oops 3 6 java/lang/String 16 java/lang/String 24 java/lang/String methods 0
ciMethodData org/objectweb/asm/Type getSort ()I 2 25241 orig 80 0 0 0 0 0 0 0 0 0 0 0 0 0 0 0 0 0 0 0 0 0 0 0 0 0 0 0 0 0 0 0 0 0 0 0 0 0 0 0 0 0 0 0 0 0 0 0 0 0 0 0 0 0 0 0 0 0 0 0 0 0 0 0 0 0 0 0 0 0 0 0 0 0 0 0 0 0 0 0 0 data 14 0x60007 0x352c 0x38 0x2d6d 0xb0003 0x2d6d 0x18 0x0 0x0 0x0 0x0 0x9 0x1 0x0 oops 0 methods 0
ciMethodData org/objectweb/asm/MethodVisitor visitTypeInsn (ILjava/lang/String;)V 2 31406 orig 80 0 0 0 0 0 0 0 0 0 0 0 0 0 0 0 0 0 0 0 0 0 0 0 0 0 0 0 0 0 0 0 0 0 0 0 0 0 0 0 0 0 0 0 0 0 0 0 0 0 0 0 0 0 0 0 0 0 0 0 0 0 0 0 0 0 0 0 0 0 0 0 0 0 0 0 0 0 0 0 0 data 21 0x40007 0x0 0x50 0x7aae 0xd0005 0x0 0x20d69df98b8 0x3d86 0x20d69df9810 0x3d28 0x0 0x0 0x0 0x0 0x0 0x0 0x9 0x3 0x0 0x0 0xffffffffffffffff oops 2 6 org/objectweb/asm/MethodWriter 8 org/objectweb/asm/commons/MethodRemapper methods 0
ciMethodData org/objectweb/asm/MethodVisitor visitJumpInsn (ILorg/objectweb/asm/Label;)V 2 31252 orig 80 0 0 0 0 0 0 0 0 0 0 0 0 0 0 0 0 0 0 0 0 0 0 0 0 0 0 0 0 0 0 0 0 0 0 0 0 0 0 0 0 0 0 0 0 0 0 0 0 0 0 0 0 0 0 0 0 0 0 0 0 0 0 0 0 0 0 0 0 0 0 0 0 0 0 0 0 0 0 0 0 data 21 0x40007 0x0 0x50 0x7a15 0xd0005 0x0 0x20d69df98b8 0x3d33 0x20d69df9810 0x3ce2 0x0 0x0 0x0 0x0 0x0 0x0 0x9 0x3 0x0 0x0 0xffffffffffffffff oops 2 6 org/objectweb/asm/MethodWriter 8 org/objectweb/asm/commons/MethodRemapper methods 0
ciMethodData org/objectweb/asm/MethodVisitor visitLabel (Lorg/objectweb/asm/Label;)V 2 176632 orig 80 0 0 0 0 0 0 0 0 0 0 0 0 0 0 0 0 0 0 0 0 0 0 0 0 0 0 0 0 0 0 0 0 0 0 0 0 0 0 0 0 0 0 0 0 0 0 0 0 0 0 0 0 0 0 0 0 0 0 0 0 0 0 0 0 0 0 0 0 0 0 0 0 0 0 0 0 0 0 0 0 data 20 0x40007 0x0 0x50 0x2b1f7 0xc0005 0x0 0x20d69df98b8 0x15924 0x20d69df9810 0x158d3 0x0 0x0 0x0 0x0 0x0 0x0 0x9 0x2 0x0 0xffffffffffffffff oops 2 6 org/objectweb/asm/MethodWriter 8 org/objectweb/asm/commons/MethodRemapper methods 0
ciMethod org/gradle/api/internal/runtimeshaded/RuntimeShadedJarCreator$ShadingClassRemapper access$000 (Lorg/gradle/api/internal/runtimeshaded/RuntimeShadedJarCreator$ShadingClassRemapper;)Lorg/gradle/api/internal/runtimeshaded/ImplementationDependencyRelocator; 436 0 218 0 -1
ciMethod org/gradle/api/internal/runtimeshaded/ImplementationDependencyRelocator map (Ljava/lang/String;)Ljava/lang/String; 468 0 19471 0 -1
ciMethod org/gradle/api/internal/runtimeshaded/ImplementationDependencyRelocator maybeRelocateResource (Ljava/lang/String;)Ljava/lang/String; 614 0 41865 0 -1
ciMethod org/gradle/api/internal/runtimeshaded/ImplementationDependencyRelocator maybeRemap (Ljava/lang/String;)Lorg/gradle/api/internal/runtimeshaded/ImplementationDependencyRelocator$ClassLiteralRemapping; 0 0 41 0 -1
ciMethod org/gradle/api/internal/runtimeshaded/RuntimeShadedJarCreator$ShadingClassRemapper$1 visitLdcInsn (Ljava/lang/Object;)V 526 0 11920 0 -1
ciMethod org/gradle/api/internal/runtimeshaded/RuntimeShadedJarCreator$ShadingClassRemapper$1 visitFieldInsn (ILjava/lang/String;Ljava/lang/String;Ljava/lang/String;)V 768 0 29568 0 -1
ciMethod org/objectweb/asm/commons/Remapper mapType (Lorg/objectweb/asm/Type;)Lorg/objectweb/asm/Type; 516 28 20701 0 7774
ciMethod org/objectweb/asm/commons/Remapper mapType (Ljava/lang/String;)Ljava/lang/String; 692 0 210119 0 0
ciMethod org/objectweb/asm/commons/Remapper mapMethodDesc (Ljava/lang/String;)Ljava/lang/String; 126 76 74453 0 -1
ciMethod org/objectweb/asm/commons/Remapper map (Ljava/lang/String;)Ljava/lang/String; 0 0 1 0 -1
ciMethod org/objectweb/asm/ClassReader readCode (Lorg/objectweb/asm/MethodVisitor;Lorg/objectweb/asm/Context;I)V 292 14742 17942 0 -1
ciMethod org/objectweb/asm/ClassReader readBytecodeInstructionOffset (I)V 904 0 294536 0 0
ciMethod org/objectweb/asm/ClassReader readLabel (I[Lorg/objectweb/asm/Label;)Lorg/objectweb/asm/Label; 512 0 105346 0 0
ciMethod org/objectweb/asm/ClassReader createLabel (I[Lorg/objectweb/asm/Label;)Lorg/objectweb/asm/Label; 522 0 32975 0 0
ciMethod org/objectweb/asm/ClassReader createDebugLabel (I[Lorg/objectweb/asm/Label;)V 774 0 156745 0 0
ciMethod org/objectweb/asm/ClassReader readTypeAnnotations (Lorg/objectweb/asm/MethodVisitor;Lorg/objectweb/asm/Context;IZ)[I 0 0 3 0 0
ciMethod org/objectweb/asm/ClassReader getTypeAnnotationBytecodeOffset ([II)I 1688 0 35889 0 0
ciMethod org/objectweb/asm/ClassReader readTypeAnnotationTarget (Lorg/objectweb/asm/Context;I)I 4114 12 1166 0 -1
ciMethod org/objectweb/asm/ClassReader readElementValues (Lorg/objectweb/asm/AnnotationVisitor;IZ[C)I 4132 3518 7369 0 -1
ciMethod org/objectweb/asm/ClassReader readElementValue (Lorg/objectweb/asm/AnnotationVisitor;ILjava/lang/String;[C)I 4328 564 14822 0 -1
ciMethod org/objectweb/asm/ClassReader computeImplicitFrame (Lorg/objectweb/asm/Context;)V 50 2228 4166 0 0
ciMethod org/objectweb/asm/ClassReader readStackMapFrame (IZZLorg/objectweb/asm/Context;)I 182 316 13652 0 -1
ciMethod org/objectweb/asm/ClassReader readVerificationTypeInfo (I[Ljava/lang/Object;I[C[Lorg/objectweb/asm/Label;)I 768 0 25017 0 -1
ciMethod org/objectweb/asm/ClassReader readAttribute ([Lorg/objectweb/asm/Attribute;Ljava/lang/String;II[CI[Lorg/objectweb/asm/Label;)Lorg/objectweb/asm/Attribute; 0 0 1 0 -1
ciMethod org/objectweb/asm/ClassReader readByte (I)I 566 0 13539 0 0
ciMethod org/objectweb/asm/ClassReader readUnsignedShort (I)I 604 0 1476 0 184
ciMethod org/objectweb/asm/ClassReader readShort (I)S 394 0 33335 0 0
ciMethod org/objectweb/asm/ClassReader readInt (I)I 520 0 175174 0 0
ciMethod org/objectweb/asm/ClassReader readLong (I)J 20 0 60 0 -1
ciMethod org/objectweb/asm/ClassReader readUTF8 (I[C)Ljava/lang/String; 662 0 640037 0 2100
ciMethod org/objectweb/asm/ClassReader readUtf (I[C)Ljava/lang/String; 566 0 99863 0 1970
ciMethod org/objectweb/asm/ClassReader readUtf (II[C)Ljava/lang/String; 260 5874 16342 0 1449
ciMethod org/objectweb/asm/ClassReader readStringish (I[C)Ljava/lang/String; 770 0 153053 0 -1
ciMethod org/objectweb/asm/ClassReader readClass (I[C)Ljava/lang/String; 770 0 150967 0 -1
ciMethod org/objectweb/asm/ClassReader readConstantDynamic (I[C)Lorg/objectweb/asm/ConstantDynamic; 0 0 1 0 -1
ciMethod org/objectweb/asm/ClassReader readConst (I[C)Ljava/lang/Object; 154 0 19264 0 -1
ciMethodData org/objectweb/asm/ClassReader readUnsignedShort (I)I 2 1174 orig 80 0 0 0 0 0 0 0 0 0 0 0 0 0 0 0 0 0 0 0 0 0 0 0 0 0 0 0 0 0 0 0 0 0 0 0 0 0 0 0 0 0 0 0 0 0 0 0 0 0 0 0 0 0 0 0 0 0 0 0 0 0 0 0 0 0 0 0 0 0 0 0 0 0 0 0 0 0 0 0 0 data 8 0x0 0x0 0x0 0x0 0x9 0x2 0x0 0x0 oops 0 methods 0
ciMethod org/objectweb/asm/commons/MethodRemapper visitFrame (II[Ljava/lang/Object;I[Ljava/lang/Object;)V 520 0 13735 0 0
ciMethod org/objectweb/asm/commons/MethodRemapper remapFrameTypes (I[Ljava/lang/Object;)[Ljava/lang/Object; 992 1596 27470 0 0
ciMethod org/objectweb/asm/commons/MethodRemapper visitTryCatchBlock (Lorg/objectweb/asm/Label;Lorg/objectweb/asm/Label;Lorg/objectweb/asm/Label;Ljava/lang/String;)V 514 0 1072 0 0
ciMethodData org/gradle/api/internal/runtimeshaded/ImplementationDependencyRelocator map (Ljava/lang/String;)Ljava/lang/String; 2 19237 orig 80 0 0 0 0 0 0 0 0 0 0 0 0 0 0 0 0 0 0 0 0 0 0 0 0 0 0 0 0 0 0 0 0 0 0 0 0 0 0 0 0 0 0 0 0 0 0 0 0 0 0 0 0 0 0 0 0 0 0 0 0 0 0 0 0 0 0 0 0 0 0 0 0 0 0 0 0 0 0 0 0 data 74 0xa0005 0x13e 0x20d6b363900 0x49e7 0x0 0x0 0x110005 0x13e 0x20d6b3639a8 0x49e7 0x0 0x0 0x140007 0x4b25 0x120 0x0 0x1b0002 0x0 0x210005 0x0 0x0 0x0 0x0 0x0 0x240005 0x0 0x0 0x0 0x0 0x0 0x290005 0x0 0x0 0x0 0x0 0x0 0x2c0005 0x0 0x0 0x0 0x0 0x0 0x330005 0x0 0x0 0x0 0x0 0x0 0x390005 0x0 0x20d6b7773e0 0x4b25 0x0 0x0 0x400007 0x7f 0x20 0x4aa6 0x480005 0x0 0x20d63415958 0x7f 0x0 0x0 0x0 0x0 0x0 0x0 0x0 0x0 0x9 0x2 0x0 0x0 oops 4 2 java/util/regex/Pattern 8 java/util/regex/Matcher 50 org/gradle/api/internal/runtimeshaded/ImplementationDependencyRelocator 60 java/lang/String methods 0
ciMethodData org/gradle/api/internal/runtimeshaded/ImplementationDependencyRelocator maybeRelocateResource (Ljava/lang/String;)Ljava/lang/String; 2 42791 orig 80 0 0 0 0 0 0 0 0 0 0 0 0 0 0 0 0 0 0 0 0 0 0 0 0 0 0 0 0 0 0 0 0 0 0 0 0 0 0 0 0 0 0 0 0 0 0 0 0 0 0 0 0 0 0 0 0 0 0 0 0 0 0 0 0 0 0 0 0 0 0 0 0 0 0 0 0 0 0 0 0 data 40 0x50005 0x0 0x20d6b364930 0xa727 0x0 0x0 0x80007 0xa6a0 0xc0 0x87 0xf0002 0x87 0x140005 0x0 0x20d63418410 0x87 0x0 0x0 0x180005 0x0 0x20d63418410 0x87 0x0 0x0 0x1b0005 0x0 0x20d63418410 0x87 0x0 0x0 0x0 0x0 0x0 0x0 0x0 0x0 0x9 0x2 0x0 0xffffffffffffffff oops 4 2 org/gradle/internal/util/Trie 14 java/lang/StringBuilder 20 java/lang/StringBuilder 26 java/lang/StringBuilder methods 0
ciMethodData org/gradle/api/internal/runtimeshaded/RuntimeShadedJarCreator$ShadingClassRemapper$1 visitFieldInsn (ILjava/lang/String;Ljava/lang/String;Ljava/lang/String;)V 2 29770 orig 80 0 0 0 0 0 0 0 0 0 0 0 0 0 0 0 0 0 0 0 0 0 0 0 0 0 0 0 0 0 0 0 0 0 0 0 0 0 0 0 0 0 0 0 0 0 0 0 0 0 0 0 0 0 0 0 0 0 0 0 0 0 0 0 0 0 0 0 0 0 0 0 0 0 0 0 0 0 0 0 0 data 53 0x40007 0xc26 0x40 0x6824 0xb0007 0x64ef 0x110 0x335 0x120005 0x0 0x20d63415958 0xf5b 0x0 0x0 0x150007 0xf51 0xc0 0xa 0x1c0002 0xa 0x200005 0x0 0x20d6b7773e0 0xa 0x0 0x0 0x270007 0xa 0x60 0x0 0x2f0005 0x0 0x0 0x0 0x0 0x0 0x340002 0x0 0x3e0002 0x744a 0x0 0x0 0x0 0x0 0x0 0x0 0x9 0x5 0x0 0x0 0xffffffffffffffff 0xffffffffffffffff 0xffffffffffffffff oops 2 10 java/lang/String 22 org/gradle/api/internal/runtimeshaded/ImplementationDependencyRelocator methods 0
ciMethodData org/gradle/api/internal/runtimeshaded/RuntimeShadedJarCreator$ShadingClassRemapper$1 visitLdcInsn (Ljava/lang/Object;)V 2 12273 orig 80 0 0 0 0 0 0 0 0 0 0 0 0 0 0 0 0 0 0 0 0 0 0 0 0 0 0 0 0 0 0 0 0 0 0 0 0 0 0 0 0 0 0 0 0 0 0 0 0 0 0 0 0 0 0 0 0 0 0 0 0 0 0 0 0 0 0 0 0 0 0 0 0 0 0 0 0 0 0 0 0 data 98 0x10004 0x63f 0x20d63415958 0x298f 0x20d63419748 0x23 0x40007 0x662 0x280 0x298f 0xf0005 0x0 0x20d6b3cad88 0x298f 0x0 0x0 0x140104 0x0 0x0 0x0 0x0 0x0 0x190007 0x0 0x90 0x298f 0x200002 0x298f 0x240004 0x0 0x20d63415958 0x298f 0x0 0x0 0x270005 0x0 0x20d6b7773e0 0x298f 0x0 0x0 0x2c0007 0x2 0x110 0x298d 0x330002 0x298d 0x370004 0x0 0x20d63415958 0x298d 0x0 0x0 0x3e0005 0x1 0x20d63415958 0x298c 0x0 0x0 0x410005 0x0 0x20d6b7773e0 0x298d 0x0 0x0 0x460007 0x2987 0x50 0x6 0x4e0005 0x0 0x20d63415958 0x6 0x0 0x0 0x540007 0x2987 0x38 0x8 0x580003 0x8 0x18 0x5c0002 0x298f 0x5f0003 0x298f 0x28 0x640002 0x662 0x0 0x0 0x0 0x0 0x0 0x0 0x9 0x2 0x0 0xffffffffffffffff oops 9 2 java/lang/String 4 java/lang/Long 12 java/util/HashMap 30 java/lang/String 36 org/gradle/api/internal/runtimeshaded/ImplementationDependencyRelocator 48 java/lang/String 54 java/lang/String 60 org/gradle/api/internal/runtimeshaded/ImplementationDependencyRelocator 70 java/lang/String methods 0
ciMethodData org/objectweb/asm/Type getObjectType (Ljava/lang/String;)Lorg/objectweb/asm/Type; 2 32974 orig 80 0 0 0 0 0 0 0 0 0 0 0 0 0 0 0 0 0 0 0 0 0 0 0 0 0 0 0 0 0 0 0 0 0 0 0 0 0 0 0 0 0 0 0 0 0 0 0 0 0 0 0 0 0 0 0 0 0 0 0 0 0 0 0 0 0 0 0 0 0 0 0 0 0 0 0 0 0 0 0 0 data 30 0x60005 0x1d 0x20d63415958 0x80b1 0x0 0x0 0xb0007 0x80aa 0x38 0x24 0x100003 0x24 0x18 0x180005 0x1d 0x20d63415958 0x80b1 0x0 0x0 0x1b0002 0x80ce 0x0 0x0 0x0 0x0 0x0 0x0 0x9 0x1 0xffffffffffffffff oops 2 2 java/lang/String 15 java/lang/String methods 0
ciMethodData org/objectweb/asm/ClassReader readUtf (II[C)Ljava/lang/String; 2 16212 orig 80 1 0 0 0 0 0 0 0 0 0 0 0 0 0 0 0 0 0 0 0 0 0 0 0 0 0 0 0 0 0 0 0 0 0 0 0 0 0 0 2 0 0 0 0 0 0 0 0 0 0 0 0 0 0 0 0 0 0 0 0 0 0 0 0 0 0 0 0 0 0 0 0 0 0 0 0 0 0 0 0 data 33 0x160007 0x3f56 0xa8 0x8fa56 0x8000000600290007 0x8e8 0x38 0x8f170 0x390003 0x8f170 0x50 0x450007 0x0 0x38 0x8e8 0x640003 0x8e8 0x18 0x920003 0x8fa58 0xffffffffffffff70 0x9d0002 0x3f56 0x0 0x0 0x0 0x0 0x9 0x4 0x0 0x0 0x0 0x0 oops 0 methods 0
ciMethodData org/objectweb/asm/ClassReader readUtf (I[C)Ljava/lang/String; 2 99580 orig 80 1 0 0 0 0 0 0 0 0 0 0 0 0 0 0 0 0 0 0 0 0 0 0 0 0 0 0 0 0 0 0 0 0 0 0 0 0 0 0 0 0 0 0 0 0 0 0 0 0 0 0 0 0 0 0 0 0 0 0 0 0 0 0 0 0 0 0 0 0 0 0 0 0 0 0 0 0 0 0 0 data 33 0x80007 0x8382 0x20 0x1017a 0x220005 0x0 0x20d69bb4b78 0x8382 0x0 0x0 0x260005 0x8382 0x0 0x0 0x0 0x0 0x2a0004 0x0 0x20d63415958 0x8383 0x0 0x0 0x0 0x0 0x0 0x0 0x0 0x0 0x9 0x3 0x0 0x0 0x0 oops 2 6 org/objectweb/asm/ClassReader 18 java/lang/String methods 0
ciMethodData org/objectweb/asm/ClassReader readUTF8 (I[C)Ljava/lang/String; 2 641666 orig 80 0 0 0 0 0 0 0 0 0 0 0 0 0 0 0 0 0 0 0 0 0 0 0 0 0 0 0 0 0 0 0 0 0 0 0 0 0 0 0 0 0 0 0 0 0 0 0 0 0 0 0 0 0 0 0 0 0 0 0 0 0 0 0 0 0 0 0 0 0 0 0 0 0 0 0 0 0 0 0 0 data 31 0x20005 0x0 0x20d69bb4b78 0x9ca82 0x0 0x0 0x70007 0x694 0x40 0x9c3ee 0xb0007 0x9bf33 0x20 0x4bb 0x130005 0x1 0x20d69bb4b78 0x9bf32 0x0 0x0 0x0 0x0 0x0 0x0 0x0 0x0 0x9 0x3 0x0 0x0 0x0 oops 2 2 org/objectweb/asm/ClassReader 16 org/objectweb/asm/ClassReader methods 0
ciMethodData org/objectweb/asm/commons/Remapper mapType (Lorg/objectweb/asm/Type;)Lorg/objectweb/asm/Type; 2 20443 orig 80 0 0 0 0 0 0 0 0 0 0 0 0 0 0 0 0 0 0 0 0 0 0 0 0 0 0 0 0 0 0 0 0 0 0 0 0 0 0 0 0 0 0 0 0 0 0 0 0 0 0 0 0 0 0 0 0 0 0 0 0 0 0 0 0 0 0 0 0 0 0 0 0 0 0 0 0 0 0 0 0 data 114 0x10005 0x4d 0x20d69bba0a8 0x4f8e 0x0 0x0 0x40008 0x8 0x3e2 0x310 0x98 0x50 0x4b31 0x1f8 0x30 0x2a0 0x240002 0x98 0x2c0005 0x0 0x20d69bba0a8 0x130 0x0 0x0 0x2f0007 0x98 0x68 0x98 0x350005 0x0 0x20d63418410 0x98 0x0 0x0 0x3c0003 0x98 0xffffffffffffff80 0x420005 0x0 0x20d69bba0a8 0x98 0x0 0x0 0x450005 0x98 0x0 0x0 0x0 0x0 0x480005 0x0 0x20d69bba0a8 0x98 0x0 0x0 0x4b0005 0x0 0x20d63418410 0x98 0x0 0x0 0x500005 0x0 0x20d63418410 0x98 0x0 0x0 0x530002 0x98 0x590005 0x4c 0x20d69bba0a8 0x4ae5 0x0 0x0 0x5c0005 0x0 0x20d6b7773e0 0x4b31 0x0 0x0 0x610007 0x0 0x48 0x4b31 0x650002 0x4b31 0x680003 0x4b31 0x18 0x6f0005 0x0 0x20d69bba0a8 0x30 0x0 0x0 0x720005 0x0 0x20d6b7773e0 0x30 0x0 0x0 0x750002 0x30 0x0 0x0 0x0 0x0 0x0 0x0 0x9 0x2 0x0 0x0 oops 11 2 org/objectweb/asm/Type 20 org/objectweb/asm/Type 30 java/lang/StringBuilder 39 org/objectweb/asm/Type 51 org/objectweb/asm/Type 57 java/lang/StringBuilder 63 java/lang/StringBuilder 71 org/objectweb/asm/Type 77 org/gradle/api/internal/runtimeshaded/ImplementationDependencyRelocator 92 org/objectweb/asm/Type 98 org/gradle/api/internal/runtimeshaded/ImplementationDependencyRelocator methods 0
ciMethodData org/objectweb/asm/Type getDimensions ()I 2 3908 orig 80 0 0 0 0 0 0 0 0 0 0 0 0 0 0 0 0 0 0 0 0 0 0 0 0 0 0 0 0 0 0 0 0 0 0 0 0 0 0 0 0 0 0 0 0 0 0 0 0 0 0 0 0 0 0 0 0 0 0 0 0 0 0 0 0 0 0 0 0 0 0 0 0 0 0 0 0 0 0 0 0 data 22 0xc0005 0x39 0x20d63415958 0xf0b 0x0 0x0 0x110007 0xf44 0x38 0x0 0x170003 0x0 0xffffffffffffffb0 0x0 0x0 0x0 0x0 0x0 0x0 0x9 0x1 0x0 oops 1 2 java/lang/String methods 0
ciMethodData org/objectweb/asm/Type getElementType ()Lorg/objectweb/asm/Type; 1 152 orig 80 0 0 0 0 0 0 0 0 0 0 0 0 0 0 0 0 0 0 0 0 0 0 0 0 0 0 0 0 0 0 0 0 0 0 0 0 0 0 0 0 0 0 0 0 0 0 0 0 0 0 0 0 0 0 0 0 0 0 0 0 0 0 0 0 0 0 0 0 0 0 0 0 0 0 0 0 0 0 0 0 data 17 0x10005 0x0 0x20d69bba0a8 0x98 0x0 0x0 0x130002 0x98 0x0 0x0 0x0 0x0 0x0 0x0 0x9 0x1 0x0 oops 1 2 org/objectweb/asm/Type methods 0
ciMethodData org/objectweb/asm/commons/Remapper mapMethodDesc (Ljava/lang/String;)Ljava/lang/String; 2 74390 orig 80 0 0 0 0 0 0 0 0 0 0 0 0 0 0 0 0 0 0 0 0 0 0 0 0 0 0 0 0 0 0 0 0 0 0 0 0 0 0 0 0 0 0 0 0 0 0 0 0 0 0 0 0 0 0 0 0 0 0 0 0 0 0 0 0 0 0 0 0 0 0 0 0 0 0 0 0 0 0 0 0 data 94 0x30005 0x11b 0x20d63415958 0x1217b 0x0 0x0 0x60007 0x10b44 0x20 0x1752 0x110002 0x10b44 0x160002 0x10b44 0x250007 0x10b44 0xc8 0x13635 0x320005 0x13635 0x0 0x0 0x0 0x0 0x350005 0xd6 0x20d69bba0a8 0x1355f 0x0 0x0 0x380005 0xd6 0x20d63418410 0x1355f 0x0 0x0 0x3f0003 0x13635 0xffffffffffffff50 0x430002 0x10b44 0x4b0007 0xc691 0x68 0x44b3 0x510005 0x61 0x20d63418410 0x4452 0x0 0x0 0x550003 0x44b3 0xd8 0x5b0005 0x95 0x20d63418410 0xc5fc 0x0 0x0 0x600005 0xc691 0x0 0x0 0x0 0x0 0x630005 0x95 0x20d69bba0a8 0xc5fc 0x0 0x0 0x660005 0x95 0x20d63418410 0xc5fc 0x0 0x0 0x6b0005 0xf6 0x20d63418410 0x10a4e 0x0 0x0 0x0 0x0 0x0 0x0 0x0 0x0 0x9 0x2 0xffffffffffffffff 0x0 oops 8 2 java/lang/String 26 org/objectweb/asm/Type 32 java/lang/StringBuilder 47 java/lang/StringBuilder 56 java/lang/StringBuilder 68 org/objectweb/asm/Type 74 java/lang/StringBuilder 80 java/lang/StringBuilder methods 0
ciMethodData org/objectweb/asm/ClassReader readBytecodeInstructionOffset (I)V 2 296216 orig 80 0 0 0 0 0 0 0 0 0 0 0 0 0 0 0 0 0 0 0 0 0 0 0 0 0 0 0 0 0 0 0 0 0 0 0 0 0 0 0 0 0 0 0 0 0 0 0 0 0 0 0 0 0 0 0 0 0 0 0 0 0 0 0 0 0 0 0 0 0 0 0 0 0 0 0 0 0 0 0 0 data 5 0x0 0x9 0x2 0x0 0x0 oops 0 methods 0
ciMethodData org/objectweb/asm/commons/Remapper mapType (Ljava/lang/String;)Ljava/lang/String; 2 211161 orig 80 0 0 0 0 0 0 0 0 0 0 0 0 0 0 0 0 0 0 0 0 0 0 0 0 0 0 0 0 0 0 0 0 0 0 0 0 0 0 0 0 0 0 0 0 0 0 0 0 0 0 0 0 0 0 0 0 0 0 0 0 0 0 0 0 0 0 0 0 0 0 0 0 0 0 0 0 0 0 0 0 data 28 0x10007 0x338d9 0x20 0x0 0x80002 0x338d9 0xb0005 0x338d9 0x0 0x0 0x0 0x0 0xe0005 0x19 0x20d69bba0a8 0x338c0 0x0 0x0 0x0 0x0 0x0 0x0 0x0 0x0 0x9 0x2 0xffffffffffffffff 0xffffffffffffffff oops 1 14 org/objectweb/asm/Type methods 0
ciMethodData org/objectweb/asm/MethodVisitor visitLineNumber (ILorg/objectweb/asm/Label;)V 2 123204 orig 80 0 0 0 0 0 0 0 0 0 0 0 0 0 0 0 0 0 0 0 0 0 0 0 0 0 0 0 0 0 0 0 0 0 0 0 0 0 0 0 0 0 0 0 0 0 0 0 0 0 0 0 0 0 0 0 0 0 0 0 0 0 0 0 0 0 0 0 0 0 0 0 0 0 0 0 0 0 0 0 0 data 21 0x40007 0x0 0x50 0x1e144 0xd0005 0x0 0x20d69df9810 0xf0a2 0x20d69df98b8 0xf0a2 0x0 0x0 0x0 0x0 0x0 0x0 0x9 0x3 0x0 0x0 0xffffffffffffffff oops 2 6 org/objectweb/asm/commons/MethodRemapper 8 org/objectweb/asm/MethodWriter methods 0
ciMethodData org/objectweb/asm/ClassReader readInt (I)I 2 174914 orig 80 0 0 0 0 0 0 0 0 0 0 0 0 0 0 0 0 0 0 0 0 0 0 0 0 0 0 0 0 0 0 0 0 0 0 0 0 0 0 0 0 0 0 0 0 0 0 0 0 0 0 0 0 0 0 0 0 0 0 0 0 0 0 0 0 0 0 0 0 0 0 0 0 0 0 0 0 0 0 0 0 data 8 0x0 0x0 0x0 0x0 0x9 0x2 0x0 0x0 oops 0 methods 0
ciMethodData org/objectweb/asm/ClassReader readLabel (I[Lorg/objectweb/asm/Label;)Lorg/objectweb/asm/Label; 2 105090 orig 80 0 0 0 0 0 0 0 0 0 0 0 0 0 0 0 0 0 0 0 0 0 0 0 0 0 0 0 0 0 0 0 0 0 0 0 0 0 0 0 0 0 0 0 0 0 0 0 0 0 0 0 0 0 0 0 0 0 0 0 0 0 0 0 0 0 0 0 0 0 0 0 0 0 0 0 0 0 0 0 0 data 23 0x30007 0x4550 0x60 0x15532 0xc0002 0x15532 0xf0004 0x0 0x20d69bb9f58 0x15532 0x0 0x0 0x0 0x0 0x0 0x0 0x0 0x0 0x9 0x3 0x0 0x0 0xffffffffffffffff oops 1 8 org/objectweb/asm/Label methods 0
ciMethodData org/objectweb/asm/ClassReader createDebugLabel (I[Lorg/objectweb/asm/Label;)V 2 157116 orig 80 0 0 0 0 0 0 0 0 0 0 0 0 0 0 0 0 0 0 0 0 0 0 0 0 0 0 0 0 0 0 0 0 0 0 0 0 0 0 0 0 0 0 0 0 0 0 0 0 0 0 0 0 0 0 0 0 0 0 0 0 0 0 0 0 0 0 0 0 0 0 0 0 0 0 0 0 0 0 0 0 data 21 0x30007 0x14a6a 0x50 0x11b52 0x90005 0x0 0x20d69bb4b78 0x11b52 0x0 0x0 0x0 0x0 0x0 0x0 0x0 0x0 0x9 0x3 0x0 0x0 0x0 oops 1 6 org/objectweb/asm/ClassReader methods 0
ciMethodData org/objectweb/asm/ClassReader readClass (I[C)Ljava/lang/String; 2 156011 orig 80 0 0 0 0 0 0 0 0 0 0 0 0 0 0 0 0 0 0 0 0 0 0 0 0 0 0 0 0 0 0 0 0 0 0 0 0 0 0 0 0 0 0 0 0 0 0 0 0 0 0 0 0 0 0 0 0 0 0 0 0 0 0 0 0 0 0 0 0 0 0 0 0 0 0 0 0 0 0 0 0 data 17 0x30005 0x2616b 0x0 0x0 0x0 0x0 0x0 0x0 0x0 0x0 0x0 0x0 0x9 0x3 0xffffffffffffffff 0x0 0xffffffffffffffff oops 0 methods 0
ciMethodData org/objectweb/asm/MethodVisitor visitLocalVariable (Ljava/lang/String;Ljava/lang/String;Ljava/lang/String;Lorg/objectweb/asm/Label;Lorg/objectweb/asm/Label;I)V 2 99037 orig 80 0 0 0 0 0 0 0 0 0 0 0 0 0 0 0 0 0 0 0 0 0 0 0 0 0 0 0 0 0 0 0 0 0 0 0 0 0 0 0 0 0 0 0 0 0 0 0 0 0 0 0 0 0 0 0 0 0 0 0 0 0 0 0 0 0 0 0 0 0 0 0 0 0 0 0 0 0 0 0 0 data 25 0x40007 0x0 0x50 0x182dd 0x140005 0x0 0x20d69df98b8 0xc16f 0x20d69df9810 0xc16e 0x0 0x0 0x0 0x0 0x0 0x0 0x9 0x7 0x0 0xffffffffffffffff 0xffffffffffffffff 0xffffffffffffffff 0xffffffffffffffff 0xffffffffffffffff 0x0 oops 2 6 org/objectweb/asm/MethodWriter 8 org/objectweb/asm/commons/MethodRemapper methods 0
ciMethodData org/objectweb/asm/Label accept (Lorg/objectweb/asm/MethodVisitor;Z)V 2 70633 orig 80 0 0 0 0 0 0 0 0 0 0 0 0 0 0 0 0 0 0 0 0 0 0 0 0 0 0 0 0 0 0 0 0 0 0 0 0 0 0 0 0 0 0 0 0 0 0 0 0 0 0 0 0 0 0 0 0 0 0 0 0 0 0 0 0 0 0 0 0 0 0 0 0 0 0 0 0 0 0 0 0 data 48 0x20005 0x0 0x20d69bb9eb0 0x113e8 0x0 0x0 0x60007 0x0 0xf8 0x113e8 0x110007 0x2416 0xd8 0xefd2 0x1d0005 0x0 0x20d69bb9eb0 0xefd2 0x0 0x0 0x240007 0xefa0 0x88 0x32 0x300007 0x32 0x68 0x34 0x3b0005 0x0 0x20d69bb9eb0 0x34 0x0 0x0 0x410003 0x34 0xffffffffffffffb0 0x0 0x0 0x0 0x0 0x0 0x0 0x9 0x3 0x0 0x0 0x0 oops 3 2 org/gradle/api/internal/runtimeshaded/RuntimeShadedJarCreator$ShadingClassRemapper$1 16 org/gradle/api/internal/runtimeshaded/RuntimeShadedJarCreator$ShadingClassRemapper$1 30 org/gradle/api/internal/runtimeshaded/RuntimeShadedJarCreator$ShadingClassRemapper$1 methods 0
ciMethodData org/objectweb/asm/Label addLineNumber (I)V 2 61253 orig 80 0 0 0 0 0 0 0 0 0 0 0 0 0 0 0 0 0 0 0 0 0 0 0 0 0 0 0 0 0 0 0 0 0 0 0 0 0 0 0 0 0 0 0 0 0 0 0 0 0 0 0 0 0 0 0 0 0 0 0 0 0 0 0 0 0 0 0 0 0 0 0 0 0 0 0 0 0 0 0 0 data 31 0x80007 0x34 0x38 0xef11 0x1e0003 0xef11 0x68 0x250007 0x2 0x20 0x32 0x410007 0x34 0x30 0x0 0x5a0002 0x0 0x0 0x0 0x0 0x0 0x0 0x0 0x0 0x0 0x0 0x0 0x9 0x2 0x0 0x0 oops 0 methods 0
ciMethod org/objectweb/asm/TypePath <init> ([BI)V 0 0 1 0 -1
ciMethodData org/objectweb/asm/MethodWriter visitLineNumber (ILorg/objectweb/asm/Label;)V 2 61349 orig 80 0 0 0 0 0 0 0 0 0 0 0 0 0 0 0 0 0 0 0 0 0 0 0 0 0 0 0 0 0 0 0 0 0 0 0 0 0 0 0 0 0 0 0 0 0 0 0 0 0 0 0 0 0 0 0 0 0 0 0 0 0 0 0 0 0 0 0 0 0 0 0 0 0 0 0 0 0 0 0 0 data 29 0x40007 0xac45 0x30 0x4360 0xc0002 0x4360 0x240005 0x0 0x20d6c62fdc0 0xefa5 0x0 0x0 0x2d0005 0x0 0x20d6c62fdc0 0xefa5 0x0 0x0 0x0 0x0 0x0 0x0 0x0 0x0 0x9 0x3 0x0 0x0 0x0 oops 2 8 org/objectweb/asm/ByteVector 14 org/objectweb/asm/ByteVector methods 0
ciMethodData org/objectweb/asm/ClassReader readCode (Lorg/objectweb/asm/MethodVisitor;Lorg/objectweb/asm/Context;I)V 2 17796 orig 80 1 0 0 0 0 0 0 0 0 0 0 0 0 0 0 0 0 0 0 0 0 0 0 0 0 0 0 0 0 0 0 0 0 0 0 0 0 0 0 1 0 0 0 0 0 0 0 0 0 0 0 0 0 0 0 0 0 0 0 0 0 0 0 0 0 0 0 0 0 0 0 0 0 0 0 0 0 0 0 0 data 2527 0x120005 0x0 0x20d69bb4b78 0x4584 0x0 0x0 0x1c0005 0x0 0x20d69bb4b78 0x4584 0x0 0x0 0x260005 0x0 0x20d69bb4b78 0x4584 0x0 0x0 0x380007 0x4584 0x30 0x0 0x3f0002 0x0 0x600007 0x4585 0x13b8 0x47527 0x8000000600770008 0x1bc 0x0 0x1370 0x2d0 0xdf0 0x762 0xdf0 0x44 0xdf0 0xfcc 0xdf0 0xbf8 0xdf0 0x2e2 0xdf0 0x17b 0xdf0 0xd6 0xdf0 0x113 0xdf0 0x1d 0xdf0 0xb 0xdf0 0x0 0xdf0 0x0 0xdf0 0x0 0xdf0 0x4 0xdf0 0x1 0xdf0 0x3c9 0x1310 0x166 0x1328 0x2251 0x1310 0xb4d 0x1328 0x39 0x1328 0x6c3 0x1310 0x55 0x1310 0x0 0x1310 0x2 0x1310 0x4a95 0x1310 0x2a 0xdf0 0x1fc 0xdf0 0x3ba 0xdf0 0x2f2 0xdf0 0x3 0xdf0 0x3f 0xdf0 0x30 0xdf0 0x30 0xdf0 0x0 0xdf0 0x0 0xdf0 0x0 0xdf0 0x0 0xdf0 0x0 0xdf0 0x7 0xdf0 0x0 0xdf0 0x0 0xdf0 0x8865 0xdf0 0x45d7 0xdf0 0x2881 0xdf0 0x1a02 0xdf0 0x36 0xdf0 0x0 0xdf0 0x0 0xdf0 0x0 0xdf0 0x8e 0xdf0 0x1 0xdf0 0x0 0xdf0 0x0 0xdf0 0x779 0x1310 0x29 0x1310 0x0 0x1310 0x0 0x1310 0x1c4d 0x1310 0x3 0xdf0 0xf7 0xdf0 0xce 0xdf0 0xfe 0xdf0 0x0 0xdf0 0x7 0xdf0 0xe 0xdf0 0x11 0xdf0 0x0 0xdf0 0x0 0xdf0 0x0 0xdf0 0x0 0xdf0 0x0 0xdf0 0x1 0xdf0 0x0 0xdf0 0x0 0xdf0 0x9e 0xdf0 0x3fb 0xdf0 0x7eb 0xdf0 0x768 0xdf0 0x93 0xdf0 0x0 0xdf0 0x0 0xdf0 0x0 0xdf0 0x6f9 0xdf0 0x0 0xdf0 0x0 0xdf0 0x0 0xdf0 0xb25 0xdf0 0x9 0xdf0 0x248c 0xdf0 0xc 0xdf0 0x0 0xdf0 0x0 0xdf0 0x0 0xdf0 0x0 0xdf0 0x33 0xdf0 0x11b 0xdf0 0x9 0xdf0 0x0 0xdf0 0x0 0xdf0 0x61 0xdf0 0xe 0xdf0 0x0 0xdf0 0x0 0xdf0 0xb8 0xdf0 0x1 0xdf0 0x0 0xdf0 0x3 0xdf0 0x4 0xdf0 0x5 0xdf0 0x0 0xdf0 0x3 0xdf0 0x1 0xdf0 0x0 0xdf0 0x0 0xdf0 0x0 0xdf0 0x2 0xdf0 0x0 0xdf0 0x0 0xdf0 0x0 0xdf0 0x0 0xdf0 0x0 0xdf0 0x0 0xdf0 0x0 0xdf0 0x0 0xdf0 0x0 0xdf0 0xc4 0xdf0 0x0 0xdf0 0x2e 0xdf0 0x0 0xdf0 0xe 0xdf0 0x0 0xdf0 0xe7 0x1328 0x13 0xdf0 0x0 0xdf0 0x1 0xdf0 0x2 0xdf0 0x0 0xdf0 0x5 0xdf0 0x0 0xdf0 0x0 0xdf0 0x0 0xdf0 0x1 0xdf0 0x2 0xdf0 0x0 0xdf0 0x3 0xdf0 0x0 0xdf0 0x0 0xdf0 0x2c 0xdf0 0x0 0xdf0 0x0 0xdf0 0x5 0xdf0 0x1 0xdf0 0x1351 0xe08 0x5eb 0xe08 0x1d 0xe08 0x23 0xe08 0x9 0xe08 0x41 0xe08 0x17a 0xe08 0x206 0xe08 0xa 0xe08 0xe3 0xe08 0xf 0xe08 0x3c 0xe08 0xf0 0xe08 0x23b 0xe08 0x1029 0xe08 0x0 0xe08 0x0 0x1310 0x94 0x1090 0x3c 0x11e8 0xad5 0xdf0 0x41 0xdf0 0x1 0xdf0 0x7 0xdf0 0x278c 0xdf0 0x1c12 0xdf0 0xbf3 0x1328 0x313 0x1328 0x41b7 0x1328 0x200b 0x1328 0x4e16 0x1328 0x337e 0x1328 0x27e8 0x1328 0x4701 0x1340 0x60e 0x1340 0x1a30 0x1328 0x2e 0x1310 0x330 0x1328 0xbd 0xdf0 0x552 0xdf0 0x19d5 0x1328 0x2fb 0x1328 0x3d 0xdf0 0x85 0xdf0 0x0 0xf70 0x0 0x1358 0x4b2 0xe08 0x350 0xe08 0x0 0xef8 0x0 0xef8 0x0 0xe80 0x0 0xe80 0x0 0xe80 0x0 0xe80 0x0 0xe80 0x0 0xe80 0x0 0xe80 0x0 0xe80 0x0 0xe80 0x0 0xe80 0x0 0xe80 0x0 0xe80 0x0 0xe80 0x0 0xe80 0x0 0xe80 0x0 0xe80 0x0 0xe80 0x0 0xe80 0x0 0xef8 0x3fb0003 0x1ef48 0x590 0x4060005 0x0 0x20d69bb4b78 0x39d4 0x0 0x0 0x40c0005 0x39d4 0x0 0x0 0x0 0x0 0x4130003 0x39d4 0x518 0x41e0005 0x0 0x0 0x0 0x0 0x0 0x4240005 0x0 0x0 0x0 0x0 0x0 0x42b0003 0x0 0x4a0 0x4360005 0x0 0x0 0x0 0x0 0x0 0x43c0005 0x0 0x0 0x0 0x0 0x0 0x4430003 0x0 0x428 0x4510008 0x1a 0x0 0x110 0x0 0xe0 0x0 0xe0 0x0 0xe0 0x0 0xe0 0x0 0xe0 0x0 0xe0 0x0 0xe0 0x0 0xe0 0x0 0xe0 0x0 0xe0 0x0 0xf8 0x0 0xe0 0x4bf0003 0x0 0x330 0x4c50003 0x0 0x318 0x4cc0002 0x0 0x4e10005 0x0 0x20d69bb4b78 0x94 0x0 0x0 0x4e70005 0x94 0x0 0x0 0x0 0x0 0x4f10005 0x0 0x20d69bb4b78 0x94 0x0 0x0 0x4f90005 0x0 0x20d69bb4b78 0x94 0x0 0x0 0x5090007 0x94 0x230 0x21c 0x5120005 0x0 0x20d69bb4b78 0x21c 0x0 0x0 0x5180005 0x21c 0x0 0x0 0x0 0x0 0x51f0003 0x21c 0xffffffffffffff80 0x5330005 0x0 0x20d69bb4b78 0x3c 0x0 0x0 0x5390005 0x3c 0x0 0x0 0x0 0x0 0x5420005 0x0 0x20d69bb4b78 0x3c 0x0 0x0 0x54f0007 0x3c 0x108 0xa4 0x55a0005 0x0 0x20d69bb4b78 0xa4 0x0 0x0 0x5600005 0xa4 0x0 0x0 0x0 0x0 0x5670003 0xa4 0xffffffffffffff80 0x56d0003 0x9be6 0x70 0x5730003 0x16247 0x58 0x5790003 0x4d0f 0x40 0x57f0003 0x0 0x28 0x5860002 0x0 0x58a0003 0x47528 0xffffffffffffec60 0x5900005 0x0 0x20d69bb4b78 0x4585 0x0 0x0 0x59d0007 0x4585 0x1e8 0x410 0x5a40005 0x0 0x20d69bb4b78 0x410 0x0 0x0 0x5a90005 0x410 0x0 0x0 0x0 0x0 0x5b40005 0x0 0x20d69bb4b78 0x410 0x0 0x0 0x5b90005 0x410 0x0 0x0 0x0 0x0 0x5c40005 0x0 0x20d69bb4b78 0x410 0x0 0x0 0x5c90005 0x410 0x0 0x0 0x0 0x0 0x5d90005 0x0 0x20d69bb4b78 0x410 0x0 0x0 0x5df0005 0x0 0x20d69bb4b78 0x410 0x0 0x0 0x5f00005 0x0 0x20d69bb9eb0 0x410 0x0 0x0 0x5f30003 0x410 0xfffffffffffffe30 0x6110005 0x0 0x20d69bb4b78 0x4585 0x0 0x0 0x61e0007 0x4585 0x6d0 0xa11b 0x6260005 0x0 0x20d69bb4b78 0xa11b 0x0 0x0 0x6300005 0x0 0x20d69bb4b78 0xa11b 0x0 0x0 0x63d0005 0x35d 0x20d63415958 0x9dbe 0x0 0x0 0x6400007 0x5e5e 0x180 0x42bd 0x6490007 0x0 0x5e8 0x42bd 0x6570005 0x0 0x20d69bb4b78 0x42bd 0x0 0x0 0x6640007 0x42bd 0xf8 0xb925 0x66a0005 0x0 0x20d69bb4b78 0xb925 0x0 0x0 0x6740005 0xb925 0x0 0x0 0x0 0x0 0x67c0005 0x0 0x20d69bb4b78 0xb925 0x0 0x0 0x6890005 0xb925 0x0 0x0 0x0 0x0 0x68f0003 0xb925 0xffffffffffffff20 0x6920003 0x42bd 0x4a0 0x69a0005 0x1d4 0x20d63415958 0x5c8a 0x0 0x0 0x69d0007 0x52bd 0x38 0xba1 0x6a40003 0xba1 0x438 0x6ac0005 0x1d0 0x20d63415958 0x50ed 0x0 0x0 0x6af0007 0x102f 0x180 0x428e 0x6b80007 0x0 0x3d0 0x428e 0x6c20005 0x0 0x20d69bb4b78 0x428e 0x0 0x0 0x6cf0007 0x428e 0xf8 0xecbb 0x6d50005 0x0 0x20d69bb4b78 0xecbb 0x0 0x0 0x6df0005 0x0 0x20d69bb4b78 0xecbb 0x0 0x0 0x6ec0005 0xecbb 0x0 0x0 0x0 0x0 0x6f60005 0x780 0x20d69bb9f58 0xe53b 0x0 0x0 0x6f90003 0xecbb 0xffffffffffffff20 0x6fc0003 0x428e 0x288 0x7040005 0x5d 0x20d63415958 0xfd2 0x0 0x0 0x7070007 0x102c 0x68 0x3 0x7100005 0x3 0x0 0x0 0x0 0x0 0x7150003 0x3 0x1f0 0x71d0005 0x5d 0x20d63415958 0xfcf 0x0 0x0 0x7200007 0x102c 0x68 0x0 0x7290005 0x0 0x0 0x0 0x0 0x0 0x72e0003 0x0 0x158 0x7360005 0x5d 0x20d63415958 0xfcf 0x0 0x0 0x7390007 0x0 0x58 0x102c 0x7420007 0x0 0xf0 0x102c 0x7520003 0x102c 0xd0 0x75a0005 0x0 0x0 0x0 0x0 0x0 0x75d0007 0x0 0x58 0x0 0x7660007 0x0 0x68 0x0 0x7790003 0x0 0x48 0x78c0005 0x0 0x0 0x0 0x0 0x0 0x7a30003 0xa11b 0xfffffffffffff948 0x7ad0007 0x0 0x38 0x4585 0x7b10003 0x4585 0x18 0x7b90007 0x3559 0x188 0x102c 0x7e90007 0x0 0x50 0x102c 0x7ee0005 0x102c 0x0 0x0 0x0 0x0 0x7fb0007 0x102c 0x118 0x14717 0x8050007 0x142d8 0xe0 0x43f 0x80d0005 0x0 0x20d69bb4b78 0x43f 0x0 0x0 0x8140007 0x0 0x90 0x43f 0x81b0007 0x352 0x70 0xed 0x82d0007 0x53 0x50 0x9a 0x8350005 0x9a 0x0 0x0 0x0 0x0 0x83c0003 0x14717 0xffffffffffffff00 0x8410007 0x0 0x70 0x4585 0x84c0007 0x4585 0x50 0x0 0x8560005 0x0 0x0 0x0 0x0 0x0 0x8600005 0x4585 0x0 0x0 0x0 0x0 0x86c0005 0x4585 0x0 0x0 0x0 0x0 0x87c0007 0x0 0x38 0x4585 0x8810003 0x4585 0x18 0x88f0007 0x4585 0x2488 0x47576 0x89c0005 0x0 0x20d69bb4b78 0x47576 0x0 0x0 0x8a80007 0x364fc 0x88 0x1107a 0x8b40007 0x0 0x38 0x1107a 0x8b80003 0x1107a 0x18 0x8bc0005 0xbb2 0x20d69bb9f58 0x104c8 0x0 0x0 0x8c10007 0x2236b 0x1b8 0x2972d 0x8ca0007 0x34f6 0x40 0x26237 0x8d20007 0x2520b 0x178 0x102c 0x8da0007 0x102c 0xd8 0x34f6 0x8df0007 0x0 0x40 0x34f6 0x8e40007 0x0 0x68 0x34f6 0x8f90005 0x0 0x20d69bb9eb0 0x34f6 0x0 0x0 0x8fc0003 0x34f6 0x48 0x9140005 0x0 0x0 0x0 0x0 0x0 0x91e0007 0x102c 0x68 0x34f6 0x9290005 0x34f6 0x0 0x0 0x0 0x0 0x92e0003 0x34f6 0xfffffffffffffe78 0x9340003 0x102c 0xfffffffffffffe60 0x9390007 0x47576 0x70 0x0 0x9430007 0x0 0x50 0x0 0x94e0005 0x0 0x0 0x0 0x0 0x0 0x9610008 0x1bc 0x0 0x1e50 0x2d0 0xdf0 0x762 0xdf0 0x44 0xdf0 0xfcd 0xdf0 0xbf9 0xdf0 0x2e2 0xdf0 0x17b 0xdf0 0xd6 0xdf0 0x113 0xdf0 0x1d 0xdf0 0xb 0xdf0 0x0 0xdf0 0x0 0xdf0 0x0 0xdf0 0x4 0xdf0 0x1 0xdf0 0x3c9 0x1668 0x166 0x16b0 0x2254 0x1728 0xb4d 0x17a0 0x39 0x17a0 0x6c3 0x1620 0x55 0x1620 0x0 0x1620 0x2 0x1620 0x4aa5 0x1620 0x2a 0xe38 0x1fc 0xe38 0x3ba 0xe38 0x2f2 0xe38 0x3 0xe38 0x3f 0xe38 0x30 0xe38 0x30 0xe38 0x0 0xe38 0x0 0xe38 0x0 0xe38 0x0 0xe38 0x0 0xe38 0x7 0xe38 0x0 0xe38 0x0 0xe38 0x8868 0xe38 0x45db 0xe38 0x2883 0xe38 0x1a05 0xe38 0x36 0xdf0 0x0 0xdf0 0x0 0xdf0 0x0 0xdf0 0x8e 0xdf0 0x1 0xdf0 0x0 0xdf0 0x0 0xdf0 0x77a 0x1620 0x29 0x1620 0x0 0x1620 0x0 0x1620 0x1c53 0x1620 0x3 0xe80 0xf7 0xe80 0xce 0xe80 0xfe 0xe80 0x0 0xe80 0x7 0xe80 0xe 0xe80 0x11 0xe80 0x0 0xe80 0x0 0xe80 0x0 0xe80 0x0 0xe80 0x0 0xe80 0x1 0xe80 0x0 0xe80 0x0 0xe80 0x9e 0xe80 0x3fc 0xe80 0x7ec 0xe80 0x768 0xe80 0x93 0xdf0 0x0 0xdf0 0x0 0xdf0 0x0 0xdf0 0x6f9 0xdf0 0x0 0xdf0 0x0 0xdf0 0x0 0xdf0 0xb26 0xdf0 0x9 0xdf0 0x248f 0xdf0 0xc 0xdf0 0x0 0xdf0 0x0 0xdf0 0x0 0xdf0 0x0 0xdf0 0x33 0xdf0 0x11b 0xdf0 0x9 0xdf0 0x0 0xdf0 0x0 0xdf0 0x62 0xdf0 0xe 0xdf0 0x0 0xdf0 0x0 0xdf0 0xb8 0xdf0 0x1 0xdf0 0x0 0xdf0 0x3 0xdf0 0x4 0xdf0 0x5 0xdf0 0x0 0xdf0 0x3 0xdf0 0x1 0xdf0 0x0 0xdf0 0x0 0xdf0 0x0 0xdf0 0x2 0xdf0 0x0 0xdf0 0x0 0xdf0 0x0 0xdf0 0x0 0xdf0 0x0 0xdf0 0x0 0xdf0 0x0 0xdf0 0x0 0xdf0 0x0 0xdf0 0xc5 0xdf0 0x0 0xdf0 0x2e 0xdf0 0x0 0xdf0 0xe 0xdf0 0x0 0xdf0 0xe7 0x1d90 0x13 0xdf0 0x0 0xdf0 0x1 0xdf0 0x2 0xdf0 0x0 0xdf0 0x5 0xdf0 0x0 0xdf0 0x0 0xdf0 0x0 0xdf0 0x1 0xdf0 0x2 0xdf0 0x0 0xdf0 0x3 0xdf0 0x0 0xdf0 0x0 0xdf0 0x2c 0xdf0 0x0 0xdf0 0x0 0xdf0 0x5 0xdf0 0x1 0xdf0 0x1353 0xec8 0x5eb 0xec8 0x1d 0xec8 0x23 0xec8 0x9 0xec8 0x41 0xec8 0x17a 0xec8 0x206 0xec8 0xa 0xec8 0xe3 0xec8 0xf 0xec8 0x3c 0xec8 0xf0 0xec8 0x23c 0xec8 0x102a 0xec8 0x0 0xec8 0x0 0x1620 0x95 0x1340 0x3c 0x14b0 0xad5 0xdf0 0x41 0xdf0 0x1 0xdf0 0x7 0xdf0 0x278d 0xdf0 0x1c12 0xdf0 0xbf4 0x1848 0x313 0x1848 0x41bd 0x1848 0x200f 0x1848 0x4e16 0x1848 0x3381 0x1848 0x27ec 0x1848 0x4702 0x1848 0x60e 0x1a58 0x1a31 0x1d18 0x2e 0x1668 0x330 0x1d18 0xbd 0xdf0 0x552 0xdf0 0x19d8 0x1d18 0x2fc 0x1d18 0x3d 0xdf0 0x85 0xdf0 0x0 0x1200 0x0 0x1dd8 0x4b2 0xec8 0x350 0xec8 0x0 0xf40 0x0 0xf40 0x0 0xfb8 0x0 0xfb8 0x0 0xfb8 0x0 0xfb8 0x0 0xfb8 0x0 0xfb8 0x0 0xfb8 0x0 0xfb8 0x0 0xfb8 0x0 0xfb8 0x0 0xfb8 0x0 0xfb8 0x0 0xfb8 0x0 0xfb8 0x0 0xfb8 0x0 0xfb8 0x0 0xfb8 0x0 0xfb8 0x0 0x1188 0xce70005 0x0 0x20d69bb9eb0 0xbe3e 0x0 0x0 0xced0003 0xbe3e 0x1040 0xcff0005 0x0 0x20d69bb9eb0 0x11a46 0x0 0x0 0xd050003 0x11a46 0xff8 0xd170005 0x0 0x20d69bb9eb0 0x16db 0x0 0x0 0xd1d0003 0x16db 0xfb0 0xd2c0005 0x0 0x20d69bb4b78 0x39d8 0x0 0x0 0xd310005 0x0 0x20d69bb9eb0 0x39d8 0x0 0x0 0xd370003 0x39d8 0xf38 0xd490005 0x0 0x0 0x0 0x0 0x0 0xd4e0005 0x0 0x0 0x0 0x0 0x0 0xd540003 0x0 0xec0 0xd5c0007 0x0 0x38 0x0 0xd640003 0x0 0x18 0xd770005 0x0 0x0 0x0 0x0 0x0 0xd830007 0x0 0x40 0x0 0xd8b0007 0x0 0x68 0x0 0xd960005 0x0 0x0 0x0 0x0 0x0 0xd990003 0x0 0xe0 0xda10007 0x0 0x38 0x0 0xdac0003 0x0 0x18 0xdbc0005 0x0 0x0 0x0 0x0 0x0 0xdc60005 0x0 0x0 0x0 0x0 0x0 0xdcf0005 0x0 0x0 0x0 0x0 0x0 0xdd80003 0x0 0xcf0 0xde80005 0x0 0x0 0x0 0x0 0x0 0xded0005 0x0 0x0 0x0 0x0 0x0 0xdf60003 0x0 0xc78 0xe0b0007 0x0 0xc8 0x0 0xe140005 0x0 0x0 0x0 0x0 0x0 0xe1c0005 0x0 0x0 0x0 0x0 0x0 0xe1f0005 0x0 0x0 0x0 0x0 0x0 0xe250003 0x0 0xbb0 0xe300005 0x0 0x0 0x0 0x0 0x0 0xe330005 0x0 0x0 0x0 0x0 0x0 0xe390003 0x0 0xb38 0xe4e0005 0x0 0x20d69bb4b78 0x95 0x0 0x0 0xe5a0005 0x0 0x20d69bb4b78 0x95 0x0 0x0 0xe650005 0x0 0x20d69bb4b78 0x95 0x0 0x0 0xe810007 0x95 0x98 0x21e 0xe8f0005 0x0 0x20d69bb4b78 0x21e 0x0 0x0 0xe940004 0x0 0x20d69bb9f58 0x21e 0x0 0x0 0xe9b0003 0x21e 0xffffffffffffff80 0xea70005 0x0 0x20d69bb9eb0 0x95 0x0 0x0 0xeaa0003 0x95 0x9c8 0xebf0005 0x0 0x20d69bb4b78 0x3c 0x0 0x0 0xecb0005 0x0 0x20d69bb4b78 0x3c 0x0 0x0 0xee70007 0x3c 0xc8 0xa4 0xef10005 0x0 0x20d69bb4b78 0xa4 0x0 0x0 0xf020005 0x0 0x20d69bb4b78 0xa4 0x0 0x0 0xf070004 0x0 0x20d69bb9f58 0xa4 0x0 0x0 0xf0e0003 0xa4 0xffffffffffffff50 0xf180005 0x0 0x20d69bb9eb0 0x3c 0x0 0x0 0xf1b0003 0x3c 0x858 0xf2c0005 0x0 0x20d69bb9eb0 0x75b5 0x0 0x0 0xf320003 0x75b5 0x810 0xf3f0005 0x0 0x20d69bb9eb0 0x3f7 0x0 0x0 0xf450003 0x3f7 0x7c8 0xf500005 0x0 0x20d69bb4b78 0x166 0x0 0x0 0xf530005 0x0 0x20d69bb9eb0 0x166 0x0 0x0 0xf590003 0x166 0x750 0xf6b0005 0x0 0x20d69bb4b78 0x2254 0x0 0x0 0xf6e0005 0x0 0x20d69bb9eb0 0x2254 0x0 0x0 0xf740003 0x2254 0x6d8 0xf7e0005 0x0 0x20d69bb4b78 0xb86 0x0 0x0 0xf830005 0x0 0x20d69bb4b78 0xb86 0x0 0x0 0xf860005 0x0 0x20d69bb9eb0 0xb86 0x0 0x0 0xf8c0003 0xb86 0x630 0xf980005 0x0 0x20d69bb4b78 0x16158 0x0 0x0 0xfa70005 0x0 0x20d69bb4b78 0x16158 0x0 0x0 0xfb20005 0x0 0x20d69bb4b78 0x16158 0x0 0x0 0xfbc0005 0x0 0x20d69bb4b78 0x16158 0x0 0x0 0xfc80005 0x0 0x20d69bb4b78 0x16158 0x0 0x0 0xfd20007 0xf085 0x68 0x70d3 0xfde0005 0x0 0x20d69bb9eb0 0x70d3 0x0 0x0 0xfe10003 0x70d3 0x80 0xfed0007 0xa8fa 0x38 0x478b 0xff10003 0x478b 0x18 0x10020005 0x0 0x20d69bb9eb0 0xf085 0x0 0x0 0x100a0007 0x11a56 0x38 0x4702 0x10100003 0x4702 0x438 0x10160003 0x11a56 0x420 0x10220005 0x0 0x20d69bb4b78 0x60e 0x0 0x0 0x10310005 0x0 0x20d69bb4b78 0x60e 0x0 0x0 0x103c0005 0x0 0x20d69bb4b78 0x60e 0x0 0x0 0x10480005 0x0 0x20d69bb4b78 0x60e 0x0 0x0 0x10540005 0x0 0x20d69bb4b78 0x60e 0x0 0x0 0x105e0005 0x0 0x20d69bb4b78 0x60e 0x0 0x0 0x10630005 0x0 0x20d69bb4b78 0x60e 0x0 0x0 0x10660004 0x0 0x20d69bba000 0x60e 0x0 0x0 0x10700005 0x0 0x20d69bb4b78 0x60e 0x0 0x0 0x10830007 0x60e 0xc8 0x1118 0x108e0005 0x0 0x20d69bb4b78 0x1118 0x0 0x0 0x10930005 0x0 0x20d69bb4b78 0x1118 0x0 0x0 0x10960004 0xb9 0x20d69bba0a8 0xaea 0x20d69bba000 0x575 0x109d0003 0x1118 0xffffffffffffff50 0x10a90005 0x0 0x20d69bb9eb0 0x60e 0x0 0x0 0x10af0003 0x60e 0x160 0x10bc0005 0x0 0x20d69bb4b78 0x3a35 0x0 0x0 0x10bf0005 0x0 0x20d69bb9eb0 0x3a35 0x0 0x0 0x10c50003 0x3a35 0xe8 0x10db0005 0x0 0x20d69bb9eb0 0xe7 0x0 0x0 0x10e10003 0xe7 0xa0 0x10ec0005 0x0 0x0 0x0 0x0 0x0 0x10fa0005 0x0 0x0 0x0 0x0 0x0 0x11000003 0x0 0x28 0x11070002 0x0 0x110d0007 0x474fa 0x188 0x7f 0x11150007 0x7c 0x168 0x3 0x111c0007 0x0 0x148 0x3 0x11230007 0x3 0xe0 0x0 0x112d0005 0x0 0x0 0x0 0x0 0x0 0x11370005 0x0 0x0 0x0 0x0 0x0 0x114c0005 0x0 0x0 0x0 0x0 0x0 0x11540005 0x0 0x0 0x0 0x0 0x0 0x11600005 0x3 0x0 0x0 0x0 0x0 0x11650003 0x3 0xfffffffffffffe90 0x116a0007 0x47576 0x188 0x0 0x11720007 0x0 0x168 0x0 0x11790007 0x0 0x148 0x0 0x11800007 0x0 0xe0 0x0 0x118a0005 0x0 0x0 0x0 0x0 0x0 0x11940005 0x0 0x0 0x0 0x0 0x0 0x11a90005 0x0 0x0 0x0 0x0 0x0 0x11b10005 0x0 0x0 0x0 0x0 0x0 0x11bd0005 0x0 0x0 0x0 0x0 0x0 0x11c20003 0x0 0xfffffffffffffe90 0x11c50003 0x47576 0xffffffffffffdb90 0x11cd0007 0x2e6 0x50 0x429f 0x11d60005 0x0 0x20d69bb9eb0 0x429f 0x0 0x0 0x11db0007 0x2c8 0x390 0x42bd 0x11e40007 0x0 0x370 0x42bd 0x11ec0007 0x371c 0xe8 0xba1 0x11f20005 0x0 0x20d69bb4b78 0xba1 0x0 0x0 0x12080007 0xba1 0x98 0x1215 0x12250005 0x0 0x20d69bb4b78 0x1215 0x0 0x0 0x12330005 0x0 0x20d69bb4b78 0x1215 0x0 0x0 0x123a0003 0x1215 0xffffffffffffff80 0x12400005 0x0 0x20d69bb4b78 0x42bd 0x0 0x0 0x12500007 0x42bd 0x238 0xb925 0x12560005 0x0 0x20d69bb4b78 0xb925 0x0 0x0 0x12600005 0x0 0x20d69bb4b78 0xb925 0x0 0x0 0x126c0005 0x0 0x20d69bb4b78 0xb925 0x0 0x0 0x12790005 0x0 0x20d69bb4b78 0xb925 0x0 0x0 0x12840005 0x0 0x20d69bb4b78 0xb925 0x0 0x0 0x12910007 0x84f1 0xe0 0x3434 0x129c0007 0x221f 0xc0 0x5bd8 0x12a60007 0x2d07 0x88 0x2ed1 0x12b20007 0x1cbc 0x68 0x1215 0x12bf0005 0x0 0x20d69bb4b78 0x1215 0x0 0x0 0x12c40003 0x1215 0x30 0x12ca0003 0x49c3 0xffffffffffffff58 0x12e30005 0x0 0x20d69bb9eb0 0xb925 0x0 0x0 0x12e60003 0xb925 0xfffffffffffffde0 0x12eb0007 0x4582 0x188 0x3 0x12fe0007 0x3 0x168 0x3 0x130b0005 0x0 0x20d69bb4b78 0x3 0x0 0x0 0x13140007 0x3 0x40 0x0 0x131b0007 0x0 0xe0 0x0 0x13220005 0x3 0x0 0x0 0x0 0x0 0x132c0005 0x0 0x20d69bb4b78 0x3 0x0 0x0 0x134d0005 0x0 0x20d69bb9eb0 0x3 0x0 0x0 0x13550005 0x3 0x0 0x0 0x0 0x0 0x135c0003 0x3 0xfffffffffffffeb0 0x13610007 0x4585 0x188 0x0 0x13740007 0x0 0x168 0x0 0x13810005 0x0 0x0 0x0 0x0 0x0 0x138a0007 0x0 0x40 0x0 0x13910007 0x0 0xe0 0x0 0x13980005 0x0 0x0 0x0 0x0 0x0 0x13a20005 0x0 0x0 0x0 0x0 0x0 0x13c30005 0x0 0x0 0x0 0x0 0x0 0x13cb0005 0x0 0x0 0x0 0x0 0x0 0x13d20003 0x0 0xfffffffffffffeb0 0x13d70007 0x4585 0x68 0x0 0x13ea0005 0x0 0x0 0x0 0x0 0x0 0x13f10003 0x0 0xffffffffffffffb0 0x13f90005 0x0 0x20d69bb9eb0 0x4585 0x0 0x0 0x0 0x0 0x0 0x0 0x0 0x0 0x0 0x0 0x0 0x0 0x0 0x0 0x0 0x0 0x0 0x0 0x0 0x0 0x0 0x0 0x0 0x0 0x0 0x0 0x0 0x0 0x0 0x0 0x0 0x0 0x0 0x0 0x0 0x0 0x0 0x0 0x0 0x0 0x0 0x0 0x0 0x0 0x0 0x0 0x0 0x0 0x0 0x0 0x0 0x0 0x0 0x0 0x0 0x0 0x0 0x0 0x0 0x0 0x0 0x0 0x0 0x0 0x0 0x0 0x0 0x0 0x0 0x0 0x0 0x0 0x0 0x0 0x0 0x0 0x0 0x0 0x9 0x4 0x0 0x0 0x0 0x0 oops 104 2 org/objectweb/asm/ClassReader 8 org/objectweb/asm/ClassReader 14 org/objectweb/asm/ClassReader 479 org/objectweb/asm/ClassReader 560 org/objectweb/asm/ClassReader 572 org/objectweb/asm/ClassReader 578 org/objectweb/asm/ClassReader 588 org/objectweb/asm/ClassReader 603 org/objectweb/asm/ClassReader 615 org/objectweb/asm/ClassReader 625 org/objectweb/asm/ClassReader 657 org/objectweb/asm/ClassReader 667 org/objectweb/asm/ClassReader 679 org/objectweb/asm/ClassReader 691 org/objectweb/asm/ClassReader 703 org/objectweb/asm/ClassReader 709 org/objectweb/asm/ClassReader 715 org/gradle/api/internal/runtimeshaded/RuntimeShadedJarCreator$ShadingClassRemapper$1 724 org/objectweb/asm/ClassReader 734 org/objectweb/asm/ClassReader 740 org/objectweb/asm/ClassReader 746 java/lang/String 760 org/objectweb/asm/ClassReader 770 org/objectweb/asm/ClassReader 782 org/objectweb/asm/ClassReader 800 java/lang/String 813 java/lang/String 827 org/objectweb/asm/ClassReader 837 org/objectweb/asm/ClassReader 843 org/objectweb/asm/ClassReader 855 org/objectweb/asm/Label 867 java/lang/String 886 java/lang/String 905 java/lang/String 977 org/objectweb/asm/ClassReader 1041 org/objectweb/asm/ClassReader 1058 org/objectweb/asm/Label 1088 org/gradle/api/internal/runtimeshaded/RuntimeShadedJarCreator$ShadingClassRemapper$1 1579 org/gradle/api/internal/runtimeshaded/RuntimeShadedJarCreator$ShadingClassRemapper$1 1588 org/gradle/api/internal/runtimeshaded/RuntimeShadedJarCreator$ShadingClassRemapper$1 1597 org/gradle/api/internal/runtimeshaded/RuntimeShadedJarCreator$ShadingClassRemapper$1 1606 org/objectweb/asm/ClassReader 1612 org/gradle/api/internal/runtimeshaded/RuntimeShadedJarCreator$ShadingClassRemapper$1 1749 org/objectweb/asm/ClassReader 1755 org/objectweb/asm/ClassReader 1761 org/objectweb/asm/ClassReader 1771 org/objectweb/asm/ClassReader 1777 org/objectweb/asm/Label 1786 org/gradle/api/internal/runtimeshaded/RuntimeShadedJarCreator$ShadingClassRemapper$1 1795 org/objectweb/asm/ClassReader 1801 org/objectweb/asm/ClassReader 1811 org/objectweb/asm/ClassReader 1817 org/objectweb/asm/ClassReader 1823 org/objectweb/asm/Label 1832 org/gradle/api/internal/runtimeshaded/RuntimeShadedJarCreator$ShadingClassRemapper$1 1841 org/gradle/api/internal/runtimeshaded/RuntimeShadedJarCreator$ShadingClassRemapper$1 1850 org/gradle/api/internal/runtimeshaded/RuntimeShadedJarCreator$ShadingClassRemapper$1 1859 org/objectweb/asm/ClassReader 1865 org/gradle/api/internal/runtimeshaded/RuntimeShadedJarCreator$ShadingClassRemapper$1 1874 org/objectweb/asm/ClassReader 1880 org/gradle/api/internal/runtimeshaded/RuntimeShadedJarCreator$ShadingClassRemapper$1 1889 org/objectweb/asm/ClassReader 1895 org/objectweb/asm/ClassReader 1901 org/gradle/api/internal/runtimeshaded/RuntimeShadedJarCreator$ShadingClassRemapper$1 1910 org/objectweb/asm/ClassReader 1916 org/objectweb/asm/ClassReader 1922 org/objectweb/asm/ClassReader 1928 org/objectweb/asm/ClassReader 1934 org/objectweb/asm/ClassReader 1944 org/gradle/api/internal/runtimeshaded/RuntimeShadedJarCreator$ShadingClassRemapper$1 1960 org/gradle/api/internal/runtimeshaded/RuntimeShadedJarCreator$ShadingClassRemapper$1 1976 org/objectweb/asm/ClassReader 1982 org/objectweb/asm/ClassReader 1988 org/objectweb/asm/ClassReader 1994 org/objectweb/asm/ClassReader 2000 org/objectweb/asm/ClassReader 2006 org/objectweb/asm/ClassReader 2012 org/objectweb/asm/ClassReader 2018 org/objectweb/asm/Handle 2024 org/objectweb/asm/ClassReader 2034 org/objectweb/asm/ClassReader 2040 org/objectweb/asm/ClassReader 2046 org/objectweb/asm/Type 2048 org/objectweb/asm/Handle 2055 org/gradle/api/internal/runtimeshaded/RuntimeShadedJarCreator$ShadingClassRemapper$1 2064 org/objectweb/asm/ClassReader 2070 org/gradle/api/internal/runtimeshaded/RuntimeShadedJarCreator$ShadingClassRemapper$1 2079 org/gradle/api/internal/runtimeshaded/RuntimeShadedJarCreator$ShadingClassRemapper$1 2210 org/gradle/api/internal/runtimeshaded/RuntimeShadedJarCreator$ShadingClassRemapper$1 2228 org/objectweb/asm/ClassReader 2238 org/objectweb/asm/ClassReader 2244 org/objectweb/asm/ClassReader 2253 org/objectweb/asm/ClassReader 2263 org/objectweb/asm/ClassReader 2269 org/objectweb/asm/ClassReader 2275 org/objectweb/asm/ClassReader 2281 org/objectweb/asm/ClassReader 2287 org/objectweb/asm/ClassReader 2309 org/objectweb/asm/ClassReader 2321 org/gradle/api/internal/runtimeshaded/RuntimeShadedJarCreator$ShadingClassRemapper$1 2338 org/objectweb/asm/ClassReader 2358 org/objectweb/asm/ClassReader 2364 org/gradle/api/internal/runtimeshaded/RuntimeShadedJarCreator$ShadingClassRemapper$1 2441 org/gradle/api/internal/runtimeshaded/RuntimeShadedJarCreator$ShadingClassRemapper$1 methods 0
ciMethodData org/objectweb/asm/ClassReader createLabel (I[Lorg/objectweb/asm/Label;)Lorg/objectweb/asm/Label; 2 32714 orig 80 0 0 0 0 0 0 0 0 0 0 0 0 0 0 0 0 0 0 0 0 0 0 0 0 0 0 0 0 0 0 0 0 0 0 0 0 0 0 0 0 0 0 0 0 0 0 0 0 0 0 0 0 0 0 0 0 0 0 0 0 0 0 0 0 0 0 0 0 0 0 0 0 0 0 0 0 0 0 0 0 data 17 0x30005 0x0 0x20d69bb4b78 0x7fca 0x0 0x0 0x0 0x0 0x0 0x0 0x0 0x0 0x9 0x3 0x0 0x0 0x0 oops 1 2 org/objectweb/asm/ClassReader methods 0
ciMethodData org/objectweb/asm/ClassReader readShort (I)S 2 33138 orig 80 0 0 0 0 0 0 0 0 0 0 0 0 0 0 0 0 0 0 0 0 0 0 0 0 0 0 0 0 0 0 0 0 0 0 0 0 0 0 0 0 0 0 0 0 0 0 0 0 0 0 0 0 0 0 0 0 0 0 0 0 0 0 0 0 0 0 0 0 0 0 0 0 0 0 0 0 0 0 0 0 data 8 0x0 0x0 0x0 0x0 0x9 0x2 0x0 0x0 oops 0 methods 0
ciMethodData org/objectweb/asm/ClassReader readTypeAnnotations (Lorg/objectweb/asm/MethodVisitor;Lorg/objectweb/asm/Context;IZ)[I 1 3 orig 80 0 0 0 0 0 0 0 0 0 0 0 0 0 0 0 0 0 0 0 0 0 0 0 0 0 0 0 0 0 0 0 0 0 0 0 0 0 0 0 0 0 0 0 0 0 0 0 0 0 0 0 0 0 0 0 0 0 0 0 0 0 0 0 0 0 0 0 0 0 0 0 0 0 0 0 0 0 0 0 0 data 279 0xc0005 0x0 0x20d69bb4b78 0x3 0x0 0x0 0x1e0007 0x3 0x820 0x3 0x2b0005 0x0 0x20d69bb4b78 0x3 0x0 0x0 0x350008 0x9a 0x0 0x638 0x0 0x638 0x0 0x638 0x0 0x638 0x0 0x638 0x0 0x638 0x0 0x638 0x0 0x638 0x0 0x638 0x0 0x638 0x0 0x638 0x0 0x638 0x0 0x638 0x0 0x638 0x0 0x638 0x0 0x638 0x0 0x638 0x0 0x620 0x0 0x620 0x0 0x620 0x0 0x638 0x0 0x638 0x0 0x638 0x0 0x638 0x0 0x620 0x0 0x638 0x0 0x638 0x0 0x638 0x0 0x638 0x0 0x638 0x0 0x638 0x0 0x638 0x0 0x638 0x0 0x638 0x0 0x638 0x0 0x638 0x0 0x638 0x0 0x638 0x0 0x638 0x0 0x638 0x0 0x638 0x0 0x638 0x0 0x638 0x0 0x638 0x0 0x638 0x0 0x638 0x0 0x638 0x0 0x638 0x0 0x638 0x0 0x638 0x0 0x638 0x0 0x638 0x0 0x638 0x0 0x638 0x0 0x638 0x0 0x638 0x0 0x638 0x0 0x638 0x0 0x638 0x0 0x638 0x0 0x638 0x0 0x638 0x0 0x638 0x0 0x638 0x0 0x638 0x3 0x4e0 0x0 0x4e0 0x0 0x620 0x0 0x620 0x0 0x620 0x0 0x620 0x0 0x620 0x0 0x608 0x0 0x608 0x0 0x608 0x0 0x608 0x0 0x608 0x1790005 0x0 0x20d69bb4b78 0x3 0x0 0x0 0x1860007 0x3 0x138 0x3 0x18c0005 0x0 0x20d69bb4b78 0x3 0x0 0x0 0x1960005 0x0 0x20d69bb4b78 0x3 0x0 0x0 0x1a50005 0x3 0x0 0x0 0x0 0x0 0x1b30005 0x3 0x0 0x0 0x0 0x0 0x1b70003 0x3 0xffffffffffffff20 0x1bd0003 0x0 0x40 0x1c30003 0x0 0x28 0x1ca0002 0x0 0x1d10005 0x0 0x20d69bb4b78 0x3 0x0 0x0 0x1dd0007 0x3 0x110 0x0 0x1e20007 0x0 0x38 0x0 0x1e60003 0x0 0x28 0x1f30002 0x0 0x2080005 0x0 0x0 0x0 0x0 0x0 0x21e0005 0x0 0x0 0x0 0x0 0x0 0x2260005 0x0 0x0 0x0 0x0 0x0 0x22b0003 0x0 0x48 0x2400005 0x3 0x0 0x0 0x0 0x0 0x2480003 0x3 0xfffffffffffff7f8 0x0 0x0 0x0 0x0 0x0 0x0 0x9 0x5 0x0 0x0 0x0 0x0 0x0 oops 6 2 org/objectweb/asm/ClassReader 12 org/objectweb/asm/ClassReader 174 org/objectweb/asm/ClassReader 184 org/objectweb/asm/ClassReader 190 org/objectweb/asm/ClassReader 219 org/objectweb/asm/ClassReader methods 0
ciMethodData org/objectweb/asm/ClassReader computeImplicitFrame (Lorg/objectweb/asm/Context;)V 2 4182 orig 80 0 0 0 0 0 0 0 0 0 0 0 0 0 0 0 0 0 0 0 0 0 0 0 0 0 0 0 0 0 0 0 0 0 0 0 0 0 0 0 0 0 0 0 0 0 0 0 0 0 0 0 0 0 0 0 0 0 0 0 0 0 0 0 0 0 0 0 0 0 0 0 0 0 0 0 0 0 0 0 0 data 225 0x140007 0x2ee 0x118 0xd68 0x1e0005 0x7d 0x20d63415958 0xceb 0x0 0x0 0x210007 0xd11 0x68 0x57 0x2d0004 0x0 0x20d634196c0 0x57 0x0 0x0 0x2e0003 0x57 0x78 0x420005 0x0 0x20d69bb4b78 0xd11 0x0 0x0 0x450004 0x0 0x20d63415958 0xd11 0x0 0x0 0x530005 0xf2 0x20d63415958 0x28b5 0x0 0x0 0x560008 0x36 0x1056 0x558 0x0 0x1c0 0x2 0x1c0 0x4 0x298 0x0 0x558 0x0 0x208 0x0 0x558 0x0 0x558 0x99 0x1c0 0x15 0x250 0x0 0x558 0x17af 0x478 0x0 0x558 0x0 0x558 0x0 0x558 0x0 0x558 0x0 0x558 0x0 0x558 0x0 0x1c0 0x0 0x558 0x0 0x558 0x0 0x558 0x0 0x558 0x0 0x558 0x0 0x558 0xbd 0x1c0 0x31 0x2e0 0xd50004 0x0 0x20d634196c0 0x158 0x0 0x0 0xd60003 0x158 0x368 0xe20004 0x0 0x0 0x0 0x0 0x0 0xe30003 0x0 0x320 0xef0004 0x0 0x20d634196c0 0x15 0x0 0x0 0xf00003 0x15 0x2d8 0xfc0004 0x0 0x20d634196c0 0x4 0x0 0x0 0xfd0003 0x4 0x290 0x1030005 0x0 0x20d63415958 0x31 0x0 0x0 0x1080007 0x31 0x38 0x0 0x10e0003 0x0 0xffffffffffffffb0 0x1140005 0x0 0x20d63415958 0x31 0x0 0x0 0x1190007 0x8 0x88 0x29 0x1220005 0x0 0x20d63415958 0x4f4 0x0 0x0 0x1270007 0x29 0x38 0x4cb 0x12d0003 0x4cb 0xffffffffffffffb0 0x13e0005 0x0 0x20d63415958 0x31 0x0 0x0 0x1410004 0x0 0x20d63415958 0x31 0x0 0x0 0x1420003 0x31 0xf8 0x1480005 0xebd 0x20d63415958 0x3e18a 0x0 0x0 0x14d0007 0x17af 0x38 0x3d898 0x1530003 0x3d898 0xffffffffffffffb0 0x1660005 0x5e 0x20d63415958 0x1751 0x0 0x0 0x1690004 0x0 0x20d63415958 0x17af 0x0 0x0 0x16a0003 0x17af 0x18 0x1740003 0x1951 0xfffffffffffffa78 0x0 0x0 0x0 0x0 0x0 0x0 0x9 0x2 0x0 0x0 oops 16 6 java/lang/String 16 java/lang/Integer 25 org/objectweb/asm/ClassReader 31 java/lang/String 37 java/lang/String 99 java/lang/Integer 117 java/lang/Integer 126 java/lang/Integer 135 java/lang/String 148 java/lang/String 158 java/lang/String 171 java/lang/String 177 java/lang/String 186 java/lang/String 199 java/lang/String 205 java/lang/String methods 0
ciMethodData org/objectweb/asm/ClassReader getTypeAnnotationBytecodeOffset ([II)I 2 35321 orig 80 0 0 0 0 0 0 0 0 0 0 0 0 0 0 0 0 0 0 0 0 0 0 0 0 0 0 0 0 0 0 0 0 0 0 0 0 0 0 0 0 0 0 0 0 0 0 0 0 0 0 0 0 0 0 0 0 0 0 0 0 0 0 0 0 0 0 0 0 0 0 0 0 0 0 0 0 0 0 0 0 data 35 0x10007 0x89f3 0x90 0x6 0x70007 0x3 0x70 0x3 0xe0005 0x0 0x20d69bb4b78 0x3 0x0 0x0 0x130007 0x0 0x20 0x3 0x1e0005 0x0 0x0 0x0 0x0 0x0 0x0 0x0 0x0 0x0 0x0 0x0 0x9 0x3 0x0 0x0 0x0 oops 1 10 org/objectweb/asm/ClassReader methods 0
ciMethodData org/objectweb/asm/ClassReader readByte (I)I 2 13859 orig 80 0 0 0 0 0 0 0 0 0 0 0 0 0 0 0 0 0 0 0 0 0 0 0 0 0 0 0 0 0 0 0 0 0 0 0 0 0 0 0 0 0 0 0 0 0 0 0 0 0 0 0 0 0 0 0 0 0 0 0 0 0 0 0 0 0 0 0 0 0 0 0 0 0 0 0 0 0 0 0 0 data 8 0x0 0x0 0x0 0x0 0x9 0x2 0x0 0x0 oops 0 methods 0
ciMethodData org/objectweb/asm/ClassReader readStackMapFrame (IZZLorg/objectweb/asm/Context;)I 2 13695 orig 80 0 0 0 0 0 0 0 0 0 0 0 0 0 0 0 0 0 0 0 0 0 0 0 0 0 0 0 0 0 0 0 0 0 0 0 0 0 0 0 0 0 0 0 0 0 0 0 0 0 0 0 0 0 0 0 0 0 0 0 0 0 0 0 0 0 0 0 0 0 0 0 0 0 0 0 0 0 0 0 0 data 166 0x120007 0x0 0x38 0x357f 0x250003 0x357f 0x18 0x3d0007 0x1e5d 0x38 0x1722 0x500003 0x1722 0x3f8 0x580007 0x17f3 0x68 0x66a 0x6f0005 0x66a 0x0 0x0 0x0 0x0 0x800003 0x66a 0x390 0x880007 0x0 0x368 0x17f3 0x8e0005 0x0 0x20d69bb4b78 0x17f3 0x0 0x0 0x9b0007 0x17e8 0x68 0xb 0xab0005 0xb 0x0 0x0 0x0 0x0 0xbc0003 0xb 0x2d8 0xc40007 0x0 0x58 0x17e8 0xcc0007 0x1241 0x38 0x5a7 0xf50003 0x5a7 0x280 0xfd0007 0x116a 0x38 0xd7 0x10c0003 0xd7 0x248 0x1140007 0x6c8 0xd8 0xaa2 0x1180007 0x0 0x38 0xaa2 0x1200003 0xaa2 0x18 0x1300007 0xaa2 0x68 0xfab 0x1440005 0xfab 0x0 0x0 0x0 0x0 0x14c0003 0xfab 0xffffffffffffffb0 0x1750003 0xaa2 0x170 0x17b0005 0x0 0x20d69bb4b78 0x6c8 0x0 0x0 0x19e0007 0x6c8 0x68 0x44dd 0x1af0005 0x44dd 0x0 0x0 0x0 0x0 0x1b70003 0x44dd 0xffffffffffffffb0 0x1bd0005 0x0 0x20d69bb4b78 0x6c8 0x0 0x0 0x1d30007 0x6c8 0x68 0x611 0x1e40005 0x611 0x0 0x0 0x0 0x0 0x1ec0003 0x611 0xffffffffffffffb0 0x1ef0003 0x6c8 0x28 0x1f60002 0x0 0x2100005 0x357f 0x0 0x0 0x0 0x0 0x0 0x0 0x0 0x0 0x0 0x0 0x0 0x0 0x0 0x0 0x0 0x0 0x0 0x0 0x0 0x9 0x5 0x0 0x0 0x0 0x0 0x0 oops 3 33 org/objectweb/asm/ClassReader 97 org/objectweb/asm/ClassReader 116 org/objectweb/asm/ClassReader methods 0
ciMethodData org/objectweb/asm/ClassReader readConst (I[C)Ljava/lang/Object; 2 20237 orig 80 0 0 0 0 0 0 0 0 0 0 0 0 0 0 0 0 0 0 0 0 0 0 0 0 0 0 0 0 0 0 0 0 0 0 0 0 0 0 0 0 0 0 0 0 0 0 0 0 0 0 0 0 0 0 0 0 0 0 0 0 0 0 0 0 0 0 0 0 0 0 0 0 0 0 0 0 0 0 0 0 data 162 0xf0008 0x20 0x0 0x478 0x5a4 0x110 0x1 0x150 0x2a 0x1a0 0x12 0x1e0 0x58f 0x230 0x2c1f 0x270 0x0 0x478 0x0 0x478 0x0 0x478 0x0 0x478 0x0 0x478 0x0 0x478 0xc0c 0x2e0 0xb72 0x2a0 0x0 0x448 0x5a0005 0x0 0x20d69bb4b78 0x5a4 0x0 0x0 0x5d0002 0x5a4 0x630005 0x0 0x20d69bb4b78 0x1 0x0 0x0 0x660002 0x1 0x690002 0x1 0x6f0005 0x0 0x20d69bb4b78 0x2a 0x0 0x0 0x720002 0x2a 0x780005 0x0 0x20d69bb4b78 0x12 0x0 0x0 0x7b0002 0x12 0x7e0002 0x12 0x850005 0x0 0x20d69bb4b78 0x58f 0x0 0x0 0x880002 0x58f 0x8f0005 0x0 0x20d69bb4b78 0x2c1f 0x0 0x0 0x960005 0x0 0x20d69bb4b78 0xb72 0x0 0x0 0x990002 0xb72 0x9f0005 0x0 0x20d69bb4b78 0xc0c 0x0 0x0 0xac0005 0x0 0x20d69bb4b78 0xc0c 0x0 0x0 0xbb0005 0x0 0x20d69bb4b78 0xc0c 0x0 0x0 0xc50005 0x0 0x20d69bb4b78 0xc0c 0x0 0x0 0xce0005 0x0 0x20d69bb4b78 0xc0c 0x0 0x0 0xd90005 0x0 0x20d69bb4b78 0xc0c 0x0 0x0 0xe90007 0xb8b 0x38 0x81 0xed0003 0x81 0x18 0x1010002 0xc0c 0x1080005 0x0 0x0 0x0 0x0 0x0 0x1100002 0x0 0x0 0x0 0x0 0x0 0x0 0x0 0x0 0x0 0x0 0x0 0x0 0x0 0x9 0x3 0x0 0x0 0x0 oops 13 36 org/objectweb/asm/ClassReader 44 org/objectweb/asm/ClassReader 54 org/objectweb/asm/ClassReader 62 org/objectweb/asm/ClassReader 72 org/objectweb/asm/ClassReader 80 org/objectweb/asm/ClassReader 86 org/objectweb/asm/ClassReader 94 org/objectweb/asm/ClassReader 100 org/objectweb/asm/ClassReader 106 org/objectweb/asm/ClassReader 112 org/objectweb/asm/ClassReader 118 org/objectweb/asm/ClassReader 124 org/objectweb/asm/ClassReader methods 0
ciMethodData org/objectweb/asm/ClassReader readTypeAnnotationTarget (Lorg/objectweb/asm/Context;I)I 1 259 orig 80 0 0 0 0 0 0 0 0 0 0 0 0 0 0 0 0 0 0 0 0 0 0 0 0 0 0 0 0 0 0 0 0 0 0 0 0 0 0 0 0 0 0 0 0 0 0 0 0 0 0 0 0 0 0 0 0 0 0 0 0 0 0 0 0 0 0 0 0 0 0 0 0 0 0 0 0 0 0 0 0 data 266 0x40005 0x0 0x20d69bb4b78 0x103 0x0 0x0 0xe0008 0x9a 0x0 0x728 0x0 0x4e0 0x0 0x4e0 0x0 0x728 0x0 0x728 0x0 0x728 0x0 0x728 0x0 0x728 0x0 0x728 0x0 0x728 0x0 0x728 0x0 0x728 0x0 0x728 0x0 0x728 0x0 0x728 0x0 0x728 0x0 0x728 0x0 0x6f8 0x0 0x6f8 0x0 0x6f8 0x23 0x4f8 0x76 0x4f8 0x0 0x4f8 0x6a 0x4e0 0x0 0x6f8 0x0 0x728 0x0 0x728 0x0 0x728 0x0 0x728 0x0 0x728 0x0 0x728 0x0 0x728 0x0 0x728 0x0 0x728 0x0 0x728 0x0 0x728 0x0 0x728 0x0 0x728 0x0 0x728 0x0 0x728 0x0 0x728 0x0 0x728 0x0 0x728 0x0 0x728 0x0 0x728 0x0 0x728 0x0 0x728 0x0 0x728 0x0 0x728 0x0 0x728 0x0 0x728 0x0 0x728 0x0 0x728 0x0 0x728 0x0 0x728 0x0 0x728 0x0 0x728 0x0 0x728 0x0 0x728 0x0 0x728 0x0 0x728 0x0 0x728 0x0 0x728 0x0 0x728 0x0 0x728 0x0 0x510 0x0 0x510 0x0 0x6f8 0x0 0x710 0x0 0x710 0x0 0x710 0x0 0x710 0x0 0x6e0 0x0 0x6e0 0x0 0x6e0 0x0 0x6e0 0x0 0x6e0 0x1570003 0x6a 0x258 0x1650003 0x99 0x240 0x1740005 0x0 0x0 0x0 0x0 0x0 0x19d0007 0x0 0x188 0x0 0x1a20005 0x0 0x0 0x0 0x0 0x0 0x1ab0005 0x0 0x0 0x0 0x0 0x0 0x1b40005 0x0 0x0 0x0 0x0 0x0 0x1c90005 0x0 0x0 0x0 0x0 0x0 0x1cc0004 0x0 0x0 0x0 0x0 0x0 0x1dd0005 0x0 0x0 0x0 0x0 0x0 0x1e00004 0x0 0x0 0x0 0x0 0x0 0x1ed0003 0x0 0xfffffffffffffe90 0x1f00003 0x0 0x70 0x1fe0003 0x0 0x58 0x20c0003 0x0 0x40 0x21a0003 0x0 0x28 0x2210002 0x0 0x22d0005 0x0 0x20d69bb4b78 0x103 0x0 0x0 0x2350007 0x0 0x38 0x103 0x2390003 0x103 0x28 0x2450002 0x0 0x0 0x0 0x0 0x0 0x0 0x0 0x0 0x0 0x0 0x9 0x3 0x0 0x0 0x0 oops 2 2 org/objectweb/asm/ClassReader 239 org/objectweb/asm/ClassReader methods 0
ciMethodData org/objectweb/asm/ClassReader readElementValues (Lorg/objectweb/asm/AnnotationVisitor;IZ[C)I 2 5329 orig 80 0 0 0 0 0 0 0 0 0 0 0 0 0 0 0 0 0 0 0 0 0 0 0 0 0 0 0 0 0 0 0 0 0 0 0 0 0 0 0 0 0 0 0 0 0 0 0 0 0 0 0 0 0 0 0 0 0 0 0 0 0 0 0 0 0 0 0 0 0 0 0 0 0 0 0 0 0 0 0 0 data 65 0x60005 0x0 0x20d69bb4b78 0x14d1 0x0 0x0 0xf0007 0x3ce 0xb8 0x1103 0x170007 0x1103 0x100 0xb6a 0x1f0005 0x0 0x20d69bb4b78 0xb6a 0x0 0x0 0x2e0005 0xb6a 0x0 0x0 0x0 0x0 0x330003 0xb6a 0xffffffffffffff80 0x3b0007 0x3ce 0x68 0x279d 0x450005 0x279d 0x0 0x0 0x0 0x0 0x4a0003 0x279d 0xffffffffffffffb0 0x4e0007 0x0 0x50 0x14d1 0x520005 0x0 0x20d6a61b128 0x14d1 0x0 0x0 0x0 0x0 0x0 0x0 0x0 0x0 0x9 0x5 0x0 0x0 0x0 0x0 0x0 oops 3 2 org/objectweb/asm/ClassReader 16 org/objectweb/asm/ClassReader 48 org/objectweb/asm/commons/AnnotationRemapper methods 0
ciMethodData org/objectweb/asm/MethodVisitor visitMaxs (II)V 2 36994 orig 80 0 0 0 0 0 0 0 0 0 0 0 0 0 0 0 0 0 0 0 0 0 0 0 0 0 0 0 0 0 0 0 0 0 0 0 0 0 0 0 0 0 0 0 0 0 0 0 0 0 0 0 0 0 0 0 0 0 0 0 0 0 0 0 0 0 0 0 0 0 0 0 0 0 0 0 0 0 0 0 0 data 21 0x40007 0x0 0x50 0x9083 0xd0005 0x0 0x20d69df98b8 0x4842 0x20d69df9810 0x4841 0x0 0x0 0x0 0x0 0x0 0x0 0x9 0x3 0x0 0x0 0x0 oops 2 6 org/objectweb/asm/MethodWriter 8 org/objectweb/asm/commons/MethodRemapper methods 0
ciMethodData org/objectweb/asm/ClassReader readElementValue (Lorg/objectweb/asm/AnnotationVisitor;ILjava/lang/String;[C)I 2 12697 orig 80 0 0 0 0 0 0 0 0 0 0 0 0 0 0 0 0 0 0 0 0 0 0 0 0 0 0 0 0 0 0 0 0 0 0 0 0 0 0 0 0 0 0 0 0 0 0 0 0 0 0 0 0 0 0 0 0 0 0 0 0 0 0 0 0 0 0 0 0 0 0 0 0 0 0 0 0 0 0 0 0 data 693 0x40007 0x3199 0xd0 0x0 0x120008 0x8 0x0 0xb0 0x0 0x50 0x0 0x80 0x0 0x50 0x420005 0x0 0x0 0x0 0x0 0x0 0x4f0005 0x0 0x0 0x0 0x0 0x0 0x660008 0x6a 0x0 0x1390 0x0 0x8b8 0x0 0x1390 0x0 0x360 0x0 0x418 0x0 0x4d0 0x0 0x1390 0x0 0x4d0 0x0 0x1390 0x0 0x1390 0x3bd 0x4d0 0x0 0x4d0 0x0 0x1390 0x0 0x1390 0x0 0x1390 0x0 0x1390 0x0 0x1390 0x0 0x1390 0x0 0x1390 0x0 0x1390 0x0 0x578 0x0 0x1390 0x0 0x1390 0x0 0x1390 0x0 0x1390 0x0 0x1390 0x0 0x1390 0x1 0x630 0x64b 0x960 0x0 0x1390 0x0 0x1390 0x0 0x1390 0x0 0x1390 0x0 0x1390 0x0 0x1390 0x0 0x1390 0xb4 0x830 0x0 0x1390 0x7 0x788 0x0 0x1390 0x0 0x1390 0x0 0x1390 0x0 0x1390 0x0 0x1390 0x0 0x1390 0x0 0x1390 0x0 0x1390 0x0 0x1390 0x0 0x1390 0x0 0x1390 0x0 0x1390 0x0 0x1390 0x26d5 0x710 0x14e0005 0x0 0x0 0x0 0x0 0x0 0x1520005 0x0 0x0 0x0 0x0 0x0 0x1560002 0x0 0x1590005 0x0 0x0 0x0 0x0 0x0 0x15f0003 0x0 0xfa0 0x16c0005 0x0 0x0 0x0 0x0 0x0 0x1700005 0x0 0x0 0x0 0x0 0x0 0x1740002 0x0 0x1770005 0x0 0x0 0x0 0x0 0x0 0x17d0003 0x0 0xee8 0x1860005 0x0 0x20d69bb4b78 0x3bd 0x0 0x0 0x18b0005 0x0 0x20d69bb4b78 0x3bd 0x0 0x0 0x18e0005 0x0 0x20d6a61b128 0x3bd 0x0 0x0 0x1940003 0x3bd 0xe40 0x1a10005 0x0 0x0 0x0 0x0 0x0 0x1a50005 0x0 0x0 0x0 0x0 0x0 0x1a90002 0x0 0x1ac0005 0x0 0x0 0x0 0x0 0x0 0x1b20003 0x0 0xd88 0x1bf0005 0x0 0x20d69bb4b78 0x1 0x0 0x0 0x1c30005 0x0 0x20d69bb4b78 0x1 0x0 0x0 0x1c60007 0x1 0x38 0x0 0x1cc0003 0x0 0x18 0x1d20005 0x0 0x20d6a61b128 0x1 0x0 0x0 0x1d80003 0x1 0xca8 0x1e20005 0x0 0x20d69bb4b78 0x26d5 0x0 0x0 0x1e50005 0x0 0x20d6a61b128 0x26d5 0x0 0x0 0x1eb0003 0x26d5 0xc30 0x1f50005 0x0 0x20d69bb4b78 0x7 0x0 0x0 0x1ff0005 0x0 0x20d69bb4b78 0x7 0x0 0x0 0x2020005 0x0 0x20d6a61b128 0x7 0x0 0x0 0x2080003 0x7 0xb88 0x2120005 0x0 0x20d69bb4b78 0xb4 0x0 0x0 0x2150002 0xb4 0x2180005 0x0 0x20d6a61b128 0xb4 0x0 0x0 0x21e0003 0xb4 0xb00 0x2290005 0x0 0x0 0x0 0x0 0x0 0x22c0005 0x0 0x0 0x0 0x0 0x0 0x2360005 0x0 0x0 0x0 0x0 0x0 0x23b0003 0x0 0xa58 0x2410005 0x0 0x20d69bb4b78 0x64b 0x0 0x0 0x24b0007 0x623 0x80 0x28 0x2510005 0x0 0x20d6a61b128 0x28 0x0 0x0 0x25b0005 0x28 0x0 0x0 0x0 0x0 0x26a0008 0x34 0x3d9 0x908 0x0 0x1b0 0x0 0x488 0x0 0x818 0x0 0x908 0x0 0x728 0x0 0x908 0x0 0x908 0x24a 0x568 0x0 0x648 0x0 0x908 0x0 0x908 0x0 0x908 0x0 0x908 0x0 0x908 0x0 0x908 0x0 0x908 0x0 0x908 0x0 0x3a8 0x0 0x908 0x0 0x908 0x0 0x908 0x0 0x908 0x0 0x908 0x0 0x908 0x0 0x290 0x2e90007 0x0 0x98 0x0 0x2fa0005 0x0 0x0 0x0 0x0 0x0 0x2fe0005 0x0 0x0 0x0 0x0 0x0 0x3090003 0x0 0xffffffffffffff80 0x3100005 0x0 0x0 0x0 0x0 0x0 0x3130003 0x0 0x718 0x3230007 0x0 0xd0 0x0 0x3340005 0x0 0x0 0x0 0x0 0x0 0x3380005 0x0 0x0 0x0 0x0 0x0 0x33b0007 0x0 0x38 0x0 0x33f0003 0x0 0x18 0x34a0003 0x0 0xffffffffffffff48 0x3510005 0x0 0x0 0x0 0x0 0x0 0x3540003 0x0 0x600 0x3640007 0x0 0x98 0x0 0x3750005 0x0 0x0 0x0 0x0 0x0 0x3790005 0x0 0x0 0x0 0x0 0x0 0x3840003 0x0 0xffffffffffffff80 0x38b0005 0x0 0x0 0x0 0x0 0x0 0x38e0003 0x0 0x520 0x39e0007 0x0 0x98 0x0 0x3af0005 0x0 0x0 0x0 0x0 0x0 0x3b30005 0x0 0x0 0x0 0x0 0x0 0x3be0003 0x0 0xffffffffffffff80 0x3c50005 0x0 0x0 0x0 0x0 0x0 0x3c80003 0x0 0x440 0x3d80007 0x24a 0x98 0xa4f 0x3e90005 0x0 0x20d69bb4b78 0xa4f 0x0 0x0 0x3ed0005 0x0 0x20d69bb4b78 0xa4f 0x0 0x0 0x3f70003 0xa4f 0xffffffffffffff80 0x3fe0005 0x0 0x20d6a61b128 0x24a 0x0 0x0 0x4010003 0x24a 0x360 0x4110007 0x0 0x98 0x0 0x4220005 0x0 0x0 0x0 0x0 0x0 0x4260005 0x0 0x0 0x0 0x0 0x0 0x4300003 0x0 0xffffffffffffff80 0x4370005 0x0 0x0 0x0 0x0 0x0 0x43a0003 0x0 0x280 0x44a0007 0x0 0xa8 0x0 0x45b0005 0x0 0x0 0x0 0x0 0x0 0x45f0005 0x0 0x0 0x0 0x0 0x0 0x4620002 0x0 0x46c0003 0x0 0xffffffffffffff70 0x4730005 0x0 0x0 0x0 0x0 0x0 0x4760003 0x0 0x190 0x4860007 0x0 0xa8 0x0 0x4970005 0x0 0x0 0x0 0x0 0x0 0x49b0005 0x0 0x0 0x0 0x0 0x0 0x49e0002 0x0 0x4a80003 0x0 0xffffffffffffff70 0x4af0005 0x0 0x0 0x0 0x0 0x0 0x4b20003 0x0 0xa0 0x4b80005 0x0 0x20d6a61b128 0x3d9 0x0 0x0 0x4c20005 0x3d9 0x0 0x0 0x0 0x0 0x4c70003 0x3d9 0x28 0x4ce0002 0x0 0x0 0x0 0x0 0x0 0x0 0x0 0x0 0x0 0x0 0x0 0x0 0x0 0x0 0x0 0x0 0x0 0x0 0x0 0x0 0x0 0x0 0x0 0x0 0x0 0x0 0x0 0x0 0x0 0x0 0x0 0x0 0x0 0x9 0x5 0x0 0x0 0x0 0x0 0x0 oops 19 182 org/objectweb/asm/ClassReader 188 org/objectweb/asm/ClassReader 194 org/objectweb/asm/commons/AnnotationRemapper 226 org/objectweb/asm/ClassReader 232 org/objectweb/asm/ClassReader 245 org/objectweb/asm/commons/AnnotationRemapper 254 org/objectweb/asm/ClassReader 260 org/objectweb/asm/commons/AnnotationRemapper 269 org/objectweb/asm/ClassReader 275 org/objectweb/asm/ClassReader 281 org/objectweb/asm/commons/AnnotationRemapper 290 org/objectweb/asm/ClassReader 298 org/objectweb/asm/commons/AnnotationRemapper 328 org/objectweb/asm/ClassReader 338 org/objectweb/asm/commons/AnnotationRemapper 527 org/objectweb/asm/ClassReader 533 org/objectweb/asm/ClassReader 542 org/objectweb/asm/commons/AnnotationRemapper 639 org/objectweb/asm/commons/AnnotationRemapper methods 0
ciMethodData org/objectweb/asm/commons/MethodRemapper remapFrameTypes (I[Ljava/lang/Object;)[Ljava/lang/Object; 2 26982 orig 80 0 0 0 0 0 0 0 0 0 0 0 0 0 0 0 0 0 0 0 0 0 0 0 0 0 0 0 0 0 0 0 0 0 0 0 0 0 0 0 0 0 0 0 0 0 0 0 0 0 0 0 0 0 0 0 0 0 0 0 0 0 0 0 0 0 0 0 0 0 0 0 0 0 0 0 0 0 0 0 0 data 63 0x10007 0x6965 0x20 0x0 0xe0007 0x6964 0x148 0x11233 0x150004 0x96 0x20d63415958 0xde33 0x20d634196c0 0x336a 0x180007 0x3400 0xe0 0xde33 0x1c0007 0xa43c 0x30 0x39f7 0x290002 0x39f7 0x370004 0x0 0x20d63415958 0xde33 0x0 0x0 0x3a0005 0x0 0x20d6b7773e0 0xde33 0x0 0x0 0x3d0004 0x0 0x20d63415958 0xde32 0x0 0x0 0x410003 0x11232 0xfffffffffffffed0 0x450007 0x39f6 0x38 0x2f6e 0x490003 0x2f6e 0x18 0x0 0x0 0x0 0x0 0x0 0x0 0x9 0x3 0x0 0x0 0x0 oops 5 10 java/lang/String 12 java/lang/Integer 26 java/lang/String 32 org/gradle/api/internal/runtimeshaded/ImplementationDependencyRelocator 38 java/lang/String methods 0
ciMethodData org/objectweb/asm/MethodVisitor visitFrame (II[Ljava/lang/Object;I[Ljava/lang/Object;)V 2 26970 orig 80 0 0 0 0 0 0 0 0 0 0 0 0 0 0 0 0 0 0 0 0 0 0 0 0 0 0 0 0 0 0 0 0 0 0 0 0 0 0 0 0 0 0 0 0 0 0 0 0 0 0 0 0 0 0 0 0 0 0 0 0 0 0 0 0 0 0 0 0 0 0 0 0 0 0 0 0 0 0 0 0 data 24 0x40007 0x0 0x50 0x695a 0x120005 0x0 0x20d69df9810 0x34ad 0x20d69df98b8 0x34ad 0x0 0x0 0x0 0x0 0x0 0x0 0x9 0x6 0x0 0x0 0x0 0xffffffffffffffff 0x0 0xffffffffffffffff oops 2 6 org/objectweb/asm/commons/MethodRemapper 8 org/objectweb/asm/MethodWriter methods 0
ciMethodData org/objectweb/asm/commons/MethodRemapper visitFrame (II[Ljava/lang/Object;I[Ljava/lang/Object;)V 2 13478 orig 80 0 0 0 0 0 0 0 0 0 0 0 0 0 0 0 0 0 0 0 0 0 0 0 0 0 0 0 0 0 0 0 0 0 0 0 0 0 0 0 0 0 0 0 0 0 0 0 0 0 0 0 0 0 0 0 0 0 0 0 0 0 0 0 0 0 0 0 0 0 0 0 0 0 0 0 0 0 0 0 0 data 28 0x60005 0x34a6 0x0 0x0 0x0 0x0 0x100005 0x34a6 0x0 0x0 0x0 0x0 0x130002 0x34a6 0x0 0x0 0x0 0x0 0x0 0x0 0x9 0x6 0x0 0x0 0x0 0x0 0x0 0x0 oops 0 methods 0
ciMethodData org/objectweb/asm/MethodWriter visitFrame (II[Ljava/lang/Object;I[Ljava/lang/Object;)V 2 13403 orig 80 0 0 0 0 0 0 0 0 0 0 0 0 0 0 0 0 0 0 0 0 0 0 0 0 0 0 0 0 0 0 0 0 0 0 0 0 0 0 0 0 0 0 0 0 0 0 0 0 0 0 0 0 0 0 0 0 0 0 0 0 0 0 0 0 0 0 0 0 0 0 0 0 0 0 0 0 0 0 0 0 data 395 0x50007 0x345b 0x20 0x0 0xe0007 0x345b 0x160 0x0 0x180007 0x0 0xa8 0x0 0x270002 0x0 0x410005 0x0 0x0 0x0 0x0 0x0 0x4c0005 0x0 0x0 0x0 0x0 0x0 0x4f0003 0x0 0x8f0 0x540007 0x0 0x50 0x0 0x680005 0x0 0x0 0x0 0x0 0x0 0x730005 0x0 0x0 0x0 0x0 0x0 0x760003 0x0 0x858 0x7b0007 0x0 0x1d8 0x345b 0x820007 0x2440 0xb0 0x101b 0x890002 0x101b 0x980002 0x101b 0x9b0002 0x101b 0xb00005 0x4 0x20d6c632670 0x1017 0x0 0x0 0xb60005 0x4 0x20d6c632670 0x1017 0x0 0x0 0xc90005 0xa 0x20d69df98b8 0x3451 0x0 0x0 0xd40007 0x345b 0x48 0x10533 0xe80002 0x10533 0xef0003 0x10533 0xffffffffffffffd0 0xf90007 0x345b 0x48 0xc26 0x10e0002 0xc26 0x1150003 0xc26 0xffffffffffffffd0 0x1190005 0xa 0x20d69df98b8 0x3451 0x0 0x0 0x11c0003 0x345b 0x680 0x1230005 0x0 0x0 0x0 0x0 0x0 0x1280007 0x0 0x30 0x0 0x1320002 0x0 0x13a0007 0x0 0x48 0x0 0x1420002 0x0 0x1510003 0x0 0x68 0x1660007 0x0 0x50 0x0 0x16b0007 0x0 0x20 0x0 0x1730002 0x0 0x1780008 0xc 0x0 0x560 0x0 0x70 0x0 0x218 0x0 0x2f8 0x0 0x370 0x0 0x450 0x1a80005 0x0 0x0 0x0 0x0 0x0 0x1ad0005 0x0 0x0 0x0 0x0 0x0 0x1b10005 0x0 0x0 0x0 0x0 0x0 0x1bb0007 0x0 0x68 0x0 0x1c30005 0x0 0x0 0x0 0x0 0x0 0x1c90003 0x0 0xffffffffffffffb0 0x1d20005 0x0 0x0 0x0 0x0 0x0 0x1dd0007 0x0 0x68 0x0 0x1e60005 0x0 0x0 0x0 0x0 0x0 0x1ec0003 0x0 0xffffffffffffffb0 0x1ef0003 0x0 0x370 0x2050005 0x0 0x0 0x0 0x0 0x0 0x20a0005 0x0 0x0 0x0 0x0 0x0 0x2140007 0x0 0x68 0x0 0x21c0005 0x0 0x0 0x0 0x0 0x0 0x2220003 0x0 0xffffffffffffffb0 0x2250003 0x0 0x290 0x23b0005 0x0 0x0 0x0 0x0 0x0 0x2400005 0x0 0x0 0x0 0x0 0x0 0x2440003 0x0 0x218 0x24b0007 0x0 0x68 0x0 0x2540005 0x0 0x0 0x0 0x0 0x0 0x2580003 0x0 0x1b0 0x2620005 0x0 0x0 0x0 0x0 0x0 0x2670005 0x0 0x0 0x0 0x0 0x0 0x26b0003 0x0 0x138 0x2720007 0x0 0x68 0x0 0x27e0005 0x0 0x0 0x0 0x0 0x0 0x2820003 0x0 0x78 0x28c0005 0x0 0x0 0x0 0x0 0x0 0x2910005 0x0 0x0 0x0 0x0 0x0 0x29a0005 0x0 0x0 0x0 0x0 0x0 0x29d0003 0x0 0x28 0x2a40002 0x0 0x2c20007 0x345b 0xb8 0x0 0x2d20007 0x0 0x78 0x0 0x2dd0007 0x0 0x40 0x0 0x2e80007 0x0 0x20 0x0 0x2f80003 0x0 0xffffffffffffffa0 0x3030007 0x0 0x20 0x0 0x3150002 0x345b 0x3240002 0x345b 0x0 0x0 0x0 0x0 0x0 0x0 0x0 0x0 0x0 0x0 0x0 0x0 0x0 0x0 0x0 0x0 0x0 0x0 0x0 0x0 0x0 0x0 0x0 0x0 0x0 0x0 0x0 0x0 0x0 0x0 0x0 0x0 0x0 0x0 0x0 0x0 0x0 0x0 0x0 0x0 0x0 0x0 0x0 0x0 0x0 0x0 0x0 0x0 0x9 0x6 0x0 0x0 0x0 0x0 0x0 0x0 oops 4 64 org/objectweb/asm/Frame 70 org/objectweb/asm/Frame 76 org/objectweb/asm/MethodWriter 100 org/objectweb/asm/MethodWriter methods 0
ciMethodData org/objectweb/asm/MethodVisitor visitTryCatchBlock (Lorg/objectweb/asm/Label;Lorg/objectweb/asm/Label;Lorg/objectweb/asm/Label;Ljava/lang/String;)V 2 1758 orig 80 0 0 0 0 0 0 0 0 0 0 0 0 0 0 0 0 0 0 0 0 0 0 0 0 0 0 0 0 0 0 0 0 0 0 0 0 0 0 0 0 0 0 0 0 0 0 0 0 0 0 0 0 0 0 0 0 0 0 0 0 0 0 0 0 0 0 0 0 0 0 0 0 0 0 0 0 0 0 0 0 data 23 0x40007 0x0 0x50 0x6de 0x100005 0x0 0x20d69df9810 0x36f 0x20d69df98b8 0x36f 0x0 0x0 0x0 0x0 0x0 0x0 0x9 0x5 0x0 0xffffffffffffffff 0xffffffffffffffff 0xffffffffffffffff 0xffffffffffffffff oops 2 6 org/objectweb/asm/commons/MethodRemapper 8 org/objectweb/asm/MethodWriter methods 0
ciMethodData org/objectweb/asm/commons/MethodRemapper visitTryCatchBlock (Lorg/objectweb/asm/Label;Lorg/objectweb/asm/Label;Lorg/objectweb/asm/Label;Ljava/lang/String;)V 1 815 orig 80 0 0 0 0 0 0 0 0 0 0 0 0 0 0 0 0 0 0 0 0 0 0 0 0 0 0 0 0 0 0 0 0 0 0 0 0 0 0 0 0 0 0 0 0 0 0 0 0 0 0 0 0 0 0 0 0 0 0 0 0 0 0 0 0 0 0 0 0 0 0 0 0 0 0 0 0 0 0 0 0 data 28 0x60007 0x1d5 0x38 0x15a 0xa0003 0x15a 0x48 0x130005 0x0 0x20d6b7773e0 0x1d5 0x0 0x0 0x160002 0x32f 0x0 0x0 0x0 0x0 0x0 0x0 0x9 0x5 0x0 0x0 0x0 0x0 0x0 oops 1 9 org/gradle/api/internal/runtimeshaded/ImplementationDependencyRelocator methods 0
ciMethodData org/objectweb/asm/MethodWriter visitTryCatchBlock (Lorg/objectweb/asm/Label;Lorg/objectweb/asm/Label;Lorg/objectweb/asm/Label;Ljava/lang/String;)V 1 815 orig 80 0 0 0 0 0 0 0 0 0 0 0 0 0 0 0 0 0 0 0 0 0 0 0 0 0 0 0 0 0 0 0 0 0 0 0 0 0 0 0 0 0 0 0 0 0 0 0 0 0 0 0 0 0 0 0 0 0 0 0 0 0 0 0 0 0 0 0 0 0 0 0 0 0 0 0 0 0 0 0 0 data 35 0x90007 0x15a 0x68 0x1d5 0x120005 0x0 0x20d69dfcfb8 0x1d5 0x0 0x0 0x180003 0x1d5 0x18 0x1e0002 0x32f 0x270007 0x1cf 0x38 0x160 0x300003 0x160 0x18 0x0 0x0 0x0 0x0 0x0 0x0 0x9 0x5 0x0 0x0 0x0 0x0 0x0 oops 1 6 org/objectweb/asm/SymbolTable methods 0
ciMethodData org/objectweb/asm/Handler <init> (Lorg/objectweb/asm/Label;Lorg/objectweb/asm/Label;Lorg/objectweb/asm/Label;ILjava/lang/String;)V 1 815 orig 80 0 0 0 0 0 0 0 0 0 0 0 0 0 0 0 0 0 0 0 0 0 0 0 0 0 0 0 0 0 0 0 0 0 0 0 0 0 0 0 0 0 0 0 0 0 0 0 0 0 0 0 0 0 0 0 0 0 0 0 0 0 0 0 0 0 0 0 0 0 0 0 0 0 0 0 0 0 0 0 0 data 14 0x10002 0x32f 0x0 0x0 0x0 0x0 0x9 0x6 0x1e 0x0 0x0 0x0 0x0 0x0 oops 0 methods 0
ciMethodData org/objectweb/asm/MethodVisitor visitInvokeDynamicInsn (Ljava/lang/String;Ljava/lang/String;Lorg/objectweb/asm/Handle;[Ljava/lang/Object;)V 2 1239 orig 80 0 0 0 0 0 0 0 0 0 0 0 0 0 0 0 0 0 0 0 0 0 0 0 0 0 0 0 0 0 0 0 0 0 0 0 0 0 0 0 0 0 0 0 0 0 0 0 0 0 0 0 0 0 0 0 0 0 0 0 0 0 0 0 0 0 0 0 0 0 0 0 0 0 0 0 0 0 0 0 0 data 29 0x60007 0x4d7 0x30 0x0 0xf0002 0x0 0x170007 0x0 0x50 0x4d7 0x230005 0x0 0x20d69df9810 0x26b 0x20d69df98b8 0x26c 0x0 0x0 0x0 0x0 0x0 0x0 0x9 0x5 0x0 0xffffffffffffffff 0xffffffffffffffff 0xffffffffffffffff 0xffffffffffffffff oops 2 12 org/objectweb/asm/commons/MethodRemapper 14 org/objectweb/asm/MethodWriter methods 0
ciMethodData org/objectweb/asm/MethodVisitor visitIntInsn (II)V 1 896 orig 80 0 0 0 0 0 0 0 0 0 0 0 0 0 0 0 0 0 0 0 0 0 0 0 0 0 0 0 0 0 0 0 0 0 0 0 0 0 0 0 0 0 0 0 0 0 0 0 0 0 0 0 0 0 0 0 0 0 0 0 0 0 0 0 0 0 0 0 0 0 0 0 0 0 0 0 0 0 0 0 0 data 21 0x40007 0x0 0x50 0x380 0xd0005 0x0 0x20d69df9810 0x1c0 0x20d69df98b8 0x1c0 0x0 0x0 0x0 0x0 0x0 0x0 0x9 0x3 0x0 0x0 0x0 oops 2 6 org/objectweb/asm/commons/MethodRemapper 8 org/objectweb/asm/MethodWriter methods 0
ciMethodData org/objectweb/asm/MethodVisitor visitIincInsn (II)V 1 0 orig 80 0 0 0 0 0 0 0 0 0 0 0 0 0 0 0 0 0 0 0 0 0 0 0 0 0 0 0 0 0 0 0 0 0 0 0 0 0 0 0 0 0 0 0 0 0 0 0 0 0 0 0 0 0 0 0 0 0 0 0 0 0 0 0 0 0 0 0 0 0 0 0 0 0 0 0 0 0 0 0 0 data 21 0x40007 0x0 0x50 0x0 0xd0005 0x0 0x0 0x0 0x0 0x0 0x0 0x0 0x0 0x0 0x0 0x0 0x9 0x3 0x0 0x0 0x0 oops 0 methods 0
ciMethodData org/objectweb/asm/MethodVisitor visitTableSwitchInsn (IILorg/objectweb/asm/Label;[Lorg/objectweb/asm/Label;)V 1 0 orig 80 0 0 0 0 0 0 0 0 0 0 0 0 0 0 0 0 0 0 0 0 0 0 0 0 0 0 0 0 0 0 0 0 0 0 0 0 0 0 0 0 0 0 0 0 0 0 0 0 0 0 0 0 0 0 0 0 0 0 0 0 0 0 0 0 0 0 0 0 0 0 0 0 0 0 0 0 0 0 0 0 data 23 0x40007 0x0 0x50 0x0 0x100005 0x0 0x0 0x0 0x0 0x0 0x0 0x0 0x0 0x0 0x0 0x0 0x9 0x5 0x0 0x0 0x0 0xffffffffffffffff 0xffffffffffffffff oops 0 methods 0
compile org/objectweb/asm/ClassReader readCode (Lorg/objectweb/asm/MethodVisitor;Lorg/objectweb/asm/Context;I)V -1 4 inline 161 0 -1 0 org/objectweb/asm/ClassReader readCode (Lorg/objectweb/asm/MethodVisitor;Lorg/objectweb/asm/Context;I)V 1 18 0 org/objectweb/asm/ClassReader readUnsignedShort (I)I 1 28 0 org/objectweb/asm/ClassReader readUnsignedShort (I)I 1 38 0 org/objectweb/asm/ClassReader readInt (I)I 1 1030 0 org/objectweb/asm/ClassReader readShort (I)S 1 1036 0 org/objectweb/asm/ClassReader createLabel (I[Lorg/objectweb/asm/Label;)Lorg/objectweb/asm/Label; 2 3 0 org/objectweb/asm/ClassReader readLabel (I[Lorg/objectweb/asm/Label;)Lorg/objectweb/asm/Label; 3 12 0 org/objectweb/asm/Label <init> ()V 4 1 0 java/lang/Object <init> ()V 1 1376 0 org/objectweb/asm/ClassReader createLabel (I[Lorg/objectweb/asm/Label;)Lorg/objectweb/asm/Label; 2 3 0 org/objectweb/asm/ClassReader readLabel (I[Lorg/objectweb/asm/Label;)Lorg/objectweb/asm/Label; 3 12 0 org/objectweb/asm/Label <init> ()V 4 1 0 java/lang/Object <init> ()V 1 1304 0 org/objectweb/asm/ClassReader createLabel (I[Lorg/objectweb/asm/Label;)Lorg/objectweb/asm/Label; 2 3 0 org/objectweb/asm/ClassReader readLabel (I[Lorg/objectweb/asm/Label;)Lorg/objectweb/asm/Label; 3 12 0 org/objectweb/asm/Label <init> ()V 4 1 0 java/lang/Object <init> ()V 1 1424 0 org/objectweb/asm/ClassReader readUnsignedShort (I)I 1 1444 0 org/objectweb/asm/ClassReader readUnsignedShort (I)I 1 1449 0 org/objectweb/asm/ClassReader createLabel (I[Lorg/objectweb/asm/Label;)Lorg/objectweb/asm/Label; 2 3 0 org/objectweb/asm/ClassReader readLabel (I[Lorg/objectweb/asm/Label;)Lorg/objectweb/asm/Label; 3 12 0 org/objectweb/asm/Label <init> ()V 4 1 0 java/lang/Object <init> ()V 1 1460 0 org/objectweb/asm/ClassReader readUnsignedShort (I)I 1 1465 0 org/objectweb/asm/ClassReader createLabel (I[Lorg/objectweb/asm/Label;)Lorg/objectweb/asm/Label; 2 3 0 org/objectweb/asm/ClassReader readLabel (I[Lorg/objectweb/asm/Label;)Lorg/objectweb/asm/Label; 3 12 0 org/objectweb/asm/Label <init> ()V 4 1 0 java/lang/Object <init> ()V 1 1476 0 org/objectweb/asm/ClassReader readUnsignedShort (I)I 1 1481 0 org/objectweb/asm/ClassReader createLabel (I[Lorg/objectweb/asm/Label;)Lorg/objectweb/asm/Label; 2 3 0 org/objectweb/asm/ClassReader readLabel (I[Lorg/objectweb/asm/Label;)Lorg/objectweb/asm/Label; 3 12 0 org/objectweb/asm/Label <init> ()V 4 1 0 java/lang/Object <init> ()V 1 1497 0 org/objectweb/asm/ClassReader readUnsignedShort (I)I 1 1520 0 org/objectweb/asm/MethodVisitor visitTryCatchBlock (Lorg/objectweb/asm/Label;Lorg/objectweb/asm/Label;Lorg/objectweb/asm/Label;Ljava/lang/String;)V 2 16 0 org/objectweb/asm/commons/MethodRemapper visitTryCatchBlock (Lorg/objectweb/asm/Label;Lorg/objectweb/asm/Label;Lorg/objectweb/asm/Label;Ljava/lang/String;)V 2 16 0 org/objectweb/asm/MethodWriter visitTryCatchBlock (Lorg/objectweb/asm/Label;Lorg/objectweb/asm/Label;Lorg/objectweb/asm/Label;Ljava/lang/String;)V 3 30 0 org/objectweb/asm/Handler <init> (Lorg/objectweb/asm/Label;Lorg/objectweb/asm/Label;Lorg/objectweb/asm/Label;ILjava/lang/String;)V 4 1 0 java/lang/Object <init> ()V 1 1553 0 org/objectweb/asm/ClassReader readUnsignedShort (I)I 1 1574 0 org/objectweb/asm/ClassReader readUTF8 (I[C)Ljava/lang/String; 2 2 0 org/objectweb/asm/ClassReader readUnsignedShort (I)I 2 19 0 org/objectweb/asm/ClassReader readUtf (I[C)Ljava/lang/String; 3 34 0 org/objectweb/asm/ClassReader readUnsignedShort (I)I 3 38 0 org/objectweb/asm/ClassReader readUtf (II[C)Ljava/lang/String; 4 157 0 java/lang/String <init> ([CII)V 5 7 0 java/lang/String rangeCheck ([CII)Ljava/lang/Void; 6 4 0 java/lang/String checkBoundsOffCount (III)I 7 6 0 jdk/internal/util/Preconditions checkFromIndexSize (IIILjava/util/function/BiFunction;)I 5 10 0 java/lang/String <init> ([CIILjava/lang/Void;)V 6 1 0 java/lang/Object <init> ()V 6 36 0 java/lang/StringUTF16 compress ([CII)[B 6 45 0 java/lang/StringUTF16 coderFromArrayLen ([BI)B 1 1584 0 org/objectweb/asm/ClassReader readInt (I)I 1 1597 0 java/lang/String equals (Ljava/lang/Object;)Z 1 1623 0 org/objectweb/asm/ClassReader readUnsignedShort (I)I 1 1642 0 org/objectweb/asm/ClassReader readUnsignedShort (I)I 1 1652 0 org/objectweb/asm/ClassReader createDebugLabel (I[Lorg/objectweb/asm/Label;)V 2 9 0 org/objectweb/asm/ClassReader readLabel (I[Lorg/objectweb/asm/Label;)Lorg/objectweb/asm/Label; 3 12 0 org/objectweb/asm/Label <init> ()V 4 1 0 java/lang/Object <init> ()V 1 1660 0 org/objectweb/asm/ClassReader readUnsignedShort (I)I 1 1673 0 org/objectweb/asm/ClassReader createDebugLabel (I[Lorg/objectweb/asm/Label;)V 2 9 0 org/objectweb/asm/ClassReader readLabel (I[Lorg/objectweb/asm/Label;)Lorg/objectweb/asm/Label; 3 12 0 org/objectweb/asm/Label <init> ()V 4 1 0 java/lang/Object <init> ()V 1 1690 0 java/lang/String equals (Ljava/lang/Object;)Z 1 1708 0 java/lang/String equals (Ljava/lang/Object;)Z 1 1730 0 org/objectweb/asm/ClassReader readUnsignedShort (I)I 1 1749 0 org/objectweb/asm/ClassReader readUnsignedShort (I)I 1 1759 0 org/objectweb/asm/ClassReader readUnsignedShort (I)I 1 1772 0 org/objectweb/asm/ClassReader createDebugLabel (I[Lorg/objectweb/asm/Label;)V 2 9 0 org/objectweb/asm/ClassReader readLabel (I[Lorg/objectweb/asm/Label;)Lorg/objectweb/asm/Label; 3 12 0 org/objectweb/asm/Label <init> ()V 4 1 0 java/lang/Object <init> ()V 1 1782 0 org/objectweb/asm/Label addLineNumber (I)V 1 2061 0 org/objectweb/asm/ClassReader readUnsignedShort (I)I 1 2101 0 org/objectweb/asm/ClassReader createLabel (I[Lorg/objectweb/asm/Label;)Lorg/objectweb/asm/Label; 2 3 0 org/objectweb/asm/ClassReader readLabel (I[Lorg/objectweb/asm/Label;)Lorg/objectweb/asm/Label; 3 12 0 org/objectweb/asm/Label <init> ()V 4 1 0 java/lang/Object <init> ()V 1 2144 0 org/objectweb/asm/ClassReader getTypeAnnotationBytecodeOffset ([II)I 1 2156 0 org/objectweb/asm/ClassReader getTypeAnnotationBytecodeOffset ([II)I 1 2204 0 org/objectweb/asm/ClassReader readBytecodeInstructionOffset (I)V 1 2236 0 org/objectweb/asm/Label accept (Lorg/objectweb/asm/MethodVisitor;Z)V 2 2 0 org/objectweb/asm/MethodVisitor visitLabel (Lorg/objectweb/asm/Label;)V 3 12 0 org/objectweb/asm/MethodVisitor visitLabel (Lorg/objectweb/asm/Label;)V 2 29 0 org/objectweb/asm/MethodVisitor visitLineNumber (ILorg/objectweb/asm/Label;)V 3 13 0 org/objectweb/asm/MethodVisitor visitLineNumber (ILorg/objectweb/asm/Label;)V 4 13 0 org/objectweb/asm/MethodWriter visitLineNumber (ILorg/objectweb/asm/Label;)V 5 12 0 org/objectweb/asm/ByteVector <init> ()V 6 1 0 java/lang/Object <init> ()V 5 36 0 org/objectweb/asm/ByteVector putShort (I)Lorg/objectweb/asm/ByteVector; 5 45 0 org/objectweb/asm/ByteVector putShort (I)Lorg/objectweb/asm/ByteVector; 3 13 0 org/objectweb/asm/MethodWriter visitLineNumber (ILorg/objectweb/asm/Label;)V 4 12 0 org/objectweb/asm/ByteVector <init> ()V 5 1 0 java/lang/Object <init> ()V 4 36 0 org/objectweb/asm/ByteVector putShort (I)Lorg/objectweb/asm/ByteVector; 4 45 0 org/objectweb/asm/ByteVector putShort (I)Lorg/objectweb/asm/ByteVector; 1 2297 0 org/objectweb/asm/MethodVisitor visitFrame (II[Ljava/lang/Object;I[Ljava/lang/Object;)V 2 18 0 org/objectweb/asm/commons/MethodRemapper visitFrame (II[Ljava/lang/Object;I[Ljava/lang/Object;)V 3 6 0 org/objectweb/asm/commons/MethodRemapper remapFrameTypes (I[Ljava/lang/Object;)[Ljava/lang/Object; 4 58 0 org/objectweb/asm/commons/Remapper mapType (Ljava/lang/String;)Ljava/lang/String; 5 8 0 org/objectweb/asm/Type getObjectType (Ljava/lang/String;)Lorg/objectweb/asm/Type; 6 6 0 java/lang/String charAt (I)C 7 1 0 java/lang/String isLatin1 ()Z 7 12 0 java/lang/StringLatin1 charAt ([BI)C 8 3 0 java/lang/String checkIndex (II)V 6 24 0 java/lang/String length ()I 7 6 0 java/lang/String coder ()B 6 27 0 org/objectweb/asm/Type <init> (ILjava/lang/String;II)V 7 1 0 java/lang/Object <init> ()V 5 14 0 org/objectweb/asm/Type getInternalName ()Ljava/lang/String; 6 12 0 java/lang/String substring (II)Ljava/lang/String; 7 1 0 java/lang/String length ()I 8 6 0 java/lang/String coder ()B 7 8 0 java/lang/String checkBoundsBeginEnd (III)V 8 6 0 jdk/internal/util/Preconditions checkFromToIndex (IIILjava/util/function/BiFunction;)I 7 28 0 java/lang/String isLatin1 ()Z 7 41 0 java/lang/StringLatin1 newString ([BII)Ljava/lang/String; 8 16 0 java/util/Arrays copyOfRange ([BII)[B 8 20 0 java/lang/String <init> ([BB)V 9 1 0 java/lang/Object <init> ()V 3 16 0 org/objectweb/asm/commons/MethodRemapper remapFrameTypes (I[Ljava/lang/Object;)[Ljava/lang/Object; 4 58 0 org/objectweb/asm/commons/Remapper mapType (Ljava/lang/String;)Ljava/lang/String; 5 8 0 org/objectweb/asm/Type getObjectType (Ljava/lang/String;)Lorg/objectweb/asm/Type; 6 6 0 java/lang/String charAt (I)C 7 1 0 java/lang/String isLatin1 ()Z 7 12 0 java/lang/StringLatin1 charAt ([BI)C 8 3 0 java/lang/String checkIndex (II)V 6 24 0 java/lang/String length ()I 7 6 0 java/lang/String coder ()B 6 27 0 org/objectweb/asm/Type <init> (ILjava/lang/String;II)V 7 1 0 java/lang/Object <init> ()V 5 14 0 org/objectweb/asm/Type getInternalName ()Ljava/lang/String; 6 12 0 java/lang/String substring (II)Ljava/lang/String; 7 1 0 java/lang/String length ()I 8 6 0 java/lang/String coder ()B 7 8 0 java/lang/String checkBoundsBeginEnd (III)V 8 6 0 jdk/internal/util/Preconditions checkFromToIndex (IIILjava/util/function/BiFunction;)I 7 28 0 java/lang/String isLatin1 ()Z 7 41 0 java/lang/StringLatin1 newString ([BII)Ljava/lang/String; 8 16 0 java/util/Arrays copyOfRange ([BII)[B 8 20 0 java/lang/String <init> ([BB)V 9 1 0 java/lang/Object <init> ()V 3 19 0 org/objectweb/asm/MethodVisitor visitFrame (II[Ljava/lang/Object;I[Ljava/lang/Object;)V 4 18 0 org/objectweb/asm/commons/MethodRemapper visitFrame (II[Ljava/lang/Object;I[Ljava/lang/Object;)V 5 6 0 org/objectweb/asm/commons/MethodRemapper remapFrameTypes (I[Ljava/lang/Object;)[Ljava/lang/Object; 6 58 0 org/objectweb/asm/commons/Remapper mapType (Ljava/lang/String;)Ljava/lang/String; 7 8 0 org/objectweb/asm/Type getObjectType (Ljava/lang/String;)Lorg/objectweb/asm/Type; 8 6 0 java/lang/String charAt (I)C 9 1 0 java/lang/String isLatin1 ()Z 9 12 0 java/lang/StringLatin1 charAt ([BI)C 10 3 0 java/lang/String checkIndex (II)V 8 24 0 java/lang/String length ()I 9 6 0 java/lang/String coder ()B 8 27 0 org/objectweb/asm/Type <init> (ILjava/lang/String;II)V 9 1 0 java/lang/Object <init> ()V 7 14 0 org/objectweb/asm/Type getInternalName ()Ljava/lang/String; 8 12 0 java/lang/String substring (II)Ljava/lang/String; 9 1 0 java/lang/String length ()I
